"snapshot-date","sku","fnsku","asin","product-name","condition","available","fc-transfer","pending-removal-quantity","inv-age-0-to-90-days","inv-age-91-to-180-days","inv-age-181-to-270-days","inv-age-271-to-365-days","inv-age-366-to-455-days","inv-age-456-plus-days","currency","units-shipped-t7","units-shipped-t30","units-shipped-t60","units-shipped-t90","alert","your-price","sales-price","lowest-price-new-plus-shipping","lowest-price-used","recommended-action","DEPRECATED healthy-inventory-level","recommended-sales-price","recommended-sale-duration-days","recommended-removal-quantity","estimated-cost-savings-of-recommended-actions","sell-through","item-volume","volume-unit-measurement","storage-type","storage-volume","marketplace","product-group","sales-rank","days-of-supply","estimated-excess-quantity","weeks-of-cover-t30","weeks-of-cover-t90","featuredoffer-price","sales-shipped-last-7-days","sales-shipped-last-30-days","sales-shipped-last-60-days","sales-shipped-last-90-days","inv-age-0-to-30-days","inv-age-31-to-60-days","inv-age-61-to-90-days","inv-age-181-to-330-days","inv-age-331-to-365-days","estimated-storage-cost-next-month","inbound-quantity","inbound-working","inbound-shipped","inbound-received","no-sale-last-6-months","Total Reserved Quantity","unfulfillable-quantity","quantity-to-be-charged-ais-181-210-days","estimated-ais-181-210-days","quantity-to-be-charged-ais-211-240-days","estimated-ais-211-240-days","quantity-to-be-charged-ais-241-270-days","estimated-ais-241-270-days","quantity-to-be-charged-ais-271-300-days","estimated-ais-271-300-days","quantity-to-be-charged-ais-301-330-days","estimated-ais-301-330-days","quantity-to-be-charged-ais-331-365-days","estimated-ais-331-365-days","quantity-to-be-charged-ais-366-455-days","estimated-ais-366-455-days","quantity-to-be-charged-ais-456-plus-days","estimated-ais-456-plus-days","historical-days-of-supply","fba-minimum-inventory-level","fba-inventory-level-health-status","Recommended ship-in quantity","Recommended ship-in date","Last updated date for Historical Days of Supply","Exempted from Low-Inventory-Level fee?","Low-Inventory-Level fee applied in current week?","Short term historical days of supply","Long term historical days of supply","Inventory age snapshot date","Inventory Supply at FBA","Reserved FC Processing","Reserved Customer Order","Reserved Staging","Total Days of Supply (including units from open shipments)","supplier","is-seasonal-in-next-3-months","season-name","season-start-date","season-end-date"
"2026-07-28","SATIN-CHAMPAGNE-KING","X003RX7APL","B0BZPXJH4Q","DECOLURE Satin Bed Sheets - 4 Piece Luxury Silky King Size Bedding Set - Softer Than Silk, Wrinkle-Free with 15” Deep Pocket Fitted Sheet, Perfect for Hair & Skin, Gifts for Women (Champagne - 01)","New","29","7","0","10","27","0","0","0","0","USD","3","12","55","116","Low traffic","33.95","0.0","33.95","0.0","CreateShippingPlan","","0.0","0","0","0.0","1.34","0.253113","cubic feet","Standard","7.340277","US","gl_home","1021344","103","0","9","3","33.95","105.22","403.86","1881.75","4007.15","2","5","3","0","0","2.39","0","0","0","0","","1","0","","","","","","","","","","","","","","","","","122.3","12","Healthy","","","2026-07-27","Yes","No","122.3","66.1","2026-07-25","36","1","0","0","106","unassigned","N","","",""
"2026-07-28","SATIN-ROSEWOOD-KING-6PCS","X003UMBN11","B0C7FP1L1V","DECOLURE Satin Bed Sheets - 6 Piece Luxury Silky King Size Bedding Set - Softer Than Silk, Wrinkle-Free with 15” Deep Pocket Fitted Sheet, Perfect for Hair & Skin, Gifts for Women (Rosewood)","","0","0","0","3","2","0","0","0","0","USD","15","46","90","123","","0.0","0.0","30.95","0.0","CreateShippingPlan","","","0","0","","1.68","0.233992","cubic feet","Standard","0.0","US","gl_home","15592","0","0","0","0","30.95","468.24","1455.49","2850.09","3938.43","0","1","2","0","0","","0","0","0","0","","1","0","","","","","","","","","","","","","","","","","55.5","52","Out of stock","124","2026-07-28","2026-07-27","Yes","No","19.4","55.5","2026-07-25","0","1","0","0","0","unassigned","N","","",""
"2026-07-28","SL-COOLING-FITTED-KING-WHITE","X004OD8BAV","B0F7M3YQ5R","SLEEPHORIA Cooling Fitted Sheet King Size - 1 PC BreezeWeave Cooling Sheets for Hot Sleepers & Cool Rest w/ 16 in Deep Pocket - Corner Straps, Cloud Soft, Ultra Durable - 73 x 77 in (White)","New","144","188","0","335","0","0","0","0","0","USD","40","74","76","82","","36.99","0.0","34.99","0.0","NoExcessInventory","","0.0","0","0","0.0","0.94","0.16356","cubic feet","Standard","23.55264","US","gl_home","26032","70","0","8","23","34.99","1399.6","2612.26","2688.24","2886.18","335","0","0","0","0","117.1","5","0","0","5","","4","0","","","","","","","","","","","","","","","","","60.5","181","Healthy","","","2026-07-27","No","No","60.5","54.4","2026-07-25","337","3","1","0","71","unassigned","N","","",""
"2026-07-28","BM-QUEEN-PINK","X0045ATWR9","B0CWJ2X18T","DECOLURE Cooling Sheets Queen Set 4pcs - Luxurious & Ultra-Soft Cooling Bed Sheets Queen Size for Hot Sleepers - Comfortable Bamboo Viscose Microfiber Queen Bed Sheets Set Cooling (Pink)","New","27","1","0","2","8","22","0","0","0","USD","13","48","92","122","","37.95","0.0","37.94","0.0","CreateShippingPlan","","0.0","0","0","0.0","1.22","0.218001","cubic feet","Standard","5.886027","US","gl_home","71718","18","0","2","2","37.94","493.22","1813.87","3462.77","4622.27","2","0","0","22","0","7.62","0","0","0","0","","2","0","1","0.11","22","4.8","0","0.0","0","0.0","0","0.0","0","0.0","0","0.0","0","0.0","78.6","49","Low stock","62","2026-08-04","2026-07-27","Yes","No","34.6","78.6","2026-07-25","28","1","1","0","20","unassigned","N","","",""
"2026-07-28","SATIN-RED-FULL","X002O64ILV","B08KRHBD49","DECOLURE Satin Bed Sheets - 4 Piece Luxury Silky Full Size Bedding Set - Softer Than Silk, Wrinkle-Free with 15” Deep Pocket Fitted Sheet, Perfect for Hair & Skin, Gifts for Women (Red)","New","73","30","0","108","0","0","0","0","0","USD","7","42","80","114","","29.95","0.0","29.94","0.0","NoRestockExcessActionRequired","","0.0","0","0","0.0","1.38","0.219381","cubic feet","Standard","16.014813","US","gl_home","4372","85","0","6","8","29.94","209.59","1247.54","2372.79","3476.69","108","0","0","0","0","14.4","0","0","0","0","","3","1","","","","","","","","","","","","","","","","","51.7","67","Healthy","55","2026-08-04","2026-07-27","Yes","No","48.9","51.7","2026-07-25","103","1","2","0","88","unassigned","N","","",""
"2026-07-28","BAMBOO-QUEEN-PURPLE","X003TODVH9","B0BZQ3ZGNG","DECOLURE 100% Viscose Derived from Bamboo Sheets Queen Size - Luxury 4 Pc Naturally Cooling Sheets, Ultra Soft Bed Set - Deep 17"" Pockets, Durable Double Stitching, Oeko Tex Standard (Purple)","New","51","1","0","63","0","0","0","0","0","USD","8","58","73","91","","79.99","0.0","79.99","0.0","NoRestockExcessActionRequired","","0.0","0","0","0.0","2.43","0.266028","cubic feet","Standard","13.567428","US","gl_home","9485","87","0","6","12","79.99","619.92","4533.42","5687.27","7056.54","63","0","0","0","0","9.0","36","0","30","6","","3","0","","","","","","","","","","","","","","","","","39.1","88","Low stock","84","2026-08-04","2026-07-27","Yes","No","39.1","33.5","2026-07-25","88","2","1","0","91","unassigned","N","","",""
"2026-07-28","BAMBOO-KING-BURGUNDY-NEW","X0043AHR7X","B0CRHYYVZQ","DECOLURE 100% Viscose Derived from Bamboo Sheets King Size - Luxury 4 Pc Naturally Cooling Sheets, Ultra Soft Bed Set - Deep 17"" Pockets, Durable Double Stitching, Oeko Tex Standard (Burgundy)","New","381","0","0","392","0","0","0","0","0","USD","25","83","212","281","","84.99","0.0","71.24","0.0","NoRestockExcessActionRequired","","0.0","0","0","0.0","0.84","0.327007","cubic feet","Standard","124.589667","US","gl_home","9485","222","0","21","20","84.99","1802.25","6330.44","16031.93","21699.99","138","102","152","0","0","84.31","71","0","48","23","","7","0","","","","","","","","","","","","","","","","","116.2","147","Healthy","","","2026-07-27","Yes","No","105.8","116.2","2026-07-25","452","4","3","0","227","unassigned","N","","",""
"2026-07-28","SL-COOLING-FITTED-QUEEN-WHITE","X004OD09D3","B0F7M5PNCT","SLEEPHORIA Cooling Fitted Sheet Queen Size - 1 PC BreezeWeave Cooling Sheets for Hot Sleepers & Cool Rest w/ 16 in Deep Pocket - Corner Straps, Cloud Soft, Ultra Durable - 57 x 77 in (White)","New","141","102","0","252","0","0","0","0","0","USD","24","64","114","234","","33.99","0.0","31.99","0.0","GoToRestock","","0.0","0","0","0.0","1.97","0.149204","cubic feet","Standard","21.037764","US","gl_home","26032","77","0","8","7","31.99","765.76","1975.36","3474.86","7103.66","252","0","0","0","0","115.89","0","0","0","0","","1","0","","","","","","","","","","","","","","","","","45.5","122","Healthy","","","2026-07-27","No","No","45.5","27.3","2026-07-25","243","0","1","0","77","unassigned","N","","",""
"2026-07-28","SL-CLG-COMF-LIGHT-GREY/DARK-GREY-FULL","X004ZF6ONJ","B0GHSG5G12","SLEEPHORIA Cooling Comforter - BreezeWeave Cooling Blanket Full Size for Hot Sleepers & Deep Rest - Cloud Soft, Breathable, Ultra Durable, Easy Care, Reversible - 86 x 82 in (Light Grey & Dark Grey)","New","120","0","0","125","0","0","0","0","0","USD","9","11","12","12","","59.99","0.0","54.99","0.0","Edit listing","","","0","0","","0.09","0.704123","cubic feet","Standard","84.49476","US","gl_home","67231","99","0","43","130","54.99","494.91","674.89","764.88","764.88","1","37","87","0","0","","0","0","0","0","","3","0","","","","","","","","","","","","","","","","","245.3","20","Healthy","","","2026-07-27","Yes","No","111.2","245.3","2026-07-25","120","2","1","0","101","unassigned","N","","",""
"2026-07-28","BAMBOO-KING-BURGUNDY-6PCS","X004386ZL9","B0CQ32NPF5","DECOLURE 100% Viscose Derived from Bamboo Sheets King Size - Luxury 6 Pc Naturally Cooling Sheets, Ultra Soft Bed Set - Deep 17"" Pockets, Durable Double Stitching, Oeko Tex Standard (Burgundy)","New","11","1","0","19","0","0","0","0","0","USD","14","52","52","52","","89.99","0.0","89.99","0.0","NoRestockExcessActionRequired","","0.0","0","0","0.0","3.71","0.347283","cubic feet","Standard","3.820113","US","gl_home","9357","70","0","15","51","89.99","1219.86","4416.56","4416.56","4416.56","19","0","0","0","0","0.75","196","84","112","0","","6","0","","","","","","","","","","","","","","","","","32.9","133","Low stock","38","2026-08-04","2026-07-27","No","No","27.5","32.9","2026-07-25","208","5","1","0","118","unassigned","N","","",""
"2026-07-28","DC-BAMBOO-FITTED-QUEEN-LIGHT-GREY-1PC","X004W87P5Z","B0FX2TPJ2J","DECOLURE 100% Viscose Derived from Bamboo Fitted Sheet | Queen Size Fitted Sheet Only | Ultra Soft Cooling Sheets for Hot Sleepers, 17"" Deep Pocket w/Corner Straps, Breathable, Oeko-Tex (Light Grey)","New","83","4","0","88","0","0","0","0","0","USD","7","24","24","24","","31.95","0.0","31.95","0.0","NoRestockExcessActionRequired","","","0","0","","0.28","0.227894","cubic feet","Standard","18.915202","US","gl_home","40126","77","0","13","44","31.95","223.65","730.8","730.8","730.8","0","0","88","0","0","","0","0","0","0","","1","0","","","","","","","","","","","","","","","","","147.0","62","Healthy","27","2026-08-04","2026-07-27","Yes","No","122.0","147.0","2026-07-25","87","1","0","0","77","unassigned","N","","",""
"2026-07-28","SATIN-4PC-KING-SAGE GREEN","X0042WN5MX","B0CQRWY3Y7","DECOLURE Satin Bed Sheets - 4 Piece Luxury Silky King Size Bedding Set - Softer Than Silk, Wrinkle-Free with 15” Deep Pocket Fitted Sheet, Perfect for Hair & Skin, Gifts for Women (Sage Green)","","0","0","0","1","0","0","0","0","0","USD","8","27","68","99","","0.0","0.0","0.0","0.0","CreateShippingPlan","","","0","0","","1.82","0.257489","cubic feet","Standard","0.0","US","gl_home","4372","0","0","0","0","33.95","271.6","913.34","2285.43","3353.88","1","0","0","0","0","","0","0","0","0","","1","0","","","","","","","","","","","","","","","","","46.4","48","Out of stock","97","2026-07-26","2026-07-27","Yes","No","12.0","46.4","2026-07-25","0","0","1","0","1","unassigned","N","","",""
"2026-07-28","SATIN-STRIPE-FULL-WHITE--6-PCS","X003UOAM39","B0C7K2B1Y3","DECOLURE Satin Bed Sheets - 6 Piece Luxury Silky Full Size Bedding Set - Softer Than Silk, Wrinkle-Free with 15” Deep Pocket Fitted Sheet, Perfect for Hair & Skin, Gifts for Women (Striped White)","New","64","0","0","0","1","0","0","60","3","USD","0","4","10","14","","27.95","0.0","26.96","0.0","Edit listing","","0.0","0","0","3899.2","0.19","0.225745","cubic feet","Standard","14.44768","US","gl_home","15592","366","64","64","59","26.96","0.0","118.3","296.5","416.3","0","0","0","0","0","108.83","0","0","0","0","","0","0","0","0.0","0","0.0","0","0.0","0","0.0","0","0.0","0","0.0","60","93.49","3","5.35","462.9","5","Excess","","","2026-07-27","Yes","No","396.4","462.9","2026-07-25","64","0","0","0","366","unassigned","N","","",""
"2026-07-28","SATIN-FITTED-QUEEN-BABY-BLUE","X004CBS4O3","B0DBW19662","DECOLURE Satin Fitted Sheet Queen Size (1 PC) – Luxuriously Smooth & Softer Than Silk Bed Sheets w/ 15 Inch Deep Pocket Hypoallergenic Wrinkle Free, Secure Snug Fit, Elastic Corner Straps (Baby Blue)","New","83","1","0","90","4","0","0","0","0","USD","16","74","149","227","","17.95","0.0","17.94","0.0","CreateShippingPlan","","0.0","0","0","0.0","1.4","0.161166","cubic feet","Standard","13.376778","US","gl_home","9976","39","0","4","4","17.94","287.04","1318.22","2658.07","4072.17","7","82","1","0","0","6.57","0","0","0","0","","4","0","","","","","","","","","","","","","","","","","67.1","89","Low stock","146","2026-08-04","2026-07-27","Yes","No","46.7","67.1","2026-07-25","84","4","0","0","41","unassigned","N","","",""
"2026-07-28","SL-CLG-COMF-PINK/BEIGE-TWIN","X004OD9ZVF","B0F7M32FVR","SLEEPHORIA Cooling Comforter - BreezeWeave Cooling Blanket Twin Size for Hot Sleepers & Deep Rest - Cloud Soft, Breathable, Ultra Durable, Easy Care, Reversible - 68 x 90 in (Pink & Beige)","New","280","0","0","10","105","165","0","0","0","USD","2","3","9","16","","54.99","0.0","54.99","0.0","Edit listing","","53.55","52","0","34130.2","0.06","0.635656","cubic feet","Standard","177.98368","US","gl_home","67231","366","271","373","227","54.99","109.98","164.97","502.16","887.09","8","2","0","165","0","233.29","0","0","0","0","","1","0","214","68.0","53","33.7","0","0.0","0","0.0","0","0.0","0","0.0","0","0.0","0","0.0","2818.0","4","Excess","","","2026-07-27","Yes","No","2818.0","1584.2","2026-07-25","280","1","0","0","366","unassigned","N","","",""
"2026-07-28","SATIN-TWIN-BLUE","X002IU4AAR","B0839KG4VY","DECOLURE Satin Bed Sheets - 3 Piece Luxury Silky Twin Size Bedding Set - Softer Than Silk, Wrinkle-Free with 15” Deep Pocket Fitted Sheet, Perfect for Hair & Skin, Gifts for Women (Blue)","New","51","0","0","0","25","18","10","0","0","USD","3","11","25","29","","25.95","0.0","25.95","0.0","NoRestockExcessActionRequired","","0.0","0","0","0.0","0.4","0.199042","cubic feet","Standard","10.151142","US","gl_home","4372","137","0","18","22","25.95","80.44","295.83","678.94","817.74","0","0","0","28","0","20.98","0","0","0","0","","1","0","12","1.2","0","0.0","6","1.79","16","17.35","0","0.0","0","0.0","0","0.0","0","0.0","243.3","21","Healthy","","","2026-07-27","Yes","No","142.2","243.3","2026-07-25","51","1","0","0","140","unassigned","N","","",""
"2026-07-28","SL-CLG-COMF-BLUE/LIGHT-GREY-FULL","X004ZF0CL9","B0GHSLKMHJ","SLEEPHORIA Cooling Comforter - BreezeWeave Cooling Blanket Full Size for Hot Sleepers & Deep Rest - Cloud Soft, Breathable, Ultra Durable, Easy Care, Reversible - 86 x 82 in (Blue & Light Grey)","New","17","8","0","26","0","0","0","0","0","USD","3","4","4","4","","59.99","0.0","54.99","0.0","Edit listing","","","0","0","","0.12","0.571423","cubic feet","Standard","9.714191","US","gl_home","67231","54","0","17","55","59.99","164.97","254.96","254.96","254.96","0","8","18","0","0","","0","0","0","0","","0","0","","","","","","","","","","","","","","","","","165.5","15","Healthy","","","2026-07-27","Yes","No","69.5","165.5","2026-07-25","25","0","0","0","54","unassigned","N","","",""
"2026-07-28","BAMBOO-QUEEN-WHITE-6PCS","X00438KTCP","B0CQ2ZWGNQ","DECOLURE 100% Viscose Derived from Bamboo Sheets Queen Size - Luxury 6 Pc Naturally Cooling Sheets, Ultra Soft Bed Set - Deep 17"" Pockets, Durable Double Stitching, Oeko Tex Standard (White)","New","216","635","0","873","0","0","0","0","0","USD","91","332","661","884","","84.99","0.0","72.24","68.63","CreateShippingPlan","","0.0","0","0","0.0","1.39","0.31146","cubic feet","Standard","67.27536","US","gl_home","9357","126","0","2","3","72.24","6599.34","25500.08","51724.55","70078.16","758","115","0","0","0","878.85","5","0","0","5","","11","0","","","","","","","","","","","","","","","","","49.4","322","Healthy","","","2026-07-27","No","No","34.1","49.4","2026-07-25","856","10","1","0","127","unassigned","N","","",""
"2026-07-28","BAMBOO-KING-NAVYBLUE","X002O4Z1AF","B08KQK9WCY","DECOLURE 100% Viscose Derived from Bamboo Sheets King Size - Luxury 4 Pc Naturally Cooling Sheets, Ultra Soft Bed Set - Deep 17"" Pockets, Durable Double Stitching, Oeko Tex Standard (Navy Blue)","New","79","259","0","349","0","0","0","0","0","USD","16","74","194","322","","84.99","0.0","84.99","0.0","CreateShippingPlan","","0.0","0","0","0.0","1.9","0.339245","cubic feet","Standard","26.800355","US","gl_home","9485","129","0","8","6","84.99","1349.84","6092.45","15674.99","25759.1","349","0","0","0","0","71.36","78","78","0","0","","3","1","","","","","","","","","","","","","","","","","46.1","147","Healthy","","","2026-07-27","Yes","No","46.1","32.3","2026-07-25","416","3","0","0","158","unassigned","N","","",""
"2026-07-28","SATIN-FITTED-QUEEN-GOLD","X004CC2WKT","B0DBVZZH8S","DECOLURE Satin Fitted Sheet Queen Size (1 PC) – Luxuriously Smooth & Softer Than Silk Bed Sheets w/ 15 Inch Deep Pocket Hypoallergenic Wrinkle Free, Secure Snug Fit, Elastic Corner Straps (Gold)","New","177","0","0","101","6","78","0","0","0","USD","9","26","70","106","","17.95","0.0","17.94","0.0","NoRestockExcessActionRequired","","0.0","0","0","-0.03","0.51","0.193046","cubic feet","Standard","34.169142","US","gl_home","9976","248","0","27","21","17.94","161.46","464.79","1241.09","1899.04","1","41","59","78","0","112.05","0","0","0","0","","4","0","1","0.1","0","0.0","61","17.66","16","16.83","0","0.0","0","0.0","0","0.0","0","0.0","177.0","54","Healthy","","","2026-07-27","Yes","No","177.0","176.7","2026-07-25","177","3","1","0","253","unassigned","N","","",""
"2026-07-28","SS-SLEEP-MASK-VELCRO-STRAP-MISTY-BLUE","X004NF5UVX","B0F4XS863Y","SLEEP SANCTUARY 100% Pure Mulberry Silk Sleep Mask - 22 Momme Light Blocking Hook & Loop Silk Eye Mask for Sleeping - Secure Fit for Side Sleepers, Women & Men - Cloud Soft (Misty Blue)","New","224","1","0","2","2","0","1","221","0","USD","2","18","60","77","Low traffic","17.99","0.0","17.99","0.0","Create Outlet deal","","13.47","2","0","2611.83","0.29","0.048757","cubic feet","Standard","10.921568","US","gl_drugstore","226928","366","211","49","37","17.99","35.98","298.62","1018.2","1316.99","2","0","0","0","1","82.05","0","0","0","0","","0","0","1","0.02","0","0.0","0","0.0","0","0.0","0","0.0","1","0.29","221","74.4","0","0.0","344.8","25","Excess","","","2026-07-27","Yes","No","344.8","302.5","2026-07-25","225","0","0","0","366","unassigned","N","","",""
"2026-07-28","SL-COOLING-FITTED-QUEEN-BEIGE","X004OCXY0T","B0F7M4HC5F","SLEEPHORIA Cooling Fitted Sheet Queen Size - 1 PC BreezeWeave Cooling Sheets for Hot Sleepers & Cool Rest w/ 16 in Deep Pocket - Corner Straps, Cloud Soft, Ultra Durable - 57 x 77 in (Beige)","New","21","24","0","49","0","0","0","0","0","USD","10","36","55","85","","33.99","0.0","31.99","0.0","GoToRestock","","0.0","0","0","0.0","2.81","0.15096","cubic feet","Standard","3.17016","US","gl_home","26032","30","0","2","3","31.99","319.9","1121.64","1786.45","2696.15","49","0","0","0","0","36.67","0","0","0","0","","1","0","","","","","","","","","","","","","","","","","19.8","46","Low stock","44","2026-08-04","2026-07-27","Yes","No","15.6","19.8","2026-07-25","45","1","0","0","31","unassigned","N","","",""
"2026-07-28","SATIN-IVORY-QUEEN-6PCS","X003UM8ZG7","B0C7FMQP5L","DECOLURE Satin Bed Sheets - 6 Piece Luxury Silky Queen Size Bedding Set - Softer Than Silk, Wrinkle-Free with 15” Deep Pocket Fitted Sheet, Perfect for Hair & Skin, Gifts for Women (Ivory)","New","118","0","0","1","2","32","87","0","0","USD","5","10","19","28","","30.95","0.0","30.95","0.0","NoRestockExcessActionRequired","","0.0","0","0","1213.89","0.22","0.21619","cubic feet","Standard","25.51042","US","gl_home","15592","366","95","47","54","30.95","155.75","315.5","601.45","900.0","1","0","0","119","0","126.06","0","0","0","0","","0","0","1","0.11","31","6.71","1","0.32","4","4.71","83","102.27","0","0.0","0","0.0","0","0.0","406.5","19","Excess","","","2026-07-27","Yes","No","345.5","406.5","2026-07-25","118","0","0","0","366","unassigned","N","","",""
"2026-07-28","BAMBOO-KING-GREY-6PCS","X00438TKIJ","B0CQ32S4ML","DECOLURE 100% Viscose Derived from Bamboo Sheets King Size - Luxury 6 Pc Naturally Cooling Sheets, Ultra Soft Bed Set - Deep 17"" Pockets, Durable Double Stitching, Oeko Tex Standard (Grey)","New","302","220","0","530","0","0","0","0","0","USD","17","76","126","196","","89.99","0.0","89.98","0.0","NoRestockExcessActionRequired","","0.0","0","0","0.0","0.89","0.32097","cubic feet","Standard","96.93294","US","gl_home","9357","318","0","16","20","89.98","1445.72","6494.55","10720.44","16538.1","523","7","0","0","0","128.82","6","0","0","6","","3","0","","","","","","","","","","","","","","","","","119.3","54","Healthy","","","2026-07-27","Yes","No","119.3","60.5","2026-07-25","528","2","1","0","321","unassigned","N","","",""
"2026-07-28","SATIN-FITTED-TWIN-BLACK","X004CBT2WV","B0DBVZRL8V","DECOLURE Satin Fitted Sheet Twin Size (1 PC) – Luxuriously Smooth & Softer Than Silk Bed Sheets w/ 15 Inch Deep Pocket Hypoallergenic Wrinkle Free, Secure Snug Fit, Elastic Corner Straps (Black)","New","97","42","0","103","48","0","0","0","0","USD","15","80","163","210","","16.95","0.0","16.16","0.0","CreateShippingPlan","","0.0","0","0","0.25","1.02","0.14786","cubic feet","Standard","14.34242","US","gl_home","9976","96","0","4","6","16.16","242.19","1333.23","2720.73","3502.07","101","1","1","0","0","13.7","1","0","0","1","","6","0","","","","","","","","","","","","","","","","","77.6","71","Healthy","","","2026-07-27","No","No","39.1","77.6","2026-07-25","140","5","1","0","101","unassigned","N","","",""
"2026-07-28","SS-SATIN-STRIPED-RED-QUEEN-4PCS","X004D7LWN1","B0DDR852CS","SLEEP SANCTUARY Satin Sheets Queen Size – 4 Piece Luxury Silky Bed Set, Softer Than Silk, 15"" Deep Pocket, Cooling & Wrinkle-Free, Moisture-Wicking & Breathable for Hair & Skin (Striped Red)","New","182","1","0","0","1","1","0","0","185","USD","17","37","45","56","","33.95","31.95","22.45","0.0","NoRestockExcessActionRequired","","0.0","0","0","7799.19","0.22","0.2965","cubic feet","Standard","53.963","US","gl_home","8682","303","162","19","42","33.95","432.42","1067.34","1334.57","1708.02","0","0","0","1","0","456.02","0","0","0","0","","5","0","0","0.0","1","0.3","0","0.0","0","0.0","0","0.0","0","0.0","0","0.0","185","433.31","412.5","45","Excess","","","2026-07-27","Yes","No","209.8","412.5","2026-07-25","183","3","2","0","315","unassigned","N","","",""
"2026-07-28","SATIN-STRIPE-TWIN-PURPLE","X0030KQT8Z","B09G6JWVWD","DECOLURE Satin Bed Sheets - 3 Piece Luxury Silky Twin Size Bedding Set - Softer Than Silk, Wrinkle-Free with 15” Deep Pocket Fitted Sheet, Perfect for Hair & Skin, Gifts for Women (Striped Purple)","New","47","0","0","0","0","31","6","0","10","USD","3","5","5","5","","39.95","0.0","25.16","0.0","Edit listing","","0.0","0","0","1737.56","0.1","0.157266","cubic feet","Standard","7.391502","US","gl_home","4372","366","45","37","122","25.16","75.48","131.38","131.38","131.38","0","0","0","37","0","27.8","0","0","0","0","","0","0","0","0.0","31","4.89","0","0.0","3","2.57","0","0.0","3","2.79","0","0.0","10","12.42","937.8","9","Excess","","","2026-07-27","Yes","No","377.8","937.8","2026-07-25","47","0","0","0","366","unassigned","N","","",""
"2026-07-28","SATIN-STRIPE-FULL-PURPLE","X0030KQT8F","B09G6K4PXD","DECOLURE Satin Bed Sheets - 4 Piece Luxury Silky Full Size Bedding Set - Softer Than Silk, Wrinkle-Free with 15” Deep Pocket Fitted Sheet, Perfect for Hair & Skin, Gifts for Women (Striped Purple)","New","52","0","0","0","2","30","20","0","0","USD","3","9","16","21","","25.95","0.0","25.95","0.0","NoRestockExcessActionRequired","","0.0","0","0","1185.44","0.33","0.173024","cubic feet","Standard","8.997248","US","gl_home","4372","286","44","23","32","25.95","81.84","255.7","463.85","613.6","0","0","0","30","20","30.63","0","0","0","0","","0","0","1","0.09","30","5.19","0","0.0","0","0.0","0","0.0","18","18.36","2","2.39","0","0.0","291.6","19","Excess","","","2026-07-27","Yes","No","187.1","291.6","2026-07-25","52","0","0","0","286","unassigned","N","","",""
"2026-07-28","SATIN-ROSEWOOD-TWIN","X003EKBV2F","B0BG22FCVJ","DECOLURE Satin Bed Sheets - 3 Piece Luxury Silky Twin Size Bedding Set - Softer Than Silk, Wrinkle-Free with 15” Deep Pocket Fitted Sheet, Perfect for Hair & Skin, Gifts for Women (Rosewood)","New","57","1","0","2","1","44","0","13","0","USD","2","15","28","36","","24.95","0.0","24.95","0.0","NoRestockExcessActionRequired","","0.0","0","0","148.45","0.43","0.164771","cubic feet","Standard","9.391947","US","gl_home","4372","178","29","15","20","24.95","49.9","411.84","775.99","1009.18","1","1","0","44","0","25.34","0","0","0","0","","1","0","0","0.0","44","7.22","0","0.0","0","0.0","0","0.0","0","0.0","13","14.79","0","0.0","185.0","21","Excess","","","2026-07-27","Yes","No","111.7","185.0","2026-07-25","58","0","1","0","182","unassigned","N","","",""
"2026-07-28","SS-SATIN-BLUE-QUEEN-4PCS","X004D7COYH","B0DDRNW3GF","SLEEP SANCTUARY Satin Sheets Queen Size – 4 Piece Luxury Silky Bed Set, Softer Than Silk, 15"" Deep Pocket, Cooling & Wrinkle-Free, Moisture-Wicking & Breathable for Hair & Skin (Blue)","New","27","0","0","13","16","0","0","0","0","USD","4","15","29","54","","33.95","31.95","27.56","26.18","CreateShippingPlan","","0.0","0","0","0.0","1.06","0.281277","cubic feet","Standard","7.594479","US","gl_home","8682","28","0","7","6","33.95","110.24","480.3","955.6","1819.35","0","0","13","0","0","3.64","0","0","0","0","","2","0","","","","","","","","","","","","","","","","","85.4","50","Low stock","68","2026-08-03","2026-07-27","Yes","No","69.2","85.4","2026-07-25","27","1","1","0","29","unassigned","N","","",""
"2026-07-28","SS-BAMBOO-BLACK-CALIFKING-6PCS","X004D8NNBT","B0DDTY8HFR","SLEEP SANCTUARY 100% Viscose Derived from Bamboo Sheets California King Size 6pcs – BamBliss Luxury Cooling Sheets for Hot Sleepers - Cloud Soft, 17"" Deep Pocket, Ultra Durable Bed Set (Black)","New","7","0","0","0","0","0","8","0","0","USD","2","2","6","7","","69.99","0.0","69.99","0.0","NoRestockExcessActionRequired","","0.0","0","0","726.65","0.55","0.302756","cubic feet","Standard","2.119292","US","gl_home","86667","66","0","14","13","69.99","139.98","139.98","440.94","510.93","0","0","0","8","0","13.26","0","0","0","0","","0","0","0","0.0","0","0.0","0","0.0","4","6.6","4","6.91","0","0.0","0","0.0","0","0.0","264.0","5","Healthy","","","2026-07-27","Yes","No","264.0","170.0","2026-07-25","7","0","0","0","66","unassigned","N","","",""
"2026-07-28","SS-BAMBOO-LIGHT-OLIVE-KING-6PCS","X004D8Q1BN","B0DDV13P1L","SLEEP SANCTUARY 100% Viscose Derived from Bamboo Sheets King Size 6pcs – BamBliss Luxury Cooling Sheets for Hot Sleepers - Cloud Soft, 17"" Deep Pocket, Ultra Durable Bed Set (Light Olive)","New","49","0","0","1","2","5","41","0","0","USD","1","9","18","24","","69.99","0.0","69.99","0.0","NoRestockExcessActionRequired","","0.0","0","0","169.65","0.39","0.357788","cubic feet","Standard","17.531612","US","gl_home","86667","146","37","21","26","69.99","69.99","620.81","1267.17","1687.11","0","0","1","46","0","93.72","0","0","0","0","","0","0","1","0.18","0","0.0","4","2.15","25","48.75","17","34.67","0","0.0","0","0.0","0","0.0","233.2","18","Excess","","","2026-07-27","Yes","No","173.3","233.2","2026-07-25","49","0","0","0","146","unassigned","N","","",""
"2026-07-28","SATIN-FITTED-QUEEN-SAGE-GREEN","X004CBP8R9","B0DBW1NX31","DECOLURE Satin Fitted Sheet Queen Size (1 PC) – Luxuriously Smooth & Softer than Silk Bed Sheets w/ 15 Inch Deep Pocket Hypoallergenic Wrinkle Free, Secure Snug Fit, Elastic Corner Straps (Sage Green)","New","111","1","0","102","23","0","0","0","0","USD","21","69","129","177","","17.95","0.0","17.94","0.0","NoRestockExcessActionRequired","","0.0","0","0","0.0","0.92","0.133984","cubic feet","Standard","14.872224","US","gl_home","9976","64","0","6","8","17.94","376.75","1230.21","2296.11","3180.71","1","41","60","0","0","8.86","0","0","0","0","","6","0","","","","","","","","","","","","","","","","","101.6","85","Healthy","96","2026-08-04","2026-07-27","Yes","No","67.5","101.6","2026-07-25","112","3","3","0","69","unassigned","N","","",""
"2026-07-28","SATIN-TAUPE-TWIN","X003RXOAOF","B0BZPVYJK4","DECOLURE Satin Bed Sheets - 3 Piece Luxury Silky Twin Size Bedding Set - Softer Than Silk, Wrinkle-Free with 15” Deep Pocket Fitted Sheet, Perfect for Hair & Skin, Gifts for Women (Taupe)","New","85","0","0","0","0","0","30","56","0","USD","0","0","1","2","Low conversion","26.95","0.0","25.16","0.0","Lower price","","0.0","0","0","3477.35","0.02","0.151529","cubic feet","Standard","12.879965","US","gl_home","4372","366","85","","552","25.16","0.0","0.0","27.95","54.91","0","0","0","0","30","95.08","0","0","0","0","","0","0","0","0.0","0","0.0","0","0.0","0","0.0","0","0.0","18","16.08","68","71.11","0","0.0","","1","Excess","","","","","","","7810.0","2026-07-25","85","0","0","0","366","unassigned","N","","",""
"2026-07-28","SATIN-STONEGREY-QUEEN-6PCS","X003UM8QVL","B0C7FTB8MQ","DECOLURE Satin Bed Sheets - 6 Piece Luxury Silky Queen Size Bedding Set - Softer Than Silk, Wrinkle-Free with 15” Deep Pocket Fitted Sheet, Perfect for Hair & Skin, Gifts for Women (Stone Grey)","New","389","0","0","3","9","5","391","0","0","USD","6","36","63","79","","30.95","0.0","23.96","0.0","NoRestockExcessActionRequired","","0.0","0","0","6521.58","0.18","0.27928","cubic feet","Standard","108.63992","US","gl_home","15592","366","312","43","64","23.96","173.72","1115.32","1960.37","2497.57","1","1","1","396","0","661.15","0","0","0","0","","5","0","3","0.42","1","0.28","2","0.84","3","4.57","388","617.65","0","0.0","0","0.0","0","0.0","503.6","55","Excess","","","2026-07-27","Yes","No","351.7","503.6","2026-07-25","389","2","3","0","366","unassigned","N","","",""
"2026-07-28","LINEN-CURTAIN-52x72-NATURAL-2-PCS","X004NSBTC9","B0F637Y2S7","DECOLURE Linen Blackout Curtains - SunShield 72 Inches Long Black Out Curtains for Living Room and Bedroom Windows - Luxury Faux Linen, 2 Panels Set, Ultra Durable - 72 Length x 52 in (Natural)","New","40","1","0","2","2","1","36","0","0","USD","0","0","4","4","Low traffic","28.99","0.0","28.99","0.0","Advertise listing","","0.0","0","0","2390.69","0.1","0.199952","cubic feet","Standard","7.99808","US","gl_home","456744","366","41","","130","28.99","0.0","0.0","110.16","110.16","1","1","0","1","36","55.23","0","0","0","0","","0","0","3","0.3","0","0.0","0","0.0","0","0.0","0","0.0","16","18.88","20","27.6","0","0.0","1211.0","5","Excess","","","2026-07-27","Yes","No","1211.0","938.5","2026-07-25","41","0","0","0","366","unassigned","N","","",""
"2026-07-28","SS-SATIN-STRIPED-BLUE-QUEEN-4PCS","X004D7EX8H","B0DDR3M171","SLEEP SANCTUARY Satin Sheets Queen Size – 4 Piece Luxury Silky Bed Set, Softer Than Silk, 15"" Deep Pocket, Cooling & Wrinkle-Free, Moisture-Wicking & Breathable for Hair & Skin (Striped Blue)","New","75","0","0","0","2","2","0","2","70","USD","0","11","14","18","","33.95","31.95","27.56","0.0","NoRestockExcessActionRequired","","0.0","0","0","3118.35","0.21","0.273642","cubic feet","Standard","20.52315","US","gl_home","8682","366","75","27","54","33.95","0.0","353.1","454.16","589.96","0","0","0","2","0","164.9","0","0","0","0","","1","0","2","0.28","2","0.55","0","0.0","0","0.0","0","0.0","0","0.0","2","3.78","70","151.32","414.4","18","Excess","","","2026-07-27","Yes","No","187.5","414.4","2026-07-25","75","0","1","0","366","unassigned","N","","",""
"2026-07-28","SS-SATIN-BLUE-FULL-4PCS","X004D7EXHX","B0DDR28N8X","SLEEP SANCTUARY Satin Sheets Full Size – 4 Piece Luxury Silky Bed Set, Softer Than Silk, 15"" Deep Pocket, Cooling & Wrinkle-Free, Moisture-Wicking & Breathable for Hair & Skin (Blue)","New","31","0","0","0","0","2","3","27","0","USD","0","6","13","15","","31.95","29.95","27.56","0.0","NoRestockExcessActionRequired","","0.0","0","0","2217.27","0.37","0.253515","cubic feet","Standard","7.858965","US","gl_home","8682","237","31","20","26","31.95","0.0","182.53","391.01","454.91","0","0","0","5","0","57.06","0","0","0","0","","0","0","0","0.0","1","0.25","0","0.0","1","1.38","0","0.0","3","4.49","27","47.24","0","0.0","247.1","8","Excess","","","2026-07-27","Yes","No","129.8","247.1","2026-07-25","31","0","0","0","237","unassigned","N","","",""
"2026-07-28","BEACH-TOWEL-PT-WAVE-CYAN","X004HYVJNN","B0DQ97GSMF","DECOLURE Turkish Beach Towel Oversized 39x73 Inch - 100% Turkish Cotton, Quick Dry and Sand Free Beach Towels for Travel - Lightweight, Absorbent & Soft Peshtemal Towel - (Cyan Wave)","New","231","0","0","0","1","1","1","0","228","USD","8","50","93","121","Low traffic","19.99","0.0","19.99","0.0","NoRestockExcessActionRequired","","0.0","0","0","5135.34","0.4","0.126673","cubic feet","Standard","29.261463","US","gl_home","312452","366","231","18","24","19.99","159.92","993.0","1842.87","2408.51","0","0","0","1","1","261.56","0","0","0","0","","0","0","1","0.06","0","0.0","0","0.0","1","0.69","0","0.0","0","0.0","1","0.87","228","228.16","299.9","12","Excess","","","2026-07-27","Yes","No","199.4","299.9","2026-07-25","231","0","0","0","366","unassigned","N","","",""
"2026-07-28","BAMBOO-FULL-MIDGREY","X003TONHOV","B0BZQ43D7W","DECOLURE 100% Viscose Derived from Bamboo Sheets Full Size - Luxury 4 Pc Naturally Cooling Sheets, Ultra Soft Bed Set - Deep 17"" Pockets, Durable Double Stitching, Oeko Tex Standard (Midgrey)","New","92","0","0","62","32","0","0","0","0","USD","7","22","44","55","","69.99","0.0","61.74","0.0","NoRestockExcessActionRequired","","0.0","0","0","0.0","0.49","0.254474","cubic feet","Standard","23.411608","US","gl_home","9485","236","0","18","24","69.99","440.43","1388.42","2806.09","3507.22","2","18","42","0","0","21.66","12","0","12","0","","1","0","7","0.89","0","0.0","0","0.0","0","0.0","0","0.0","0","0.0","0","0.0","0","0.0","152.4","29","Healthy","","","2026-07-27","Yes","No","132.9","152.4","2026-07-25","104","1","0","0","239","unassigned","N","","",""
"2026-07-28","BAMBOO-KING-NAVYBLUE-6PCS","X00439189R","B0CQ316YRY","DECOLURE 100% Viscose Derived from Bamboo Sheets King Size - Luxury 6 Pc Naturally Cooling Sheets, Ultra Soft Bed Set - Deep 17"" Pockets, Durable Double Stitching, Oeko Tex Standard (Navy Blue)","New","85","140","0","226","0","0","0","0","0","USD","26","96","161","161","","89.99","0.0","89.99","0.0","GoToRestock","","0.0","0","0","0.0","1.61","0.358214","cubic feet","Standard","30.44819","US","gl_home","9357","83","0","7","14","89.99","2299.74","8307.04","13461.29","13461.29","186","40","0","0","0","62.99","96","96","0","0","","2","0","","","","","","","","","","","","","","","","","37.4","148","Healthy","","","2026-07-27","No","No","36.0","37.4","2026-07-25","321","2","0","0","117","unassigned","N","","",""
"2026-07-28","SS-SATIN-DARK-GREEN-TWIN-3PCS","X004D7K7FZ","B0DDRDWVK1","SLEEP SANCTUARY Satin Sheets Twin Size – 3 Piece Luxury Silky Bed Set, Softer Than Silk, 15"" Deep Pocket, Cooling & Wrinkle-Free, Moisture-Wicking & Breathable for Hair & Skin (Dark Green)","New","31","0","0","0","0","1","30","0","0","USD","0","2","6","10","","29.95","27.95","26.94","0.0","NoRestockExcessActionRequired","","0.0","0","0","1333.42","0.31","0.156398","cubic feet","Standard","4.848338","US","gl_home","8682","366","31","62","40","26.94","0.0","59.89","179.69","314.49","0","0","0","31","0","31.02","0","0","0","0","","0","0","0","0.0","0","0.0","0","0.0","1","0.85","30","26.75","0","0.0","0","0.0","0","0.0","478.0","5","Excess","","","2026-07-27","Yes","No","478.0","291.6","2026-07-25","31","0","0","0","366","unassigned","N","","",""
"2026-07-28","SS-SATIN-STRIPED-GOLD-QUEEN-4PCS","X004D7K89P","B0DDRB21ZG","SLEEP SANCTUARY Satin Sheets Queen Size – 4 Piece Luxury Silky Bed Set, Softer Than Silk, 15"" Deep Pocket, Cooling & Wrinkle-Free, Moisture-Wicking & Breathable for Hair & Skin (Striped Gold)","New","2","0","0","0","1","1","0","0","0","USD","3","3","6","6","","33.95","31.95","27.56","0.0","CreateShippingPlan","","0.0","0","0","44.36","0.8","0.284674","cubic feet","Standard","0.569348","US","gl_home","8682","14","0","2","4","33.95","82.68","82.68","173.95","173.95","0","0","0","1","0","0.83","0","0","0","0","","0","0","1","0.14","1","0.28","0","0.0","0","0.0","0","0.0","0","0.0","0","0.0","0","0.0","123.0","8","Low stock","11","2026-08-02","2026-07-27","Yes","No","37.0","123.0","2026-07-25","2","0","0","0","14","unassigned","N","","",""
"2026-07-28","SATIN-FITTED-KING-PINK","X004CBP8ZL","B0DBW17V8N","DECOLURE Satin Fitted Sheet King Size (1 PC) – Luxuriously Smooth & Softer Than Silk Bed Sheets w/ 15 Inch Deep Pocket Hypoallergenic Wrinkle Free, Secure Snug Fit, Elastic Corner Straps (Pink)","New","117","20","0","140","0","0","0","0","0","USD","7","37","83","167","","19.95","0.0","19.94","0.0","NoRestockExcessActionRequired","","0.0","0","0","0.0","1.43","0.198766","cubic feet","Standard","23.255622","US","gl_home","9976","251","0","12","9","19.94","134.9","649.62","1414.84","2580.66","41","99","0","0","0","27.2","0","0","0","0","","0","0","","","","","","","","","","","","","","","","","89.7","42","Healthy","","","2026-07-27","Yes","No","89.7","56.6","2026-07-25","137","0","0","0","251","unassigned","N","","",""
"2026-07-28","BAMBOO-FULL-CHARCOAL-6PCS","X00438MCQV","B0CQ31ZKNJ","DECOLURE 100% Viscose Derived from Bamboo Sheets Full Size - Luxury 6 Pc Naturally Cooling Sheets, Ultra Soft Bed Set - Deep 17"" Pockets, Durable Double Stitching, Oeko Tex Standard (Charcoal)","New","22","1","0","8","15","0","0","0","0","USD","3","17","38","48","","74.99","0.0","74.99","0.0","CreateShippingPlan","","0.0","0","0","0.0","0.97","0.246682","cubic feet","Standard","5.427004","US","gl_home","9357","85","0","5","5","74.99","224.97","1170.58","2683.37","3431.52","1","6","1","0","0","4.68","0","0","0","0","","0","0","9","1.11","0","0.0","0","0.0","0","0.0","0","0.0","0","0.0","0","0.0","0","0.0","75.5","19","Healthy","14","2026-08-03","2026-07-27","Yes","No","32.3","75.5","2026-07-25","23","0","0","0","85","unassigned","N","","",""
"2026-07-28","DC-BAMBOO-FITTED-KING-LIGHT-GREY-1PC","X004W8GEVV","B0FX2SK7TX","DECOLURE 100% Viscose Derived from Bamboo Fitted Sheet | King Size Fitted Sheet Only | Ultra Soft Cooling Sheets for Hot Sleepers, 17"" Deep Pocket w/Corner Straps, Breathable, Oeko-Tex (Light Grey)","New","145","0","0","150","0","0","0","0","0","USD","12","36","36","36","","33.95","0.0","33.95","0.0","Edit listing","","","0","0","","0.25","0.223711","cubic feet","Standard","32.438095","US","gl_home","40126","101","0","16","52","33.95","407.4","1164.2","1164.2","1164.2","0","0","150","0","0","","0","0","0","0","","2","0","","","","","","","","","","","","","","","","","195.6","78","Healthy","","","2026-07-27","Yes","No","145.7","195.6","2026-07-25","145","1","1","0","104","unassigned","N","","",""
"2026-07-28","BAMBOO-FULL-CREME","X002O51103","B08KQJ3JSW","DECOLURE 100% Viscose Derived from Bamboo Sheets Full Size - Luxury 4 Pc Naturally Cooling Sheets, Ultra Soft Bed Set - Deep 17"" Pockets, Durable Double Stitching, Oeko Tex Standard (Creme)","New","77","2","0","50","32","0","0","0","0","USD","8","22","53","76","","69.99","0.0","61.73","0.0","NoRestockExcessActionRequired","","0.0","0","0","0.0","0.76","0.222549","cubic feet","Standard","17.136273","US","gl_home","9485","147","0","14","13","69.99","510.36","1436.17","3476.46","4959.21","25","25","0","0","0","18.36","0","0","0","0","","1","0","23","2.55","0","0.0","0","0.0","0","0.0","0","0.0","0","0.0","0","0.0","0","0.0","106.7","43","Healthy","","","2026-07-27","Yes","No","106.7","94.4","2026-07-25","79","1","0","0","149","unassigned","N","","",""
"2026-07-28","SATIN-6PC-FULL-WHITE","X004BUWF31","B0D9R9B1VT","DECOLURE Satin Bed Sheets - 6 Piece Luxury Silky Full Size Bedding Set - Softer Than Silk, Wrinkle-Free with 15” Deep Pocket Fitted Sheet, Perfect for Hair & Skin, Gifts for Women (White)","New","55","0","0","0","1","48","7","0","0","USD","4","8","14","23","","27.95","0.0","27.95","0.0","NoRestockExcessActionRequired","","0.0","0","0","2941.48","0.32","0.208541","cubic feet","Standard","11.469755","US","gl_home","15592","366","55","27","31","27.95","106.96","225.26","397.74","670.63","0","0","0","55","0","25.6","0","0","0","0","","1","1","0","0.0","42","8.75","6","1.88","7","7.96","0","0.0","0","0.0","0","0.0","0","0.0","230.8","9","Excess","","","2026-07-27","Yes","No","205.9","230.8","2026-07-25","55","1","0","0","366","unassigned","N","","",""
"2026-07-28","SATIN-TWIN-BLUSH PINK","X0041PJHXH","B0CNS85C1K","DECOLURE Satin Bed Sheets - 3 Piece Luxury Silky Twin Size Bedding Set - Softer Than Silk, Wrinkle-Free with 15” Deep Pocket Fitted Sheet, Perfect for Hair & Skin, Gifts for Women (Blush Pink)","New","19","0","0","12","8","0","0","0","0","USD","1","8","20","28","","27.95","0.0","27.94","0.0","NoRestockExcessActionRequired","","0.0","0","0","0.0","0.84","0.177834","cubic feet","Standard","3.378846","US","gl_home","4372","103","0","9","8","27.94","27.94","222.19","540.33","778.94","0","0","12","0","0","2.16","0","0","0","0","","0","0","","","","","","","","","","","","","","","","","102.0","14","Healthy","8","2026-08-04","2026-07-27","Yes","No","63.7","102.0","2026-07-25","19","0","0","0","103","unassigned","N","","",""
"2026-07-28","SL-COOLING-SHEET-TWIN-REGAL-PURPLE","X004OD1CAR","B0F7LXNNGZ","SLEEPHORIA Cooling Sheets - BreezeWeave 3 PC Twin Size Cooling Bed Sheets for Hot Sleepers & Deep, Cool Rest - Cloud Soft, Silky Smooth, 16 in Deep Pocket, Ultra Durable (Regal Purple)","New","6","6","0","1","12","0","0","0","0","USD","1","11","21","28","","49.99","0.0","49.99","0.0","CreateShippingPlan","","0.0","0","0","0.0","1.01","0.213861","cubic feet","Standard","1.283166","US","gl_home","82219","55","0","2","2","49.99","49.99","547.39","1044.79","1429.72","0","1","0","0","0","1.56","0","0","0","0","","0","0","","","","","","","","","","","","","","","","","86.9","12","Healthy","8","2026-08-02","2026-07-27","Yes","No","36.2","86.9","2026-07-25","12","0","0","0","55","unassigned","N","","",""
"2026-07-28","Amazon.Found.B0C9LS8Z18","B0C9LS8Z18","B0C9LS8Z18","DECOLURE Cooling Bed Sheets King Set 4pcs - Luxurious & Ultra-Soft King Size Cooling Sheets for Hot Sleepers - Comfortable & Cool Bamboo Viscose Microfiber Sheets King Size w/Deep Pockets (Purple)","","0","0","0","0","0","0","8","0","0","USD","","","","","","0.0","0.0","0.0","0.0","NoRestockExcessActionRequired","","","0","0","","2.5","0.241113","cubic feet","Standard","0.0","US","gl_home","","0","0","","","37.95","","","","","0","0","0","8","0","","0","0","0","0","","0","0","0","0.0","0","0.0","0","0.0","8","10.51","0","0.0","0","0.0","0","0.0","0","0.0","","","","13","2026-07-27","","","","","","2026-07-25","0","0","0","0","0","unassigned","N","","",""
"2026-07-28","SATIN-STRIPE-TWIN-BLACK","X0030KP0B7","B09G6H23C3","DECOLURE Satin Bed Sheets - 3 Piece Luxury Silky Twin Size Bedding Set - Softer Than Silk, Wrinkle-Free with 15” Deep Pocket Fitted Sheet, Perfect for Hair & Skin, Gifts for Women (Striped Black)","New","35","0","0","0","0","31","1","0","3","USD","0","2","5","6","","35.95","0.0","25.16","0.0","NoRestockExcessActionRequired","","0.0","0","0","1490.14","0.16","0.160275","cubic feet","Standard","5.609625","US","gl_home","4372","366","35","70","75","25.16","0.0","55.9","152.75","170.2","0","0","0","32","0","16.17","0","0","0","0","","0","0","0","0.0","0","0.0","31","7.44","0","0.0","0","0.0","1","0.95","0","0.0","3","3.8","576.2","7","Excess","","","2026-07-27","Yes","No","355.3","576.2","2026-07-25","35","0","0","0","366","unassigned","N","","",""
"2026-07-28","SL-CLG-COMF-BLUE/DARK-GREY-QUEEN","X004OD3BZV","B0F7M56896","SLEEPHORIA Cooling Comforter - BreezeWeave Cooling Blanket Queen Size for Hot Sleepers & Deep Rest - Cloud Soft, Breathable, Ultra Durable, Easy Care, Reversible - 90 x 90 in (Blue & Dark Grey)","New","79","4","0","89","0","0","0","0","0","USD","13","45","96","109","","64.99","0.0","59.99","0.0","NoExcessInventory","","0.0","0","0","0.0","1.56","0.711854","cubic feet","Standard","56.236466","US","gl_home","67231","76","0","7","9","59.99","779.87","2690.55","5735.04","6544.91","13","76","0","0","0","178.19","0","0","0","0","","4","0","","","","","","","","","","","","","","","","","70.0","30","Healthy","","","2026-07-27","Yes","No","70.0","53.5","2026-07-25","83","3","1","0","79","unassigned","N","","",""
"2026-07-28","LINEN-CURTAIN-52x108-LIGHT-GREY-2-PCS","X004NSXE4F","B0F63BLDMG","DECOLURE Linen Blackout Curtains - SunShield 108 Inches Long Black Out Curtains for Living Room and Bedroom Windows - Luxury Faux Linen, 2 Panels Set, Ultra Durable - 108 Length x 52 in (Light Grey)","New","30","0","0","0","0","0","33","0","0","USD","3","3","3","3","Low traffic","34.99","0.0","34.99","0.0","Create removal order","","0.0","0","0","1624.15","0.0","0.199952","cubic feet","Standard","5.99856","US","gl_home","456744","366","30","40","130","24.49","73.47","73.47","73.47","73.47","0","0","0","0","33","43.95","0","0","0","0","","0","0","0","0.0","0","0.0","0","0.0","0","0.0","0","0.0","8","9.44","25","34.5","0","0.0","","1","Excess","","","","","","","","2026-07-25","30","0","0","0","366","unassigned","N","","",""
"2026-07-28","SATIN-STRIPE-QUEEN-PINK","X0030KKNZF","B09G6JSW33","DECOLURE Satin Bed Sheets - 4 Piece Luxury Silky Queen Size Bedding Set - Softer Than Silk, Wrinkle-Free with 15” Deep Pocket Fitted Sheet, Perfect for Hair & Skin, Gifts for Women (Striped Pink)","New","136","12","0","148","0","0","0","0","0","USD","6","31","52","85","","31.95","0.0","31.94","0.0","NoRestockExcessActionRequired","","0.0","0","0","35.89","0.77","0.188554","cubic feet","Standard","25.643344","US","gl_home","4372","290","0","17","20","31.94","191.66","987.19","1639.24","2723.19","42","37","69","0","0","19.02","0","0","0","0","","0","0","","","","","","","","","","","","","","","","","124.5","56","Healthy","","","2026-07-27","Yes","No","124.5","118.8","2026-07-25","148","0","0","0","290","unassigned","N","","",""
"2026-07-28","SATIN-TAUPE-KING-6PCS","X003UMBN9X","B0C7FNXRJF","DECOLURE Satin Bed Sheets - 6 Piece Luxury Silky King Size Bedding Set - Softer Than Silk, Wrinkle-Free with 15” Deep Pocket Fitted Sheet, Perfect for Hair & Skin, Gifts for Women (Taupe)","New","17","1","0","3","0","1","16","0","0","USD","4","19","44","55","","32.95","0.0","32.95","0.0","CreateShippingPlan","","0.0","0","0","0.0","1.08","0.239925","cubic feet","Standard","4.078725","US","gl_home","15592","31","0","3","4","32.95","133.8","643.05","1489.57","1878.98","1","2","0","17","0","24.26","0","0","0","0","","3","0","0","0.0","1","0.24","0","0.0","0","0.0","16","21.89","0","0.0","0","0.0","0","0.0","82.3","29","Low stock","49","2026-08-04","2026-07-27","Yes","No","46.9","82.3","2026-07-25","18","2","1","0","35","unassigned","N","","",""
"2026-07-28","SATIN-4PC-QUEEN-LAVENDER","X0042WUZUX","B0CQRXKRPN","DECOLURE Satin Bed Sheets - 4 Piece Luxury Silky Queen Size Bedding Set - Softer Than Silk, Wrinkle-Free with 15” Deep Pocket Fitted Sheet, Perfect for Hair & Skin, Gifts for Women (Lavender)","New","129","32","0","168","0","0","0","0","0","USD","19","55","101","170","","31.95","0.0","30.35","0.0","CreateShippingPlan","","0.0","0","0","0.0","1.46","0.220739","cubic feet","Standard","28.475331","US","gl_home","4372","89","0","10","10","30.35","576.65","1709.57","3123.11","5454.87","168","0","0","0","0","20.99","12","0","0","12","","10","0","","","","","","","","","","","","","","","","","60.5","57","Healthy","","","2026-07-27","No","No","60.5","34.9","2026-07-25","173","8","2","0","95","unassigned","N","","",""
"2026-07-28","SS-SATIN-PINK-FULL-4PCS","X004D7EW5B","B0DDQZG4MQ","SLEEP SANCTUARY Satin Sheets Full Size – 4 Piece Luxury Silky Bed Set, Softer Than Silk, 15"" Deep Pocket, Cooling & Wrinkle-Free, Moisture-Wicking & Breathable for Hair & Skin (Pink)","New","95","12","0","37","74","0","0","0","0","USD","8","16","22","26","","31.95","29.95","25.76","0.0","NoRestockExcessActionRequired","","0.0","0","0","2227.64","0.21","0.242639","cubic feet","Standard","23.050705","US","gl_home","8682","345","98","23","47","31.95","212.08","454.91","649.83","777.63","1","12","24","0","0","27.11","0","0","0","0","","1","0","49","5.96","0","0.0","0","0.0","0","0.0","0","0.0","0","0.0","0","0.0","0","0.0","436.2","27","Excess","","","2026-07-27","Yes","No","227.6","436.2","2026-07-25","107","1","0","0","350","unassigned","N","","",""
"2026-07-28","SATIN-FITTED-FULL-LAVENDER","X004CBTTZ1","B0DBW1NXMH","DECOLURE Satin Fitted Sheet Full Size (1 PC) – Luxuriously Smooth & Softer Than Silk Bed Sheets w/ 15 Inch Deep Pocket Hypoallergenic Wrinkle Free, Secure Snug Fit, Elastic Corner Straps (Lavender)","New","140","0","0","0","3","83","54","0","0","USD","3","13","25","46","","17.95","0.0","17.94","0.0","NoRestockExcessActionRequired","","0.0","0","0","181.72","0.29","0.137461","cubic feet","Standard","19.24454","US","gl_home","9976","366","57","43","39","17.94","53.82","231.43","471.54","821.92","0","0","0","137","0","78.9","0","0","0","0","","0","0","1","0.07","2","0.27","61","12.57","74","55.43","0","0.0","0","0.0","0","0.0","0","0.0","340.0","24","Excess","","","2026-07-27","Yes","No","340.0","306.8","2026-07-25","140","0","0","0","366","unassigned","N","","",""
"2026-07-28","DC-BAMBOO-FITTED-KING-GREY-1PC","X004W8DRJ3","B0FX2SC2Z6","DECOLURE 100% Viscose Derived from Bamboo Fitted Sheet | King Size Fitted Sheet Only | Ultra Soft Cooling Sheets for Hot Sleepers, 17"" Deep Pocket w/Corner Straps, Breathable, Oeko-Tex (Grey)","New","312","11","0","330","0","0","0","0","0","USD","15","50","63","63","","33.95","0.0","33.95","0.0","Edit listing","","","0","0","","0.21","0.226448","cubic feet","Standard","70.651776","US","gl_home","40126","146","0","24","64","33.95","509.25","1627.5","2016.85","2016.85","0","12","318","0","0","","0","0","0","0","","5","0","","","","","","","","","","","","","","","","","444.6","131","Healthy","","","2026-07-27","Yes","No","245.8","444.6","2026-07-25","323","5","0","0","149","unassigned","N","","",""
"2026-07-28","SL-CLG-COMF-PINK/BEIGE-KING","X004OD84QH","B0F7M5L5Q9","SLEEPHORIA Cooling Comforter - BreezeWeave Cooling Blanket King Size for Hot Sleepers & Deep Rest - Cloud Soft, Breathable, Ultra Durable, Easy Care, Reversible - 108 x 90 in (Pink & Beige)","New","70","1","0","72","0","0","0","0","0","USD","4","23","47","48","","74.99","0.0","69.99","0.0","NoExcessInventory","","0.0","0","0","0.0","0.74","0.846699","cubic feet","Standard","59.26893","US","gl_home","67231","118","0","12","18","69.99","279.96","1595.77","3398.03","3468.02","0","28","44","0","0","228.94","0","0","0","0","","1","0","","","","","","","","","","","","","","","","","123.3","19","Healthy","","","2026-07-27","Yes","No","102.1","123.3","2026-07-25","71","0","1","0","119","unassigned","N","","",""
"2026-07-28","SATIN-STRIPE-TWIN-BLUE--6-PCS","X003UOCAYD","B0C7JVQWDH","DECOLURE Satin Bed Sheets - 4 Piece Luxury Silky Twin Size Bedding Set - Softer Than Silk, Wrinkle-Free with 15” Deep Pocket Fitted Sheet, Perfect for Hair & Skin, Gifts for Women (Striped Blue)","New","16","0","0","0","0","0","0","16","0","USD","0","1","4","6","","26.95","0.0","25.16","0.0","NoRestockExcessActionRequired","","0.0","0","0","564.33","0.32","0.102665","cubic feet","Standard","1.64264","US","gl_home","15592","324","16","64","34","25.16","0.0","27.95","111.8","167.7","0","0","0","0","0","12.47","0","0","0","0","","0","0","0","0.0","0","0.0","0","0.0","0","0.0","0","0.0","0","0.0","16","11.34","0","0.0","489.0","4","Excess","","","2026-07-27","Yes","No","489.0","280.0","2026-07-25","16","0","0","0","324","unassigned","N","","",""
"2026-07-28","BAMBOO-FULL-LIGHTBLUE","X002O5111R","B08KQJYDCR","DECOLURE 100% Viscose Derived from Bamboo Sheets Full Size - Luxury 4 Pc Naturally Cooling Sheets, Ultra Soft Bed Set - Deep 17"" Pockets, Durable Double Stitching, Oeko Tex Standard (Light Blue)","New","158","0","0","117","46","0","0","0","0","USD","16","39","77","118","","69.99","0.0","62.99","0.0","NoRestockExcessActionRequired","","0.0","0","0","0.0","0.59","0.221454","cubic feet","Standard","34.989732","US","gl_home","9485","192","0","16","17","69.99","1014.84","2544.01","5096.18","7733.11","2","0","115","0","0","23.34","0","0","0","0","","4","0","","","","","","","","","","","","","","","","","171.7","28","Healthy","","","2026-07-27","Yes","No","164.4","171.7","2026-07-25","158","4","0","0","197","unassigned","N","","",""
"2026-07-28","LINEN-CURTAIN-52x63-BEIGE-2-PCS","X004NSXD1J","B0F6399V8H","DECOLURE Linen Blackout Curtains - SunShield 63 Inches Long Black Out Curtains for Living Room and Bedroom Windows - Luxury Faux Linen, 2 Panels Set, Ultra Durable - 63 Length x 52 in (Beige)","New","13","0","0","0","0","0","14","0","0","USD","0","0","0","0","Low traffic","27.99","0.0","27.99","0.0","Lower price","","0.0","0","0","687.3","0.0","0.199952","cubic feet","Standard","2.599376","US","gl_home","456744","366","13","","","13.99","0.0","0.0","0.0","0.0","0","0","0","0","14","17.15","0","0","0","0","14","0","0","0","0.0","0","0.0","0","0.0","0","0.0","0","0.0","14","16.52","0","0.0","0","0.0","","1","Excess","","","","","","","","2026-07-25","13","0","0","0","366","unassigned","N","","",""
"2026-07-28","BAMBOO-FULL-LIGHTGREY","X002O4Z4JD","B08KQJHKFJ","DECOLURE 100% Viscose Derived from Bamboo Sheets Full Size - Luxury 4 Pc Naturally Cooling Sheets, Ultra Soft Bed Set - Deep 17"" Pockets, Durable Double Stitching, Oeko Tex Standard (Light Grey)","New","20","3","0","24","0","0","0","0","0","USD","4","16","50","81","","69.99","0.0","69.98","0.0","CreateShippingPlan","","0.0","0","0","0.0","1.49","0.218272","cubic feet","Standard","4.36544","US","gl_home","9485","120","0","12","8","69.99","279.92","1037.85","3157.91","5081.25","0","24","0","0","0","2.96","30","0","30","0","","1","0","","","","","","","","","","","","","","","","","50.0","30","Low stock","6","2026-08-04","2026-07-27","Yes","No","44.2","50.0","2026-07-25","53","0","1","0","122","unassigned","N","","",""
"2026-07-28","BAMBOO-TWIN-CREME","X002O4Z173","B08KQKS54Q","DECOLURE 100% Viscose Derived from Bamboo Sheets Twin Size - Luxury 3 Pc Naturally Cooling Sheets, Ultra Soft Bed Set - Deep 17"" Pockets, Durable Double Stitching, Oeko Tex Standard (Creme)","New","69","1","0","1","0","1","68","0","0","USD","5","17","28","39","","59.99","0.0","59.98","0.0","NoRestockExcessActionRequired","","0.0","0","0","201.82","0.41","0.174175","cubic feet","Standard","12.018075","US","gl_home","9485","334","53","16","23","59.99","284.93","951.83","1610.72","2284.24","1","0","0","69","0","76.57","0","0","0","0","","2","0","0","0.0","0","0.0","1","0.26","0","0.0","43","42.69","25","25.7","0","0.0","0","0.0","220.5","16","Excess","","","2026-07-27","Yes","No","131.9","220.5","2026-07-25","70","2","0","0","344","unassigned","N","","",""
"2026-07-28","SATIN-4PC-QUEEN-SAGE GREEN","X0042VNIFN","B0CQRWSS2D","DECOLURE Satin Bed Sheets - 4 Piece Luxury Silky Queen Size Bedding Set - Softer Than Silk, Wrinkle-Free with 15” Deep Pocket Fitted Sheet, Perfect for Hair & Skin, Gifts for Women (Sage Green)","New","15","2","0","5","14","0","0","0","0","USD","16","60","120","173","","31.95","0.0","31.95","0.0","CreateShippingPlan","","0.0","0","0","0.0","1.44","0.219949","cubic feet","Standard","3.299235","US","gl_home","4372","9","0","1","1","31.95","511.2","1904.44","3755.76","5470.11","2","2","1","0","0","0.81","0","0","0","0","","13","0","","","","","","","","","","","","","","","","","60.0","58","Low stock","116","2026-08-04","2026-07-27","Yes","No","25.0","60.0","2026-07-25","17","13","0","0","16","unassigned","N","","",""
"2026-07-28","BAMBOO-TWIN-LIGHTOLIVE","X003TO84EJ","B0BZQ3XM7P","DECOLURE 100% Viscose Derived from Bamboo Sheets Twin Size - Luxury 3 Pc Naturally Cooling Sheets, Ultra Soft Bed Set - Deep 17"" Pockets, Durable Double Stitching, Oeko Tex Standard (Light Olive)","New","54","0","0","0","0","1","0","0","53","USD","0","2","7","7","","59.99","0.0","59.98","0.0","Edit listing","","0.0","0","0","3223.51","0.12","0.200622","cubic feet","Standard","10.833588","US","gl_home","9485","366","54","204","189","59.99","0.0","109.48","440.43","440.43","0","0","0","1","0","92.7","48","48","0","0","","0","0","0","0.0","0","0.0","0","0.0","1","1.09","0","0.0","0","0.0","0","0.0","53","83.94","813.0","4","Excess","","","2026-07-27","Yes","No","813.0","656.6","2026-07-25","102","0","0","0","366","unassigned","N","","",""
"2026-07-28","BAMBOO-FULL-TAUPE","X002O53Z3T","B08KQJBRKM","DECOLURE 100% Viscose Derived from Bamboo Sheets Full Size - Luxury 4 Pc Naturally Cooling Sheets, Ultra Soft Bed Set - Deep 17"" Pockets, Durable Double Stitching, Oeko Tex Standard (Taupe)","New","13","1","0","15","0","0","0","0","0","USD","4","26","52","88","","69.99","0.0","69.99","0.0","CreateShippingPlan","","0.0","0","0","0.0","2.19","0.209799","cubic feet","Standard","2.727387","US","gl_home","9485","38","0","3","3","69.99","271.71","1741.98","3407.54","5695.81","4","0","11","0","0","1.03","12","0","12","0","","1","0","","","","","","","","","","","","","","","","","41.1","36","Low stock","46","2026-08-04","2026-07-27","Yes","No","27.4","41.1","2026-07-25","26","1","0","0","40","unassigned","N","","",""
"2026-07-28","SL-CLG-PC-BLUE-QUEEN-2PCS","X004OCQ0TB","B0F7LJS3N2","SLEEPHORIA Cooling Pillow Cases - BreezeWeave Queen Size Set of 2 Pillowcases for Hot Sleepers & Cool, Deep Rest - Cloud Soft, Silky Smooth, Ultra Durable, Easy Care, Hidden Zipper (Blue)","New","72","0","0","4","1","3","67","0","0","USD","9","50","92","126","","19.99","0.0","17.99","0.0","GoToRestock","","0.0","0","0","0.0","0.9","0.069716","cubic feet","Standard","5.019552","US","gl_home","122466","66","0","5","7","17.99","161.91","888.7","1635.68","2213.34","2","2","0","3","67","34.26","0","0","0","0","","0","0","0","0.0","2","0.14","0","0.0","1","0.38","0","0.0","0","0.0","67","32.22","0","0.0","104.8","33","Healthy","","","2026-07-27","Yes","No","57.7","104.8","2026-07-25","72","0","0","0","66","unassigned","N","","",""
"2026-07-28","SL-COOLING-SHEET-TWIN-GRAPHITE","X004OD1CNT","B0F7LZ27F2","SLEEPHORIA Cooling Sheets - BreezeWeave 3 PC Twin Size Cooling Bed Sheets for Hot Sleepers & Deep, Cool Rest - Cloud Soft, Silky Smooth, 16 in Deep Pocket, Ultra Durable (Graphite)","New","54","36","0","91","0","0","0","0","0","USD","2","5","17","52","","49.99","0.0","49.99","0.0","NoRestockExcessActionRequired","","0.0","0","0","0.0","1.4","0.229779","cubic feet","Standard","12.408066","US","gl_home","82219","119","0","43","13","49.99","99.98","249.95","844.83","2755.48","91","0","0","0","0","13.59","0","0","0","0","","0","0","","","","","","","","","","","","","","","","","193.6","44","Healthy","","","2026-07-27","Yes","No","193.6","36.2","2026-07-25","90","0","0","0","119","unassigned","N","","",""
"2026-07-28","SL-COOLING-FITTED-FULL-COOL-BLUE","X004OD06DV","B0F7M6DPPM","SLEEPHORIA Cooling Fitted Sheet Full Size - 1 PC BreezeWeave Cooling Sheets for Hot Sleepers & Cool Rest w/ 16 in Deep Pocket - Corner Straps, Cloud Soft, Ultra Durable - 52 x 72 in (Cool Blue)","New","73","2","0","0","1","0","76","0","0","USD","11","42","61","67","","31.99","0.0","29.99","0.0","Create Outlet deal","","16.49","2","0","3469.04","0.56","0.135842","cubic feet","Standard","9.916466","US","gl_home","26032","80","0","6","14","29.99","325.89","1199.58","1753.59","1921.53","0","0","0","0","76","76.43","0","0","0","0","","1","0","0","0.0","0","0.0","0","0.0","0","0.0","0","0.0","0","0.0","76","71.25","0","0.0","164.4","35","Healthy","","","2026-07-27","Yes","No","67.7","164.4","2026-07-25","75","1","0","0","81","unassigned","N","","",""
"2026-07-28","BM-FULL-CGREY","X003VHOFSD","B0C9LVTKF7","DECOLURE Cooling Sheets Full Set 4pcs - Luxurious & Ultra-Soft Full Size Cooling Sheets for Hot Sleepers - Comfortable Bamboo Viscose Microfiber Full Cooling Bed Sheets w/Deep Pockets (Cool Grey)","New","20","0","0","0","2","18","0","0","0","USD","5","15","30","40","","35.95","0.0","35.94","0.0","CreateShippingPlan","","0.0","0","0","1175.05","0.94","0.212621","cubic feet","Standard","4.25242","US","gl_home","71718","55","0","5","6","35.94","179.7","526.44","1060.29","1410.3","0","0","0","18","0","6.32","0","0","0","0","","1","0","5","0.53","13","2.76","0","0.0","0","0.0","0","0.0","0","0.0","0","0.0","0","0.0","96.8","16","Healthy","10","2026-08-01","2026-07-27","Yes","No","58.7","96.8","2026-07-25","20","1","0","0","58","unassigned","N","","",""
"2026-07-28","SS-SATIN-SAGE-GREEN-FULL-4PCS","X004D7HFCN","B0DDRF2M6S","SLEEP SANCTUARY Satin Sheets Full Size – 4 Piece Luxury Silky Bed Set, Softer Than Silk, 15"" Deep Pocket, Cooling & Wrinkle-Free, Moisture-Wicking & Breathable for Hair & Skin (Sage Green)","New","138","0","0","0","1","1","0","138","0","USD","7","16","21","26","","31.95","29.95","22.45","0.0","Edit listing","","0.0","0","0","10287.03","0.15","0.284382","cubic feet","Standard","39.244716","US","gl_home","8682","366","135","34","69","31.95","157.15","419.15","567.73","727.48","0","0","0","1","0","294.37","0","0","0","0","","8","0","0","0.0","1","0.28","0","0.0","0","0.0","0","0.0","0","0.0","138","270.75","0","0.0","668.3","14","Excess","","","2026-07-27","Yes","No","333.4","668.3","2026-07-25","138","8","0","0","366","unassigned","N","","",""
"2026-07-28","BAMBOO-QUEEN-BURGUNDY-NEW","X0043AK761","B0CRHZ1CK3","DECOLURE 100% Viscose Derived from Bamboo Sheets Queen Size - Luxury 4 Pc Naturally Cooling Sheets, Ultra Soft Bed Set - Deep 17"" Pockets, Durable Double Stitching, Oeko Tex Standard (Burgundy)","New","149","1","0","159","0","0","0","0","0","USD","14","63","119","174","","79.99","0.0","79.99","0.0","NoRestockExcessActionRequired","","0.0","0","0","0.0","1.07","0.288846","cubic feet","Standard","43.038054","US","gl_home","9485","108","0","14","16","79.99","1099.86","4858.05","9283.25","13318.58","2","73","84","0","0","27.29","72","0","72","0","","3","0","","","","","","","","","","","","","","","","","94.6","131","Healthy","46","2026-08-04","2026-07-27","Yes","No","90.1","94.6","2026-07-25","222","2","1","0","110","unassigned","N","","",""
"2026-07-28","BAMBOO-KING-GREY","X002O510ZJ","B08KQJQ3C2","DECOLURE 100% Viscose Derived from Bamboo Sheets King Size - Luxury 4 Pc Naturally Cooling Sheets, Ultra Soft Bed Set - Deep 17"" Pockets, Durable Double Stitching, Oeko Tex Standard (Grey)","New","134","3","0","140","0","0","0","0","0","USD","26","130","274","395","","84.99","0.0","71.24","0.0","CreateShippingPlan","","0.0","0","0","0.0","1.46","0.27908","cubic feet","Standard","37.39672","US","gl_home","9485","58","0","4","4","84.99","1898.49","9827.69","20210.0","29676.84","16","122","2","0","0","34.97","0","0","0","0","","4","1","","","","","","","","","","","","","","","","","50.4","112","Healthy","79","2026-08-04","2026-07-27","No","No","27.9","50.4","2026-07-25","137","2","2","0","61","unassigned","N","","",""
"2026-07-28","BAMBOO-TWIN-GREY-6PCS","X00438V1NV","B0CQ33P28L","DECOLURE 100% Viscose Derived from Bamboo Sheets Twin Size - Luxury 4 Pc Naturally Cooling Sheets, Ultra Soft Bed Set - Deep 17"" Pockets, Durable Double Stitching, Oeko Tex Standard (Grey)","New","6","24","0","30","0","0","0","0","0","USD","0","0","0","0","Low conversion","79.99","0.0","79.99","0.0","Lower price","","","0","0","","0.0","0.219571","cubic feet","Standard","1.317426","US","gl_home","9357","326","0","","","79.99","0.0","0.0","0.0","0.0","30","0","0","0","0","","0","0","0","0","","0","0","","","","","","","","","","","","","","","","","","12","Healthy","","","","","","","","2026-07-25","30","0","0","0","326","unassigned","N","","",""
"2026-07-28","SATIN-FITTED-KING-ROSEWOOD","X004CBTSZR","B0DBVZKXNX","DECOLURE Satin Fitted Sheet King Size (1 PC) – Luxuriously Smooth & Softer Than Silk Bed Sheets w/ 15 Inch Deep Pocket Hypoallergenic Wrinkle Free, Secure Snug Fit, Elastic Corner Straps (Rosewood)","New","55","40","0","77","0","0","0","0","0","USD","3","4","4","20","","27.95","0.0","27.95","0.0","NoRestockExcessActionRequired","","0.0","0","0","0.0","0.88","0.191774","cubic feet","Standard","10.54757","US","gl_home","9976","185","0","55","35","27.95","72.98","100.93","100.93","393.13","77","0","0","0","0","40.94","0","0","0","0","","1","0","","","","","","","","","","","","","","","","","250.5","55","Healthy","9","2026-08-04","2026-07-27","Yes","No","250.5","51.7","2026-07-25","95","0","1","0","187","unassigned","N","","",""
"2026-07-28","BAMBOO-CALIFKING-LIGHTGREY","X002O4Z19B","B08KQLFRVR","DECOLURE 100% Viscose Derived from Bamboo Sheets California King Size - Luxury 4 Pc Naturally Cooling Sheets, Ultra Soft Bed Set - Deep 17"" Pockets, Double Stitching, Oeko Tex Standard (Light Grey)","New","40","1","0","46","0","0","0","0","0","USD","3","22","40","42","","84.99","0.0","84.98","0.0","NoRestockExcessActionRequired","","","0","0","","1.85","0.397594","cubic feet","Standard","15.90376","US","gl_home","9485","185","0","10","17","84.99","244.95","1765.96","3240.78","3460.76","46","0","0","0","0","","18","0","18","0","","1","0","","","","","","","","","","","","","","","","","69.0","22","Healthy","","","2026-07-27","Yes","No","69.0","50.7","2026-07-25","59","0","1","0","189","unassigned","N","","",""
"2026-07-28","BM-TWIN-CGREY","X003VHUIKH","B0C9LSZTPN","DECOLURE Cooling Bed Sheets Twin Set 3pcs - Luxurious & Ultra-Soft Twin Size Cooling Sheets for Hot Sleepers - Comfortable Cool Bamboo Viscose Microfiber Sheets Twin Size w/Deep Pockets (Cool Grey)","New","36","0","0","0","0","0","36","0","0","USD","0","5","11","13","","43.95","0.0","30.56","0.0","NoRestockExcessActionRequired","","0.0","0","0","1896.05","0.3","0.177442","cubic feet","Standard","6.387912","US","gl_home","71718","366","36","28","36","30.56","0.0","103.55","253.75","311.45","0","0","0","36","0","40.86","0","0","0","0","","0","0","0","0.0","0","0.0","0","0.0","0","0.0","36","36.39","0","0.0","0","0.0","0","0.0","297.8","5","Excess","","","2026-07-27","Yes","No","157.0","297.8","2026-07-25","36","0","0","0","366","unassigned","N","","",""
"2026-07-28","SATIN-FITTED-QUEEN-PURPLE","X004CBTTC9","B0DBVZPPJ6","DECOLURE Satin Fitted Sheet Queen Size (1 PC) – Luxuriously Smooth & Softer Than Silk Bed Sheets w/ 15 Inch Deep Pocket Hypoallergenic Wrinkle Free, Secure Snug Fit, Elastic Corner Straps (Purple)","New","145","2","0","9","5","104","37","0","0","USD","15","81","153","196","","17.95","0.0","17.94","0.0","NoRestockExcessActionRequired","","0.0","0","0","0.0","0.7","0.182407","cubic feet","Standard","26.449015","US","gl_home","9976","85","0","7","9","17.94","269.1","1432.29","2703.69","3472.8","3","6","0","141","0","73.5","0","0","0","0","","15","0","0","0.0","1","0.18","103","28.19","0","0.0","37","38.48","0","0.0","0","0.0","0","0.0","128.4","80","Healthy","57","2026-08-04","2026-07-27","Yes","No","66.4","128.4","2026-07-25","147","15","0","0","96","unassigned","N","","",""
"2026-07-28","SS-SATIN-BLUSH-PINK-KING-4PCS","X004D7A075","B0DDR4T2Y6","SLEEP SANCTUARY Satin Sheets King Size – 4 Piece Luxury Silky Bed Set, Softer Than Silk, 15"" Deep Pocket, Cooling & Wrinkle-Free, Moisture-Wicking & Breathable for Hair & Skin (Blush Pink)","New","314","0","0","1","317","0","0","0","0","USD","5","17","35","52","","37.95","0.0","29.36","0.0","NoRestockExcessActionRequired","","27.06","33","0","8736.47","0.15","0.284024","cubic feet","Standard","89.183536","US","gl_home","8682","366","295","73","78","37.95","146.8","553.04","1171.38","1782.53","0","0","1","0","0","62.59","0","0","0","0","","13","0","","","","","","","","","","","","","","","","","628.5","37","Excess","","","2026-07-27","Yes","No","565.6","628.5","2026-07-25","314","13","0","0","366","unassigned","N","","",""
"2026-07-28","BAMBOO-CALIFKING-CHARCOAL-6PCS","X00438PIKN","B0CQ32JTTK","DECOLURE 100% Viscose Derived from Bamboo Sheets California King Size - Luxury 6 Pc Naturally Cooling Sheets, Ultra Soft Bed Set - Deep 17"" Pockets, Double Stitching, Oeko Tex Standard (Charcoal)","New","23","4","0","28","0","0","0","0","0","USD","4","19","19","19","","89.99","0.0","76.49","0.0","CreateShippingPlan","","","0","0","","0.75","0.33667","cubic feet","Standard","7.74341","US","gl_home","9357","97","0","4","15","76.49","305.96","1569.42","1569.42","1569.42","28","0","0","0","0","","0","0","0","0","","1","0","","","","","","","","","","","","","","","","","97.2","21","Healthy","11","2026-08-04","2026-07-27","Yes","No","92.4","97.2","2026-07-25","27","1","0","0","100","unassigned","N","","",""
"2026-07-28","SATIN-CHAMPAGNE-KING-6PCS","X003UMBLTF","B0C7FKZ4VG","DECOLURE Satin Bed Sheets - 6 Piece Luxury Silky King Size Bedding Set - Softer Than Silk, Wrinkle-Free with 15” Deep Pocket Fitted Sheet, Perfect for Hair & Skin, Gifts for Women (Champagne)","New","201","0","0","204","0","0","0","0","0","USD","7","28","52","72","","33.95","0.0","33.94","0.0","NoRestockExcessActionRequired","","0.0","0","0","115.95","0.4","0.246866","cubic feet","Standard","49.620066","US","gl_home","15592","308","0","28","36","33.94","237.6","945.45","1756.85","2471.85","0","60","144","0","0","37.07","0","0","0","0","","1","0","","","","","","","","","","","","","","","","","233.1","44","Healthy","","","2026-07-27","Yes","No","233.1","232.1","2026-07-25","201","0","1","0","310","unassigned","N","","",""
"2026-07-28","SL-COOLING-FITTED-CAL-KING-LIGHT-PINK","X004OD8B5B","B0F7M67GT2","SLEEPHORIA Cooling Fitted Sheet Calfornia King Size - 1 PC BreezeWeave Cooling Sheets for Hot Sleepers & Cool Rest w/ 16 in Deep Pocket - Corner Straps, Cloud Soft - 69 x 81 in (Light Pink)","New","31","0","0","0","0","0","32","0","0","USD","0","6","9","12","","37.99","0.0","35.99","0.0","Create Outlet deal","","19.49","2","0","1484.49","0.31","0.144256","cubic feet","Standard","4.471936","US","gl_home","26032","164","31","20","33","35.99","0.0","203.94","320.91","422.88","0","0","0","0","32","33.96","0","0","0","0","","0","0","0","0.0","0","0.0","0","0.0","0","0.0","0","0.0","0","0.0","32","31.85","0","0.0","287.1","8","Excess","","","2026-07-27","Yes","No","174.2","287.1","2026-07-25","31","0","0","0","164","unassigned","N","","",""
"2026-07-28","BAMBOO-QUEEN-MIDGREY-6PCS","X00438TR0F","B0CQ31FR3Y","DECOLURE 100% Viscose Derived from Bamboo Sheets Queen Size - Luxury 6 Pc Naturally Cooling Sheets, Ultra Soft Bed Set - Deep 17"" Pockets, Durable Double Stitching, Oeko Tex Standard (Midgrey)","New","263","7","0","189","94","0","0","0","0","USD","30","96","216","318","","84.99","0.0","71.24","0.0","NoRestockExcessActionRequired","","0.0","0","0","0.0","0.77","0.302078","cubic feet","Standard","79.446514","US","gl_home","9357","126","0","10","10","71.24","2137.2","7197.16","17002.65","24650.38","1","5","183","0","0","51.09","0","0","0","0","","6","0","","","","","","","","","","","","","","","","","122.7","129","Healthy","","","2026-07-27","No","No","79.3","122.7","2026-07-25","270","4","2","0","128","unassigned","N","","",""
"2026-07-28","SL-COOLING-FITTED-CAL-KING-REGAL-PURPLE","X004OD83LN","B0F7M2P88B","SLEEPHORIA Cooling Fitted Sheet Calfornia King Size - 1 PC BreezeWeave Cooling Sheets for Hot Sleepers & Cool Rest w/ 16 in Deep Pocket - Corner Straps, Cloud Soft - 69 x 81 in (Regal Purple)","New","18","0","0","1","0","0","20","0","0","USD","3","12","23","33","","37.99","0.0","35.99","0.0","Create Outlet deal","","19.49","2","0","294.6","0.87","0.144256","cubic feet","Standard","2.596608","US","gl_home","26032","45","0","6","7","35.99","107.97","417.88","816.77","1156.67","0","1","0","0","20","18.29","0","0","0","0","","1","0","0","0.0","0","0.0","0","0.0","0","0.0","0","0.0","0","0.0","20","19.93","0","0.0","103.0","16","Healthy","10","2026-08-04","2026-07-27","Yes","No","68.4","103.0","2026-07-25","18","1","0","0","48","unassigned","N","","",""
"2026-07-28","SS-SATIN-BLUE-KING-4PCS","X004D7EWZB","B0DDRBX7CN","SLEEP SANCTUARY Satin Sheets King Size – 4 Piece Luxury Silky Bed Set, Softer Than Silk, 15"" Deep Pocket, Cooling & Wrinkle-Free, Moisture-Wicking & Breathable for Hair & Skin (Blue)","New","168","6","0","0","37","26","80","32","0","USD","15","40","52","71","","35.95","33.95","29.36","0.0","NoRestockExcessActionRequired","","0.0","0","0","1093.28","0.32","0.276145","cubic feet","Standard","46.39236","US","gl_home","8682","239","135","16","30","35.95","443.4","1270.28","1711.3","2394.35","0","0","0","105","1","242.44","0","0","0","0","","0","1","0","0.0","1","0.28","1","0.41","66","99.34","30","47.21","7","11.41","33","62.88","0","0.0","277.4","50","Excess","","","2026-07-27","Yes","No","156.1","277.4","2026-07-25","174","0","0","0","239","unassigned","N","","",""
"2026-07-28","BAMBOO-TWIN-MIDGREY-6PCS","X00438YOUX","B0CQ31XF3H","DECOLURE 100% Viscose Derived from Bamboo Sheets Twin Size - Luxury 4 Pc Naturally Cooling Sheets, Ultra Soft Bed Set - Deep 17"" Pockets, Durable Double Stitching, Oeko Tex Standard (Midgrey)","New","65","0","0","26","1","31","11","0","0","USD","0","11","27","45","","64.99","0.0","64.98","0.0","NoRestockExcessActionRequired","","0.0","0","0","0.0","0.54","0.183191","cubic feet","Standard","11.907415","US","gl_home","9357","209","0","23","18","64.98","0.0","706.87","1726.71","2806.43","2","24","0","42","0","42.08","0","0","0","0","","1","1","0","0.0","31","5.66","0","0.0","0","0.0","11","11.49","0","0.0","0","0.0","0","0.0","161.6","27","Healthy","","","2026-07-27","Yes","No","109.5","161.6","2026-07-25","65","0","1","0","212","unassigned","N","","",""
"2026-07-28","BAMBOO-QUEEN-PURPLE-6PCS","X00438PI9J","B0CQ3GXLCJ","DECOLURE 100% Viscose Derived from Bamboo Sheets Queen Size - Luxury 6 Pc Naturally Cooling Sheets, Ultra Soft Bed Set - Deep 17"" Pockets, Durable Double Stitching, Oeko Tex Standard (Purple - 01)","New","146","1","0","151","0","0","0","0","0","USD","2","9","50","105","Low traffic","84.99","0.0","84.99","0.0","NoRestockExcessActionRequired","","0.0","0","0","0.0","1.01","0.260845","cubic feet","Standard","38.08337","US","gl_home","829384","272","0","64","18","84.99","141.83","679.5","4027.68","8195.88","119","32","0","0","0","38.25","0","0","0","0","","3","0","","","","","","","","","","","","","","","","","511.7","61","Healthy","","","2026-07-27","Yes","No","511.7","65.9","2026-07-25","147","2","1","0","276","unassigned","N","","",""
"2026-07-28","BAMBOO-KING-OLIVE-6PCS","X00438QA69","B0CQ2YDPDS","DECOLURE 100% Viscose Derived from Bamboo Sheets King Size - Luxury 6 Pc Naturally Cooling Sheets, Ultra Soft Bed Set - Deep 17"" Pockets, Durable Double Stitching, Oeko Tex Standard (Olive)","New","90","32","0","130","0","0","0","0","0","USD","10","68","79","137","","89.99","0.0","89.98","0.0","CreateShippingPlan","","0.0","0","0","0.0","1.65","0.356196","cubic feet","Standard","32.05764","US","gl_home","9357","96","0","5","8","89.98","833.09","5832.01","6802.9","11705.54","129","1","0","0","0","27.71","0","0","0","0","","2","0","","","","","","","","","","","","","","","","","53.5","80","Healthy","50","2026-08-04","2026-07-27","Yes","No","53.5","34.7","2026-07-25","122","2","0","0","98","unassigned","N","","",""
"2026-07-28","BAMBOO-FULL-BURGUNDY-6PCS","X00438MD8X","B0CQ3199ZV","DECOLURE 100% Viscose Derived from Bamboo Sheets Full Size - Luxury 6 Pc Naturally Cooling Sheets, Ultra Soft Bed Set - Deep 17"" Pockets, Durable Double Stitching, Oeko Tex Standard (Burgundy)","New","59","0","0","61","0","0","0","0","0","USD","5","11","11","12","","74.99","0.0","67.49","0.0","NoRestockExcessActionRequired","","","0","0","","0.44","0.269306","cubic feet","Standard","15.889054","US","gl_home","9357","160","0","21","63","67.49","337.45","737.73","737.73","812.72","54","7","0","0","0","","0","0","0","0","","1","0","","","","","","","","","","","","","","","","","182.4","31","Healthy","","","2026-07-27","Yes","No","182.4","171.3","2026-07-25","59","1","0","0","163","unassigned","N","","",""
"2026-07-28","SS-SATIN-BURNT-ORANGE-FULL-4PCS","X004D7A377","B0DDQQ83Y4","SLEEP SANCTUARY Satin Sheets Full Size – 4 Piece Luxury Silky Bed Set, Softer Than Silk, 15"" Deep Pocket, Cooling & Wrinkle-Free, Moisture-Wicking & Breathable for Hair & Skin (Burnt Orange)","New","76","0","0","0","0","0","2","36","38","USD","1","4","5","8","","32.95","0.0","25.76","0.0","Edit listing","","31.95","9","0","5404.79","0.1","0.274477","cubic feet","Standard","20.860252","US","gl_home","8682","366","72","76","123","32.95","25.76","105.64","140.59","236.44","0","0","0","2","0","168.19","0","0","0","0","","0","0","0","0.0","0","0.0","0","0.0","0","0.0","1","1.56","1","1.62","36","68.17","38","82.39","903.6","7","Excess","","","2026-07-27","Yes","No","583.0","903.6","2026-07-25","76","0","0","0","366","unassigned","N","","",""
"2026-07-28","SATIN-CHAMPAGNE-TWIN","X003RX78IZ","B0BZPVY39R","DECOLURE Satin Bed Sheets - 3 Piece Luxury Silky Twin Size Bedding Set - Softer Than Silk, Wrinkle-Free with 15” Deep Pocket Fitted Sheet, Perfect for Hair & Skin, Gifts for Women (Champagne)","New","40","0","0","0","0","0","36","6","0","USD","1","6","9","11","","24.95","0.0","24.95","0.0","NoRestockExcessActionRequired","","11.48","12","0","1055.24","0.21","0.171297","cubic feet","Standard","6.85188","US","gl_home","4372","264","36","26","47","24.95","24.95","151.89","235.74","307.64","0","0","0","0","36","47.37","0","0","0","0","","3","0","0","0.0","0","0.0","0","0.0","0","0.0","0","0.0","18","18.18","24","28.36","0","0.0","387.1","14","Excess","","","2026-07-27","Yes","No","201.3","387.1","2026-07-25","40","3","0","0","291","unassigned","N","","",""
"2026-07-28","SATIN-TAUPE-QUEEN-6PCS","X003UM8ZZX","B0C7FK58RV","DECOLURE Satin Bed Sheets - 6 Piece Luxury Silky Queen Size Bedding Set - Softer Than Silk, Wrinkle-Free with 15” Deep Pocket Fitted Sheet, Perfect for Hair & Skin, Gifts for Women (Taupe)","New","44","0","0","0","0","0","44","0","0","USD","5","8","14","21","","30.95","0.0","30.95","0.0","NoRestockExcessActionRequired","","0.0","0","0","2283.25","0.38","0.217323","cubic feet","Standard","9.562212","US","gl_home","15592","366","44","22","27","30.95","149.15","235.6","406.85","618.78","0","0","0","44","0","60.11","0","0","0","0","","0","0","0","0.0","0","0.0","0","0.0","1","1.18","43","53.27","0","0.0","0","0.0","0","0.0","244.7","11","Excess","","","2026-07-27","Yes","No","168.9","244.7","2026-07-25","44","0","0","0","366","unassigned","N","","",""
"2026-07-28","BAMBOO-CALIFKING-GREY","X002O4Z4IJ","B08KQJBFFY","DECOLURE 100% Viscose Derived from Bamboo Sheets California King Size - Luxury 4 Pc Naturally Cooling Sheets, Ultra Soft Bed Set - Deep 17"" Pockets, Double Stitching, Oeko Tex Standard (Grey)","New","74","0","0","75","0","0","0","0","0","USD","1","3","3","13","","110.99","0.0","110.99","0.0","NoRestockExcessActionRequired","","","0","0","","0.46","0.284961","cubic feet","Standard","21.087114","US","gl_home","9485","366","0","106","80","110.99","74.99","249.32","249.32","1049.22","54","21","0","0","0","","6","0","0","6","","0","0","","","","","","","","","","","","","","","","","668.7","25","Healthy","","","2026-07-27","Yes","No","668.7","155.6","2026-07-25","80","0","0","0","366","unassigned","N","","",""
"2026-07-28","SATIN-GOLD-TWIN-6PCS","X003UMBLGN","B0C7FXTXLD","DECOLURE Satin Bed Sheets - 4 Piece Luxury Silky Twin Size Bedding Set - Softer Than Silk, Wrinkle-Free with 15” Deep Pocket Fitted Sheet, Perfect for Hair & Skin, Gifts for Women (Gold)","New","53","0","0","53","0","0","0","0","0","USD","0","0","1","1","Low conversion","27.95","0.0","27.94","0.0","Lower price","","","0","0","","0.04","0.169492","cubic feet","Standard","8.983076","US","gl_home","15592","366","0","","689","27.94","0.0","0.0","31.95","31.95","24","12","17","0","0","","0","0","0","0","","0","0","","","","","","","","","","","","","","","","","","2","Healthy","","","","","","","2217.0","2026-07-25","53","0","0","0","366","unassigned","N","","",""
"2026-07-28","SS-SATIN-STONE-GREY-QUEEN-4PCS","X004D7HG45","B0DDQX4176","SLEEP SANCTUARY Satin Sheets Queen Size – 4 Piece Luxury Silky Bed Set, Softer Than Silk, 15"" Deep Pocket, Cooling & Wrinkle-Free, Moisture-Wicking & Breathable for Hair & Skin (Stone Grey)","","0","0","0","6","0","0","0","0","0","USD","53","165","213","284","","0.0","0.0","0.0","0.0","CreateShippingPlan","","","0","0","","1.84","0.284742","cubic feet","Standard","0.0","US","gl_home","8682","0","0","0","0","33.95","1487.68","5100.12","6607.5","9041.95","6","0","0","0","0","","0","0","0","0","","5","0","","","","","","","","","","","","","","","","","53.0","225","Out of stock","474","2026-07-28","2026-07-27","No","No","17.5","53.0","2026-07-25","0","2","3","0","0","unassigned","N","","",""
"2026-07-28","SATIN-WHITE-QUEEN-6PCS","X003UMBLNB","B0C7FR94LJ","DECOLURE Satin Bed Sheets - 6 Piece Luxury Silky Queen Size Bedding Set - Softer Than Silk, Wrinkle-Free with 15” Deep Pocket Fitted Sheet, Perfect for Hair & Skin, Gifts for Women (White)","New","22","12","0","38","0","0","0","0","0","USD","9","40","93","113","","31.95","0.0","31.94","0.0","CreateShippingPlan","","0.0","0","0","0.0","1.7","0.226654","cubic feet","Standard","4.986388","US","gl_home","15592","44","0","2","2","31.94","279.52","1244.37","2893.58","3517.78","31","7","0","0","0","7.36","0","0","0","0","","3","0","","","","","","","","","","","","","","","","","51.8","36","Low stock","45","2026-08-04","2026-07-27","Yes","No","28.8","51.8","2026-07-25","34","2","1","0","52","unassigned","N","","",""
"2026-07-28","SS-SATIN-WHITE-KING-4PCS","X004D7A05R","B0DDQZ6VT4","SLEEP SANCTUARY Satin Sheets King Size – 4 Piece Luxury Silky Bed Set, Softer Than Silk, 15"" Deep Pocket, Cooling & Wrinkle-Free, Moisture-Wicking & Breathable for Hair & Skin (White)","New","569","68","0","499","27","20","41","58","0","USD","45","115","168","248","","35.95","33.95","22.45","0.0","NoRestockExcessActionRequired","","0.0","0","0","231.44","0.46","0.27732","cubic feet","Standard","157.79508","US","gl_home","8682","236","354","20","31","35.95","1114.44","3541.17","5374.62","8266.62","127","227","145","58","3","692.59","24","0","0","24","","2","0","2","0.28","0","0.0","0","0.0","55","83.13","1","1.58","3","4.91","59","112.9","0","0.0","198.1","179","Excess","","","2026-07-27","No","No","190.8","198.1","2026-07-25","661","2","0","0","237","unassigned","N","","",""
"2026-07-28","SATIN-4PC-FULL-BABY BLUE","X0042X0DIB","B0CQRY9WLD","DECOLURE Satin Bed Sheets - 4 Piece Luxury Silky Full Size Bedding Set - Softer Than Silk, Wrinkle-Free with 15” Deep Pocket Fitted Sheet, Perfect for Hair & Skin, Gifts for Women (Baby Blue)","New","217","1","0","214","1","0","0","0","0","USD","5","28","64","113","","29.95","0.0","29.94","0.0","NoRestockExcessActionRequired","","0.0","0","0","0.0","0.61","0.228666","cubic feet","Standard","49.620522","US","gl_home","4372","289","0","31","24","29.94","149.71","826.89","1889.71","3381.31","79","56","79","0","0","34.28","0","0","0","0","","4","0","","","","","","","","","","","","","","","","","217.2","81","Healthy","","","2026-07-27","Yes","No","217.2","130.8","2026-07-25","218","4","0","0","297","unassigned","N","","",""
"2026-07-28","SATIN-4PC-KING-GREY","X0044KSJMT","B0CV4D38W9","DECOLURE Satin Bed Sheets - 4 Piece Luxury Silky King Size Bedding Set - Softer Than Silk, Wrinkle-Free with 15” Deep Pocket Fitted Sheet, Perfect for Hair & Skin, Gifts for Women (Grey)","New","1384","37","0","986","117","267","73","0","0","USD","30","130","275","405","","30.95","0.0","30.95","0.0","NoRestockExcessActionRequired","","0.0","0","0","5373.04","0.31","0.241507","cubic feet","Standard","334.245688","US","gl_home","4372","366","709","42","44","30.95","933.5","4270.37","9048.73","13530.93","128","290","568","340","0","927.31","0","0","0","0","","20","0","104","12.55","101","24.4","141","51.06","95","125.04","0","0.0","0","0.0","0","0.0","0","0.0","300.2","279","Excess","","","2026-07-27","No","No","289.3","300.2","2026-07-25","1421","16","4","0","366","unassigned","N","","",""
"2026-07-28","SATIN-TWIN-BLACK-6PCS","X003UM8ZJT","B0C7F622QD","DECOLURE Satin Bed Sheets - 4 Piece Luxury Silky Twin Size Bedding Set - Softer Than Silk, Wrinkle-Free with 15” Deep Pocket Fitted Sheet, Perfect for Hair & Skin, Gifts for Women (Black)","New","35","100","0","141","0","0","0","0","0","USD","6","20","28","34","","27.95","0.0","25.95","0.0","NoRestockExcessActionRequired","","0.0","0","0","1962.55","0.47","0.158029","cubic feet","Standard","5.531015","US","gl_home","15592","366","0","7","13","25.95","155.7","543.6","763.0","943.7","114","12","15","0","0","15.91","0","0","0","0","","0","0","","","","","","","","","","","","","","","","","145.7","29","Healthy","","","2026-07-27","Yes","No","80.6","145.7","2026-07-25","135","0","0","0","366","unassigned","N","","",""
"2026-07-28","SL-COOLING-SHEET-TWIN-LIGHT-BLUE","X004OD19AF","B0F7LXS112","SLEEPHORIA Cooling Sheets - BreezeWeave 3 PC Twin Size Cooling Bed Sheets for Hot Sleepers & Deep, Cool Rest - Cloud Soft, Silky Smooth, 16 in Deep Pocket, Ultra Durable (Light Blue)","New","30","6","0","36","0","0","0","0","0","USD","3","6","6","9","","49.99","0.0","49.99","0.0","NoRestockExcessActionRequired","","0.0","0","0","0.0","0.95","0.213861","cubic feet","Standard","6.41583","US","gl_home","82219","111","0","20","43","49.99","149.97","299.94","299.94","470.91","36","0","0","0","0","6.57","0","0","0","0","","0","0","","","","","","","","","","","","","","","","","121.0","19","Healthy","","","2026-07-27","Yes","No","121.0","63.8","2026-07-25","36","0","0","0","111","unassigned","N","","",""
"2026-07-28","BAMBOO-KING-CHARCOAL","X003TODVFB","B0BZPZ588L","DECOLURE 100% Viscose Derived from Bamboo Sheets King Size - Luxury 4 Pc Naturally Cooling Sheets, Ultra Soft Bed Set - Deep 17"" Pockets, Durable Double Stitching, Oeko Tex Standard (Charcoal)","","0","0","0","1","0","0","0","0","0","USD","0","10","91","124","","0.0","0.0","0.0","0.0","CreateShippingPlan","","","0","0","","4.59","0.325957","cubic feet","Standard","0.0","US","gl_home","9485","34","0","12","3","84.99","0.0","778.9","6996.68","9512.96","1","0","0","0","0","","30","0","30","0","","1","0","","","","","","","","","","","","","","","","","15.1","100","Out of stock","141","2026-08-03","2026-07-27","Yes","No","3.1","15.1","2026-07-25","30","1","0","0","35","unassigned","N","","",""
"2026-07-28","WATERPROOF-CHAIR-COVER-BEIGE-6PCS","X00462S3V7","B0CY6TMHVW","Waterproof Dining Chair Covers Set of 6 - 3 Layers Thick Fabric Parsons Chair Slip Covers - Jacquard Kitchen Chair Covers & Stretch Protectors for Dining Room, Restaurant - Removable Washable (Beige)","New","271","0","0","1","0","0","6","2","264","USD","2","7","15","25","","39.99","0.0","39.99","0.0","Edit listing","","0.0","0","0","23206.79","0.08","0.353185","cubic feet","Standard","95.713135","US","gl_home","622269","366","271","154","140","19.99","49.98","239.93","504.85","840.75","0","1","0","3","3","817.78","0","0","0","0","","1","0","0","0.0","0","0.0","0","0.0","0","0.0","2","4.03","2","4.17","4","9.75","264","736.57","1178.4","4","Excess","","","2026-07-27","Yes","No","1178.4","1058.4","2026-07-25","271","1","0","0","366","unassigned","N","","",""
"2026-07-28","SATIN-STRIPE-FULL-BLACK--6-PCS","X003UODIF3","B0C7KB53RJ","DECOLURE Satin Bed Sheets - 6 Piece Luxury Silky Full Size Bedding Set - Softer Than Silk, Wrinkle-Free with 15” Deep Pocket Fitted Sheet, Perfect for Hair & Skin, Gifts for Women (Striped Black)","New","79","0","0","0","0","1","78","0","0","USD","1","9","14","24","","27.95","0.0","27.95","0.0","NoRestockExcessActionRequired","","0.0","0","0","4578.34","0.26","0.219903","cubic feet","Standard","17.372337","US","gl_home","15592","366","79","35","42","27.95","27.95","263.07","415.32","725.63","0","0","0","79","0","110.13","0","0","0","0","","0","0","0","0.0","1","0.22","0","0.0","0","0.0","78","97.77","0","0.0","0","0.0","0","0.0","333.4","8","Excess","","","2026-07-27","Yes","No","279.1","333.4","2026-07-25","79","0","0","0","366","unassigned","N","","",""
"2026-07-28","SATIN-KING-BLUE-6PCS","X003UMBLL3","B0C7FBBPL1","DECOLURE Satin Bed Sheets - 6 Piece Luxury Silky King Size Bedding Set - Softer Than Silk, Wrinkle-Free with 15” Deep Pocket Fitted Sheet, Perfect for Hair & Skin, Gifts for Women (Blue)","New","3","0","0","1","1","5","0","0","0","USD","4","23","50","73","","32.95","0.0","32.95","0.0","CreateShippingPlan","","0.0","0","0","0.0","1.67","0.25115","cubic feet","Standard","0.75345","US","gl_home","15592","1","0","0","0","32.95","131.8","775.15","1686.68","2593.51","0","1","0","5","0","0.14","0","0","0","0","","1","0","1","0.13","0","0.0","5","1.88","0","0.0","0","0.0","0","0.0","0","0.0","0","0.0","48.8","56","Low stock","124","2026-08-04","2026-07-27","Yes","No","19.8","48.8","2026-07-25","3","0","1","0","2","unassigned","N","","",""
"2026-07-28","SL-COOLING-SHEET-FULL-GRAPHITE","X004OD0UW3","B0F7LY3ZWB","SLEEPHORIA Cooling Sheets - BreezeWeave 4 PC Full Size Cooling Bed Sheets for Hot Sleepers & Deep, Cool Rest - Cloud Soft, Silky Smooth, 16 in Deep Pocket, Ultra Durable (Graphite)","New","62","24","0","88","0","0","0","0","0","USD","0","2","3","28","","54.99","0.0","54.99","0.0","NoRestockExcessActionRequired","","0.0","0","0","0.0","1.04","0.272245","cubic feet","Standard","16.87919","US","gl_home","82219","174","0","124","28","54.99","0.0","109.98","164.97","1539.72","88","0","0","0","0","15.24","0","0","0","0","","0","0","","","","","","","","","","","","","","","","","440.0","26","Healthy","","","2026-07-27","Yes","No","440.0","41.0","2026-07-25","86","0","0","0","174","unassigned","N","","",""
"2026-07-28","BAMBOO-TWIN-PURPLE-6PCS","X00438TC6T","B0CQ2YMNV7","DECOLURE 100% Viscose Derived from Bamboo Sheets Twin Size - Luxury 4 Pc Naturally Cooling Sheets, Ultra Soft Bed Set - Deep 17"" Pockets, Durable Double Stitching, Oeko Tex Standard (Purple)","New","17","18","0","35","0","0","0","0","0","USD","0","1","2","3","","64.99","0.0","58.49","0.0","NoRestockExcessActionRequired","","0.0","0","0","0.0","0.21","0.179298","cubic feet","Standard","3.048066","US","gl_home","9357","314","0","68","73","58.49","0.0","50.99","110.98","175.97","24","11","0","0","0","16.53","0","0","0","0","","0","0","","","","","","","","","","","","","","","","","694.0","10","Healthy","","","2026-07-27","Yes","No","694.0","251.7","2026-07-25","35","0","0","0","314","unassigned","N","","",""
"2026-07-28","SL-CLG-COMF-BLUE/LIGHT-GREY-QUEEN","X004OCXXLJ","B0F7M6XS6X","SLEEPHORIA Cooling Comforter - BreezeWeave Cooling Blanket Queen Size for Hot Sleepers & Deep Rest - Cloud Soft, Breathable, Ultra Durable, Easy Care, Reversible - 90 x 90 in (Blue & Light Grey)","","0","0","0","1","0","0","0","0","0","USD","4","10","40","40","","0.0","0.0","0.0","0.0","CreateShippingPlan","","","0","0","","4.1","0.705868","cubic feet","Standard","0.0","US","gl_home","67231","0","0","0","0","59.99","239.96","593.9","2387.6","2387.6","1","0","0","0","0","","0","0","0","0","","1","0","","","","","","","","","","","","","","","","","17.6","21","Out of stock","38","2026-08-01","2026-07-27","Yes","No","6.9","17.6","2026-07-25","0","0","0","1","1","unassigned","N","","",""
"2026-07-28","SS-SLEEP-MASK-3D-CONTOURED-PEACOCK-BLUE","X004NF43YN","B0F4XRFWGR","SLEEP SANCTUARY 100% Pure Mulberry Silk Sleep Mask - 22 Momme Light Blocking 3D Contour Silk Eye Mask for Sleeping - Secure Fit for Side Sleepers, Women & Men - Cloud Soft (Peacock Blue)","New","322","0","0","1","6","1","2","312","0","USD","0","0","2","4","Low traffic","17.95","0.0","17.95","0.0","Create Outlet deal","","13.47","2","0","5613.57","0.01","0.048434","cubic feet","Standard","15.595748","US","gl_drugstore","326613","366","322","","1046","17.95","0.0","0.0","53.9","97.84","0","0","1","2","1","116.18","0","0","0","0","","4","0","4","0.09","1","0.05","0","0.0","0","0.0","1","0.28","0","0.0","313","104.58","0","0.0","9781.0","5","Excess","","","2026-07-27","Yes","No","9781.0","5894.4","2026-07-25","322","4","0","0","366","unassigned","N","","",""
"2026-07-28","SL-COOLING-SHEET-KING-SAGE-GREEN","X004OCWPQD","B0F7LZCWQW","SLEEPHORIA Cooling Sheets - BreezeWeave 4 PC King Size Cooling Bed Sheets for Hot Sleepers & Deep, Cool Rest - Cloud Soft, Silky Smooth, 16 in Deep Pocket, Ultra Durable (Sage Green)","New","55","24","0","83","0","0","0","0","0","USD","8","15","15","74","","69.99","0.0","69.99","0.0","NoRestockExcessActionRequired","","0.0","0","0","0.0","1.99","0.342248","cubic feet","Standard","18.82364","US","gl_home","82219","126","0","14","9","69.99","575.58","1071.02","1071.02","5551.6","83","0","0","0","0","17.63","0","0","0","0","","1","0","","","","","","","","","","","","","","","","","81.3","25","Healthy","","","2026-07-27","Yes","No","81.3","26.4","2026-07-25","79","1","0","0","127","unassigned","N","","",""
"2026-07-28","SL-COOLING-FITTED-CAL-KING-COOL-BLUE","X004ODA1YZ","B0F7M5PH28","SLEEPHORIA Cooling Fitted Sheet Calfornia King Size - 1 PC BreezeWeave Cooling Sheets for Hot Sleepers & Cool Rest w/ 16 in Deep Pocket - Corner Straps, Cloud Soft - 69 x 81 in (Cool Blue)","New","75","0","0","0","1","0","75","0","0","USD","5","13","22","29","","37.99","0.0","35.99","0.0","Create Outlet deal","","19.49","2","0","3619.38","0.3","0.171764","cubic feet","Standard","12.8823","US","gl_home","26032","160","75","23","33","35.99","179.95","451.87","772.78","1015.71","0","0","0","1","74","96.39","0","0","0","0","","0","0","0","0.0","0","0.0","0","0.0","1","0.94","0","0.0","0","0.0","74","87.74","0","0.0","310.1","14","Excess","","","2026-07-27","Yes","No","228.1","310.1","2026-07-25","75","0","0","0","160","unassigned","N","","",""
"2026-07-28","BAMBOO-CALIFKING-OLIVE","X002O51121","B08KQJZHGC","DECOLURE 100% Viscose Derived from Bamboo Sheets California King Size - Luxury 4 Pc Naturally Cooling Sheets, Ultra Soft Bed Set - Deep 17"" Pockets, Double Stitching, Oeko Tex Standard (Olive)","New","70","0","0","72","0","0","0","0","0","USD","3","11","12","15","","104.99","0.0","104.99","0.0","NoRestockExcessActionRequired","","","0","0","","0.41","0.303793","cubic feet","Standard","21.26551","US","gl_home","9485","366","0","38","91","104.99","254.97","929.86","1002.1","1257.07","49","23","0","0","0","","36","0","30","6","","0","0","","","","","","","","","","","","","","","","","184.7","12","Healthy","","","2026-07-27","Yes","No","184.7","145.1","2026-07-25","106","0","0","0","366","unassigned","N","","",""
"2026-07-28","SS-BAMBOO-SAGE-GREEN-FULL-6PCS","X004D8Q1KJ","B0DDTZ34FW","SLEEP SANCTUARY 100% Viscose Derived from Bamboo Sheets Full 6pcs – BamBliss Luxury Cooling Sheets for Hot Sleepers - Cloud Soft, 17"" Deep Pocket, Ultra Durable Bed Set (Sage Green)","New","15","0","0","0","0","0","15","0","0","USD","1","3","6","10","","59.99","0.0","59.99","0.0","NoRestockExcessActionRequired","","0.0","0","0","282.67","0.55","0.255223","cubic feet","Standard","3.828345","US","gl_home","86667","134","14","20","19","59.99","59.99","179.97","373.94","613.9","0","0","0","15","0","22.11","0","0","0","0","","0","0","0","0.0","0","0.0","0","0.0","6","8.35","9","13.08","0","0.0","0","0.0","0","0.0","165.0","6","Excess","","","2026-07-27","Yes","No","165.0","160.5","2026-07-25","15","0","0","0","134","unassigned","N","","",""
"2026-07-28","SATIN-6PC-QUEEN-SAGE GREEN","X004BRRG3N","B0D9QWZJ4P","DECOLURE Satin Bed Sheets - 6 Piece Luxury Silky Queen Size Bedding Set - Softer Than Silk, Wrinkle-Free with 15” Deep Pocket Fitted Sheet, Perfect for Hair & Skin, Gifts for Women (Sage Green)","New","10","1","0","1","7","1","2","0","0","USD","2","13","33","42","","30.95","0.0","30.95","0.0","CreateShippingPlan","","0.0","0","0","0.0","1.2","0.365941","cubic feet","Standard","3.65941","US","gl_home","15592","24","0","3","3","30.95","63.89","415.34","1091.34","1378.89","1","0","0","3","0","4.22","0","0","0","0","","0","0","7","1.28","1","0.37","0","0.0","0","0.0","2","4.18","0","0.0","0","0.0","0","0.0","72.8","26","Low stock","45","2026-08-03","2026-07-27","Yes","No","30.1","72.8","2026-07-25","11","0","0","0","24","unassigned","N","","",""
"2026-07-28","BAMBOO-KING-TAUPE","X002O5110X","B08KQJ61T7","DECOLURE 100% Viscose Derived from Bamboo Sheets King Size - Luxury 4 Pc Naturally Cooling Sheets, Ultra Soft Bed Set - Deep 17"" Pockets, Durable Double Stitching, Oeko Tex Standard (Taupe)","","0","0","0","1","0","0","0","0","0","USD","0","6","180","410","","0.0","0.0","0.0","0.0","CreateShippingPlan","","","0","0","","34.04","0.326795","cubic feet","Standard","0.0","US","gl_home","9485","36","0","56","2","84.99","0.0","455.94","14830.86","33203.61","1","0","0","0","0","","84","0","84","0","","1","0","","","","","","","","","","","","","","","","","9.9","117","Out of stock","76","2026-08-01","2026-07-27","Yes","No","2.0","9.9","2026-07-25","84","0","1","0","37","unassigned","N","","",""
"2026-07-28","BEACH-TOWEL-PT-WAVE-GRAY","X004HYOCP5","B0DQ92K585","DECOLURE Turkish Beach Towel Oversized 39x73 Inch - 100% Turkish Cotton, Quick Dry and Sand Free Beach Towels for Travel - Lightweight, Absorbent & Soft Peshtemal Towel - (Gray Wave)","New","352","0","0","1","0","0","1","40","314","USD","5","10","18","22","Low traffic","19.99","0.0","19.99","0.0","Advertise listing","","0.0","0","0","12205.95","0.06","0.132308","cubic feet","Standard","46.572416","US","gl_home","312452","366","342","140","208","19.99","99.95","198.6","353.32","435.28","0","1","0","0","1","399.81","0","0","0","0","","2","0","0","0.0","0","0.0","0","0.0","0","0.0","0","0.0","1","0.78","0","0.0","354","370.02","1958.0","3","Excess","","","2026-07-27","Yes","No","1203.0","1958.0","2026-07-25","352","2","0","0","366","unassigned","N","","",""
"2026-07-28","SATIN-FITTED-QUEEN-PINK","X004CBP7AH","B0DBW47GVG","DECOLURE Satin Fitted Sheet Queen Size (1 PC) – Luxuriously Smooth & Softer Than Silk Bed Sheets w/ 15 Inch Deep Pocket Hypoallergenic Wrinkle Free, Secure Snug Fit, Elastic Corner Straps (Pink)","New","172","21","0","110","2","91","0","0","0","USD","16","46","92","161","","17.95","0.0","17.94","0.0","NoRestockExcessActionRequired","","0.0","0","0","0.73","0.8","0.149994","cubic feet","Standard","25.798968","US","gl_home","9976","184","0","14","13","17.94","287.04","814.54","1619.24","2848.6","105","2","3","91","0","114.69","0","0","0","0","","5","0","2","0.15","2","0.3","74","16.67","13","10.63","0","0.0","0","0.0","0","0.0","0","0.0","108.6","73","Healthy","","","2026-07-27","Yes","No","102.1","108.6","2026-07-25","193","4","1","0","191","unassigned","N","","",""
"2026-07-28","SATIN-STRIPE-FULL-GOLD--6-PCS","X003UOCB47","B0C7KGFHT7","DECOLURE Satin Bed Sheets - 6 Piece Luxury Silky Full Size Bedding Set - Softer Than Silk, Wrinkle-Free with 15” Deep Pocket Fitted Sheet, Perfect for Hair & Skin, Gifts for Women (Striped Gold)","New","94","0","0","0","1","24","42","27","0","USD","4","5","6","7","","25.95","0.0","25.95","0.0","Edit listing","","0.0","0","0","6727.72","0.06","0.27386","cubic feet","Standard","25.74284","US","gl_home","15592","366","94","75","174","25.95","104.81","134.76","172.71","202.66","0","0","0","24","42","148.6","0","0","0","0","","0","0","0","0.0","24","6.58","0","0.0","0","0.0","0","0.0","24","38.78","45","85.05","0","0.0","1286.6","3","Excess","","","2026-07-27","Yes","No","591.4","1286.6","2026-07-25","94","0","0","0","366","unassigned","N","","",""
"2026-07-28","SATIN-FITTED-TWIN-BABY-BLUE","X004CBT2FD","B0DBVZQZXV","DECOLURE Satin Fitted Sheet Twin Size (1 PC) – Luxuriously Smooth & Softer Than Silk Bed Sheets w/ 15 Inch Deep Pocket Hypoallergenic Wrinkle Free, Secure Snug Fit, Elastic Corner Straps (Baby Blue)","New","108","0","0","0","5","104","0","0","0","USD","2","12","36","45","","16.95","0.0","16.94","0.0","NoRestockExcessActionRequired","","0.0","0","0","475.72","0.34","0.122904","cubic feet","Standard","13.273632","US","gl_home","9976","332","72","36","31","16.94","33.89","203.38","595.87","771.65","0","0","0","104","0","27.75","0","0","0","0","","0","0","5","0.31","0","0.0","102","18.8","0","0.0","0","0.0","0","0.0","0","0.0","0","0.0","258.7","24","Excess","","","2026-07-27","Yes","No","183.5","258.7","2026-07-25","108","0","0","0","332","unassigned","N","","",""
"2026-07-28","SATIN-6PC-FULL-NAVY BLUE","X004BS2KND","B0D9QRCV3S","DECOLURE Satin Bed Sheets - 6 Piece Luxury Silky Full Size Bedding Set - Softer Than Silk, Wrinkle-Free with 15” Deep Pocket Fitted Sheet, Perfect for Hair & Skin, Gifts for Women (Navy Blue)","New","55","0","0","1","0","0","20","35","0","USD","5","11","23","29","","25.95","0.0","25.95","0.0","NoRestockExcessActionRequired","","0.0","0","0","3111.61","0.41","0.307885","cubic feet","Standard","16.933675","US","gl_home","15592","366","80","30","38","25.95","129.75","307.95","662.85","870.55","1","0","0","0","20","125.63","30","0","30","0","","1","0","0","0.0","0","0.0","0","0.0","0","0.0","0","0.0","0","0.0","55","116.83","0","0.0","225.3","10","Excess","","","2026-07-27","Yes","No","143.3","225.3","2026-07-25","85","1","0","0","366","unassigned","N","","",""
"2026-07-28","SL-COOLING-SHEET-QUEEN-LIGHT-GREY","X004OD1A1N","B0F7LYTDD7","SLEEPHORIA Cooling Sheets - BreezeWeave 4 PC Queen Size Cooling Bed Sheets for Hot Sleepers & Deep, Cool Rest - Cloud Soft, Silky Smooth, 16 in Deep Pocket, Ultra Durable (Light Grey)","New","104","132","0","234","0","0","0","0","0","USD","1","5","5","5","","64.99","0.0","64.99","0.0","NoRestockExcessActionRequired","","0.0","0","0","231.9","0.08","0.309655","cubic feet","Standard","32.20412","US","gl_home","82219","366","0","88","286","64.99","64.99","324.95","324.95","324.95","234","0","0","0","0","59.38","6","0","0","6","","3","0","","","","","","","","","","","","","","","","","434.4","35","Healthy","","","2026-07-27","Yes","No","410.4","434.4","2026-07-25","242","2","1","0","366","unassigned","N","","",""
"2026-07-28","SL-BOHO-BLANKET-SUNFLOWER-50x60-1-PC","X004ZA3I2T","B0GGTBJDXK","SLEEPHORIA 100% Uzbek Cotton Boho Throw Blanket - Heavyweight Cotton Throw Blanket for Bed - Reversible Woven Vintage Floral Decorative for Couch Sofa - Soft Bohemian 50"" x 60"" (Sunflower)","","0","0","0","1","0","0","0","0","0","USD","","","","","","0.0","0.0","0.0","0.0","NoRestockExcessActionRequired","","","0","0","","0.0","0.315367","cubic feet","Standard","0.0","US","gl_home","","0","0","","","26.99","","","","","0","1","0","0","0","","0","0","0","0","","0","0","","","","","","","","","","","","","","","","","52.8","","","7","2026-07-28","2026-07-27","Yes","No","28.4","52.8","2026-07-25","0","0","0","0","0","unassigned","N","","",""
"2026-07-28","BM-TWIN-NAVY-BLUE","X003VHOFIN","B0C9LVLJ6S","DECOLURE Cooling Bed Sheets Twin Set 3pcs - Luxurious & Ultra-Soft Twin Size Cooling Sheets for Hot Sleepers - Comfortable Cool Bamboo Viscose Microfiber Sheets Twin Size w/Deep Pockets (Navy)","New","61","0","0","0","0","61","0","0","0","USD","0","6","8","8","","33.95","0.0","33.94","0.0","Edit listing","","0.0","0","0","2880.35","0.12","0.169239","cubic feet","Standard","10.323579","US","gl_home","71718","366","61","40","99","33.94","0.0","195.2","270.1","270.1","0","0","0","61","0","17.65","0","0","0","0","","0","0","0","0.0","61","10.37","0","0.0","0","0.0","0","0.0","0","0.0","0","0.0","0","0.0","743.8","5","Excess","","","2026-07-27","Yes","No","307.0","743.8","2026-07-25","61","0","0","0","366","unassigned","N","","",""
"2026-07-28","SATIN-FULL-PURPLE","X002ITT823","B0839LP6TM","DECOLURE Satin Bed Sheets - 4 Piece Luxury Silky Full Size Bedding Set - Softer Than Silk, Wrinkle-Free with 15” Deep Pocket Fitted Sheet, Perfect for Hair & Skin, Gifts for Women (Purple)","New","65","68","0","135","0","0","0","0","0","USD","10","34","56","85","","29.95","0.0","29.94","0.0","NoRestockExcessActionRequired","","0.0","0","0","0.0","1.43","0.176759","cubic feet","Standard","11.489335","US","gl_home","4372","120","0","7","9","29.94","299.4","1016.67","1669.57","2545.06","135","0","0","0","0","22.08","0","0","0","0","","0","0","","","","","","","","","","","","","","","","","79.3","60","Healthy","","","2026-07-27","Yes","No","79.3","49.0","2026-07-25","133","0","0","0","120","unassigned","N","","",""
"2026-07-28","SATIN-STRIPE-QUEEN-BLUE","X0030KQXT5","B09G6K8WYQ","DECOLURE Satin Bed Sheets - 4 Piece Luxury Silky Queen Size Bedding Set - Softer Than Silk, Wrinkle-Free with 15” Deep Pocket Fitted Sheet, Perfect for Hair & Skin, Gifts for Women (Striped Blue)","New","57","4","0","56","5","0","0","0","0","USD","9","29","55","82","","31.95","0.0","31.94","0.0","NoRestockExcessActionRequired","","0.0","0","0","0.0","0.93","0.200248","cubic feet","Standard","11.414136","US","gl_home","4372","94","0","7","9","28.76","291.72","924.48","1733.34","2559.59","1","24","31","0","0","13.83","0","0","0","0","","0","0","","","","","","","","","","","","","","","","","98.4","47","Healthy","35","2026-08-03","2026-07-27","Yes","No","75.9","98.4","2026-07-25","61","0","0","0","94","unassigned","N","","",""
"2026-07-28","SL-CLG-PC-LIGHT-GREY-STANDARD-2PCS","X004OCQ02D","B0F7LLM71K","SLEEPHORIA Cooling Pillow Cases - BreezeWeave Standard Size Set of 2 Pillowcases for Hot Sleepers & Cool, Deep Rest - Cloud Soft, Silky Smooth, Ultra Durable, Easy Care, Hidden Zipper (Light Grey)","","0","0","0","1","0","0","0","0","0","USD","0","3","72","153","","0.0","0.0","0.0","0.0","CreateShippingPlan","","","0","0","","2.67","0.073096","cubic feet","Standard","0.0","US","gl_home","122466","0","0","0","0","16.99","0.0","49.27","1311.23","2696.42","1","0","0","0","0","","0","0","0","0","","1","0","","","","","","","","","","","","","","","","","29.6","27","Out of stock","37","2026-07-25","2026-07-27","Yes","No","2.6","29.6","2026-07-25","0","0","1","0","3","unassigned","N","","",""
"2026-07-28","SATIN-FITTED-KING-WHITE","X004CBXJPR","B0DBVZ1Z2R","DECOLURE Satin Fitted Sheet King Size (1 PC) – Luxuriously Smooth & Softer Than Silk Bed Sheets w/ 15 Inch Deep Pocket Hypoallergenic Wrinkle Free, Secure Snug Fit, Elastic Corner Straps (White)","New","86","116","0","210","0","0","0","0","0","USD","13","31","31","35","","19.95","0.0","19.95","0.0","NoRestockExcessActionRequired","","0.0","0","0","0.0","0.55","0.176888","cubic feet","Standard","15.212368","US","gl_home","9976","127","0","13","39","19.95","259.35","714.42","714.42","794.22","210","0","0","0","0","49.8","20","20","0","0","","3","0","","","","","","","","","","","","","","","","","84.7","114","Healthy","16","2026-08-04","2026-07-27","Yes","No","84.7","75.5","2026-07-25","222","0","3","0","144","unassigned","N","","",""
"2026-07-28","BAMBOO-CALIFKING-CREME-6PCS","X00438F691","B0CQ31X78V","DECOLURE 100% Viscose Derived from Bamboo Sheets California King Size - Luxury 6 Pc Naturally Cooling Sheets, Ultra Soft Bed Set - Deep 17"" Pockets, Double Stitching, Oeko Tex Standard (Creme)","New","130","0","0","133","0","0","0","0","0","USD","10","23","24","28","","89.99","0.0","89.99","0.0","NoRestockExcessActionRequired","","","0","0","","0.48","0.322483","cubic feet","Standard","41.92279","US","gl_home","9357","264","0","23","62","89.99","879.9","2128.13","2193.42","2637.38","109","24","0","0","0","","4","0","0","4","","0","0","","","","","","","","","","","","","","","","","215.9","33","Healthy","","","2026-07-27","Yes","No","215.9","151.0","2026-07-25","134","0","0","0","264","unassigned","N","","",""
"2026-07-28","SS-BAMBOO-OLIVE-FULL-6PCS","X004D8Q5D7","B0DDTY6Y4Q","SLEEP SANCTUARY 100% Viscose Derived from Bamboo Sheets Full 6pcs – BamBliss Luxury Cooling Sheets for Hot Sleepers - Cloud Soft, 17"" Deep Pocket, Ultra Durable Bed Set (Olive)","New","98","0","0","0","0","0","99","0","0","USD","0","1","4","7","","59.99","0.0","59.99","0.0","Edit listing","","0.0","0","0","8117.72","0.08","0.299004","cubic feet","Standard","29.302392","US","gl_home","86667","366","98","392","182","59.99","0.0","59.99","236.91","423.88","0","0","0","99","0","185.66","0","0","0","0","","4","0","0","0.0","0","0.0","0","0.0","24","39.1","75","127.85","0","0.0","0","0.0","0","0.0","3076.0","5","Excess","","","2026-07-27","Yes","No","3076.0","1179.8","2026-07-25","98","4","0","0","366","unassigned","N","","",""
"2026-07-28","BAMBOO-CALIFKING-LIGHTBLUE-6PCS","X00438KVFP","B0CQ31L3V7","DECOLURE 100% Viscose Derived from Bamboo Sheets California King Size - Luxury 6 Pc Naturally Cooling Sheets, Ultra Soft Bed Set - Deep 17"" Pockets, Double Stitching, Oeko Tex Standard (Light Blue)","New","81","9","0","95","0","0","0","0","0","USD","4","19","19","19","","89.99","0.0","80.99","0.0","NoRestockExcessActionRequired","","","0","0","","0.39","0.307621","cubic feet","Standard","24.917301","US","gl_home","9357","223","0","17","55","80.99","322.96","1634.21","1634.21","1634.21","83","12","0","0","0","","0","0","0","0","","1","0","","","","","","","","","","","","","","","","","175.2","40","Healthy","","","2026-07-27","Yes","No","169.1","175.2","2026-07-25","90","1","0","0","225","unassigned","N","","",""
"2026-07-28","LINEN-CURTAIN-52x108-LINEN-2-PCS","X004NSU8FD","B0F63B4FNY","DECOLURE Linen Blackout Curtains - SunShield 108 Inches Long Black Out Curtains for Living Room and Bedroom Windows - Luxury Faux Linen, 2 Panels Set, Ultra Durable - 108 Length x 52 in (Linen)","New","22","0","0","0","4","0","18","0","0","USD","0","0","0","0","Low traffic","34.99","0.0","34.99","0.0","Lower price","","0.0","0","0","1201.05","0.0","0.199952","cubic feet","Standard","4.398944","US","gl_home","456744","366","22","","","24.49","0.0","0.0","0.0","0.0","0","0","0","0","18","25.11","0","0","0","0","","0","0","4","0.4","0","0.0","0","0.0","0","0.0","0","0.0","16","18.88","2","2.76","0","0.0","","1","Excess","","","","","","","","2026-07-25","22","0","0","0","366","unassigned","N","","",""
"2026-07-28","SS-SATIN-STONE-GREY-FULL-4PCS","X004D7K72X","B0DDR97FTJ","SLEEP SANCTUARY Satin Sheets Full Size – 4 Piece Luxury Silky Bed Set, Softer Than Silk, 15"" Deep Pocket, Cooling & Wrinkle-Free, Moisture-Wicking & Breathable for Hair & Skin (Stone Grey)","New","38","0","0","1","41","0","0","0","0","USD","19","60","81","92","","31.95","29.95","25.76","0.0","CreateShippingPlan","","0.0","0","0","0.0","0.91","0.236447","cubic feet","Standard","8.984986","US","gl_home","8682","24","0","2","5","31.95","519.63","1740.2","2377.64","2729.09","0","1","0","0","0","5.85","0","0","0","0","","2","0","5","0.59","0","0.0","0","0.0","0","0.0","0","0.0","0","0.0","0","0.0","0","0.0","109.0","54","Low stock","82","2026-08-04","2026-07-27","No","No","37.2","109.0","2026-07-25","38","2","0","0","25","unassigned","N","","",""
"2026-07-28","SS-SATIN-ROSEWOOD-KING-4PCS","X004D7HFX7","B0DDRM5YW5","SLEEP SANCTUARY Satin Sheets King Size – 4 Piece Luxury Silky Bed Set, Softer Than Silk, 15"" Deep Pocket, Cooling & Wrinkle-Free, Moisture-Wicking & Breathable for Hair & Skin (Rosewood)","New","94","6","0","2","3","11","88","0","0","USD","19","36","54","79","","35.95","33.95","29.36","0.0","NoRestockExcessActionRequired","","0.0","0","0","0.34","0.53","0.290265","cubic feet","Standard","27.28491","US","gl_home","8682","111","0","10","15","33.95","563.84","1135.49","1741.07","2639.82","1","1","0","99","0","166.45","0","0","0","0","","0","0","1","0.15","0","0.0","0","0.0","10","15.82","88","145.57","0","0.0","0","0.0","0","0.0","179.3","57","Healthy","9","2026-08-04","2026-07-27","Yes","No","105.0","179.3","2026-07-25","100","0","0","0","111","unassigned","N","","",""
"2026-07-28","SS-SATIN-GOLD-QUEEN-4PCS","X004D7HGH7","B0DDRHPKDV","SLEEP SANCTUARY Satin Sheets Queen Size – 4 Piece Luxury Silky Bed Set, Softer Than Silk, 15"" Deep Pocket, Cooling & Wrinkle-Free, Moisture-Wicking & Breathable for Hair & Skin (Gold)","New","337","0","0","129","172","1","1","34","0","USD","9","19","33","55","","33.95","31.95","27.56","0.0","Edit listing","","0.0","0","0","4028.93","0.16","0.272205","cubic feet","Standard","91.733085","US","gl_home","8682","366","304","70","79","33.95","248.04","563.8","1018.73","1770.63","1","0","128","2","0","124.05","0","0","0","0","","0","0","1","0.14","0","0.0","0","0.0","1","1.48","1","1.55","0","0.0","34","63.87","0","0.0","581.7","39","Excess","","","2026-07-27","Yes","No","524.7","581.7","2026-07-25","337","0","0","0","366","unassigned","N","","",""
"2026-07-28","LINEN-CURTAIN-52x108-IVORY-2-PCS","X004NSXE4Z","B0F63C8HL2","DECOLURE Linen Blackout Curtains - SunShield 108 Inches Long Black Out Curtains for Living Room and Bedroom Windows - Luxury Faux Linen, 2 Panels Set, Ultra Durable - 108 Length x 52 in (Ivory)","New","28","0","0","0","2","0","26","0","0","USD","0","3","3","3","Low traffic","34.99","0.0","34.99","0.0","Advertise listing","","28.58","52","0","1586.96","0.1","0.199952","cubic feet","Standard","5.598656","US","gl_home","456744","366","28","37","121","34.99","0.0","104.97","104.97","104.97","0","0","0","0","26","36.57","0","0","0","0","","0","0","0","0.0","0","0.0","0","0.0","0","0.0","0","0.0","16","18.88","10","13.8","0","0.0","904.0","3","Excess","","","2026-07-27","Yes","No","284.0","904.0","2026-07-25","28","0","0","0","366","unassigned","N","","",""
"2026-07-28","SL-COOLING-FITTED-KING-MIDNIGHT-BLACK","X004ODA0CD","B0F7M3CF1Q","SLEEPHORIA Cooling Fitted Sheet King Size - 1 PC BreezeWeave Cooling Sheets for Hot Sleepers & Cool Rest w/ 16 in Deep Pocket - Corner Straps, Cloud Soft, Ultra Durable - 73 x 77 in (Midnight Black)","New","80","85","0","169","0","0","0","0","0","USD","13","32","32","34","","36.99","0.0","34.99","0.0","NoExcessInventory","","0.0","0","0","0.0","0.69","0.157344","cubic feet","Standard","12.58752","US","gl_home","26032","97","0","10","31","36.99","454.87","1138.68","1138.68","1204.66","169","0","0","0","0","38.87","3","0","0","3","","1","0","","","","","","","","","","","","","","","","","70.0","83","Healthy","","","2026-07-27","Yes","No","70.0","65.4","2026-07-25","168","0","1","0","98","unassigned","N","","",""
"2026-07-28","SL-CLG-COMF-LIGHT-GREY/DARK-GREY-TWIN","X004OD845D","B0F7M4N52F","SLEEPHORIA Cooling Comforter - BreezeWeave Cooling Blanket Twin Size for Hot Sleepers & Deep Rest - Cloud Soft, Breathable, Ultra Durable, Easy Care, Reversible - 68 x 90 in (Light Grey & Dark Grey)","New","46","0","0","49","0","0","0","0","0","USD","3","11","33","63","","59.99","0.0","54.99","0.0","NoExcessInventory","","0.0","0","0","0.0","1.35","0.599762","cubic feet","Standard","27.589052","US","gl_home","67231","85","0","16","9","54.99","164.97","599.39","1800.92","3460.62","1","48","0","0","0","133.65","0","0","0","0","","2","0","","","","","","","","","","","","","","","","","127.5","19","Healthy","","","2026-07-27","Yes","No","127.5","57.4","2026-07-25","46","2","0","0","88","unassigned","N","","",""
"2026-07-28","SL-COOLING-FITTED-CAL-KING-COOL-GREY","X004OD054L","B0F7M7SVHM","SLEEPHORIA Cooling Fitted Sheet Calfornia King Size - 1 PC BreezeWeave Cooling Sheets for Hot Sleepers & Cool Rest w/ 16 in Deep Pocket - Corner Straps, Cloud Soft - 69 x 81 in (Cool Grey)","New","89","0","0","0","2","0","88","0","0","USD","4","9","27","35","","37.99","0.0","35.99","0.0","Create Outlet deal","","19.49","2","0","3718.83","0.32","0.161244","cubic feet","Standard","14.350716","US","gl_home","26032","277","89","39","33","35.99","143.96","313.91","955.73","1227.65","0","0","0","0","88","103.89","0","0","0","0","","0","0","0","0.0","0","0.0","0","0.0","0","0.0","0","0.0","12","11.41","76","84.57","0","0.0","354.3","15","Excess","","","2026-07-27","Yes","No","354.3","286.9","2026-07-25","89","0","0","0","277","unassigned","N","","",""
"2026-07-28","SL-COOLING-SHEET-CAL-KING-GRAPHITE","X004OD4V7D","B0F7LY8QWF","SLEEPHORIA Cooling Sheets - BreezeWeave 4 PC California King Size Cooling Bed Sheets for Hot Sleepers & Deep, Cool Rest - Cloud Soft, Silky Smooth, 16 in Deep Pocket, Ultra Durable (Graphite)","New","85","66","0","152","0","0","0","0","0","USD","2","6","14","43","","69.99","0.0","69.99","0.0","NoRestockExcessActionRequired","","0.0","0","0","0.0","0.9","0.409446","cubic feet","Standard","34.80291","US","gl_home","82219","317","0","56","25","69.99","139.98","416.44","976.36","3166.07","152","0","0","0","0","42.21","0","0","0","0","","0","0","","","","","","","","","","","","","","","","","256.0","23","Healthy","","","2026-07-27","Yes","No","256.0","49.6","2026-07-25","151","0","0","0","317","unassigned","N","","",""
"2026-07-28","BM-FULL-BEIGE","X0045AO823","B0CWJBHX1G","DECOLURE Cooling Sheets Full Set 4pcs - Luxurious & Ultra-Soft Full Size Cooling Sheets for Hot Sleepers - Comfortable Bamboo Viscose Microfiber Full Cooling Bed Sheets w/Deep Pockets (Beige)","New","23","6","0","0","0","29","0","0","0","USD","2","5","8","9","","35.95","0.0","35.94","0.0","NoRestockExcessActionRequired","","0.0","0","0","1783.07","0.26","0.207816","cubic feet","Standard","4.779768","US","gl_home","71718","366","29","18","33","35.94","71.88","156.01","275.04","312.26","0","0","0","29","0","10.3","0","0","0","0","","0","0","0","0.0","29","6.04","0","0.0","0","0.0","0","0.0","0","0.0","0","0.0","0","0.0","348.3","3","Excess","","","2026-07-27","Yes","No","189.0","348.3","2026-07-25","29","0","0","0","366","unassigned","N","","",""
"2026-07-28","BAMBOO-FULL-WHITE-6PCS","X00438YSYP","B0CQ31Q559","DECOLURE 100% Viscose Derived from Bamboo Sheets Full Size - Luxury 6 Pc Naturally Cooling Sheets, Ultra Soft Bed Set - Deep 17"" Pockets, Durable Double Stitching, Oeko Tex Standard (White)","New","135","46","0","195","0","0","0","0","0","USD","24","84","134","171","","74.99","0.0","74.98","0.0","NoRestockExcessActionRequired","","0.0","0","0","0.0","1.1","0.291006","cubic feet","Standard","39.28581","US","gl_home","9357","127","0","8","13","74.98","1789.56","6022.68","9554.78","12316.41","181","14","0","0","0","44.6","40","0","30","10","","3","0","","","","","","","","","","","","","","","","","64.1","53","Healthy","","","2026-07-27","Yes","No","64.1","61.6","2026-07-25","221","2","1","0","128","unassigned","N","","",""
"2026-07-28","SS-BAMBOO-LIGHT-PINK-TWIN-4PCS","X004D8I3A5","B0DDTZD7T1","SLEEP SANCTUARY 100% Viscose Derived from Bamboo Sheets Twin Size 4pcs – BamBliss Luxury Cooling Sheets for Hot Sleepers - Cloud Soft, 17"" Deep Pocket, Ultra Durable Bed Set (Light Pink)","New","10","0","0","1","1","4","4","0","0","USD","1","4","10","14","","54.99","0.0","54.99","0.0","NoRestockExcessActionRequired","","0.0","0","0","674.47","0.85","0.202365","cubic feet","Standard","2.02365","US","gl_home","86667","72","0","10","9","54.99","54.99","217.21","532.15","752.11","0","1","0","8","0","11.34","0","0","0","0","","0","0","0","0.0","0","0.0","0","0.0","8","8.82","0","0.0","0","0.0","0","0.0","0","0.0","101.1","6","Healthy","","","2026-07-27","Yes","No","60.0","101.1","2026-07-25","10","0","0","0","72","unassigned","N","","",""
"2026-07-28","SL-COOLING-FITTED-QUEEN-CREAM","X004OD8B01","B0F7M55274","SLEEPHORIA Cooling Fitted Sheet Queen Size - 1 PC BreezeWeave Cooling Sheets for Hot Sleepers & Cool Rest w/ 16 in Deep Pocket - Corner Straps, Cloud Soft, Ultra Durable - 57 x 77 in (Cream)","New","51","55","0","112","0","0","0","0","0","USD","6","26","70","94","","33.99","0.0","31.99","0.0","Create Outlet deal","","17.49","2","0","211.73","1.57","0.153739","cubic feet","Standard","7.840689","US","gl_home","26032","163","0","10","8","33.99","191.94","797.74","2152.3","2872.06","112","0","0","0","0","76.59","14","12","0","2","","1","0","","","","","","","","","","","","","","","","","42.5","48","Healthy","","","2026-07-27","Yes","No","35.1","42.5","2026-07-25","120","1","0","0","191","unassigned","N","","",""
"2026-07-28","SATIN-FITTED-KING-STONE-GREY","X004CBXM9P","B0DBVYF4DM","DECOLURE Satin Fitted Sheet King Size (1 PC) – Luxuriously Smooth & Softer Than Silk Bed Sheets w/ 15 Inch Deep Pocket Hypoallergenic Wrinkle Free, Secure Snug Fit, Elastic Corner Straps (Stone Grey)","New","73","0","0","44","36","0","0","0","0","USD","14","71","147","227","","19.95","0.0","19.94","0.0","CreateShippingPlan","","0.0","0","0","0.0","1.22","0.196672","cubic feet","Standard","14.357056","US","gl_home","9976","35","0","4","4","19.94","279.16","1403.31","2909.51","4503.51","2","2","40","0","0","5.9","0","0","0","0","","5","1","","","","","","","","","","","","","","","","","75.5","105","Low stock","165","2026-08-04","2026-07-27","Yes","No","37.4","75.5","2026-07-25","73","4","1","0","37","unassigned","N","","",""
"2026-07-28","BAMBOO-TWIN-LIGHTGREY","X002O4Z4GV","B08KQK8Z1J","DECOLURE 100% Viscose Derived from Bamboo Sheets Twin Size - Luxury 3 Pc Naturally Cooling Sheets, Ultra Soft Bed Set - Deep 17"" Pockets, Durable Double Stitching, Oeko Tex Standard (Light Grey)","New","116","0","0","1","2","60","49","6","0","USD","3","16","26","29","","79.99","0.0","50.99","0.0","NoRestockExcessActionRequired","","0.0","0","26","4683.93","0.22","0.182284","cubic feet","Standard","21.144944","US","gl_home","9485","366","26","29","52","79.99","152.97","842.86","1366.19","1542.32","1","0","0","102","7","81.33","0","0","0","0","","0","0","43","3.9","18","3.28","0","0.0","0","0.0","26","27.03","16","17.22","13","16.37","0","0.0","454.7","8","Excess","","","2026-07-27","Yes","No","267.0","454.7","2026-07-25","116","0","0","0","366","unassigned","N","","",""
"2026-07-28","BAMBOO-FULL-SAGE GREEN-6PCS","X00438ULSH","B0CQ322XC6","DECOLURE 100% Viscose Derived from Bamboo Sheets Full Size - Luxury 6 Pc Naturally Cooling Sheets, Ultra Soft Bed Set - Deep 17"" Pockets, Durable Double Stitching, Oeko Tex Standard (Sage Green - 01)","New","125","0","0","27","13","87","0","0","0","USD","0","6","24","33","Low traffic","74.99","0.0","74.99","66.95","NoRestockExcessActionRequired","","0.0","0","0","273.65","0.24","0.242639","cubic feet","Standard","30.329875","US","gl_home","1887568","366","76","83","49","74.99","0.0","413.48","1697.59","2381.25","1","2","24","87","0","41.09","0","0","0","0","","0","0","0","0.0","87","21.14","0","0.0","0","0.0","0","0.0","0","0.0","0","0.0","0","0.0","306.4","17","Excess","","","2026-07-27","Yes","No","306.4","289.5","2026-07-25","125","0","0","0","366","unassigned","N","","",""
"2026-07-28","SATIN-STRIPE-KING-GOLD--6-PCS","X003UO3A15","B0C7KBFK2P","DECOLURE Satin Bed Sheets - 6 Piece Luxury Silky King Size Bedding Set - Softer Than Silk, Wrinkle-Free with 15” Deep Pocket Fitted Sheet, Perfect for Hair & Skin, Gifts for Women (Striped Gold)","New","7","0","0","1","0","10","0","0","0","USD","6","20","42","61","","32.95","0.0","32.95","0.0","CreateShippingPlan","","0.0","0","0","0.0","1.38","0.243655","cubic feet","Standard","1.705585","US","gl_home","15592","14","0","1","1","32.95","200.69","675.99","1421.19","2088.24","0","0","1","10","0","1.13","0","0","0","0","","3","1","0","0.0","10","2.44","0","0.0","0","0.0","0","0.0","0","0.0","0","0.0","0","0.0","63.4","32","Low stock","54","2026-08-04","2026-07-27","Yes","No","31.9","63.4","2026-07-25","7","3","0","0","23","unassigned","N","","",""
"2026-07-28","SATIN-FULL-BLACK","X002J0N82H","B0839LCXBP","DECOLURE Satin Bed Sheets - 4 Piece Luxury Silky Full Size Bedding Set - Softer Than Silk, Wrinkle-Free with 15” Deep Pocket Fitted Sheet, Perfect for Hair & Skin, Gifts for Women (Black)","New","915","490","0","1448","0","0","0","0","0","USD","88","316","554","761","","29.95","0.0","27.95","0.0","NoRestockExcessActionRequired","","0.0","0","0","0.0","0.88","0.191641","cubic feet","Standard","175.351515","US","gl_home","4372","139","0","11","15","27.95","2483.1","9252.43","16283.89","22515.26","1250","44","154","0","0","180.99","6","0","0","6","","21","0","","","","","","","","","","","","","","","","","106.2","478","Healthy","","","2026-07-27","No","No","104.3","106.2","2026-07-25","1411","19","2","0","140","unassigned","N","","",""
"2026-07-28","SL-COOLING-FITTED-QUEEN-COOL-GREY","X004OD08FH","B0F7M5TVQF","SLEEPHORIA Cooling Fitted Sheet Queen Size - 1 PC BreezeWeave Cooling Sheets for Hot Sleepers & Cool Rest w/ 16 in Deep Pocket - Corner Straps, Cloud Soft, Ultra Durable - 57 x 77 in (Cool Grey)","New","48","26","0","82","0","0","0","0","0","USD","18","40","41","41","","33.99","0.0","31.99","0.0","GoToRestock","","0.0","0","0","0.0","1.95","0.146206","cubic feet","Standard","7.017888","US","gl_home","26032","21","0","4","15","31.99","575.82","1331.6","1366.59","1366.59","82","0","0","0","0","14.05","0","0","0","0","","3","0","","","","","","","","","","","","","","","","","30.6","101","Low stock","118","2026-08-04","2026-07-27","Yes","No","30.6","29.9","2026-07-25","74","1","2","0","22","unassigned","N","","",""
"2026-07-28","SS-SATIN-SAGE-GREEN-KING-4PCS","X004D7EWCT","B0DDRFDBSP","SLEEP SANCTUARY Satin Sheets King Size – 4 Piece Luxury Silky Bed Set, Softer Than Silk, 15"" Deep Pocket, Cooling & Wrinkle-Free, Moisture-Wicking & Breathable for Hair & Skin (Sage Green)","New","71","1","0","3","0","0","76","0","0","USD","24","50","70","89","","35.95","33.95","22.45","0.0","NoRestockExcessActionRequired","","0.0","0","0","16.16","0.65","0.369673","cubic feet","Standard","26.246783","US","gl_home","8682","67","0","5","10","35.95","589.26","1455.71","2145.95","2839.0","0","0","3","76","0","151.66","0","0","0","0","","0","0","0","0.0","0","0.0","0","0.0","1","2.01","75","158.04","0","0.0","0","0.0","0","0.0","151.2","42","Healthy","22","2026-08-03","2026-07-27","Yes","No","78.0","151.2","2026-07-25","72","0","0","0","67","unassigned","N","","",""
"2026-07-28","SATIN-QUEEN-PINK","X002J0JDR1","B0839LQG4C","DECOLURE Satin Bed Sheets - 4 Piece Luxury Silky Queen Size Bedding Set - Softer Than Silk, Wrinkle-Free with 15” Deep Pocket Fitted Sheet, Perfect for Hair & Skin, Gifts for Women (Pink)","New","446","12","0","189","275","0","0","0","0","USD","12","90","186","291","","31.95","0.0","30.35","0.0","NoRestockExcessActionRequired","","0.0","0","0","0.0","0.51","0.220942","cubic feet","Standard","98.540132","US","gl_home","4372","160","0","19","19","30.35","370.6","2826.7","5835.61","9275.6","0","1","188","0","0","63.92","0","0","0","0","","8","0","","","","","","","","","","","","","","","","","180.1","148","Healthy","","","2026-07-27","Yes","No","153.9","180.1","2026-07-25","458","7","1","0","163","unassigned","N","","",""
"2026-07-28","SL-QUILT-SET-QUEEN-WHITE","X004R3HFQ9","B0FGZLXXSJ","SLEEPHORIA Queen Quilt Bedding Set - Cloud Soft All-Season Bedspread 3 PC w/Shams, Bed Quilt Queen Size Coverlet - Oversized, Light Weight, Ultra Durable, Easy Care - 90 x 96 in (White)","New","398","0","0","1","0","1","398","0","0","USD","3","6","8","9","","36.99","0.0","33.29","0.0","Edit listing","","0.0","0","0","81877.15","0.01","0.774586","cubic feet","Oversize","308.285228","US","gl_home","97758","366","398","265","574","33.29","99.87","185.68","234.5","271.49","1","0","0","399","0","1906.3","0","0","0","0","","0","0","0","0.0","1","0.77","0","0.0","0","0.0","398","1757.24","0","0.0","0","0.0","0","0.0","6055.8","6","Excess","","","2026-07-27","Yes","No","2403.4","6055.8","2026-07-25","398","0","0","0","366","unassigned","N","","",""
"2026-07-28","SATIN-4PCS-FULL-STRIPE-PINK","X004C9SYWH","B0DBQZWWHB","DECOLURE Satin Bed Sheets - 4 Piece Luxury Silky Full Size Bedding Set - Softer Than Silk, Wrinkle-Free with 15” Deep Pocket Fitted Sheet, Perfect for Hair & Skin, Gifts for Women (Striped Pink)","New","29","6","0","33","0","0","0","0","0","USD","1","6","16","22","","26.95","0.0","26.95","0.0","NoRestockExcessActionRequired","","0.0","0","0","90.54","0.92","0.27149","cubic feet","Standard","7.87321","US","gl_home","4372","182","0","19","17","26.95","29.94","176.69","474.69","660.39","33","0","0","0","0","45.67","0","0","0","0","","0","0","","","","","","","","","","","","","","","","","89.8","16","Healthy","","","2026-07-27","Yes","No","80.3","89.8","2026-07-25","35","0","0","0","182","unassigned","N","","",""
"2026-07-28","SILK-PILLOWCASE-QUEEN-WHITE-1PCS","X004C9YVOH","B0DBRBSH2R","DECOLURE 100% Pure Mulberry Silk Pillow Case Queen Size – Highest Grade 30 Momme 6A+, Luxuriously Soft & Cooling Silk Pillowcase for Hair & Skin, Hypoallergenic, Breathable, Hidden Zipper (White)","New","168","0","0","33","8","131","0","0","0","USD","0","18","35","58","","49.95","0.0","49.95","0.0","NoExcessInventory","","0.0","0","0","0.0","0.3","0.029581","cubic feet","Standard","4.969608","US","gl_home","217093","366","0","37","37","49.95","0.0","886.6","1709.41","2718.26","2","31","0","131","0","10.27","0","0","0","0","","12","0","8","0.1","5","0.15","125","5.53","0","0.0","0","0.0","0","0.0","0","0.0","0","0.0","291.8","27","Healthy","","","2026-07-27","Yes","No","245.9","291.8","2026-07-25","168","12","0","0","366","unassigned","N","","",""
"2026-07-28","SATIN-STRIPE-TWIN-GOLD","X0030KQXRH","B09G6K2WSF","DECOLURE Satin Bed Sheets - 3 Piece Luxury Silky Twin Size Bedding Set - Softer Than Silk, Wrinkle-Free with 15” Deep Pocket Fitted Sheet, Perfect for Hair & Skin, Gifts for Women (Striped Gold)","New","56","0","0","0","0","0","1","0","55","USD","4","4","4","4","","33.95","0.0","25.16","0.0","Edit listing","","0.0","0","0","2500.74","0.07","0.16841","cubic feet","Standard","9.43096","US","gl_home","4372","366","55","56","182","25.16","100.64","100.64","100.64","100.64","0","0","0","0","1","80.68","0","0","0","0","","0","0","0","0.0","0","0.0","0","0.0","0","0.0","0","0.0","1","0.99","0","0.0","55","73.15","1345.8","3","Excess","","","2026-07-27","Yes","No","445.8","1345.8","2026-07-25","56","0","0","0","366","unassigned","N","","",""
"2026-07-28","SS-SATIN-NAVY-BLUE-KING-4PCS","X004D7K6MJ","B0DDR5K4JT","SLEEP SANCTUARY Satin Sheets King Size – 4 Piece Luxury Silky Bed Set, Softer Than Silk, 15"" Deep Pocket, Cooling & Wrinkle-Free, Moisture-Wicking & Breathable for Hair & Skin (Navy Blue)","New","180","0","0","115","55","14","0","0","0","USD","21","52","89","124","","37.95","0.0","27.56","0.0","NoRestockExcessActionRequired","","0.0","0","0","20.13","0.59","0.265353","cubic feet","Standard","47.76354","US","gl_home","8682","139","0","13","18","37.95","584.76","1652.51","2846.05","4104.3","0","42","73","14","0","184.08","0","0","0","0","","1","0","0","0.0","1","0.27","12","4.78","1","1.45","0","0.0","0","0.0","0","0.0","0","0.0","156.0","87","Healthy","","","2026-07-27","No","No","104.6","156.0","2026-07-25","180","1","0","0","140","unassigned","N","","",""
"2026-07-28","SL-COOLING-SHEET-FULL-BEIGE","X004OCWPHR","B0F7LYBQYF","SLEEPHORIA Cooling Sheets - BreezeWeave 4 PC Full Size Cooling Bed Sheets for Hot Sleepers & Deep, Cool Rest - Cloud Soft, Silky Smooth, 16 in Deep Pocket, Ultra Durable (Beige)","New","74","41","0","116","0","0","0","0","0","USD","2","4","20","44","","54.99","0.0","54.99","0.0","NoRestockExcessActionRequired","","0.0","0","0","0.0","1.03","0.280005","cubic feet","Standard","20.72037","US","gl_home","82219","329","0","74","21","54.99","119.98","234.96","1114.8","2434.56","116","0","0","0","0","21.97","0","0","0","0","","1","0","","","","","","","","","","","","","","","","","278.5","20","Healthy","","","2026-07-27","Yes","No","278.5","45.3","2026-07-25","115","1","0","0","331","unassigned","N","","",""
"2026-07-28","BAMBOO-KING-LIGHTOLIVE-6PCS","X00438N8PZ","B0CQ2YVZ18","DECOLURE 100% Viscose Derived from Bamboo Sheets King Size - Luxury 6 Pc Naturally Cooling Sheets, Ultra Soft Bed Set - Deep 17"" Pockets, Durable Double Stitching, Oeko Tex Standard (Light Olive)","New","249","4","0","254","0","0","0","0","0","USD","4","25","60","99","","89.99","0.0","89.98","0.0","NoRestockExcessActionRequired","","0.0","0","0","0.0","0.45","0.364593","cubic feet","Standard","90.783657","US","gl_home","9357","366","0","39","32","89.98","331.94","2109.1","5066.66","8170.27","0","61","193","0","0","83.6","0","0","0","0","","3","0","","","","","","","","","","","","","","","","","233.9","62","Healthy","","","2026-07-27","Yes","No","233.9","186.9","2026-07-25","253","3","0","0","366","unassigned","N","","",""
"2026-07-28","SS-BAMBOO-LIGHT-OLIVE-FULL-6PCS","X004D8TO67","B0DDTZ2Z31","SLEEP SANCTUARY 100% Viscose Derived from Bamboo Sheets Full 6pcs – BamBliss Luxury Cooling Sheets for Hot Sleepers - Cloud Soft, 17"" Deep Pocket, Ultra Durable Bed Set (Light Olive)","New","24","0","0","0","0","0","24","0","0","USD","0","0","1","1","Low conversion","66.99","0.0","66.99","0.0","Lower price","","57.56","52","0","2101.73","0.04","0.255223","cubic feet","Standard","6.125352","US","gl_home","86667","366","24","","312","66.99","0.0","0.0","50.99","50.99","0","0","0","24","0","38.8","0","0","0","0","","0","0","0","0.0","0","0.0","0","0.0","6","8.34","18","26.18","0","0.0","0","0.0","0","0.0","","3","Excess","","","","","","","2219.0","2026-07-25","24","0","0","0","366","unassigned","N","","",""
"2026-07-28","SL-COOLING-SHEET-TWIN-CREAM","X004OCYGX3","B0F7M1ZY15","SLEEPHORIA Cooling Sheets - BreezeWeave 3 PC Twin Size Cooling Bed Sheets for Hot Sleepers & Deep, Cool Rest - Cloud Soft, Silky Smooth, 16 in Deep Pocket, Ultra Durable (Cream)","New","44","0","0","0","44","0","0","0","0","USD","0","1","2","6","","49.99","0.0","49.99","0.0","Edit listing","","0.0","0","0","2417.91","0.13","0.213861","cubic feet","Standard","9.409884","US","gl_home","82219","366","44","176","95","49.99","0.0","49.99","99.98","299.94","0","0","0","0","0","6.73","0","0","0","0","","0","0","","","","","","","","","","","","","","","","","1342.0","5","Excess","","","2026-07-27","Yes","No","1342.0","691.7","2026-07-25","44","0","0","0","366","unassigned","N","","",""
"2026-07-28","LINEN-CURTAIN-52x120-LIGHT-GREY-2-PCS","X004NSWYSH","B0F639STF9","DECOLURE Linen Blackout Curtains - SunShield 120 Inches Long Black Out Curtains for Living Room and Bedroom Windows - Luxury Faux Linen, 2 Panels Set, Ultra Durable - 120 Length x 52 in (Light Grey)","New","47","0","0","0","0","0","47","0","0","USD","0","0","0","0","Low traffic","39.99","0.0","39.99","0.0","Create removal order","","34.99","36","0","3148.0","0.0","0.199952","cubic feet","Standard","9.397744","US","gl_home","456744","366","47","","","39.99","0.0","0.0","0.0","0.0","0","0","0","0","47","66.58","0","0","0","0","47","0","0","0","0.0","0","0.0","0","0.0","0","0.0","0","0.0","24","28.32","23","31.74","0","0.0","","1","Excess","","","","","","","","2026-07-25","47","0","0","0","366","unassigned","N","","",""
"2026-07-28","SL-COOLING-FITTED-KING-LIGHT-GREY","X004OD05P5","B0F7M6BF7C","SLEEPHORIA Cooling Fitted Sheet King Size - 1 PC BreezeWeave Cooling Sheets for Hot Sleepers & Cool Rest w/ 16 in Deep Pocket - Corner Straps, Cloud Soft, Ultra Durable - 73 x 77 in (Light Grey)","New","75","61","0","139","0","0","0","0","0","USD","11","30","30","31","","36.99","0.0","34.99","0.0","NoExcessInventory","","0.0","0","0","0.0","0.81","0.166833","cubic feet","Standard","12.512475","US","gl_home","26032","66","0","11","36","34.99","384.89","1064.7","1064.7","1097.69","139","0","0","0","0","53.09","12","0","0","12","","12","0","","","","","","","","","","","","","","","","","70.8","80","Healthy","","","2026-07-27","Yes","No","70.8","65.8","2026-07-25","148","12","0","0","73","unassigned","N","","",""
"2026-07-28","SATIN-FITTED-TWIN-SEA-TEAL","X004CBTTLP","B0DBW1M1HX","DECOLURE Satin Fitted Sheet Twin Size (1 PC) – Luxuriously Smooth & Softer Than Silk Bed Sheets w/ 15 Inch Deep Pocket Hypoallergenic Wrinkle Free, Secure Snug Fit, Elastic Corner Straps (Sea Teal)","New","54","40","0","96","0","0","0","0","0","USD","1","4","11","24","","16.95","0.0","16.94","0.0","NoRestockExcessActionRequired","","0.0","0","0","0.0","0.7","0.112377","cubic feet","Standard","6.068358","US","gl_home","9976","366","0","54","29","16.94","16.94","67.79","185.59","408.7","96","0","0","0","0","20.35","0","0","0","0","","0","0","","","","","","","","","","","","","","","","","225.6","18","Healthy","","","2026-07-27","Yes","No","225.6","69.3","2026-07-25","94","0","0","0","366","unassigned","N","","",""
"2026-07-28","LINEN-CURTAIN-52x120-LINEN-2-PCS","X004NSHEYL","B0F639N2R5","DECOLURE Linen Blackout Curtains - SunShield 120 Inches Long Black Out Curtains for Living Room and Bedroom Windows - Luxury Faux Linen, 2 Panels Set, Ultra Durable - 120 Length x 52 in (Linen)","New","47","0","0","0","1","0","46","0","0","USD","0","0","0","0","Low traffic","39.99","0.0","39.99","0.0","Create removal order","","34.99","36","0","3133.07","0.0","0.199952","cubic feet","Standard","9.397744","US","gl_home","456744","366","47","","","39.99","0.0","0.0","0.0","0.0","0","0","0","0","46","67.11","0","0","0","0","46","0","0","1","0.1","0","0.0","0","0.0","0","0.0","0","0.0","8","9.44","38","52.44","0","0.0","","1","Excess","","","","","","","","2026-07-25","47","0","0","0","366","unassigned","N","","",""
"2026-07-28","SATIN-STRIPE-TWIN-PINK--6-PCS","X003UOAMCP","B0C7KB2CR6","DECOLURE Satin Bed Sheets - 4 Piece Luxury Silky Twin Size Bedding Set - Softer Than Silk, Wrinkle-Free with 15” Deep Pocket Fitted Sheet, Perfect for Hair & Skin, Gifts for Women (Striped Pink)","New","10","0","0","11","0","0","0","0","0","USD","1","5","8","11","","35.95","0.0","25.16","0.0","NoRestockExcessActionRequired","","0.0","0","0","287.07","0.98","0.102665","cubic feet","Standard","1.02665","US","gl_home","15592","186","0","8","11","25.16","25.16","124.39","212.05","295.9","0","11","0","0","0","5.06","0","0","0","0","","1","0","","","","","","","","","","","","","","","","","102.6","3","Healthy","","","2026-07-27","Yes","No","61.8","102.6","2026-07-25","10","1","0","0","209","unassigned","N","","",""
"2026-07-28","SATIN-3PC-TWIN-DARK GREEN","X0042X0DTP","B0CQRY5N4Q","DECOLURE Satin Bed Sheets - 3 Piece Luxury Silky Twin Size Bedding Set - Softer Than Silk, Wrinkle-Free with 15” Deep Pocket Fitted Sheet, Perfect for Hair & Skin, Gifts for Women (Dark Green)","New","54","0","0","2","1","0","52","0","0","USD","1","10","19","28","","24.95","0.0","24.95","0.0","NoRestockExcessActionRequired","","0.0","0","0","702.22","0.41","0.187394","cubic feet","Standard","10.119276","US","gl_home","4372","221","39","21","25","24.95","27.94","273.89","530.11","786.35","1","1","0","52","0","62.12","0","0","0","0","","0","0","0","0.0","0","0.0","0","0.0","0","0.0","52","55.56","0","0.0","0","0.0","0","0.0","200.5","23","Excess","","","2026-07-27","Yes","No","174.4","200.5","2026-07-25","54","0","0","0","221","unassigned","N","","",""
"2026-07-28","BAMBOO-CALIFKING-BLACK-6PCS","X004386XCP","B0CQ31D5FM","DECOLURE 100% Viscose Derived from Bamboo Sheets California King Size - Luxury 6 Pc Naturally Cooling Sheets, Ultra Soft Bed Set - Deep 17"" Pockets, Double Stitching, Oeko Tex Standard (Black)","New","58","24","0","83","0","0","0","0","0","USD","3","10","24","28","","89.99","0.0","89.98","0.0","NoRestockExcessActionRequired","","","0","0","","0.89","0.341852","cubic feet","Standard","19.827416","US","gl_home","9357","343","0","23","26","89.98","259.95","885.37","2150.23","2488.25","68","15","0","0","0","","0","0","0","0","","0","0","","","","","","","","","","","","","","","","","104.7","19","Healthy","","","2026-07-27","Yes","No","104.7","77.5","2026-07-25","82","0","0","0","343","unassigned","N","","",""
"2026-07-28","BAMBOO-FULL-BURGUNDY-NEW","X0043AK2Q1","B0CRHYS5KT","DECOLURE 100% Viscose Derived from Bamboo Sheets Full Size - Luxury 4 Pc Naturally Cooling Sheets, Ultra Soft Bed Set - Deep 17"" Pockets, Durable Double Stitching, Oeko Tex Standard (Burgundy)","New","24","0","0","25","0","0","0","0","0","USD","5","17","23","43","","69.99","0.0","69.99","0.0","CreateShippingPlan","","0.0","0","0","0.0","2.29","0.235332","cubic feet","Standard","5.647968","US","gl_home","9485","64","0","5","7","69.99","349.95","1174.8","1660.23","3059.68","25","0","0","0","0","3.31","0","0","0","0","","0","0","","","","","","","","","","","","","","","","","57.2","34","Low stock","36","2026-08-04","2026-07-27","Yes","No","57.2","31.1","2026-07-25","24","0","0","0","64","unassigned","N","","",""
"2026-07-28","LINEN-CURTAIN-52x84-NATURAL-2-PCS","X004NSWXX3","B0F639CWS1","DECOLURE Linen Blackout Curtains - SunShield 84 Inches Long Black Out Curtains for Living Room and Bedroom Windows - Luxury Faux Linen, 2 Panels Set, Ultra Durable - 84 Length x 52 in (Natural)","New","114","0","0","2","3","3","109","0","0","USD","0","4","12","12","Low traffic","29.99","0.0","29.99","0.0","Advertise listing","","0.0","0","0","7534.49","0.1","0.231283","cubic feet","Standard","26.366262","US","gl_home","456744","366","114","114","123","29.99","0.0","119.96","359.88","359.88","2","0","0","3","109","184.32","0","0","0","0","","4","0","5","0.58","0","0.0","0","0.0","0","0.0","0","0.0","30","40.95","79","126.13","0","0.0","919.6","7","Excess","","","2026-07-27","Yes","No","878.0","919.6","2026-07-25","114","4","0","0","366","unassigned","N","","",""
"2026-07-28","SATIN-FITTED-TWIN-LAVENDER","X004CBH9ZX","B0DBVZ9JMT","DECOLURE Satin Fitted Sheet Twin Size (1 PC) – Luxuriously Smooth & Softer Than Silk Bed Sheets w/ 15 Inch Deep Pocket Hypoallergenic Wrinkle Free, Secure Snug Fit, Elastic Corner Straps (Lavender)","New","45","1","0","23","0","23","0","0","0","USD","4","14","33","47","","16.95","0.0","16.94","0.0","NoRestockExcessActionRequired","","0.0","0","0","2.52","0.81","0.113577","cubic feet","Standard","5.110965","US","gl_home","9976","158","0","12","12","16.94","67.76","232.18","539.53","776.95","2","21","0","23","0","21.52","0","0","0","0","","0","0","0","0.0","0","0.0","20","3.4","3","1.86","0","0.0","0","0.0","0","0.0","0","0.0","114.4","23","Healthy","","","2026-07-27","Yes","No","77.1","114.4","2026-07-25","46","0","0","0","158","unassigned","N","","",""
"2026-07-28","SL-CLG-PC-BLUE-KING-2PCS","X004OCMDGF","B0F7LLMXSR","SLEEPHORIA Cooling Pillow Cases - BreezeWeave King Size Set of 2 Pillowcases for Hot Sleepers & Cool, Deep Rest - Cloud Soft, Silky Smooth, Ultra Durable, Easy Care, Hidden Zipper (Blue)","New","133","0","0","133","0","0","0","0","0","USD","0","33","72","91","","21.99","0.0","19.99","0.0","NoExcessInventory","","0.0","0","0","0.0","0.93","0.064555","cubic feet","Standard","8.585815","US","gl_home","122466","164","0","16","19","19.99","0.0","656.67","1419.28","1842.09","0","133","0","0","0","7.29","0","0","0","0","","1","0","","","","","","","","","","","","","","","","","119.5","51","Healthy","","","2026-07-27","Yes","No","119.5","104.3","2026-07-25","133","1","0","0","166","unassigned","N","","",""
"2026-07-28","SATIN-GOLD-TWIN","X002O5X15L","B08KR9THFG","DECOLURE Satin Bed Sheets - 3 Piece Luxury Silky Twin Size Bedding Set - Softer Than Silk, Wrinkle-Free with 15” Deep Pocket Fitted Sheet, Perfect for Hair & Skin, Gifts for Women (Gold)","New","43","6","0","31","18","0","0","0","0","USD","0","4","8","9","","27.95","0.0","27.94","0.0","NoRestockExcessActionRequired","","0.0","0","0","430.19","0.26","0.174878","cubic feet","Standard","7.519754","US","gl_home","4372","284","34","43","62","27.94","0.0","109.0","264.8","289.65","31","0","0","0","0","6.49","0","0","0","0","","0","3","","","","","","","","","","","","","","","","","251.0","12","Excess","","","2026-07-27","Yes","No","251.0","249.5","2026-07-25","49","0","0","0","284","unassigned","N","","",""
"2026-07-28","DC-BAMBOO-FITTED-KING-MID-GREY-1PC","X004W8FFB1","B0FX2Q6HDW","DECOLURE 100% Viscose Derived from Bamboo Fitted Sheet | King Size Fitted Sheet Only | Ultra Soft Cooling Sheets for Hot Sleepers, 17"" Deep Pocket w/Corner Straps, Breathable, Oeko-Tex (Mid Grey)","New","54","0","0","59","0","0","0","0","0","USD","15","52","52","52","","33.95","0.0","33.95","0.0","NoRestockExcessActionRequired","","","0","0","","0.64","0.315178","cubic feet","Standard","17.019612","US","gl_home","40126","29","0","4","13","33.95","509.25","1683.4","1683.4","1683.4","0","2","57","0","0","","0","0","0","0","","4","0","","","","","","","","","","","","","","","","","97.6","80","Low stock","106","2026-08-04","2026-07-27","Yes","No","57.0","97.6","2026-07-25","54","3","1","0","31","unassigned","N","","",""
"2026-07-28","SS-BAMBOO-LIGHT-GREY-KING-6PCS","X004D8TPCF","B0DDTX24QR","SLEEP SANCTUARY 100% Viscose Derived from Bamboo Sheets King Size 6pcs – BamBliss Luxury Cooling Sheets for Hot Sleepers - Cloud Soft, 17"" Deep Pocket, Ultra Durable Bed Set (Light Grey)","New","74","1","0","8","9","2","57","0","0","USD","2","23","57","80","","69.99","0.0","69.99","0.0","NoRestockExcessActionRequired","","0.0","0","0","0.0","0.7","0.362587","cubic feet","Standard","26.831438","US","gl_home","86667","82","0","12","12","69.99","139.98","1600.67","3960.73","5570.5","2","0","6","59","0","126.11","0","0","0","0","","0","0","0","0.0","0","0.0","0","0.0","59","116.6","0","0.0","0","0.0","0","0.0","0","0.0","125.0","32","Healthy","","","2026-07-27","Yes","No","85.2","125.0","2026-07-25","75","0","0","0","82","unassigned","N","","",""
"2026-07-28","SL-QUILT-SET-TWIN-IVORY","X004R3N4UP","B0FGZXM8LZ","SLEEPHORIA Twin Quilt Bedding Set - Cloud Soft All-Season Bedspread 2 PC w/Sham, Bed Quilt Twin Size Coverlet - Oversized, Light Weight, Ultra Durable, Easy Care - 68 x 86 in (Ivory)","New","39","0","0","0","0","0","39","0","0","USD","0","1","1","1","","33.99","0.0","30.59","0.0","Edit listing","","0.0","0","0","5686.52","0.03","0.543933","cubic feet","Oversize","21.213387","US","gl_home","97758","366","39","156","507","30.59","0.0","33.99","33.99","33.99","0","0","0","39","0","133.38","0","0","0","0","","0","0","0","0.0","0","0.0","0","0.0","0","0.0","21","65.1","18","57.77","0","0.0","0","0.0","3573.0","2","Excess","","","2026-07-27","Yes","No","1173.0","3573.0","2026-07-25","39","0","0","0","366","unassigned","N","","",""
"2026-07-28","BM-FULL-LIGHT-BLUE","X0045ANM9X","B0CWJ4W1WP","DECOLURE Cooling Sheets Full Set 4pcs - Luxurious & Ultra-Soft Full Size Cooling Sheets for Hot Sleepers - Comfortable Bamboo Viscose Microfiber Full Cooling Bed Sheets w/Deep Pockets (Light Blue)","New","14","0","0","0","0","16","0","0","0","USD","2","7","21","27","","35.95","0.0","35.94","0.0","CreateShippingPlan","","0.0","0","0","832.39","0.85","0.213182","cubic feet","Standard","2.984548","US","gl_home","71718","48","0","8","6","35.94","71.89","249.84","749.54","998.24","0","0","0","16","0","5.11","0","0","0","0","","2","0","0","0.0","16","3.4","0","0.0","0","0.0","0","0.0","0","0.0","0","0.0","0","0.0","107.5","13","Healthy","6","2026-08-04","2026-07-27","Yes","No","95.6","107.5","2026-07-25","14","2","0","0","56","unassigned","N","","",""
"2026-07-28","BAMBOO-QUEEN-OLIVE","X002O4Z19L","B08KQJRSW6","DECOLURE 100% Viscose Derived from Bamboo Sheets Queen Size - Luxury 4 Pc Naturally Cooling Sheets, Ultra Soft Bed Set - Deep 17"" Pockets, Durable Double Stitching, Oeko Tex Standard (Olive)","New","336","120","0","263","4","194","0","0","0","USD","25","79","165","260","","79.99","0.0","67.99","0.0","NoRestockExcessActionRequired","","0.0","0","0","196.73","0.61","0.26649","cubic feet","Standard","89.54064","US","gl_home","9485","253","0","17","16","79.99","1713.75","5689.63","11889.51","18661.26","224","37","2","194","0","665.08","0","0","0","0","","8","0","1","0.13","10","2.67","11","4.4","172","249.78","0","0.0","0","0.0","0","0.0","0","0.0","137.9","57","Healthy","","","2026-07-27","Yes","No","137.9","133.7","2026-07-25","456","8","0","0","259","unassigned","N","","",""
"2026-07-28","DC-BAMBOO-FITTED-KING-BLACK-1PC","X004W89NK5","B0FX2T8CG8","DECOLURE 100% Viscose Derived from Bamboo Fitted Sheet | King Size Fitted Sheet Only | Ultra Soft Cooling Sheets for Hot Sleepers, 17"" Deep Pocket w/Corner Straps, Breathable, Oeko-Tex (Black)","New","29","1","0","36","0","0","0","0","0","USD","17","58","58","58","","33.95","0.0","33.95","0.0","CreateShippingPlan","","","0","0","","0.86","0.228638","cubic feet","Standard","6.630502","US","gl_home","40126","13","0","2","6","33.95","575.15","1871.1","1871.1","1871.1","2","0","34","0","0","","0","0","0","0","","1","0","","","","","","","","","","","","","","","","","76.6","74","Low stock","116","2026-08-04","2026-07-27","Yes","No","41.4","76.6","2026-07-25","30","1","0","0","13","unassigned","N","","",""
"2026-07-28","SATIN-WHITE-TWIN","X002O5XX6X","B08KRS1K6H","DECOLURE Satin Bed Sheets - 3 Piece Luxury Silky Twin Size Bedding Set - Softer Than Silk, Wrinkle-Free with 15” Deep Pocket Fitted Sheet, Perfect for Hair & Skin, Gifts for Women (White)","New","60","7","0","31","0","9","31","0","0","USD","6","12","19","30","","24.95","0.0","24.95","0.0","NoRestockExcessActionRequired","","0.0","0","0","657.79","0.49","0.185364","cubic feet","Standard","11.12184","US","gl_home","4372","234","60","20","26","24.95","152.69","312.28","499.74","870.75","30","1","0","40","0","75.65","0","0","0","0","","0","0","0","0.0","1","0.19","1","0.28","7","7.07","31","32.76","0","0.0","0","0.0","0","0.0","215.3","20","Excess","","","2026-07-27","Yes","No","161.9","215.3","2026-07-25","67","0","0","0","234","unassigned","N","","",""
"2026-07-28","BAMBOO-FULL-NAVYBLUE-6PCS","X00438T2KF","B0CQ2ZSDMN","DECOLURE 100% Viscose Derived from Bamboo Sheets Full Size - Luxury 6 Pc Naturally Cooling Sheets, Ultra Soft Bed Set - Deep 17"" Pockets, Durable Double Stitching, Oeko Tex Standard (Navy Blue)","New","68","3","0","79","0","0","0","0","0","USD","6","23","46","66","","74.99","0.0","74.99","0.0","NoRestockExcessActionRequired","","0.0","0","0","0.0","1.23","0.251308","cubic feet","Standard","17.088944","US","gl_home","9357","237","0","17","19","74.99","441.44","1636.42","3270.47","4688.79","66","13","0","0","0","17.63","30","0","30","0","","1","0","","","","","","","","","","","","","","","","","91.7","42","Healthy","","","2026-07-27","Yes","No","91.7","58.7","2026-07-25","101","0","1","0","239","unassigned","N","","",""
"2026-07-28","SS-SLEEP-MASK-VELCRO-STRAP-BLACK","X004NF916X","B0F4XQ7L8Q","SLEEP SANCTUARY 100% Pure Mulberry Silk Sleep Mask - 22 Momme Light Blocking Hook & Loop Silk Eye Mask for Sleeping - Secure Fit for Side Sleepers, Women & Men - Cloud Soft (Black)","New","208","1","0","7","5","2","1","193","0","USD","3","21","54","67","Low traffic","17.99","0.0","17.99","0.0","Create Outlet deal","","13.47","2","0","1930.36","0.28","0.048757","cubic feet","Standard","10.141456","US","gl_drugstore","226928","366","171","39","40","17.99","53.97","359.79","924.66","1167.01","4","3","0","3","0","74.31","0","0","0","0","","0","0","2","0.05","0","0.0","1","0.07","0","0.0","1","0.28","0","0.0","193","64.94","0","0.0","322.6","31","Excess","","","2026-07-27","Yes","No","282.3","322.6","2026-07-25","209","0","0","0","366","unassigned","N","","",""
"2026-07-28","SL-COOLING-FITTED-CAL-KING-NAVY-BLUE","X004ODA2EJ","B0F7M4FY81","SLEEPHORIA Cooling Fitted Sheet Calfornia King Size - 1 PC BreezeWeave Cooling Sheets for Hot Sleepers & Cool Rest w/ 16 in Deep Pocket - Corner Straps, Cloud Soft - 69 x 81 in (Navy Blue)","New","17","0","0","0","0","0","17","0","0","USD","2","12","24","29","","37.99","0.0","35.99","0.0","Create Outlet deal","","19.49","2","0","939.16","0.87","0.144256","cubic feet","Standard","2.452352","US","gl_home","26032","43","0","5","7","35.99","71.98","417.88","850.76","1020.71","0","0","0","0","17","18.62","0","0","0","0","","0","0","0","0.0","0","0.0","0","0.0","0","0.0","0","0.0","0","0.0","17","16.94","0","0.0","106.6","12","Healthy","3","2026-08-03","2026-07-27","Yes","No","55.1","106.6","2026-07-25","17","0","0","0","43","unassigned","N","","",""
"2026-07-28","SATIN-4PC-TWIN-BLUSH PINK","X004BS2KQ5","B0D9QQ99HB","DECOLURE Satin Bed Sheets - 4 Piece Luxury Silky Twin Size Bedding Set - Softer Than Silk, Wrinkle-Free with 15” Deep Pocket Fitted Sheet, Perfect for Hair & Skin, Gifts for Women (Blush Pink)","New","87","0","0","13","76","0","0","0","0","USD","3","7","8","11","","27.95","0.0","27.94","0.0","Edit listing","","0.0","0","0","3563.97","0.1","0.1651","cubic feet","Standard","14.3637","US","gl_home","15592","366","87","49","102","27.94","81.39","191.79","218.34","311.7","0","13","0","0","0","14.38","0","0","0","0","","1","0","40","3.31","0","0.0","0","0.0","0","0.0","0","0.0","0","0.0","0","0.0","0","0.0","896.8","4","Excess","","","2026-07-27","Yes","No","557.6","896.8","2026-07-25","87","0","1","0","366","unassigned","N","","",""
"2026-07-28","SATIN-4PC-TWIN-NAVY BLUE","X004BS2KPV","B0D9QSYXL8","DECOLURE Satin Bed Sheets - 4 Piece Luxury Silky Twin Size Bedding Set - Softer Than Silk, Wrinkle-Free with 15” Deep Pocket Fitted Sheet, Perfect for Hair & Skin, Gifts for Women (Navy Blue)","New","30","6","0","0","1","0","30","7","0","USD","4","4","7","8","","25.95","0.0","20.24","0.0","NoRestockExcessActionRequired","","0.0","0","0","2345.56","0.19","0.251125","cubic feet","Standard","7.53375","US","gl_home","15592","366","36","30","48","20.24","80.96","80.96","170.81","198.76","0","0","0","30","0","56.53","0","0","0","0","","1","0","1","0.13","0","0.0","0","0.0","24","32.84","6","8.59","0","0.0","7","12.13","0","0.0","655.3","4","Excess","","","2026-07-27","Yes","No","626.0","655.3","2026-07-25","36","1","0","0","366","unassigned","N","","",""
"2026-07-28","SATIN-4PCS-QUEEN-STONE-GREY","X004CX9OR7","B0DD4JMGXN","DECOLURE Satin Bed Sheets - 4 Piece Luxury Silky Queen Size Bedding Set - Softer Than Silk, Wrinkle-Free with 15” Deep Pocket Fitted Sheet, Perfect for Hair & Skin, Gifts for Women (Stone Grey)","New","1152","12","0","309","445","89","359","0","0","USD","47","133","270","351","","30.95","0.0","23.96","0.0","NoRestockExcessActionRequired","","0.0","0","0","5424.25","0.26","0.199394","cubic feet","Standard","229.701888","US","gl_home","4372","303","658","34","42","23.96","1186.83","3865.65","8139.84","10686.19","1","97","211","448","0","899.58","0","0","0","0","","17","0","452","45.11","2","0.4","29","8.67","164","178.21","210","238.69","0","0.0","0","0.0","0","0.0","345.1","297","Excess","","","2026-07-27","No","No","273.4","345.1","2026-07-25","1164","11","6","0","308","unassigned","N","","",""
"2026-07-28","SATIN-QUEEN-BLUE","X002J0JE9D","B0839L4HWH","DECOLURE Satin Bed Sheets - 4 Piece Luxury Silky Queen Size Bedding Set - Softer Than Silk, Wrinkle-Free with 15” Deep Pocket Fitted Sheet, Perfect for Hair & Skin, Gifts for Women (Blue)","New","40","0","0","52","0","0","0","0","0","USD","18","91","141","212","","31.95","0.0","31.94","0.0","CreateShippingPlan","","0.0","0","0","0.0","2.59","0.227537","cubic feet","Standard","9.10148","US","gl_home","4372","11","0","1","2","31.94","574.94","2907.27","4494.86","6890.94","52","0","0","0","0","2.01","0","0","0","0","","9","0","","","","","","","","","","","","","","","","","28.7","117","Low stock","290","2026-08-04","2026-07-27","Yes","No","28.7","24.9","2026-07-25","40","7","2","0","14","unassigned","N","","",""
"2026-07-28","SL-COOLING-SHEET-FULL-WHITE","X004OD19WN","B0F7LYFZ5Y","SLEEPHORIA Cooling Sheets - BreezeWeave 4 PC Full Size Cooling Bed Sheets for Hot Sleepers & Deep, Cool Rest - Cloud Soft, Silky Smooth, 16 in Deep Pocket, Ultra Durable (White)","New","51","0","0","0","55","0","0","0","0","USD","4","21","42","67","","59.99","0.0","59.99","0.0","NoRestockExcessActionRequired","","0.0","0","0","40.63","0.76","0.281632","cubic feet","Standard","14.363232","US","gl_home","82219","139","31","9","9","59.99","229.96","1206.34","2389.53","3810.28","0","0","0","0","0","9.91","0","0","0","0","","0","0","","","","","","","","","","","","","","","","","117.2","21","Excess","","","2026-07-27","Yes","No","84.8","117.2","2026-07-25","51","0","0","0","139","unassigned","N","","",""
"2026-07-28","BAMBOO-TWIN-BURGUNDY-NEW","X0043AK1LR","B0CRHX3LKM","DECOLURE 100% Viscose Derived from Bamboo Sheets Twin Size - Luxury 3 Pc Naturally Cooling Sheets, Ultra Soft Bed Set - Deep 17"" Pockets, Durable Double Stitching, Oeko Tex Standard (Burgundy)","New","149","0","0","6","61","2","77","2","0","USD","0","4","14","19","","69.99","0.0","69.98","0.0","Edit listing","","0.0","0","0","6840.58","0.12","0.224731","cubic feet","Standard","33.484919","US","gl_home","9485","366","75","149","101","69.99","0.0","231.72","720.06","1049.15","0","6","0","73","6","143.66","0","0","0","0","","0","0","48","5.39","0","0.0","2","0.68","12","14.7","35","44.82","24","31.83","8","12.4","0","0.0","679.2","9","Excess","","","2026-07-27","Yes","No","405.8","679.2","2026-07-25","149","0","0","0","366","unassigned","N","","",""
"2026-07-28","BAMBOO-FULL-GREY-6PCS","X00438KTN9","B0CQ328B82","DECOLURE 100% Viscose Derived from Bamboo Sheets Full Size - Luxury 6 Pc Naturally Cooling Sheets, Ultra Soft Bed Set - Deep 17"" Pockets, Durable Double Stitching, Oeko Tex Standard (Grey)","New","48","2","0","51","0","0","0","0","0","USD","2","10","12","19","","74.99","0.0","74.98","0.0","NoRestockExcessActionRequired","","0.0","0","0","0.0","0.69","0.255977","cubic feet","Standard","12.286896","US","gl_home","9357","222","0","21","36","74.98","141.47","741.39","879.37","1423.3","50","1","0","0","0","9.18","6","0","0","6","","0","0","","","","","","","","","","","","","","","","","140.2","27","Healthy","","","2026-07-27","Yes","No","140.2","78.7","2026-07-25","56","0","0","0","222","unassigned","N","","",""
"2026-07-28","SATIN-RED-KING-6PCS","X003UMBNAR","B0C7FKF7J1","DECOLURE Satin Bed Sheets - 6 Piece Luxury Silky King Size Bedding Set - Softer Than Silk, Wrinkle-Free with 15” Deep Pocket Fitted Sheet, Perfect for Hair & Skin, Gifts for Women (Red)","New","113","2","0","122","0","0","0","0","0","USD","9","49","72","89","","33.95","0.0","33.94","0.0","NoRestockExcessActionRequired","","0.0","0","0","0.0","1.13","0.240537","cubic feet","Standard","27.180681","US","gl_home","15592","80","0","9","16","33.94","305.47","1654.97","2470.12","3047.27","92","30","0","0","0","18.68","0","0","0","0","","4","0","","","","","","","","","","","","","","","","","84.3","82","Healthy","18","2026-08-04","2026-07-27","Yes","No","84.3","62.5","2026-07-25","115","2","2","0","84","unassigned","N","","",""
"2026-07-28","SL-COOLING-SHEET-KING-CREAM","X004OCWL21","B0F7LXS4FK","SLEEPHORIA Cooling Sheets - BreezeWeave 4 PC King Size Cooling Bed Sheets for Hot Sleepers & Deep, Cool Rest - Cloud Soft, Silky Smooth, 16 in Deep Pocket, Ultra Durable (Cream)","New","79","66","0","147","0","0","0","0","0","USD","2","4","15","70","","69.99","0.0","69.99","0.0","NoRestockExcessActionRequired","","0.0","0","0","0.0","1.25","0.330029","cubic feet","Standard","26.072291","US","gl_home","82219","297","0","79","14","69.99","139.98","285.59","1072.81","5266.03","147","0","0","0","0","32.55","0","0","0","0","","0","0","","","","","","","","","","","","","","","","","598.7","28","Healthy","","","2026-07-27","Yes","No","598.7","40.4","2026-07-25","145","0","0","0","297","unassigned","N","","",""
"2026-07-28","SS-SATIN-BLUE-TWIN-3PCS","X004D7EWRT","B0DDR3QB2L","SLEEP SANCTUARY Satin Sheets Twin Size – 3 Piece Luxury Silky Bed Set, Softer Than Silk, 15"" Deep Pocket, Cooling & Wrinkle-Free, Moisture-Wicking & Breathable for Hair & Skin (Blue)","New","52","0","0","1","31","0","6","14","0","USD","3","9","14","17","","29.95","27.95","29.71","0.0","NoRestockExcessActionRequired","","0.0","0","0","2821.39","0.28","0.21313","cubic feet","Standard","11.08276","US","gl_home","8682","366","52","23","39","29.95","89.61","263.31","407.07","511.92","1","0","0","6","0","40.37","0","0","0","0","","0","0","30","3.21","0","0.0","0","0.0","0","0.0","6","7.29","0","0.0","14","20.58","0","0.0","327.3","10","Excess","","","2026-07-27","Yes","No","170.3","327.3","2026-07-25","52","0","0","0","366","unassigned","N","","",""
"2026-07-28","SATIN-STRIPE-FULL-GRAY","X0030KQT7L","B09G6J1HVY","DECOLURE Satin Bed Sheets - 4 Piece Luxury Silky Full Size Bedding Set - Softer Than Silk, Wrinkle-Free with 15” Deep Pocket Fitted Sheet, Perfect for Hair & Skin, Gifts for Women (Striped Grey)","New","20","0","0","0","0","0","22","0","0","USD","1","6","13","35","","26.95","0.0","26.95","0.0","CreateShippingPlan","","0.0","0","0","0.0","0.97","0.174429","cubic feet","Standard","3.48858","US","gl_home","4372","82","0","13","7","26.95","26.95","176.7","383.43","1074.69","0","0","0","0","22","19.31","0","0","0","0","","2","0","0","0.0","0","0.0","0","0.0","0","0.0","0","0.0","22","22.66","0","0.0","0","0.0","185.8","25","Low stock","26","2026-08-04","2026-07-27","Yes","No","185.8","110.3","2026-07-25","20","1","1","0","92","unassigned","N","","",""
"2026-07-28","SATIN-FITTED-QUEEN-SEA-TEAL","X004CBTTDX","B0DBW1NVHF","DECOLURE Satin Fitted Sheet Queen Size (1 PC) – Luxuriously Smooth & Softer Than Silk Bed Sheets w/ 15 Inch Deep Pocket Hypoallergenic Wrinkle Free, Secure Snug Fit, Elastic Corner Straps (Sea Teal)","New","36","24","0","92","0","0","0","0","0","USD","9","62","128","194","","17.95","0.0","17.95","0.0","CreateShippingPlan","","0.0","0","0","0.0","1.58","0.174516","cubic feet","Standard","6.282576","US","gl_home","9976","42","0","2","2","17.95","161.55","1103.68","2273.08","3478.08","92","0","0","0","0","37.43","0","0","0","0","","8","0","","","","","","","","","","","","","","","","","46.1","83","Low stock","129","2026-08-04","2026-07-27","Yes","No","18.9","46.1","2026-07-25","60","3","5","0","49","unassigned","N","","",""
"2026-07-28","SATIN-WHITE-KING-6PCS","X003UM8ZK3","B0C7F5VMC8","DECOLURE Satin Bed Sheets - 6 Piece Luxury Silky King Size Bedding Set - Softer Than Silk, Wrinkle-Free with 15” Deep Pocket Fitted Sheet, Perfect for Hair & Skin, Gifts for Women (White)","","0","0","0","1","0","0","0","0","0","USD","0","19","55","95","","0.0","0.0","0.0","0.0","CreateShippingPlan","","","0","0","","3.17","0.267969","cubic feet","Standard","0.0","US","gl_home","15592","0","0","0","0","33.95","0.0","639.95","1853.65","3211.65","1","0","0","0","0","","0","0","0","0","","0","0","","","","","","","","","","","","","","","","","24.8","17","Out of stock","34","2026-07-28","2026-07-27","Yes","No","6.3","24.8","2026-07-25","0","0","0","0","0","unassigned","N","","",""
"2026-07-28","BAMBOO-FULL-PURPLE","X003TOCG9D","B0BZPY4PXY","DECOLURE 100% Viscose Derived from Bamboo Sheets Full Size - Luxury 4 Pc Naturally Cooling Sheets, Ultra Soft Bed Set - Deep 17"" Pockets, Durable Double Stitching, Oeko Tex Standard (Purple)","New","119","1","0","3","0","100","18","0","0","USD","6","31","55","67","","69.99","0.0","69.98","0.0","NoRestockExcessActionRequired","","0.0","0","0","103.6","0.43","0.280157","cubic feet","Standard","33.338683","US","gl_home","9485","264","39","15","23","69.99","410.76","1999.33","3581.55","4353.54","1","1","1","118","0","200.32","0","0","0","0","","0","0","0","0.0","0","0.0","1","0.42","117","178.63","0","0.0","0","0.0","0","0.0","0","0.0","207.3","28","Excess","","","2026-07-27","Yes","No","105.6","207.3","2026-07-25","120","0","0","0","264","unassigned","N","","",""
"2026-07-28","SATIN-STRIPE-TWIN-PINK","X0030KP0BH","B09G6KRX7T","DECOLURE Satin Bed Sheets - 3 Piece Luxury Silky Twin Size Bedding Set - Softer Than Silk, Wrinkle-Free with 15” Deep Pocket Fitted Sheet, Perfect for Hair & Skin, Gifts for Women (Striped Pink)","New","15","0","0","0","16","0","0","0","0","USD","0","3","9","10","","27.95","0.0","25.15","0.0","NoRestockExcessActionRequired","","0.0","0","0","298.69","0.46","0.139143","cubic feet","Standard","2.087145","US","gl_home","4372","129","12","20","19","25.15","0.0","82.45","237.86","256.57","0","0","0","0","0","2.53","0","0","0","0","","1","0","16","1.12","0","0.0","0","0.0","0","0.0","0","0.0","0","0.0","0","0.0","0","0.0","197.2","6","Excess","","","2026-07-27","Yes","No","130.0","197.2","2026-07-25","15","0","1","0","136","unassigned","N","","",""
"2026-07-28","SATIN-4PCS-KING-SEA-TEAL","X004C9TX6X","B0DBQZ1MMF","DECOLURE Satin Bed Sheets - 4 Piece Luxury Silky King Size Bedding Set - Softer Than Silk, Wrinkle-Free with 15” Deep Pocket Fitted Sheet, Perfect for Hair & Skin, Gifts for Women (Sea Teal)","New","71","1","0","4","8","0","76","0","0","USD","30","82","169","238","","30.95","0.0","25.45","0.0","CreateShippingPlan","","0.0","0","0","0.0","1.11","0.264314","cubic feet","Standard","18.766294","US","gl_home","4372","32","0","3","3","25.45","823.05","2527.55","5638.28","7907.05","0","1","3","76","0","65.84","0","0","0","0","","4","0","1","0.13","0","0.0","0","0.0","0","0.0","76","114.51","0","0.0","0","0.0","0","0.0","83.8","70","Healthy","118","2026-08-04","2026-07-27","Yes","No","46.3","83.8","2026-07-25","72","2","2","0","34","unassigned","N","","",""
"2026-07-28","SATIN-FULL-GREY","X002IU8VWF","B0839LMS13","DECOLURE Satin Bed Sheets - 4 Piece Luxury Silky Full Size Bedding Set - Softer Than Silk, Wrinkle-Free with 15” Deep Pocket Fitted Sheet, Perfect for Hair & Skin, Gifts for Women (Grey)","New","410","2","0","143","194","35","41","0","0","USD","12","42","84","115","","26.95","0.0","26.95","0.0","NoRestockExcessActionRequired","","0.0","0","0","760.26","0.27","0.189768","cubic feet","Standard","77.80488","US","gl_home","4372","345","148","39","46","26.95","326.21","1207.35","2418.19","3345.91","2","60","81","76","0","221.04","0","0","0","0","","11","0","103","9.73","3","0.57","2","0.57","31","32.06","12","12.99","0","0.0","0","0.0","0","0.0","337.6","77","Excess","","","2026-07-27","Yes","No","289.0","337.6","2026-07-25","412","9","2","0","359","unassigned","N","","",""
"2026-07-28","BM-FULL-MIDNIGHT-BLACK","X003VHUJXX","B0C9LTQ5YV","DECOLURE Cooling Sheets Full Set 4pcs - Luxurious & Ultra-Soft Full Size Cooling Sheets for Hot Sleepers - Comfortable Bamboo Viscose Microfiber Full Cooling Bed Sheets w/Deep Pockets (Midnight Black)","New","9","0","0","1","0","8","0","0","0","USD","2","13","28","34","","35.95","0.0","35.95","0.0","CreateShippingPlan","","0.0","0","0","11.05","1.23","0.213947","cubic feet","Standard","1.925523","US","gl_home","71718","27","0","2","3","35.95","71.9","458.35","977.64","1205.77","0","1","0","8","0","2.89","0","0","0","0","","0","0","0","0.0","8","1.71","0","0.0","0","0.0","0","0.0","0","0.0","0","0.0","0","0.0","76.5","15","Low stock","20","2026-08-01","2026-07-27","Yes","No","35.1","76.5","2026-07-25","9","0","0","0","27","unassigned","N","","",""
"2026-07-28","SS-SATIN-STRIPED-PURPLE-FULL-4PCS","X004D7EXC3","B0DDQXMHHQ","SLEEP SANCTUARY Satin Sheets Full Size – 4 Piece Luxury Silky Bed Set, Softer Than Silk, 15"" Deep Pocket, Cooling & Wrinkle-Free, Moisture-Wicking & Breathable for Hair & Skin (Striped Purple)","New","27","0","0","0","24","4","0","0","0","USD","2","2","4","5","","31.95","29.95","25.76","0.0","Edit listing","","0.0","0","0","1058.48","0.16","0.154324","cubic feet","Standard","4.166748","US","gl_home","8682","366","27","54","70","31.95","51.52","51.52","119.42","151.37","0","0","0","4","0","3.67","0","0","0","0","","1","0","10","0.77","0","0.0","0","0.0","0","0.0","0","0.0","0","0.0","0","0.0","0","0.0","898.0","4","Excess","","","2026-07-27","Yes","No","898.0","701.0","2026-07-25","27","1","0","0","366","unassigned","N","","",""
"2026-07-28","SATIN-TAUPE-KING","X003RX78J9","B0BZPVZKVS","DECOLURE Satin Bed Sheets - 4 Piece Luxury King Size Bedding Set - Softer Than Silk, Wrinkle-Free with 15"" Deep Pocket Fitted Sheet, Perfect for Hair & Skin, Gifts for Women (Taupe)","New","62","0","0","1","2","3","51","9","0","USD","7","35","61","88","","30.95","0.0","30.95","0.0","NoRestockExcessActionRequired","","0.0","0","0","0.0","0.78","0.233647","cubic feet","Standard","14.486114","US","gl_home","4372","100","0","7","9","30.95","223.93","1147.48","1987.42","2891.65","0","1","0","54","0","76.91","0","0","0","0","","0","0","1","0.12","2","0.46","1","0.35","1","1.27","50","66.59","0","0.0","9","14.5","0","0.0","123.3","57","Healthy","47","2026-08-04","2026-07-27","Yes","No","60.6","123.3","2026-07-25","62","0","0","0","100","unassigned","N","","",""
"2026-07-28","SATIN-6PC-KING-BLUSH PINK","X004BS2KQP","B0D9QSG9LD","DECOLURE Satin Bed Sheets - 6 Piece Luxury Silky King Size Bedding Set - Softer Than Silk, Wrinkle-Free with 15” Deep Pocket Fitted Sheet, Perfect for Hair & Skin, Gifts for Women (Blush Pink)","New","74","7","0","49","1","2","49","0","0","USD","25","48","62","70","","32.95","0.0","25.45","0.0","NoRestockExcessActionRequired","","0.0","0","0","1449.29","0.48","0.454522","cubic feet","Standard","33.634628","US","gl_home","15592","69","0","6","13","25.45","674.24","1451.69","1916.79","2232.39","12","18","19","51","0","222.29","0","0","0","0","","7","0","0","0.0","0","0.0","2","1.36","30","74.32","19","49.21","0","0.0","0","0.0","0","0.0","203.5","36","Healthy","","","2026-07-27","Yes","No","93.4","203.5","2026-07-25","81","4","3","0","82","unassigned","N","","",""
"2026-07-28","SS-BAMBOO-NAVY-BLUE-QUEEN-6PCS","X004D8NLIJ","B0DDTZL244","SLEEP SANCTUARY 100% Viscose Derived from Bamboo Sheets Queen Size 6pcs – BamBliss Luxury Cooling Sheets for Hot Sleepers - Cloud Soft, 17"" Deep Pocket, Ultra Durable Bed Set (Navy Blue)","New","29","0","0","2","1","12","15","0","0","USD","7","20","52","64","","64.99","0.0","64.99","0.0","CreateShippingPlan","","0.0","0","0","0.0","0.98","0.321684","cubic feet","Standard","9.328836","US","gl_home","86667","32","0","5","5","64.99","454.93","1296.0","3350.48","4137.36","2","0","0","27","0","45.79","0","0","0","0","","0","0","1","0.16","0","0.0","0","0.0","27","47.34","0","0.0","0","0.0","0","0.0","0","0.0","90.6","20","Healthy","11","2026-08-02","2026-07-27","Yes","No","55.4","90.6","2026-07-25","29","0","0","0","32","unassigned","N","","",""
"2026-07-28","SATIN-FITTED-FULL-PURPLE","X004CBH9PN","B0DBVZGV7Y","DECOLURE Satin Fitted Sheet Full Size (1 PC) – Luxuriously Smooth & Softer Than Silk Bed Sheets w/ 15 Inch Deep Pocket Hypoallergenic Wrinkle Free, Secure Snug Fit, Elastic Corner Straps (Purple)","New","66","5","0","0","0","60","16","0","0","USD","9","27","40","57","","17.95","0.0","17.94","0.0","NoRestockExcessActionRequired","","0.0","0","0","0.0","0.53","0.113689","cubic feet","Standard","7.503474","US","gl_home","9976","142","0","9","15","17.94","158.67","478.17","716.53","1015.68","0","0","0","76","0","27.51","0","0","0","0","","4","0","0","0.0","0","0.0","40","6.82","36","22.32","0","0.0","0","0.0","0","0.0","0","0.0","176.9","28","Healthy","","","2026-07-27","Yes","No","90.4","176.9","2026-07-25","71","1","3","0","155","unassigned","N","","",""
"2026-07-28","BEACH-TOWEL-PT-DIAMOND-CYAN","X004HYSSRN","B0DQ8NHCYM","DECOLURE Turkish Beach Towel Oversized 39x73 Inch - 100% Turkish Cotton, Quick Dry and Sand Free Beach Towels for Travel - Lightweight, Absorbent & Soft Peshtemal Towel - (Cyan Diamond)","New","357","1","0","0","0","0","0","31","329","USD","4","12","17","19","Low traffic","19.99","0.0","19.99","0.0","Advertise listing","","0.0","0","0","11749.34","0.05","0.124809","cubic feet","Standard","44.556813","US","gl_home","312452","366","354","119","244","19.99","79.96","235.98","336.63","376.61","0","0","0","0","0","383.83","0","0","0","0","","22","0","0","0.0","0","0.0","0","0.0","0","0.0","0","0.0","0","0.0","0","0.0","360","354.96","1864.8","3","Excess","","","2026-07-27","Yes","No","890.5","1864.8","2026-07-25","358","21","1","0","366","unassigned","N","","",""
"2026-07-28","SATIN-FITTED-KING-IVORY","X004CC2WJZ","B0DBW2G5JS","DECOLURE Satin Fitted Sheet King Size (1 PC) – Luxuriously Smooth & Softer Than Silk Bed Sheets w/ 15 Inch Deep Pocket Hypoallergenic Wrinkle Free, Secure Snug Fit, Elastic Corner Straps (Ivory)","New","62","22","0","87","0","0","0","0","0","USD","9","43","96","148","","19.95","0.0","19.95","0.0","CreateShippingPlan","","0.0","0","0","0.0","1.81","0.186151","cubic feet","Standard","11.541362","US","gl_home","9976","79","0","5","5","19.95","179.55","856.83","1910.18","2940.58","87","0","0","0","0","43.96","0","0","0","0","","0","0","","","","","","","","","","","","","","","","","41.6","75","Healthy","69","2026-08-04","2026-07-27","Yes","No","25.3","41.6","2026-07-25","84","0","0","0","79","unassigned","N","","",""
"2026-07-28","SATIN-IVORY-KING-6PCS","X003UMBMYJ","B0C7FFMKP8","DECOLURE Satin Bed Sheets - 6 Piece Luxury Silky King Size Bedding Set - Softer Than Silk, Wrinkle-Free with 15” Deep Pocket Fitted Sheet, Perfect for Hair & Skin, Gifts for Women (Ivory)","New","159","0","0","2","5","2","154","0","0","USD","7","26","57","73","","32.95","0.0","25.45","0.0","NoRestockExcessActionRequired","","0.0","0","0","1497.4","0.34","0.262354","cubic feet","Standard","41.714286","US","gl_home","15592","255","116","24","28","25.45","186.65","828.3","1873.95","2458.65","0","1","1","156","0","249.8","0","0","0","0","","5","0","0","0.0","1","0.26","0","0.0","2","2.86","153","228.8","0","0.0","0","0.0","0","0.0","262.6","44","Excess","","","2026-07-27","Yes","No","256.0","262.6","2026-07-25","159","4","1","0","265","unassigned","N","","",""
"2026-07-28","BAMBOO-KING-LIGHTGREY","X002O5112L","B08KQJ3M9N","DECOLURE 100% Viscose Derived from Bamboo Sheets King Size - Luxury 4 Pc Naturally Cooling Sheets, Ultra Soft Bed Set - Deep 17"" Pockets, Durable Double Stitching, Oeko Tex Standard (Light Grey)","New","327","198","0","537","0","0","0","0","0","USD","29","102","258","399","","84.99","0.0","71.24","0.0","CreateShippingPlan","","0.0","0","0","5.22","1.28","0.32734","cubic feet","Standard","107.04018","US","gl_home","9485","165","0","13","10","84.99","2080.96","7874.84","19668.32","30210.76","497","40","0","0","0","378.35","6","6","0","0","","6","0","","","","","","","","","","","","","","","","","76.2","206","Healthy","","","2026-07-27","No","No","76.2","56.6","2026-07-25","531","5","1","0","170","unassigned","N","","",""
"2026-07-28","SATIN-FITTED-TWIN-BLUSH-PINK","X004CBXM0T","B0DBVZMMPN","DECOLURE Satin Fitted Sheet Twin Size (1 PC) – Luxuriously Smooth & Softer Than Silk Bed Sheets w/ 15 Inch Deep Pocket Hypoallergenic Wrinkle Free, Secure Snug Fit, Elastic Corner Straps (Blush Pink)","New","101","0","0","0","0","63","38","0","0","USD","5","17","31","45","","16.95","0.0","16.94","0.0","NoRestockExcessActionRequired","","0.0","0","0","690.3","0.35","0.083333","cubic feet","Standard","8.416633","US","gl_home","9976","347","97","23","29","16.94","84.7","288.09","522.72","758.12","0","0","0","101","0","36.78","0","0","0","0","","0","0","1","0.04","2","0.16","40","5.01","58","26.33","0","0.0","0","0.0","0","0.0","0","0.0","225.6","24","Excess","","","2026-07-27","Yes","No","175.4","225.6","2026-07-25","101","0","0","0","347","unassigned","N","","",""
"2026-07-28","BM-CALKING-PINK","X0045ANMAR","B0CWJ19HT3","DECOLURE Cooling Bed Sheets Cal-King Set 4pcs - Luxurious & Soft California King Size Cooling Sheets for Hot Sleepers - Comfy & Cool California King Bamboo Viscose Microfiber Sheets (Pink)","New","66","0","0","0","0","66","0","0","0","USD","2","6","9","14","","39.95","0.0","35.96","0.0","Edit listing","","0.0","0","0","4252.18","0.18","0.233082","cubic feet","Standard","15.383412","US","gl_home","71718","366","66","44","61","35.96","71.92","220.73","320.37","525.22","0","0","0","66","0","26.34","0","0","0","0","","0","0","0","0.0","66","15.39","0","0.0","0","0.0","0","0.0","0","0.0","0","0.0","0","0.0","475.0","4","Excess","","","2026-07-27","Yes","No","346.5","475.0","2026-07-25","66","0","0","0","366","unassigned","N","","",""
"2026-07-28","SATIN-6PC-FULL-SAGE GREEN","X004BS2KQF","B0D9QVPJ4C","DECOLURE Satin Bed Sheets - 6 Piece Luxury Silky Full Size Bedding Set - Softer Than Silk, Wrinkle-Free with 15” Deep Pocket Fitted Sheet, Perfect for Hair & Skin, Gifts for Women (Sage Green)","New","26","11","0","3","0","0","10","23","0","USD","5","12","18","23","","27.95","0.0","26.96","0.0","NoRestockExcessActionRequired","","0.0","0","0","1719.48","0.48","0.297617","cubic feet","Standard","7.738042","US","gl_home","15592","208","37","8","14","26.96","134.8","342.95","513.65","663.4","2","0","1","0","10","78.76","0","0","0","0","","0","0","0","0.0","0","0.0","0","0.0","0","0.0","0","0.0","0","0.0","33","67.76","0","0.0","178.1","12","Excess","","","2026-07-27","Yes","No","77.3","178.1","2026-07-25","37","0","0","0","208","unassigned","N","","",""
"2026-07-28","BAMBOO-CALIFKING-CREME","X002O4Z19V","B08KQLQ7RG","DECOLURE 100% Viscose Derived from Bamboo Sheets California King Size - Luxury 4 Pc Naturally Cooling Sheets, Ultra Soft Bed Set - Deep 17"" Pockets, Double Stitching, Oeko Tex Standard (Creme)","New","72","2","0","76","0","0","0","0","0","USD","3","15","35","36","","84.99","0.0","84.99","0.0","NoRestockExcessActionRequired","","","0","0","","0.95","0.310956","cubic feet","Standard","22.388832","US","gl_home","9485","248","0","27","36","84.99","254.97","1208.28","2898.76","2983.75","16","60","0","0","0","","30","0","30","0","","0","0","","","","","","","","","","","","","","","","","100.8","32","Healthy","","","2026-07-27","Yes","No","100.8","88.6","2026-07-25","104","0","0","0","248","unassigned","N","","",""
"2026-07-28","BAMBOO-FULL-LIGHTOLIVE","X003TO84FD","B0BZPZPGDC","DECOLURE 100% Viscose Derived from Bamboo Sheets Full Size - Luxury 4 Pc Naturally Cooling Sheets, Ultra Soft Bed Set - Deep 17"" Pockets, Durable Double Stitching, Oeko Tex Standard (Light Olive)","New","131","6","0","1","2","42","20","2","71","USD","2","5","10","16","","69.99","0.0","69.98","0.0","Edit listing","","0.0","0","0","5119.24","0.11","0.242455","cubic feet","Standard","31.761605","US","gl_home","9485","366","127","104","106","69.99","139.96","349.93","699.88","1155.32","1","0","0","60","2","242.34","0","0","0","0","","1","0","0","0.0","0","0.0","0","0.0","60","79.28","0","0.0","0","0.0","4","6.69","71","136.01","705.8","12","Excess","","","2026-07-27","Yes","No","705.8","555.1","2026-07-25","137","1","0","0","366","unassigned","N","","",""
"2026-07-28","BM-TWIN-WHITE","X003VHUJH9","B0C9LVNKHG","DECOLURE Cooling Bed Sheets Twin Set 3pcs - Luxurious & Ultra-Soft Twin Size Cooling Sheets for Hot Sleepers - Comfortable Cool Bamboo Viscose Microfiber Sheets Twin Size w/Deep Pockets (White)","New","104","0","0","0","0","73","26","1","5","USD","0","0","2","2","Low conversion","39.95","0.0","30.56","0.0","Lower price","","0.0","0","0","7310.29","0.02","0.266574","cubic feet","Standard","27.723696","US","gl_home","71718","366","104","","676","30.56","0.0","0.0","67.9","67.9","0","0","0","97","2","173.01","0","0","0","0","","0","0","0","0.0","1","0.27","0","0.0","96","139.44","0","0.0","0","0.0","3","5.52","5","10.53","","4","Excess","","","","","","","4752.0","2026-07-25","104","0","0","0","366","unassigned","N","","",""
"2026-07-28","LINEN-CURTAIN-52x96-BEIGE-2-PCS","X004NSWZ0J","B0F638G1PV","DECOLURE Linen Blackout Curtains - SunShield 96 Inches Long Black Out Curtains for Living Room and Bedroom Windows - Luxury Faux Linen, 2 Panels Set, Ultra Durable - 96 Length x 52 in (Beige)","New","118","0","0","0","0","0","118","0","0","USD","0","0","0","0","Low traffic","32.99","0.0","32.99","0.0","Create removal order","","28.76","52","0","8488.98","0.0","0.267167","cubic feet","Standard","31.525706","US","gl_home","456744","366","118","","","32.99","0.0","0.0","0.0","0.0","0","0","0","0","118","232.19","0","0","0","0","118","0","0","0","0.0","0","0.0","0","0.0","0","0.0","0","0.0","27","42.56","91","167.74","0","0.0","","3","Excess","","","","","","","","2026-07-25","118","0","0","0","366","unassigned","N","","",""
"2026-07-28","BAMBOO-TWIN-BLACK","X003TONHN7","B0BZPZN1GV","DECOLURE 100% Viscose Derived from Bamboo Sheets Twin Size - Luxury 3 Pc Naturally Cooling Sheets, Ultra Soft Bed Set - Deep 17"" Pockets, Durable Double Stitching, Oeko Tex Standard (Black)","New","2","0","0","4","0","0","0","0","0","USD","1","9","16","30","","59.99","0.0","59.99","0.0","NoRestockExcessActionRequired","","0.0","0","0","0.0","2.53","0.198463","cubic feet","Standard","0.396926","US","gl_home","9485","150","0","14","13","59.99","59.99","514.91","889.93","1699.44","0","4","0","0","0","0.08","30","0","30","0","","2","0","","","","","","","","","","","","","","","","","35.7","13","Low stock","","","2026-07-27","Yes","No","21.1","35.7","2026-07-25","32","2","0","0","163","unassigned","N","","",""
"2026-07-28","LINEN-CURTAIN-52x63-LIGHT-GREY-2-PCS","X004NSXCPB","B0F639KHTY","DECOLURE Linen Blackout Curtains - SunShield 63 Inches Long Black Out Curtains for Living Room and Bedroom Windows - Luxury Faux Linen, 2 Panels Set, Ultra Durable - 63 Length x 52 in (Light Grey)","New","46","0","0","0","0","0","46","0","0","USD","0","0","0","0","Low traffic","27.99","0.0","27.99","0.0","Create removal order","","0.0","0","0","2446.64","0.0","0.199952","cubic feet","Standard","9.197792","US","gl_home","456744","366","46","","","13.99","0.0","0.0","0.0","0.0","0","0","0","1","45","68.05","0","0","0","0","46","0","0","0","0.0","0","0.0","0","0.0","0","0.0","0","0.0","9","10.62","37","51.06","0","0.0","","1","Excess","","","","","","","","2026-07-25","46","0","0","0","366","unassigned","N","","",""
"2026-07-28","SS-SATIN-GOLD-TWIN-3PCS","X004D7A1YH","B0DDR15FTY","SLEEP SANCTUARY Satin Sheets Twin Size – 3 Piece Luxury Silky Bed Set, Softer Than Silk, 15"" Deep Pocket, Cooling & Wrinkle-Free, Moisture-Wicking & Breathable for Hair & Skin (Gold)","New","16","0","0","0","0","2","1","0","15","USD","0","2","2","4","","29.95","27.95","27.95","0.0","NoRestockExcessActionRequired","","0.0","0","0","699.83","0.19","0.128822","cubic feet","Standard","2.061152","US","gl_home","8682","340","16","32","52","27.95","0.0","64.9","64.9","120.8","0","0","0","2","1","16.18","0","0","0","0","","0","0","1","0.06","0","0.0","0","0.0","1","0.7","0","0.0","1","0.76","0","0.0","15","15.28","310.2","5","Excess","","","2026-07-27","Yes","No","292.0","310.2","2026-07-25","16","0","0","0","340","unassigned","N","","",""
"2026-07-28","SL-BOHO-BLANKET-BOUQUET-50x60-1-PC","X004ZA1K3D","B0GGT9SNJ1","SLEEPHORIA 100% Uzbek Cotton Boho Throw Blanket - Heavyweight Cotton Throw Blanket for Bed - Reversible Woven Vintage Floral Decorative for Couch Sofa - Soft Bohemian 50"" x 60"" (Bouquet)","New","1175","0","0","1175","0","0","0","0","0","USD","","","","","Low traffic","26.99","0.0","26.99","0.0","Advertise listing","","","0","0","","0.0","0.305844","cubic feet","Standard","359.3667","US","gl_home","","366","0","","","26.99","","","","","0","408","767","0","0","","0","0","0","0","","7","0","","","","","","","","","","","","","","","","","2548.7","","","","","2026-07-27","Yes","No","1251.1","2548.7","2026-07-25","1175","7","0","0","366","unassigned","N","","",""
"2026-07-28","DC-BAMBOO-FITTED-QUEEN-MID-GREY-1PC","X004VUG60T","B0FX2RYKT9","DECOLURE 100% Viscose Derived from Bamboo Fitted Sheet | Queen Size Fitted Sheet Only | Ultra Soft Cooling Sheets for Hot Sleepers, 17"" Deep Pocket w/Corner Straps, Breathable, Oeko-Tex (Mid Grey)","New","61","0","0","63","0","0","0","0","0","USD","9","33","33","33","","31.95","0.0","31.95","0.0","NoRestockExcessActionRequired","","","0","0","","0.52","0.226252","cubic feet","Standard","13.801372","US","gl_home","40126","57","0","7","24","31.95","287.55","994.35","994.35","994.35","0","0","63","0","0","","0","0","0","0","","0","0","","","","","","","","","","","","","","","","","179.2","59","Healthy","57","2026-08-04","2026-07-27","Yes","No","76.3","179.2","2026-07-25","61","0","0","0","57","unassigned","N","","",""
"2026-07-28","WATERPROOF-CHAIR-COVER-BLACK-4PCS","X00462S2DL","B0CY6MJBWN","Waterproof Dining Chair Covers Set of 4 - 3 Layers Thick Fabric Parsons Chair Slip Covers - Jacquard Kitchen Chair Covers & Stretch Protectors for Dining Room, Restaurant - Removable Washable (Black)","New","93","0","0","2","3","18","37","15","18","USD","0","5","16","22","","29.99","0.0","29.99","0.0","NoRestockExcessActionRequired","","0.0","0","0","590.29","0.21","0.279051","cubic feet","Standard","25.951743","US","gl_home","622269","366","0","74","54","29.99","0.0","138.0","396.99","546.93","0","0","2","21","34","182.96","0","0","0","0","","0","0","1","0.14","0","0.0","5","2.09","13","19.77","1","1.59","5","8.23","36","69.31","28","61.72","402.4","5","Healthy","","","2026-07-27","Yes","No","402.3","402.4","2026-07-25","93","0","0","0","366","unassigned","N","","",""
"2026-07-28","SATIN-STRIPE-FULL-BLUE--6-PCS","X003UO39FH","B0C7K6CKLC","DECOLURE Satin Bed Sheets - 6 Piece Luxury Silky Full Size Bedding Set - Softer Than Silk, Wrinkle-Free with 15” Deep Pocket Fitted Sheet, Perfect for Hair & Skin, Gifts for Women (Striped Blue)","New","62","1","0","0","0","0","48","16","0","USD","0","2","6","7","","27.95","0.0","26.96","0.0","Edit listing","","0.0","0","0","5082.58","0.1","0.301279","cubic feet","Standard","18.679298","US","gl_home","15592","366","63","124","115","26.96","0.0","59.9","198.7","228.65","0","0","0","0","48","135.37","0","0","0","0","","1","0","0","0.0","0","0.0","0","0.0","0","0.0","0","0.0","30","53.34","34","70.67","0","0.0","874.1","4","Excess","","","2026-07-27","Yes","No","486.3","874.1","2026-07-25","63","0","1","0","366","unassigned","N","","",""
"2026-07-28","BAMBOO-FULL-LIGHTGREY-6PCS","X00438MCVB","B0CQ32VM8N","DECOLURE 100% Viscose Derived from Bamboo Sheets Full Size - Luxury 6 Pc Naturally Cooling Sheets, Ultra Soft Bed Set - Deep 17"" Pockets, Durable Double Stitching, Oeko Tex Standard (Light Grey)","New","126","2","0","1","2","74","52","0","0","USD","3","30","64","84","","74.99","0.0","74.98","0.0","NoRestockExcessActionRequired","","0.0","0","0","185.47","0.48","0.262047","cubic feet","Standard","33.017922","US","gl_home","9357","326","77","16","19","74.98","216.45","2002.56","4135.26","5624.06","1","0","0","126","0","192.43","0","0","0","0","","1","0","2","0.26","1","0.26","0","0.0","91","129.97","34","50.78","0","0.0","0","0.0","0","0.0","184.5","45","Excess","","","2026-07-27","Yes","No","98.9","184.5","2026-07-25","128","1","0","0","329","unassigned","N","","",""
"2026-07-28","SS-SATIN-ROSEWOOD-QUEEN-4PCS","X004D7A20P","B0DDR5VW96","SLEEP SANCTUARY Satin Sheets Queen Size – 4 Piece Luxury Silky Bed Set, Softer Than Silk, 15"" Deep Pocket, Cooling & Wrinkle-Free, Moisture-Wicking & Breathable for Hair & Skin (Rosewood)","","0","0","0","0","1","0","0","0","0","USD","0","23","46","81","","0.0","0.0","0.0","0.0","CreateShippingPlan","","","0","0","","2.11","0.348306","cubic feet","Standard","0.0","US","gl_home","8682","0","0","0","0","33.95","0.0","780.85","1561.7","2757.95","0","0","0","0","0","","0","0","0","0","","0","0","","","","","","","","","","","","","","","","","36.8","68","Out of stock","117","2026-07-27","2026-07-27","Yes","No","8.3","36.8","2026-07-25","0","0","0","0","0","unassigned","N","","",""
"2026-07-28","SS-BAMBOO-BLACK-FULL-6PCS","X004D8I4A9","B0DDTYX8VX","SLEEP SANCTUARY 100% Viscose Derived from Bamboo Sheets Full 6pcs – BamBliss Luxury Cooling Sheets for Hot Sleepers - Cloud Soft, 17"" Deep Pocket, Ultra Durable Bed Set (Black)","New","47","0","0","0","0","8","40","0","0","USD","1","1","4","6","","59.99","0.0","59.99","0.0","NoRestockExcessActionRequired","","0.0","0","0","1985.63","0.12","0.293438","cubic feet","Standard","13.791586","US","gl_home","86667","366","47","188","101","59.99","59.99","59.99","250.91","370.89","0","0","0","48","0","81.8","0","0","0","0","","0","0","0","0.0","2","0.59","0","0.0","18","28.79","28","46.84","0","0.0","0","0.0","0","0.0","","6","Excess","","","","","","","913.8","2026-07-25","47","0","0","0","366","unassigned","N","","",""
"2026-07-28","SATIN-FITTED-TWIN-PINK","X004CBXMQX","B0DBW2HDDZ","DECOLURE Satin Fitted Sheet Twin Size (1 PC) – Luxuriously Smooth & Softer Than Silk Bed Sheets w/ 15 Inch Deep Pocket Hypoallergenic Wrinkle Free, Secure Snug Fit, Elastic Corner Straps (Pink)","New","140","0","0","0","0","61","83","0","0","USD","5","13","26","42","","16.95","0.0","16.94","0.0","NoRestockExcessActionRequired","","0.0","0","0","536.5","0.26","0.139978","cubic feet","Standard","19.59692","US","gl_home","9976","366","129","43","43","16.94","84.7","218.52","433.53","701.2","0","0","0","144","0","95.7","0","0","0","0","","3","0","0","0.0","0","0.0","40","8.4","104","79.35","0","0.0","0","0.0","0","0.0","0","0.0","359.9","18","Excess","","","2026-07-27","Yes","No","300.3","359.9","2026-07-25","140","2","1","0","366","unassigned","N","","",""
"2026-07-28","SATIN-FITTED-FULL-IVORY","X004CBVFA3","B0DBW2GW4S","DECOLURE Satin Fitted Sheet Full Size (1 PC) – Luxuriously Smooth & Softer Than Silk Bed Sheets w/ 15 Inch Deep Pocket Hypoallergenic Wrinkle Free, Secure Snug Fit, Elastic Corner Straps (Ivory)","New","110","0","0","1","3","41","67","0","0","USD","3","18","28","44","","17.95","0.0","17.94","0.0","NoRestockExcessActionRequired","","0.0","0","0","177.72","0.33","0.131541","cubic feet","Standard","14.46951","US","gl_home","9976","270","88","24","32","17.94","53.82","315.51","488.23","793.98","0","0","1","108","0","73.81","0","0","0","0","","2","0","1","0.07","1","0.13","20","3.95","87","62.37","0","0.0","0","0.0","0","0.0","0","0.0","270.2","37","Excess","","","2026-07-27","Yes","No","178.2","270.2","2026-07-25","110","2","0","0","276","unassigned","N","","",""
"2026-07-28","BAMBOO-KING-BLACK-6PCS","X00438F4ED","B0CQ331L15","DECOLURE 100% Viscose Derived from Bamboo Sheets King Size - Luxury 6 Pc Naturally Cooling Sheets, Ultra Soft Bed Set - Deep 17"" Pockets, Durable Double Stitching, Oeko Tex Standard (Black)","New","231","56","0","298","0","0","0","0","0","USD","22","79","114","190","","89.99","0.0","89.98","0.0","CreateShippingPlan","","0.0","0","0","0.0","1.4","0.36852","cubic feet","Standard","85.12812","US","gl_home","9357","154","0","11","16","89.98","1959.6","7005.48","10072.63","16583.87","294","4","0","0","0","68.6","5","0","0","5","","7","0","","","","","","","","","","","","","","","","","100.5","128","Healthy","","","2026-07-27","Yes","No","100.5","49.2","2026-07-25","292","5","2","0","159","unassigned","N","","",""
"2026-07-28","BAMBOO-QUEEN-BLACK-6PCS","X00438TNN1","B0CQ31CZTJ","DECOLURE 100% Viscose Derived from Bamboo Sheets Queen Size - Luxury 6 Pc Naturally Cooling Sheets, Ultra Soft Bed Set - Deep 17"" Pockets, Durable Double Stitching, Oeko Tex Standard (Black)","New","0","1","0","2","0","0","0","0","0","USD","0","26","101","168","","84.99","0.0","0.0","0.0","CreateShippingPlan","","0.0","0","0","0.0","2.85","0.301884","cubic feet","Standard","0.0","US","gl_home","9357","1","0","0","0","84.99","0.0","2163.44","8385.5","14148.33","2","0","0","0","0","0.05","0","0","0","0","","1","0","","","","","","","","","","","","","","","","","35.5","83","Low stock","139","2026-08-04","2026-07-27","Yes","No","5.8","35.5","2026-07-25","1","0","1","0","3","unassigned","N","","",""
"2026-07-28","SS-SATIN-STRIPED-GOLD-FULL-4PCS","X004D7COIX","B0DDR7G7Z8","SLEEP SANCTUARY Satin Sheets Full Size – 4 Piece Luxury Silky Bed Set, Softer Than Silk, 15"" Deep Pocket, Cooling & Wrinkle-Free, Moisture-Wicking & Breathable for Hair & Skin (Striped Gold)","New","43","0","0","0","30","12","0","0","1","USD","0","1","1","2","","39.95","0.0","25.76","0.0","Edit listing","","26.03","52","0","1821.81","0.05","0.154324","cubic feet","Standard","6.635932","US","gl_home","8682","366","43","172","279","25.76","0.0","28.76","28.76","60.71","0","0","0","12","0","10.11","0","0","0","0","","0","0","30","2.31","12","1.85","0","0.0","0","0.0","0","0.0","0","0.0","0","0.0","1","1.22","1991.0","4","Excess","","","2026-07-27","Yes","No","1313.0","1991.0","2026-07-25","43","0","0","0","366","unassigned","N","","",""
"2026-07-28","SATIN-6PC-FULL-BLUSH PINK","X004BS2KRT","B0D9QT3LWG","DECOLURE Satin Bed Sheets - 6 Piece Luxury Silky Full Size Bedding Set - Softer Than Silk, Wrinkle-Free with 15” Deep Pocket Fitted Sheet, Perfect for Hair & Skin, Gifts for Women (Blush Pink)","New","77","0","0","0","6","14","57","0","0","USD","2","7","11","16","","27.95","0.0","27.95","0.0","Edit listing","","0.0","0","0","5496.97","0.19","0.284121","cubic feet","Standard","21.877317","US","gl_home","15592","366","72","44","62","27.95","57.9","204.65","321.45","481.2","0","0","0","71","0","117.65","0","0","0","0","","0","0","7","0.99","1","0.28","6","2.55","48","74.33","15","24.3","0","0.0","0","0.0","0","0.0","485.0","7","Excess","","","2026-07-27","Yes","No","301.0","485.0","2026-07-25","77","0","0","0","366","unassigned","N","","",""
"2026-07-28","SL-COOLING-SHEET-QUEEN-CREAM","X004OD4MV3","B0F7LWK826","SLEEPHORIA Cooling Sheets - BreezeWeave 4 PC Queen Size Cooling Bed Sheets for Hot Sleepers & Deep, Cool Rest - Cloud Soft, Silky Smooth, 16 in Deep Pocket, Ultra Durable (Cream)","New","53","61","0","116","0","0","0","0","0","USD","5","8","22","68","","64.99","0.0","64.99","0.0","NoRestockExcessActionRequired","","0.0","0","0","0.0","1.3","0.298002","cubic feet","Standard","15.794106","US","gl_home","82219","168","0","26","10","64.99","324.95","519.92","1429.78","4419.32","116","0","0","0","0","28.59","0","0","0","0","","0","1","","","","","","","","","","","","","","","","","199.4","33","Healthy","","","2026-07-27","Yes","No","199.4","42.1","2026-07-25","114","0","0","0","168","unassigned","N","","",""
"2026-07-28","SS-SATIN-PINK-TWIN-3PCS","X004D7K7PZ","B0DDRC2CDX","SLEEP SANCTUARY Satin Sheets Twin Size – 3 Piece Luxury Silky Bed Set, Softer Than Silk, 15"" Deep Pocket, Cooling & Wrinkle-Free, Moisture-Wicking & Breathable for Hair & Skin (Pink)","New","59","0","0","0","54","8","0","0","0","USD","5","12","17","18","","29.95","27.95","23.96","0.0","NoRestockExcessActionRequired","","0.0","0","0","3354.52","0.23","0.247896","cubic feet","Standard","14.625864","US","gl_home","8682","366","58","19","42","27.95","128.79","323.47","461.24","496.19","0","0","0","8","0","18.36","0","0","0","0","","1","0","54","6.69","8","1.99","0","0.0","0","0.0","0","0.0","0","0.0","0","0.0","0","0.0","371.1","10","Excess","","","2026-07-27","Yes","No","156.2","371.1","2026-07-25","59","1","0","0","366","unassigned","N","","",""
"2026-07-28","SATIN-QUEEN-BLACK-6-PCS","X003UMHETV","B0C7FX1GFS","DECOLURE Satin Bed Sheets - 6 Piece Luxury Silky Queen Size Bedding Set - Softer Than Silk, Wrinkle-Free with 15” Deep Pocket Fitted Sheet, Perfect for Hair & Skin, Gifts for Women (Black)","New","95","57","0","170","0","0","0","0","0","USD","31","146","217","243","","29.95","0.0","29.94","0.0","NoRestockExcessActionRequired","","0.0","0","0","0.0","1.97","0.279671","cubic feet","Standard","26.568745","US","gl_home","15592","144","0","18","35","29.94","928.18","4346.93","6440.38","7273.08","170","0","0","0","0","27.81","563","0","558","5","","8","0","","","","","","","","","","","","","","","","","35.2","334","Low stock","","","2026-07-27","No","No","23.2","35.2","2026-07-25","715","3","5","0","146","unassigned","N","","",""
"2026-07-28","SL-CLG-COMF-LIGHT-GREY/DARK-GREY-KING","X004OD9YNT","B0F7M4Q2HQ","SLEEPHORIA Cooling Comforter - BreezeWeave Cooling Blanket King Size for Hot Sleepers & Deep Rest - Cloud Soft, Breathable, Ultra Durable, Easy Care, Reversible - 108 x 90 in (Light Grey & Dark Grey)","New","308","6","0","337","0","0","0","0","0","USD","50","212","296","307","","74.99","0.0","69.99","0.0","NoExcessInventory","","0.0","0","0","0.0","1.47","0.860157","cubic feet","Standard","264.928356","US","gl_home","67231","49","0","5","13","69.99","3499.5","14753.88","20507.04","21310.93","174","163","0","0","0","175.02","7","0","0","7","","12","1","","","","","","","","","","","","","","","","","59.5","158","Healthy","","","2026-07-27","No","No","59.5","55.7","2026-07-25","321","8","4","0","51","unassigned","N","","",""
"2026-07-28","SL-CLG-COMF-MINT-GREEN/DARK-GREY-TWIN","X004OD84XF","B0F7M7C4ZC","SLEEPHORIA Cooling Comforter - BreezeWeave Cooling Blanket Twin Size for Hot Sleepers & Deep Rest - Cloud Soft, Breathable, Ultra Durable, Easy Care, Reversible - 68 x 90 in (Mint Green & Dark Grey)","New","247","0","0","4","87","157","0","0","0","USD","3","7","13","28","","59.99","0.0","54.99","0.0","Create Outlet deal","","32.49","2","0","16984.81","0.11","0.606992","cubic feet","Standard","149.927024","US","gl_home","67231","366","232","141","114","54.99","164.97","384.93","732.12","1556.97","0","3","1","157","0","185.78","0","0","0","0","","0","0","213","64.62","28","17.0","0","0.0","0","0.0","0","0.0","0","0.0","0","0.0","0","0.0","1077.6","7","Excess","","","2026-07-27","Yes","No","1077.6","828.4","2026-07-25","247","0","0","0","366","unassigned","N","","",""
"2026-07-28","SS-SATIN-STRIPED-PINK-TWIN-3PCS","X004D7LY9N","B0DDQX418B","SLEEP SANCTUARY Satin Sheets Twin Size – 3 Piece Luxury Silky Bed Set, Softer Than Silk, 15"" Deep Pocket, Cooling & Wrinkle-Free, Moisture-Wicking & Breathable for Hair & Skin (Striped Pink)","New","40","0","0","0","36","0","0","4","0","USD","2","3","4","5","","29.95","27.95","23.96","0.0","Edit listing","","0.0","0","0","1654.79","0.09","0.143214","cubic feet","Standard","5.72856","US","gl_home","8682","366","40","53","104","29.95","50.92","74.88","108.83","138.78","0","0","0","0","0","8.87","0","0","0","0","","2","0","6","0.43","0","0.0","0","0.0","0","0.0","0","0.0","0","0.0","1","0.99","3","3.39","1019.0","4","Excess","","","2026-07-27","Yes","No","658.0","1019.0","2026-07-25","40","2","0","0","366","unassigned","N","","",""
"2026-07-28","SATIN-4PC-TWIN-DARK GREEN","X004BS2KOH","B0D9QRPTXQ","DECOLURE Satin Bed Sheets - 4 Piece Luxury Silky Twin Size Bedding Set - Softer Than Silk, Wrinkle-Free with 15” Deep Pocket Fitted Sheet, Perfect for Hair & Skin, Gifts for Women (Dark Green)","New","24","0","0","1","0","14","0","10","0","USD","1","6","7","8","","24.95","0.0","24.95","0.0","NoRestockExcessActionRequired","","0.0","0","0","1033.76","0.27","0.162244","cubic feet","Standard","3.893856","US","gl_home","15592","366","24","16","39","24.95","27.95","166.3","188.87","225.82","0","0","1","14","0","16.4","0","0","0","0","","0","0","0","0.0","12","1.94","2","0.49","0","0.0","0","0.0","0","0.0","10","11.2","0","0.0","338.4","3","Excess","","","2026-07-27","Yes","No","135.7","338.4","2026-07-25","24","0","0","0","366","unassigned","N","","",""
"2026-07-28","SS-BAMBOO-SAGE-GREEN-QUEEN-6PCS","X004D8X8PZ","B0DDTYMBWR","SLEEP SANCTUARY 100% Viscose Derived from Bamboo Sheets Queen Size 6pcs – BamBliss Luxury Cooling Sheets for Hot Sleepers - Cloud Soft, 17"" Deep Pocket, Ultra Durable Bed Set (Sage Green)","New","22","2","0","7","1","2","14","0","0","USD","5","29","55","79","","64.99","0.0","64.99","0.0","CreateShippingPlan","","0.0","0","0","0.0","1.25","0.325183","cubic feet","Standard","7.154026","US","gl_home","86667","25","0","3","3","64.99","324.95","1869.51","3535.25","5104.01","3","1","3","16","0","25.6","0","0","0","0","","0","0","0","0.0","2","0.65","0","0.0","14","24.81","0","0.0","0","0.0","0","0.0","0","0.0","72.1","25","Low stock","25","2026-08-04","2026-07-27","Yes","No","35.2","72.1","2026-07-25","24","0","0","0","25","unassigned","N","","",""
"2026-07-28","SATIN-FITTED-KING-NAVY-BLUE","X004CBVDDR","B0DBW336HD","DECOLURE Satin Fitted Sheet King Size (1 PC) – Luxuriously Smooth & Softer Than Silk Bed Sheets w/ 15 Inch Deep Pocket Hypoallergenic Wrinkle Free, Secure Snug Fit, Elastic Corner Straps (Navy Blue)","New","105","0","0","41","2","45","22","0","0","USD","11","43","85","147","","19.95","0.0","19.94","0.0","NoRestockExcessActionRequired","","0.0","0","0","0.0","0.95","0.205663","cubic feet","Standard","21.594615","US","gl_home","9976","98","0","9","9","19.94","219.34","846.79","1655.42","2879.09","40","1","0","67","0","98.44","0","0","0","0","","3","0","1","0.1","1","0.21","23","7.1","43","48.18","0","0.0","0","0.0","0","0.0","0","0.0","92.5","66","Healthy","30","2026-08-04","2026-07-27","Yes","No","89.6","92.5","2026-07-25","105","1","2","0","101","unassigned","N","","",""
"2026-07-28","BAMBOO-TWIN-SAGE GREEN","X0040HMSN7","B0CLKBT95K","DECOLURE 100% Viscose Derived from Bamboo Sheets Twin Size - Luxury 3 Pc Naturally Cooling Sheets, Ultra Soft Bed Set - Deep 17"" Pockets, Durable Double Stitching, Oeko Tex Standard (Sage Green)","New","54","6","0","6","16","40","0","0","0","USD","3","5","14","17","","87.99","0.0","48.59","0.0","NoRestockExcessActionRequired","","0.0","0","0","1535.16","0.22","0.199754","cubic feet","Standard","10.786716","US","gl_home","9485","366","27","43","41","87.99","158.57","278.55","759.51","923.48","0","6","0","40","0","56.4","0","0","0","0","","1","0","1","0.1","0","0.0","0","0.0","40","43.57","0","0.0","0","0.0","0","0.0","0","0.0","645.0","14","Excess","","","2026-07-27","Yes","No","645.0","438.5","2026-07-25","60","0","1","0","366","unassigned","N","","",""
"2026-07-28","SATIN-ROSEWOOD-QUEEN-6PCS","X003UM8ZNZ","B0C7FMCXBV","DECOLURE Satin Bed Sheets - 6 Piece Luxury Silky Queen Size Bedding Set - Softer Than Silk, Wrinkle-Free with 15” Deep Pocket Fitted Sheet, Perfect for Hair & Skin, Gifts for Women (Rosewood)","New","53","45","0","108","0","0","0","0","0","USD","16","71","130","160","","30.95","0.0","30.56","0.0","CreateShippingPlan","","0.0","0","0","0.0","1.26","0.216356","cubic feet","Standard","11.466868","US","gl_home","15592","59","0","2","4","30.56","491.53","2231.18","4085.83","5072.33","93","15","0","0","0","106.82","0","0","0","0","","7","0","","","","","","","","","","","","","","","","","64.3","68","Healthy","70","2026-08-04","2026-07-27","Yes","No","35.4","64.3","2026-07-25","98","4","3","0","65","unassigned","N","","",""
"2026-07-28","BAMBOO-CALIFKING-TAUPE","X002O4Z4J3","B08KQJTLZP","DECOLURE 100% Viscose Derived from Bamboo Sheets California King Size - Luxury 4 Pc Naturally Cooling Sheets, Ultra Soft Bed Set - Deep 17"" Pockets, Double Stitching, Oeko Tex Standard (Taupe)","New","140","0","0","156","0","0","0","0","0","USD","11","44","99","132","","84.99","0.0","84.98","0.0","NoRestockExcessActionRequired","","","0","0","","1.73","0.290769","cubic feet","Standard","40.70766","US","gl_home","9485","189","0","13","14","84.99","884.83","3524.92","7789.37","10386.21","134","22","0","0","0","","6","0","0","6","","5","0","","","","","","","","","","","","","","","","","109.9","41","Healthy","","","2026-07-27","Yes","No","109.9","45.0","2026-07-25","146","2","3","0","197","unassigned","N","","",""
"2026-07-28","SL-BOHO-BLANKET-OASIS-50x60-1-PC","X004ZA1K47","B0GGTD499H","SLEEPHORIA 100% Uzbek Cotton Boho Throw Blanket - Heavyweight Cotton Throw Blanket for Bed - Reversible Woven Vintage Floral Decorative for Couch Sofa - Soft Bohemian 50"" x 60"" (Oasis)","","0","0","0","1","0","0","0","0","0","USD","","","","","","0.0","0.0","0.0","0.0","NoRestockExcessActionRequired","","","0","0","","0.0","0.315367","cubic feet","Standard","0.0","US","gl_home","","0","0","","","26.99","","","","","0","1","0","0","0","","0","0","0","0","","0","0","","","","","","","","","","","","","","","","","60.2","","","7","2026-07-27","2026-07-27","Yes","No","29.5","60.2","2026-07-25","0","0","0","0","0","unassigned","N","","",""
"2026-07-28","SATIN-4PC-TWIN-LAVENDER","X004BS2KO7","B0D9QTXKQ8","DECOLURE Satin Bed Sheets - 4 Piece Luxury Silky Twin Size Bedding Set - Softer Than Silk, Wrinkle-Free with 15” Deep Pocket Fitted Sheet, Perfect for Hair & Skin, Gifts for Women (Lavender)","New","22","0","0","0","0","1","21","0","0","USD","0","0","0","2","Low conversion","35.95","0.0","25.16","0.0","Lower price","","0.0","0","0","927.25","0.09","0.154324","cubic feet","Standard","3.395128","US","gl_home","15592","366","22","","338","25.16","0.0","0.0","0.0","55.9","0","0","0","22","0","21.68","30","30","0","0","","0","0","0","0.0","0","0.0","0","0.0","1","0.84","21","18.48","0","0.0","0","0.0","0","0.0","","4","Excess","","","","","","","997.5","2026-07-25","52","0","0","0","366","unassigned","N","","",""
"2026-07-28","SS-SATIN-BLUSH-PINK-QUEEN-4PCS","X004D7A1WJ","B0DDR1H4YM","SLEEP SANCTUARY Satin Sheets Queen Size – 4 Piece Luxury Silky Bed Set, Softer Than Silk, 15"" Deep Pocket, Cooling & Wrinkle-Free, Moisture-Wicking & Breathable for Hair & Skin (Blush Pink)","New","207","0","0","150","59","0","0","0","0","USD","9","23","30","45","","33.95","31.95","27.56","0.0","NoRestockExcessActionRequired","","0.0","0","0","944.36","0.24","0.293199","cubic feet","Standard","60.692193","US","gl_home","8682","366","103","36","59","33.95","251.04","699.21","947.28","1456.53","0","36","114","0","0","117.18","0","0","0","0","","6","0","34","4.97","0","0.0","0","0.0","0","0.0","0","0.0","0","0.0","0","0.0","0","0.0","387.9","45","Excess","","","2026-07-27","Yes","No","295.0","387.9","2026-07-25","207","5","1","0","366","unassigned","N","","",""
"2026-07-28","SL-COOLING-SHEET-FULL-NAVY-BLUE","X004OD0T6P","B0F7LZFKS7","SLEEPHORIA Cooling Sheets - BreezeWeave 4 PC Full Size Cooling Bed Sheets for Hot Sleepers & Deep, Cool Rest - Cloud Soft, Silky Smooth, 16 in Deep Pocket, Ultra Durable (Navy Blue)","New","75","133","0","210","0","0","0","0","0","USD","4","6","9","44","","54.99","0.0","54.99","0.0","NoRestockExcessActionRequired","","0.0","0","0","0.0","0.71","0.280668","cubic feet","Standard","21.0501","US","gl_home","82219","366","0","50","22","54.99","219.96","329.94","494.91","2419.56","210","0","0","0","0","40.23","0","0","0","0","","0","0","","","","","","","","","","","","","","","","","283.2","33","Healthy","","","2026-07-27","Yes","No","283.2","51.3","2026-07-25","208","0","0","0","366","unassigned","N","","",""
"2026-07-28","SS-BAMBOO-MIDGREY-KING-6PCS","X004D8Q5BT","B0DDTZ7XW3","SLEEP SANCTUARY 100% Viscose Derived from Bamboo Sheets King Size 6pcs – BamBliss Luxury Cooling Sheets for Hot Sleepers - Cloud Soft, 17"" Deep Pocket, Ultra Durable Bed Set (Midgrey)","New","56","1","0","0","2","3","54","0","0","USD","10","41","80","103","","69.99","0.0","69.99","0.0","CreateShippingPlan","","0.0","0","0","0.0","0.88","0.382996","cubic feet","Standard","21.447776","US","gl_home","86667","52","0","5","7","69.99","689.9","2747.44","5339.3","6964.07","0","0","0","57","0","107.96","0","0","0","0","","1","0","0","0.0","0","0.0","2","1.15","53","110.6","2","4.37","0","0.0","0","0.0","0","0.0","103.4","30","Healthy","","","2026-07-27","Yes","No","45.9","103.4","2026-07-25","57","1","0","0","54","unassigned","N","","",""
"2026-07-28","SS-SLEEP-MASK-3D-CONTOURED-BLACK","X004NEYHLD","B0F4XS1FWJ","SLEEP SANCTUARY 100% Pure Mulberry Silk Sleep Mask - 22 Momme Light Blocking 3D Contour Silk Eye Mask for Sleeping - Secure Fit for Side Sleepers, Women & Men - Cloud Soft (Black)","New","292","0","0","3","19","1","1","268","0","USD","0","0","0","6","Low traffic","26.95","0.0","26.95","0.0","Create Outlet deal","","12.56","2","0","5665.2","0.02","0.05356","cubic feet","Standard","15.63952","US","gl_drugstore","326613","366","247","","632","26.95","0.0","0.0","0.0","107.74","1","1","1","2","0","110.64","0","0","0","0","","0","0","7","0.19","0","0.0","0","0.0","0","0.0","1","0.31","0","0.0","268","99.08","0","0.0","","6","Excess","","","","","","","3755.6","2026-07-25","292","0","0","0","366","unassigned","N","","",""
"2026-07-28","SL-COOLING-SHEET-QUEEN-LIGHT-BLUE","X004OCYGPB","B0F7LZR5DF","SLEEPHORIA Cooling Sheets - BreezeWeave 4 PC Queen Size Cooling Bed Sheets for Hot Sleepers & Deep, Cool Rest - Cloud Soft, Silky Smooth, 16 in Deep Pocket, Ultra Durable (Light Blue)","New","155","131","0","289","0","0","0","0","0","USD","10","21","22","32","","64.99","0.0","64.99","0.0","NoRestockExcessActionRequired","","0.0","0","0","0.0","0.44","0.296593","cubic feet","Standard","45.971915","US","gl_home","82219","275","0","29","62","64.99","649.9","1364.79","1429.78","2079.68","289","0","0","0","0","53.66","0","0","0","0","","1","0","","","","","","","","","","","","","","","","","148.9","67","Healthy","","","2026-07-27","Yes","No","148.9","93.0","2026-07-25","286","0","1","0","276","unassigned","N","","",""
"2026-07-28","SATIN-FITTED-KING-DARK-GREEN","X004CBXTRF","B0DBVYYWX3","DECOLURE Satin Fitted Sheet King Size (1 PC) – Luxuriously Smooth & Softer Than Silk Bed Sheets w/ 15 Inch Deep Pocket Hypoallergenic Wrinkle Free, Secure Snug Fit, Elastic Corner Straps (Dark Green)","New","66","0","0","69","0","0","0","0","0","USD","3","28","65","97","","19.95","0.0","19.94","0.0","NoRestockExcessActionRequired","","0.0","0","0","0.0","1.24","0.195561","cubic feet","Standard","12.907026","US","gl_home","9976","84","0","9","8","19.94","59.82","553.57","1278.72","1925.12","3","66","0","0","0","33.66","0","0","0","0","","2","0","","","","","","","","","","","","","","","","","81.4","46","Healthy","37","2026-08-04","2026-07-27","Yes","No","73.8","81.4","2026-07-25","66","2","0","0","86","unassigned","N","","",""
"2026-07-28","SS-BAMBOO-CREME-FULL-6PCS","X004D8Q4Y7","B0DDTZ9ZW9","SLEEP SANCTUARY 100% Viscose Derived from Bamboo Sheets Full 6pcs – BamBliss Luxury Cooling Sheets for Hot Sleepers - Cloud Soft, 17"" Deep Pocket, Ultra Durable Bed Set (Creme)","New","90","6","0","0","1","4","90","0","0","USD","0","5","9","15","","59.99","0.0","59.99","0.0","Edit listing","","0.0","0","0","6764.71","0.15","0.296999","cubic feet","Standard","26.72991","US","gl_home","86667","366","93","72","78","59.99","0.0","299.95","540.81","900.75","0","0","0","94","0","173.16","0","0","0","0","","0","0","0","0.0","1","0.3","2","0.89","24","38.85","67","113.41","0","0.0","0","0.0","0","0.0","612.6","10","Excess","","","2026-07-27","Yes","No","582.4","612.6","2026-07-25","96","0","0","0","366","unassigned","N","","",""
"2026-07-28","SS-BAMBOO-NAVY-BLUE-KING-6PCS","X004D8Q1AJ","B0DDTXJJCS","SLEEP SANCTUARY 100% Viscose Derived from Bamboo Sheets King Size 6pcs – BamBliss Luxury Cooling Sheets for Hot Sleepers - Cloud Soft, 17"" Deep Pocket, Ultra Durable Bed Set (Navy Blue)","New","43","0","0","1","3","0","43","0","0","USD","6","28","67","90","","69.99","0.0","69.99","0.0","CreateShippingPlan","","0.0","0","0","0.0","0.95","0.357207","cubic feet","Standard","15.359901","US","gl_home","86667","37","0","6","6","69.99","419.94","1946.07","4647.98","6257.75","0","0","1","43","0","74.32","0","0","0","0","","0","0","1","0.18","0","0.0","0","0.0","43","83.69","0","0.0","0","0.0","0","0.0","0","0.0","95.9","35","Healthy","25","2026-08-04","2026-07-27","Yes","No","49.6","95.9","2026-07-25","43","0","0","0","37","unassigned","N","","",""
"2026-07-28","SATIN-SEA-TEAL-FULL-6PCS","X003UM8Z9J","B0C7FW4Q1C","DECOLURE Satin Bed Sheets - 6 Piece Luxury Silky Full Size Bedding Set - Softer Than Silk, Wrinkle-Free with 15” Deep Pocket Fitted Sheet, Perfect for Hair & Skin, Gifts for Women (Sea Teal)","New","33","0","0","37","0","0","0","0","0","USD","9","32","51","60","","29.95","0.0","29.94","0.0","CreateShippingPlan","","0.0","0","0","74.41","1.1","0.196781","cubic feet","Standard","6.493773","US","gl_home","15592","56","0","4","7","29.94","269.47","953.82","1513.87","1790.42","0","18","19","0","0","33.53","0","0","0","0","","0","0","","","","","","","","","","","","","","","","","81.5","25","Healthy","24","2026-08-03","2026-07-27","Yes","No","43.3","81.5","2026-07-25","33","0","0","0","56","unassigned","N","","",""
"2026-07-28","SL-COOLING-FITTED-CAL-KING-WHITE","X004OD9Z9R","B0F7M57Q9T","SLEEPHORIA Cooling Fitted Sheet Calfornia King Size - 1 PC BreezeWeave Cooling Sheets for Hot Sleepers & Cool Rest w/ 16 in Deep Pocket - Corner Straps, Cloud Soft - 69 x 81 in (White)","New","55","1","0","1","1","0","56","0","0","USD","7","19","36","46","","37.99","0.0","35.99","0.0","Create Outlet deal","","19.49","2","0","1122.08","0.55","0.172261","cubic feet","Standard","9.474355","US","gl_home","26032","78","0","11","15","37.99","251.93","659.81","1267.64","1607.54","0","1","0","0","56","70.53","0","0","0","0","","0","0","0","0.0","0","0.0","0","0.0","0","0.0","0","0.0","0","0.0","56","66.56","0","0.0","167.4","22","Healthy","","","2026-07-27","Yes","No","104.9","167.4","2026-07-25","56","0","0","0","78","unassigned","N","","",""
"2026-07-28","BAMBOO-QUEEN-CREME","X002O53Z0R","B08KQK91X7","DECOLURE 100% Viscose Derived from Bamboo Sheets Queen Size - Luxury 4 Pc Naturally Cooling Sheets, Ultra Soft Bed Set - Deep 17"" Pockets, Durable Double Stitching, Oeko Tex Standard (Creme)","New","100","115","0","231","0","0","0","0","0","USD","58","194","402","529","","79.99","0.0","66.49","0.0","CreateShippingPlan","","0.0","0","0","0.0","2.15","0.268417","cubic feet","Standard","26.8417","US","gl_home","9485","41","0","2","2","79.99","3908.92","13716.55","28242.23","37315.41","154","77","0","0","0","34.94","0","0","0","0","","14","1","","","","","","","","","","","","","","","","","37.8","111","Healthy","","","2026-07-27","No","No","31.7","37.8","2026-07-25","215","13","1","0","45","unassigned","N","","",""
"2026-07-28","BM-CALKING-SAGE-GREEN","X0045AO819","B0CWJ4HG7W","DECOLURE Cooling Bed Sheets Cal-King Set 4pcs - Luxurious & Soft California King Size Cooling Sheets for Hot Sleepers - Comfy & Cool California King Bamboo Viscose Microfiber Sheets (Sage Green)","New","47","1","0","1","0","47","0","0","0","USD","3","10","17","27","","39.95","0.0","39.94","0.0","NoRestockExcessActionRequired","","0.0","0","0","2958.06","0.46","0.233915","cubic feet","Standard","10.994005","US","gl_home","71718","269","48","18","22","39.94","119.82","393.47","661.14","1032.7","1","0","0","47","0","18.52","0","0","0","0","","0","0","6","0.7","41","9.58","0","0.0","0","0.0","0","0.0","0","0.0","0","0.0","0","0.0","196.3","8","Excess","","","2026-07-27","Yes","No","142.0","196.3","2026-07-25","48","0","0","0","269","unassigned","N","","",""
"2026-07-28","WATERPROOF-CHAIR-COVER-WINE-RED-4PCS","X004631JIZ","B0CY6Q9G59","Waterproof Dining Chair Covers Set of 4 - 3 Layers Thick Fabric Parsons Chair Slip Covers - Jacquard Kitchen Chair Covers & Stretch Protectors Dining Room, Restaurant - Removable Washable (Wine Red)","New","60","0","0","0","2","0","2","1","58","USD","1","6","9","14","","29.99","0.0","15.99","0.0","NoRestockExcessActionRequired","","0.0","0","60","3181.17","0.19","0.329908","cubic feet","Standard","19.79448","US","gl_home","622269","366","60","40","55","15.99","15.99","160.34","228.31","336.26","0","0","0","0","2","163.98","0","0","0","0","","0","0","1","0.17","0","0.0","0","0.0","0","0.0","0","0.0","0","0.0","3","6.83","58","151.17","344.4","5","Excess","","","2026-07-27","Yes","No","321.3","344.4","2026-07-25","60","0","0","0","366","unassigned","N","","",""
"2026-07-28","SS-BAMBOO-NAVY-BLUE-TWIN-4PCS","X004D8Q4NX","B0DDTZ4C2J","SLEEP SANCTUARY 100% Viscose Derived from Bamboo Sheets Twin Size 4pcs – BamBliss Luxury Cooling Sheets for Hot Sleepers - Cloud Soft, 17"" Deep Pocket, Ultra Durable Bed Set (Navy Blue)","New","15","0","0","0","0","2","13","0","0","USD","0","3","5","5","","54.99","0.0","54.99","0.0","NoRestockExcessActionRequired","","0.0","0","0","945.14","0.27","0.202365","cubic feet","Standard","3.035475","US","gl_home","86667","244","15","20","39","52.69","0.0","164.97","281.95","281.95","0","0","0","15","0","19.01","0","0","0","0","","0","0","0","0.0","0","0.0","0","0.0","8","8.82","7","8.07","0","0.0","0","0.0","0","0.0","334.0","3","Excess","","","2026-07-27","Yes","No","169.0","334.0","2026-07-25","15","0","0","0","244","unassigned","N","","",""
"2026-07-28","SL-CLG-COMF-BLUE/DARK-GREY-FULL","X004ZEZ1YX","B0GHSH1BJK","SLEEPHORIA Cooling Comforter - BreezeWeave Cooling Blanket Full Size for Hot Sleepers & Deep Rest - Cloud Soft, Breathable, Ultra Durable, Easy Care, Reversible - 86 x 82 in (Blue & Dark Grey)","New","20","4","0","25","0","0","0","0","0","USD","4","5","5","5","","59.99","0.0","54.99","0.0","Edit listing","","","0","0","","0.13","0.571423","cubic feet","Standard","11.42846","US","gl_home","67231","38","0","16","52","54.99","219.96","309.95","309.95","309.95","0","8","17","0","0","","0","0","0","0","","0","0","","","","","","","","","","","","","","","","","177.8","16","Healthy","","","2026-07-27","Yes","No","73.4","177.8","2026-07-25","24","0","0","0","38","unassigned","N","","",""
"2026-07-28","SL-COOLING-SHEET-QUEEN-REGAL-PURPLE","X004OCWKNL","B0F7LY4DSG","SLEEPHORIA Cooling Sheets - BreezeWeave 4 PC Queen Size Cooling Bed Sheets for Hot Sleepers & Deep, Cool Rest - Cloud Soft, Silky Smooth, 16 in Deep Pocket, Ultra Durable (Regal Purple)","New","90","91","0","184","0","0","0","0","0","USD","9","13","13","14","","64.99","0.0","64.99","0.0","NoRestockExcessActionRequired","","0.0","0","0","0.0","0.3","0.320047","cubic feet","Standard","28.80423","US","gl_home","82219","173","0","27","83","64.99","584.91","844.87","844.87","909.86","184","0","0","0","0","44.23","0","0","0","0","","1","0","","","","","","","","","","","","","","","","","171.3","55","Healthy","","","2026-07-27","Yes","No","171.3","145.4","2026-07-25","181","0","1","0","174","unassigned","N","","",""
"2026-07-28","LINEN-CURTAIN-52x96-LIGHT-BEIGE-2-PCS","X004NSHDQF","B0F639YZ3D","DECOLURE Linen Blackout Curtains - SunShield 96 Inches Long Black Out Curtains for Living Room and Bedroom Windows - Luxury Faux Linen, 2 Panels Set, Ultra Durable - 96 Length x 52 in (Light Beige)","New","78","0","0","9","0","0","69","0","0","USD","0","2","2","2","Low traffic","32.99","0.0","32.99","0.0","Advertise listing","","28.06","41","0","6004.76","0.03","0.271391","cubic feet","Standard","21.168498","US","gl_home","456744","366","78","156","507","32.99","0.0","65.98","65.98","65.98","0","0","9","0","69","153.43","0","0","0","0","","0","0","0","0.0","0","0.0","0","0.0","0","0.0","0","0.0","27","43.23","42","78.63","0","0.0","3455.5","4","Excess","","","2026-07-27","Yes","No","1177.0","3455.5","2026-07-25","78","0","0","0","366","unassigned","N","","",""
"2026-07-28","SL-BOHO-BLANKET-BUTTERFLY-60x80-1-PC","X004ZA3I33","B0GGT3PZ8K","SLEEPHORIA 100% Uzbek Cotton Boho Throw Blanket - Heavyweight Cotton Throw Blanket for Bed - Reversible Woven Vintage Floral Decorative for Couch Sofa - Soft Bohemian 60"" x 80"" (Butterfly)","New","955","1","0","956","0","0","0","0","0","USD","","","","","Low traffic","34.99","0.0","34.99","0.0","Advertise listing","","","0","0","","0.0","0.442477","cubic feet","Standard","422.565535","US","gl_home","","366","0","","","34.99","","","","","0","356","600","0","0","","0","0","0","0","","8","4","","","","","","","","","","","","","","","","","2014.1","","","","","2026-07-27","Yes","No","991.3","2014.1","2026-07-25","956","8","0","0","366","unassigned","N","","",""
"2026-07-28","SS-SATIN-BABY-BLUE-QUEEN-4PCS","X004D7K9C1","B0DDRFM554","SLEEP SANCTUARY Satin Sheets Queen Size – 4 Piece Luxury Silky Bed Set, Softer Than Silk, 15"" Deep Pocket, Cooling & Wrinkle-Free, Moisture-Wicking & Breathable for Hair & Skin (Baby Blue)","","0","0","0","3","4","0","0","0","0","USD","6","41","61","113","","0.0","0.0","0.0","0.0","CreateShippingPlan","","","0","0","","1.85","0.319041","cubic feet","Standard","0.0","US","gl_home","8682","0","0","0","0","27.56","174.36","1308.37","1987.37","3768.77","0","2","1","0","0","","0","0","0","0","","0","0","","","","","","","","","","","","","","","","","45.4","98","Out of stock","202","2026-07-28","2026-07-27","Yes","No","17.4","45.4","2026-07-25","0","0","0","0","0","unassigned","N","","",""
"2026-07-28","CHAIR MAT-MODERN BLACK","X0043CNZJF","B0CRM28D2Y","DECOLURE Office Chair Mat for Hardwood Floor, 36""x48"", Computer Desk Chair Mat for Hard Floor, Desk Rug for Home, Noise Reducing Rolling Chair Mat, Smooth Anti-Slip Floor Protector (Modern Black)","New","222","0","0","0","0","0","0","0","222","USD","","","","","Low traffic","38.95","0.0","38.95","0.0","Create removal order","","0.0","0","0","16028.19","0.0","0.255208","cubic feet","Oversize","56.656176","US","gl_office_product","1269349","366","222","","","38.95","","","","","0","0","0","0","0","475.27","0","0","0","0","","0","0","0","0.0","0","0.0","0","0.0","0","0.0","0","0.0","0","0.0","0","0.0","222","447.59","","","Excess","","","","","","","","2026-07-25","222","0","0","0","366","unassigned","N","","",""
"2026-07-28","SATIN-3PC-TWIN-NAVY BLUE","X0042VL7JH","B0CQRZ6KRR","DECOLURE Satin Bed Sheets - 3 Piece Luxury Silky Twin Size Bedding Set - Softer Than Silk, Wrinkle-Free with 15” Deep Pocket Fitted Sheet, Perfect for Hair & Skin, Gifts for Women (Navy Blue)","New","42","19","0","1","50","10","0","0","0","USD","8","23","32","43","","25.95","0.0","25.95","0.0","NoRestockExcessActionRequired","","0.0","0","0","10.54","0.47","0.185385","cubic feet","Standard","7.78617","US","gl_home","4372","133","0","7","12","25.95","209.4","606.3","864.46","1169.29","0","0","1","10","0","12.89","0","0","0","0","","1","0","54","5.0","4","0.74","0","0.0","0","0.0","0","0.0","0","0.0","0","0.0","0","0.0","195.7","23","Healthy","","","2026-07-27","Yes","No","100.7","195.7","2026-07-25","61","0","1","0","135","unassigned","N","","",""
"2026-07-28","SATIN-FITTED-TWIN-IVORY","X004CBT2XP","B0DBW6FW27","DECOLURE Satin Fitted Sheet Twin Size (1 PC) – Luxuriously Smooth & Softer Than Silk Bed Sheets w/ 15 Inch Deep Pocket Hypoallergenic Wrinkle Free, Secure Snug Fit, Elastic Corner Straps (Ivory)","New","69","1","0","64","0","8","0","0","0","USD","9","21","37","61","","16.95","0.0","16.95","0.0","NoRestockExcessActionRequired","","0.0","0","0","6.6","0.79","0.130499","cubic feet","Standard","9.004431","US","gl_home","9976","238","0","13","14","16.95","152.55","326.05","596.37","899.61","42","22","0","8","0","16.73","0","0","0","0","","2","0","1","0.07","7","0.91","0","0.0","0","0.0","0","0.0","0","0.0","0","0.0","0","0.0","114.4","20","Healthy","","","2026-07-27","Yes","No","114.4","114.0","2026-07-25","70","2","0","0","244","unassigned","N","","",""
"2026-07-28","SATIN-CHAMPAGNE-FULL","X003RX7APB","B0BZPYNXPB","DECOLURE Satin Bed Sheets - 4 Piece Luxury Silky Full Size Bedding Set - Softer Than Silk, Wrinkle-Free with 15” Deep Pocket Fitted Sheet, Perfect for Hair & Skin, Gifts for Women (Champagne)","New","90","37","0","76","2","6","3","4","38","USD","5","14","34","48","","26.95","0.0","26.95","0.0","NoRestockExcessActionRequired","","0.0","0","0","156.25","0.43","0.189827","cubic feet","Standard","17.08443","US","gl_home","4372","275","50","25","24","26.95","134.75","401.38","988.62","1422.86","44","8","24","8","1","149.0","0","0","0","0","","1","0","1","0.09","6","1.14","0","0.0","0","0.0","2","2.16","0","0.0","4","5.24","39","58.5","250.5","30","Excess","","","2026-07-27","Yes","No","221.9","250.5","2026-07-25","127","1","0","0","278","unassigned","N","","",""
"2026-07-28","LINEN-CURTAIN-52x90-NATURAL-2-PCS","X004NSU7QD","B0F639T5K2","DECOLURE Linen Blackout Curtains - SunShield 90 Inches Long Black Out Curtains for Living Room and Bedroom Windows - Luxury Faux Linen, 2 Panels Set, Ultra Durable - 90 Length x 52 in (Natural)","New","29","0","0","0","1","0","29","0","0","USD","0","0","0","0","Low traffic","32.99","0.0","32.99","0.0","Lower price","","0.0","0","0","1798.5","0.0","0.232704","cubic feet","Standard","6.748416","US","gl_home","456744","366","29","","","22.99","0.0","0.0","0.0","0.0","0","0","0","0","29","46.84","0","0","0","0","","2","0","0","0.0","0","0.0","0","0.0","0","0.0","0","0.0","12","16.46","17","27.34","0","0.0","","3","Excess","","","","","","","","2026-07-25","29","1","1","0","366","unassigned","N","","",""
"2026-07-28","LINEN-CURTAIN-52x90-IVORY-2-PCS","X004NSXDMD","B0F639VT23","DECOLURE Linen Blackout Curtains - SunShield 90 Inches Long Black Out Curtains for Living Room and Bedroom Windows - Luxury Faux Linen, 2 Panels Set, Ultra Durable - 90 Length x 52 in (Ivory)","New","37","0","0","0","0","0","38","0","0","USD","0","0","2","2","Low traffic","32.99","0.0","32.99","0.0","Create removal order","","31.99","9","0","1977.89","0.05","0.199952","cubic feet","Standard","7.398224","US","gl_home","456744","366","37","","240","32.99","0.0","0.0","65.98","65.98","0","0","0","0","38","54.58","0","0","0","0","","0","0","0","0.0","0","0.0","0","0.0","0","0.0","0","0.0","8","9.44","30","41.4","0","0.0","","2","Excess","","","","","","","1750.5","2026-07-25","37","0","0","0","366","unassigned","N","","",""
"2026-07-28","SATIN-4PC-KING-LAVENDER","X0042WNOFL","B0CQRX1Q8Z","DECOLURE Satin Bed Sheets - 4 Piece Luxury Silky King Size Bedding Set - Softer Than Silk, Wrinkle-Free with 15” Deep Pocket Fitted Sheet, Perfect for Hair & Skin, Gifts for Women (Lavender)","New","21","1","0","22","0","0","0","0","0","USD","2","27","33","48","","52.95","0.0","52.95","0.0","CreateShippingPlan","","","0","0","","2.58","0.261105","cubic feet","Standard","5.483205","US","gl_home","4372","26","0","3","5","52.95","64.49","983.37","1156.53","1639.42","22","0","0","0","0","","0","0","0","0","","2","0","","","","","","","","","","","","","","","","","30.9","52","Low stock","88","2026-08-04","2026-07-27","Yes","No","30.9","24.1","2026-07-25","22","2","0","0","28","unassigned","N","","",""
"2026-07-28","SATIN-KING-PURPLE","X002J0NE3F","B0839LKZV9","DECOLURE Satin Bed Sheets - 4 Piece Luxury Silky King Size Bedding Set - Softer Than Silk, Wrinkle-Free with 15” Deep Pocket Fitted Sheet, Perfect for Hair & Skin, Gifts for Women (Purple)","New","0","1","0","1","0","0","0","0","0","USD","2","30","84","157","","33.95","0.0","33.95","0.0","CreateShippingPlan","","0.0","0","0","0.0","2.3","0.236339","cubic feet","Standard","0.0","US","gl_home","4372","0","0","0","0","33.95","67.9","1016.8","2831.4","5291.31","1","0","0","0","0","0.04","0","0","0","0","","0","0","","","","","","","","","","","","","","","","","36.1","82","Low stock","199","2026-08-04","2026-07-27","Yes","No","7.4","36.1","2026-07-25","1","0","0","0","0","unassigned","N","","",""
"2026-07-28","BAMBOO-QUEEN-SAGE GREEN-6PCS","X00438NUNP","B0CQ3CDRTN","DECOLURE 100% Viscose Derived from Bamboo Sheets Queen Size - Luxury 6 Pc Naturally Cooling Sheets, Ultra Soft Bed Set - Deep 17"" Pockets, Durable Double Stitching, Oeko Tex Standard (Sage Green)","New","200","55","0","75","15","171","0","0","0","USD","14","69","172","252","","84.99","0.0","84.98","0.0","CreateShippingPlan","","0.0","0","0","0.0","0.7","0.261943","cubic feet","Standard","52.3886","US","gl_home","9357","187","0","11","10","76.49","1129.78","5412.65","13184.98","19379.43","67","3","5","171","0","120.12","0","0","0","0","","3","0","11","1.44","4","1.04","162","63.65","0","0.0","0","0.0","0","0.0","0","0.0","0","0.0","112.3","121","Healthy","","","2026-07-27","Yes","No","70.0","112.3","2026-07-25","255","1","1","1","189","unassigned","N","","",""
"2026-07-28","SL-CLG-COMF-BLUE/LIGHT-GREY-TWIN","X004OD03Q1","B0F7M5S7FT","SLEEPHORIA Cooling Comforter - BreezeWeave Cooling Blanket Twin Size for Hot Sleepers & Deep Rest - Cloud Soft, Breathable, Ultra Durable, Easy Care, Reversible - 68 x 90 in (Blue & Light Grey)","New","49","0","0","49","0","0","0","0","0","USD","1","3","10","11","","61.99","0.0","61.99","0.0","NoExcessInventory","","0.0","0","0","0.0","0.29","0.624086","cubic feet","Standard","30.580214","US","gl_home","67231","244","0","65","57","61.99","54.99","164.97","533.4","588.39","2","12","35","0","0","37.68","0","0","0","0","","0","0","","","","","","","","","","","","","","","","","302.6","6","Healthy","","","2026-07-27","Yes","No","302.6","296.7","2026-07-25","49","0","0","0","244","unassigned","N","","",""
"2026-07-28","SATIN-QUEEN-BLUE-6PCS","X003UMBNDJ","B0C7FJ461D","DECOLURE Satin Bed Sheets - 6 Piece Luxury Silky Queen Size Bedding Set - Softer Than Silk, Wrinkle-Free with 15” Deep Pocket Fitted Sheet, Perfect for Hair & Skin, Gifts for Women (Blue)","New","110","1","0","55","50","12","0","0","0","USD","4","26","53","75","","30.95","0.0","30.95","0.0","NoRestockExcessActionRequired","","0.0","0","0","29.81","0.54","0.219769","cubic feet","Standard","24.17459","US","gl_home","15592","156","0","16","19","30.95","126.79","826.49","1681.14","2401.04","0","13","42","12","0","43.14","0","0","0","0","","4","0","43","4.73","0","0.0","0","0.0","0","0.0","0","0.0","0","0.0","0","0.0","0","0.0","166.9","48","Healthy","","","2026-07-27","Yes","No","139.3","166.9","2026-07-25","111","2","2","0","162","unassigned","N","","",""
"2026-07-28","LINEN-CURTAIN-52x108-BEIGE-2-PCS","X004NSMYWD","B0F6371Q67","DECOLURE Linen Blackout Curtains - SunShield 108 Inches Long Black Out Curtains for Living Room and Bedroom Windows - Luxury Faux Linen, 2 Panels Set, Ultra Durable - 108 Length x 52 in (Beige)","New","26","0","0","0","0","0","26","0","0","USD","","","","","Low traffic","34.99","0.0","34.99","0.0","Create removal order","","0.0","0","0","1387.61","0.0","0.199952","cubic feet","Standard","5.198752","US","gl_home","456744","","26","","","24.49","","","","","0","0","0","0","26","36.29","0","0","0","0","26","0","0","0","0.0","0","0.0","0","0.0","0","0.0","0","0.0","16","18.88","10","13.8","0","0.0","","","Excess","","","","","","","","2026-07-25","26","0","0","0","","unassigned","N","","",""
"2026-07-28","SL-QUILT-SET-KING-LIGHT-GREY","X004R3N4JV","B0FGZ6PCS1","SLEEPHORIA King Quilt Bedding Set - Cloud Soft All-Season Bedspread 3 PC w/Shams, Bed Quilt King Size Coverlet - Oversized, Light Weight, Ultra Durable, Easy Care - 106 x 96 in (Light Grey)","New","445","0","0","7","1","13","425","0","0","USD","3","12","15","15","","39.99","0.0","35.99","0.0","Edit listing","","0.0","0","0","86270.51","0.03","0.729089","cubic feet","Oversize","324.444605","US","gl_home","97758","366","445","148","385","35.99","107.97","440.88","544.85","544.85","3","3","1","438","0","1965.64","0","0","0","0","","4","1","3","1.09","3","2.19","6","6.56","2","7.95","425","1766.23","0","0.0","0","0.0","0","0.0","3197.9","8","Excess","","","2026-07-27","Yes","No","1140.6","3197.9","2026-07-25","445","2","2","0","366","unassigned","N","","",""
"2026-07-28","SL-COOLING-FITTED-FULL-CREAM","X004OD84UD","B0F7M664QG","SLEEPHORIA Cooling Fitted Sheet Full Size - 1 PC BreezeWeave Cooling Sheets for Hot Sleepers & Cool Rest w/ 16 in Deep Pocket - Corner Straps, Cloud Soft, Ultra Durable - 52 x 72 in (Cream)","New","31","0","0","2","0","0","32","0","0","USD","3","17","21","31","","31.99","0.0","29.99","0.0","Create Outlet deal","","16.49","2","0","1016.34","0.61","0.138","cubic feet","Standard","4.278","US","gl_home","26032","91","31","7","13","31.99","89.97","485.83","607.79","887.69","0","0","2","0","32","31.26","0","0","0","0","","2","0","0","0.0","0","0.0","0","0.0","0","0.0","0","0.0","0","0.0","32","30.46","0","0.0","149.8","17","Excess","","","2026-07-27","Yes","No","71.7","149.8","2026-07-25","31","0","2","0","98","unassigned","N","","",""
"2026-07-28","SILK-PILLOWCASE-KING-WHITE-1PCS","X004CA0CNF","B0DBR8Y5Y2","DECOLURE 100% Pure Mulberry Silk Pillow Case King Size – Highest Grade 30 Momme 6A+, Luxuriously Soft & Cooling Silk Pillowcase for Hair & Skin, Hypoallergenic, Breathable, Hidden Zipper (White)","New","256","0","0","259","0","0","0","0","0","USD","7","40","64","111","","54.95","0.0","54.95","0.0","NoExcessInventory","","0.0","0","0","0.0","0.69","0.039977","cubic feet","Standard","10.234112","US","gl_home","217093","307","0","25","29","54.95","384.65","2178.75","3382.05","5818.9","8","251","0","0","0","8.28","0","0","0","0","","2","0","","","","","","","","","","","","","","","","","213.9","52","Healthy","","","2026-07-27","Yes","No","213.9","115.2","2026-07-25","256","1","1","0","310","unassigned","N","","",""
"2026-07-28","SS-SATIN-STRIPED-BLUE-TWIN-3PCS","X004D7K8OZ","B0DDR9XL62","SLEEP SANCTUARY Satin Sheets Twin Size – 3 Piece Luxury Silky Bed Set, Softer Than Silk, 15"" Deep Pocket, Cooling & Wrinkle-Free, Moisture-Wicking & Breathable for Hair & Skin (Striped Blue)","New","38","0","0","0","0","0","0","0","39","USD","2","2","3","4","","29.95","27.95","23.96","0.0","Edit listing","","0.0","0","0","1364.77","0.07","0.128822","cubic feet","Standard","4.895236","US","gl_home","8682","366","38","76","123","29.95","47.92","47.92","83.87","113.82","0","0","0","0","0","42.05","0","0","0","0","","0","0","0","0.0","0","0.0","0","0.0","0","0.0","0","0.0","0","0.0","0","0.0","39","39.7","1215.3","4","Excess","","","2026-07-27","Yes","No","1195.0","1215.3","2026-07-25","38","0","0","0","366","unassigned","N","","",""
"2026-07-28","SS-BAMBOO-BURGUNDY-TWIN-4PCS","X004D8VMLR","B0DDV12K7H","SLEEP SANCTUARY 100% Viscose Derived from Bamboo Sheets Twin Size 4pcs – BamBliss Luxury Cooling Sheets for Hot Sleepers - Cloud Soft, 17"" Deep Pocket, Ultra Durable Bed Set (Burgundy)","New","13","0","0","1","1","1","10","0","0","USD","0","0","2","4","Low conversion","54.99","0.0","54.99","0.0","NoRestockExcessActionRequired","","0.0","0","0","957.86","0.29","0.202365","cubic feet","Standard","2.630745","US","gl_home","86667","207","13","","42","54.99","0.0","0.0","116.98","226.96","1","0","0","11","0","14.43","0","0","0","0","","0","0","2","0.2","0","0.0","0","0.0","6","6.62","4","4.61","0","0.0","0","0.0","0","0.0","","4","Excess","","","","","","","245.2","2026-07-25","13","0","0","0","207","unassigned","N","","",""
"2026-07-28","SS-SATIN-BABY-BLUE-FULL-4PCS","X004D7K8RR","B0DDR4HJCS","SLEEP SANCTUARY Satin Sheets Full Size – 4 Piece Luxury Silky Bed Set, Softer Than Silk, 15"" Deep Pocket, Cooling & Wrinkle-Free, Moisture-Wicking & Breathable for Hair & Skin (Baby Blue)","New","81","12","0","1","3","2","89","0","0","USD","11","35","53","66","","31.95","29.95","25.76","0.0","NoRestockExcessActionRequired","","0.0","0","0","464.65","0.48","0.246137","cubic feet","Standard","19.937097","US","gl_home","8682","118","68","9","15","29.95","304.55","1020.28","1552.26","1967.61","0","1","0","91","0","130.84","0","0","0","0","","3","0","2","0.25","0","0.0","1","0.37","89","119.4","0","0.0","0","0.0","0","0.0","0","0.0","195.3","51","Excess","16","2026-08-04","2026-07-27","Yes","No","89.8","195.3","2026-07-25","93","3","0","0","121","unassigned","N","","",""
"2026-07-28","BAMBOO-FULL-SAGE GREEN","X0040HMSOL","B0CLKFLJMZ","DECOLURE 100% Viscose Derived from Bamboo Sheets Full Size - Luxury 4 Pc Naturally Cooling Sheets, Ultra Soft Bed Set - Deep 17"" Pockets, Durable Double Stitching, Oeko Tex Standard (Sage Green)","New","102","2","0","1","3","100","0","0","0","USD","6","18","36","50","","69.99","0.0","61.73","0.0","NoRestockExcessActionRequired","","0.0","0","0","0.0","0.38","0.252785","cubic feet","Standard","25.78407","US","gl_home","9485","265","0","22","26","69.99","370.38","1156.6","2293.95","3183.04","1","0","0","100","0","148.03","0","0","0","0","","1","0","2","0.25","1","0.25","2","0.76","97","133.69","0","0.0","0","0.0","0","0.0","0","0.0","203.4","26","Healthy","","","2026-07-27","Yes","No","147.7","203.4","2026-07-25","104","1","0","0","268","unassigned","N","","",""
"2026-07-28","SS-SATIN-STRIPED-RED-KING-4PCS","X004D7LWR7","B0DDRDMJCT","SLEEP SANCTUARY Satin Sheets King Size – 4 Piece Luxury Silky Bed Set, Softer Than Silk, 15"" Deep Pocket, Cooling & Wrinkle-Free, Moisture-Wicking & Breathable for Hair & Skin (Striped Red)","New","40","0","0","0","0","0","0","0","43","USD","4","7","11","15","","35.95","33.95","29.36","0.0","NoRestockExcessActionRequired","","0.0","0","0","789.84","0.29","0.294616","cubic feet","Standard","11.78464","US","gl_home","8682","210","29","22","34","33.95","117.44","221.7","351.93","495.73","0","0","0","0","0","97.89","0","0","0","0","","1","0","0","0.0","0","0.0","0","0.0","0","0.0","0","0.0","0","0.0","0","0.0","43","100.08","337.4","16","Excess","","","2026-07-27","Yes","No","180.8","337.4","2026-07-25","40","1","0","0","216","unassigned","N","","",""
"2026-07-28","SATIN-FITTED-TWIN-WHITE","X004CBVFCV","B0DBVZSNZ4","DECOLURE Satin Fitted Sheet Twin Size (1 PC) – Luxuriously Smooth & Softer Than Silk Bed Sheets w/ 15 Inch Deep Pocket Hypoallergenic Wrinkle Free, Secure Snug Fit, Elastic Corner Straps (White)","New","73","0","0","4","70","0","0","0","0","USD","9","35","54","73","","16.95","0.0","16.94","0.0","NoRestockExcessActionRequired","","0.0","0","0","0.0","0.65","0.130601","cubic feet","Standard","9.533873","US","gl_home","9976","119","0","8","13","16.94","152.46","589.76","950.41","1268.83","0","2","2","0","0","6.02","0","0","0","0","","0","0","","","","","","","","","","","","","","","","","142.8","42","Healthy","10","2026-08-04","2026-07-27","Yes","No","73.4","142.8","2026-07-25","73","0","0","0","119","unassigned","N","","",""
"2026-07-28","SL-QUILT-SET-QUEEN-TAUPE","X004R3N28T","B0FGZXMY7K","SLEEPHORIA Queen Quilt Bedding Set - Cloud Soft All-Season Bedspread 3 PC w/Shams, Bed Quilt Queen Size Coverlet - Oversized, Light Weight, Ultra Durable, Easy Care - 90 x 96 in (Taupe)","New","236","0","0","2","2","7","227","0","0","USD","2","6","6","6","","36.99","0.0","33.29","0.0","Edit listing","","0.0","0","0","41311.28","0.02","0.659205","cubic feet","Oversize","155.57238","US","gl_home","97758","366","236","157","511","33.29","66.58","214.54","214.54","214.54","0","2","0","234","0","934.71","0","0","0","0","","0","0","4","1.32","2","1.32","2","1.98","0","0.0","227","852.94","0","0.0","0","0.0","0","0.0","5475.5","7","Excess","","","2026-07-27","Yes","No","1815.5","5475.5","2026-07-25","236","0","0","0","366","unassigned","N","","",""
"2026-07-28","BAMBOO-KING-MIDGREY-6PCS","X00438TLL5","B0CQ319J1Z","DECOLURE 100% Viscose Derived from Bamboo Sheets King Size - Luxury 6 Pc Naturally Cooling Sheets, Ultra Soft Bed Set - Deep 17"" Pockets, Durable Double Stitching, Oeko Tex Standard (Midgrey)","New","168","6","0","182","0","0","0","0","0","USD","17","83","181","251","","89.99","0.0","89.98","0.0","NoRestockExcessActionRequired","","0.0","0","0","0.0","1.58","0.367236","cubic feet","Standard","61.695648","US","gl_home","9357","204","0","18","19","80.99","1514.69","7334.01","15843.03","21857.43","132","50","0","0","0","34.28","216","0","0","216","","4","0","","","","","","","","","","","","","","","","","66.0","61","Healthy","","","2026-07-27","Yes","No","66.0","57.1","2026-07-25","390","4","0","0","206","unassigned","N","","",""
"2026-07-28","SATIN-FITTED-FULL-BLUSH-PINK","X004CBS4ON","B0DBVZNLSM","DECOLURE Satin Fitted Sheet Full Size (1 PC) – Luxuriously Smooth & Softer Than Silk Bed Sheets w/ 15 Inch Deep Pocket Hypoallergenic Wrinkle Free, Secure Snug Fit, Elastic Corner Straps (Blush Pink)","New","87","1","0","0","1","42","50","0","0","USD","10","24","43","51","","17.95","0.0","17.94","0.0","NoRestockExcessActionRequired","","0.0","0","0","3.88","0.39","0.137325","cubic feet","Standard","11.947275","US","gl_home","9976","136","0","14","22","17.94","179.4","427.98","761.53","909.13","0","0","0","92","0","58.11","0","0","0","0","","4","0","0","0.0","2","0.27","20","4.12","70","52.39","0","0.0","0","0.0","0","0.0","0","0.0","210.0","31","Healthy","","","2026-07-27","Yes","No","115.6","210.0","2026-07-25","88","2","2","0","143","unassigned","N","","",""
"2026-07-28","SL-QUILT-SET-KING-NAVY-BLUE","X004R3SISN","B0FGZMRVY7","SLEEPHORIA King Quilt Bedding Set - Cloud Soft All-Season Bedspread 3 PC w/Shams, Bed Quilt King Size Coverlet - Oversized, Light Weight, Ultra Durable, Easy Care - 106 x 96 in (Navy Blue)","New","140","0","0","0","0","4","146","0","0","USD","6","17","19","20","","39.99","0.0","35.99","0.0","Edit listing","","0.0","0","0","31267.32","0.11","0.842757","cubic feet","Oversize","117.98598","US","gl_home","97758","366","140","32","91","35.99","215.94","647.83","711.81","751.8","0","0","0","150","0","713.91","0","0","0","0","","3","0","3","1.26","1","0.84","0","0.0","0","0.0","146","701.34","0","0.0","0","0.0","0","0.0","1057.3","7","Excess","","","2026-07-27","Yes","No","362.2","1057.3","2026-07-25","140","1","2","0","366","unassigned","N","","",""
"2026-07-28","SS-SATIN-TAUPE-QUEEN-4PCS","X004D7EX8R","B0DDR4V4XB","SLEEP SANCTUARY Satin Sheets Queen Size – 4 Piece Luxury Silky Bed Set, Softer Than Silk, 15"" Deep Pocket, Cooling & Wrinkle-Free, Moisture-Wicking & Breathable for Hair & Skin (Taupe)","New","176","0","0","120","26","13","18","0","3","USD","9","21","29","40","","33.95","31.95","30.94","0.0","Edit listing","","0.0","0","0","1399.74","0.23","0.293941","cubic feet","Standard","51.733616","US","gl_home","8682","366","157","33","57","33.95","287.47","681.26","966.07","1339.52","0","24","96","31","0","128.38","0","0","0","0","","1","0","2","0.29","0","0.0","6","2.64","18","28.83","6","10.05","0","0.0","0","0.0","3","6.97","436.0","35","Excess","","","2026-07-27","Yes","No","303.1","436.0","2026-07-25","176","1","0","0","366","unassigned","N","","",""
"2026-07-28","SL-COOLING-SHEET-TWIN-NAVY-BLUE","X004OD4MHR","B0F7LYVZMY","SLEEPHORIA Cooling Sheets - BreezeWeave 3 PC Twin Size Cooling Bed Sheets for Hot Sleepers & Deep, Cool Rest - Cloud Soft, Silky Smooth, 16 in Deep Pocket, Ultra Durable (Navy Blue)","New","63","18","0","81","0","0","0","0","0","USD","2","6","32","60","","49.99","0.0","49.99","0.0","NoRestockExcessActionRequired","","0.0","0","0","235.57","1.44","0.23504","cubic feet","Standard","14.80752","US","gl_home","82219","212","0","42","13","49.98","99.98","297.44","1594.68","3085.4","81","0","0","0","0","13.11","0","0","0","0","","0","0","","","","","","","","","","","","","","","","","130.6","31","Healthy","","","2026-07-27","Yes","No","130.6","44.5","2026-07-25","81","0","0","0","212","unassigned","N","","",""
"2026-07-28","SS-SATIN-BLUSH-PINK-FULL-4PCS","X004D7HDMP","B0DDR6TLF6","SLEEP SANCTUARY Satin Sheets Full Size – 4 Piece Luxury Silky Bed Set, Softer Than Silk, 15"" Deep Pocket, Cooling & Wrinkle-Free, Moisture-Wicking & Breathable for Hair & Skin (Blush Pink)","New","127","1","0","1","1","0","1","0","128","USD","7","22","27","34","","31.95","29.95","22.45","0.0","NoRestockExcessActionRequired","","0.0","0","0","5824.96","0.22","0.257601","cubic feet","Standard","32.715327","US","gl_home","8682","366","114","23","48","31.95","167.08","614.43","767.79","994.44","1","0","0","0","1","277.85","0","0","0","0","","2","0","0","0.0","0","0.0","0","0.0","0","0.0","0","0.0","1","1.52","0","0.0","128","260.54","389.9","20","Excess","","","2026-07-27","Yes","No","218.3","389.9","2026-07-25","128","1","1","0","366","unassigned","N","","",""
"2026-07-28","SL-COOLING-FITTED-KING-LIGHT-PINK","X004OD56R7","B0F7M5CDV3","SLEEPHORIA Cooling Fitted Sheet King Size - 1 PC BreezeWeave Cooling Sheets for Hot Sleepers & Cool Rest w/ 16 in Deep Pocket - Corner Straps, Cloud Soft, Ultra Durable - 73 x 77 in (Light Pink)","","0","0","0","1","0","0","0","0","0","USD","0","14","65","91","","0.0","0.0","0.0","0.0","CreateShippingPlan","","","0","0","","2.06","0.175523","cubic feet","Standard","0.0","US","gl_home","26032","0","0","0","0","34.99","0.0","461.86","2202.7","3065.44","1","0","0","0","0","","0","0","0","0","","1","0","","","","","","","","","","","","","","","","","43.1","39","Out of stock","64","2026-07-26","2026-07-27","Yes","No","4.5","43.1","2026-07-25","0","0","1","0","10","unassigned","N","","",""
"2026-07-28","SS-BAMBOO-PURPLE-TWIN-4PCS","X004D8TOFX","B0DDTZJVSL","SLEEP SANCTUARY 100% Viscose Derived from Bamboo Sheets Twin Size 4pcs – BamBliss Luxury Cooling Sheets for Hot Sleepers - Cloud Soft, 17"" Deep Pocket, Ultra Durable Bed Set (Purple)","New","14","0","0","0","0","0","14","0","0","USD","0","1","5","10","","54.99","0.0","54.99","0.0","NoRestockExcessActionRequired","","0.0","0","0","894.46","0.55","0.202365","cubic feet","Standard","2.83311","US","gl_home","86667","292","14","56","18","54.99","0.0","54.99","268.2","543.15","0","0","0","14","0","17.82","0","0","0","0","","0","0","0","0.0","0","0.0","0","0.0","6","6.62","8","9.22","0","0.0","0","0.0","0","0.0","215.5","3","Excess","","","2026-07-27","Yes","No","215.5","160.9","2026-07-25","14","0","0","0","292","unassigned","N","","",""
"2026-07-28","SL-COOLING-SHEET-CAL-KING-BEIGE","X004OD1C2Z","B0F7LXFGLX","SLEEPHORIA Cooling Sheets - BreezeWeave 4 PC California King Size Cooling Bed Sheets for Hot Sleepers & Deep, Cool Rest - Cloud Soft, Silky Smooth, 16 in Deep Pocket, Ultra Durable (Beige)","New","14","36","0","53","0","0","0","0","0","USD","4","7","7","7","","69.99","0.0","69.99","0.0","NoRestockExcessActionRequired","","0.0","0","0","568.62","0.53","0.322887","cubic feet","Standard","4.520418","US","gl_home","82219","283","0","8","26","69.99","279.96","489.93","489.93","489.93","53","0","0","0","0","15.04","0","0","0","0","","1","0","","","","","","","","","","","","","","","","","107.2","10","Healthy","","","2026-07-27","Yes","No","106.8","107.2","2026-07-25","50","1","0","0","289","unassigned","N","","",""
"2026-07-28","SATIN-KING-BLACK","X002IU8OOP","B0839LD2WQ","DECOLURE Satin Bed Sheets - 4 Piece Luxury Silky King Size Bedding Set - Softer Than Silk, Wrinkle-Free with 15” Deep Pocket Fitted Sheet, Perfect for Hair & Skin, Gifts for Women (Black)","New","91","4","0","126","0","0","0","0","0","USD","66","224","358","610","","33.95","0.0","31.95","0.0","CreateShippingPlan","","0.0","0","0","0.0","3.2","0.288388","cubic feet","Standard","26.243308","US","gl_home","4372","9","0","1","1","31.95","2119.79","7428.09","11764.21","20456.91","126","0","0","0","0","4.92","0","0","0","0","","13","0","","","","","","","","","","","","","","","","","27.8","310","Low stock","823","2026-08-04","2026-07-27","No","Yes","27.8","23.3","2026-07-25","95","6","7","0","10","unassigned","N","","",""
"2026-07-28","SS-BAMBOO-CHARCOAL-FULL-6PCS","X004D8I3K5","B0DDTZ27T7","SLEEP SANCTUARY 100% Viscose Derived from Bamboo Sheets Full 6pcs – BamBliss Luxury Cooling Sheets for Hot Sleepers - Cloud Soft, 17"" Deep Pocket, Ultra Durable Bed Set (Charcoal)","New","52","0","0","0","0","0","52","0","0","USD","0","1","3","4","","66.99","0.0","66.99","0.0","Edit listing","","52.48","52","0","4471.23","0.09","0.298001","cubic feet","Standard","15.496052","US","gl_home","86667","366","52","208","169","66.99","0.0","59.99","177.97","237.96","0","0","0","52","0","98.24","0","0","0","0","","0","0","0","0.0","0","0.0","0","0.0","12","19.48","40","67.94","0","0.0","0","0.0","0","0.0","1571.0","4","Excess","","","2026-07-27","Yes","No","1571.0","978.0","2026-07-25","52","0","0","0","366","unassigned","N","","",""
"2026-07-28","LINEN-CURTAIN-52x96-LINEN-2-PCS","X004NSMYLJ","B0F6393JBD","DECOLURE Linen Blackout Curtains - SunShield 96 Inches Long Black Out Curtains for Living Room and Bedroom Windows - Luxury Faux Linen, 2 Panels Set, Ultra Durable - 96 Length x 52 in (Linen)","New","100","0","0","0","0","0","100","0","0","USD","","","","","Low traffic","32.99","0.0","32.99","0.0","Create removal order","","31.99","9","0","7140.98","0.0","0.270485","cubic feet","Standard","27.0485","US","gl_home","456744","","100","","","32.99","","","","","0","0","0","0","100","193.25","0","0","0","0","100","0","0","0","0.0","0","0.0","0","0.0","0","0.0","0","0.0","45","71.82","55","102.66","0","0.0","","","Excess","","","","","","","","2026-07-25","100","0","0","0","","unassigned","N","","",""
"2026-07-28","SATIN-4PC-FULL-SAGE GREEN","X0042VNNT9","B0CQRY9WLG","DECOLURE Satin Bed Sheets - 4 Piece Luxury Silky Full Size Bedding Set - Softer Than Silk, Wrinkle-Free with 15” Deep Pocket Fitted Sheet, Perfect for Hair & Skin, Gifts for Women (Sage Green)","New","103","0","0","62","42","0","0","0","0","USD","2","19","28","41","","29.95","0.0","28.45","0.0","NoRestockExcessActionRequired","","0.0","0","0","0.0","0.39","0.214267","cubic feet","Standard","22.069501","US","gl_home","4372","264","0","21","32","28.45","56.9","560.21","898.84","1281.39","0","18","44","0","0","17.68","0","0","0","0","","0","0","","","","","","","","","","","","","","","","","226.0","26","Healthy","","","2026-07-27","Yes","No","175.9","226.0","2026-07-25","103","0","0","0","264","unassigned","N","","",""
"2026-07-28","SATIN-CHAMPAGNE-TWIN-6PCS","X003UMGG3B","B0C7FLZ6S8","DECOLURE Satin Bed Sheets - 4 Piece Luxury Silky Twin Size Bedding Set - Softer Than Silk, Wrinkle-Free with 15” Deep Pocket Fitted Sheet, Perfect for Hair & Skin, Gifts for Women (Champagne)","New","41","0","0","1","1","1","0","39","0","USD","0","3","4","5","","26.95","0.0","26.95","0.0","Edit listing","","0.0","0","0","2114.53","0.11","0.189495","cubic feet","Standard","7.769295","US","gl_home","15592","366","41","54","106","26.95","0.0","82.45","110.4","145.35","1","0","0","1","0","56.61","0","0","0","0","","1","0","0","0.0","1","0.19","0","0.0","0","0.0","0","0.0","0","0.0","39","51.01","0","0.0","772.8","4","Excess","","","2026-07-27","Yes","No","412.0","772.8","2026-07-25","41","0","1","0","366","unassigned","N","","",""
"2026-07-28","SL-BOHO-BLANKET-OASIS-60x80-1-PC","X004ZA3I3D","B0GGTHTHYH","SLEEPHORIA 100% Uzbek Cotton Boho Throw Blanket - Heavyweight Cotton Throw Blanket for Bed - Reversible Woven Vintage Floral Decorative for Couch Sofa - Soft Bohemian 60"" x 80"" (Oasis)","","0","0","0","8","0","0","0","0","0","USD","","","","","","0.0","0.0","0.0","0.0","NoRestockExcessActionRequired","","","0","0","","0.0","0.453592","cubic feet","Standard","0.0","US","gl_home","","0","0","","","","","","","","0","8","0","0","0","","0","0","0","0","","6","0","","","","","","","","","","","","","","","","","81.5","","","","","2026-07-27","Yes","No","40.2","81.5","2026-07-25","0","0","6","0","79","unassigned","N","","",""
"2026-07-28","BAMBOO-CALIFKING-WHITE-6PCS","X00438DYVX","B0CQ2ZYZJT","DECOLURE 100% Viscose Derived from Bamboo Sheets California King Size - Luxury 6 Pc Naturally Cooling Sheets, Ultra Soft Bed Set - Deep 17"" Pockets, Double Stitching, Oeko Tex Standard (White)","New","143","4","0","149","0","0","0","0","0","USD","15","47","63","103","","89.99","0.0","80.99","0.0","CreateShippingPlan","","0.0","0","0","0.0","1.43","0.325966","cubic feet","Standard","46.613138","US","gl_home","9357","118","0","12","18","80.99","1223.84","3968.43","5321.65","8637.72","134","15","0","0","0","30.01","3","0","0","3","","3","0","","","","","","","","","","","","","","","","","86.1","88","Healthy","16","2026-08-04","2026-07-27","Yes","No","86.1","52.0","2026-07-25","150","3","0","0","119","unassigned","N","","",""
"2026-07-28","SL-COOLING-FITTED-CAL-KING-MIDNGHT-BLACK","X004OD9RLD","B0F7M5393W","SLEEPHORIA Cooling Fitted Sheet Calfornia King Size - 1 PC BreezeWeave Cooling Sheets for Hot Sleepers & Cool Rest w/ 16 in Deep Pocket - Corner Straps, Cloud Soft - 69 x 81 in (Midnight Black)","New","31","0","0","0","0","0","34","0","0","USD","4","10","24","28","","37.99","0.0","35.99","0.0","Create Outlet deal","","19.49","2","0","1692.28","0.55","0.163517","cubic feet","Standard","5.069027","US","gl_home","26032","101","31","12","14","37.99","141.96","347.9","843.76","979.72","0","0","0","0","34","38.49","0","0","0","0","","0","0","0","0.0","0","0.0","0","0.0","0","0.0","0","0.0","0","0.0","34","38.36","0","0.0","166.2","14","Excess","","","2026-07-27","Yes","No","96.7","166.2","2026-07-25","31","0","0","0","101","unassigned","N","","",""
"2026-07-28","WELCOME-SIGN-FRONT-PORCH-DARK-BROWN","X004HYBKZ5","B0DQ81HZ4X","DECOLURE Welcome Sign for Front Porch - Tall Solid Wood Porch Door Sign with 10 Magnetic Seasonal & Holiday Pieces, Rustic Farmhouse Outdoor Decor for Year Round Welcoming Entryway (Dark Brown)","New","79","0","0","0","0","0","0","6","74","USD","1","3","3","4","Low traffic","32.95","0.0","32.95","0.0","Create Outlet deal","","30.36","2","0","7623.69","0.05","0.348563","cubic feet","Oversize","27.536477","US","gl_home","736020","366","79","105","256","32.95","32.95","98.85","98.85","136.8","0","0","0","0","0","231.0","0","0","0","0","","1","0","0","0.0","0","0.0","0","0.0","0","0.0","0","0.0","0","0.0","0","0.0","80","220.3","1856.8","3","Excess","","","2026-07-27","Yes","No","814.3","1856.8","2026-07-25","79","0","1","0","366","unassigned","N","","",""
"2026-07-28","SS-BAMBOO-OLIVE-KING-6PCS","X004D8VMZ3","B0DDTXFRNB","SLEEP SANCTUARY 100% Viscose Derived from Bamboo Sheets King Size 6pcs – BamBliss Luxury Cooling Sheets for Hot Sleepers - Cloud Soft, 17"" Deep Pocket, Ultra Durable Bed Set (Olive)","New","388","14","0","0","3","1","399","0","0","USD","4","19","27","48","","69.99","0.0","69.99","0.0","Edit listing","","0.0","0","0","25497.09","0.11","0.3585","cubic feet","Standard","139.098","US","gl_home","86667","366","368","81","105","69.99","279.96","1316.16","1878.53","3348.32","0","0","0","400","0","894.55","0","0","0","0","","0","0","1","0.18","1","0.36","0","0.0","88","171.94","311","635.51","0","0.0","0","0.0","0","0.0","815.9","23","Excess","","","2026-07-27","Yes","No","650.6","815.9","2026-07-25","402","0","0","0","366","unassigned","N","","",""
"2026-07-28","SL-COOLING-FITTED-QUEEN-GRAPHITE","X004OD07UN","B0F7M87QYF","SLEEPHORIA Cooling Fitted Sheet Queen Size - 1 PC BreezeWeave Cooling Sheets for Hot Sleepers & Cool Rest w/ 16 in Deep Pocket - Corner Straps, Cloud Soft, Ultra Durable - 57 x 77 in (Graphite)","New","150","75","0","232","0","0","0","0","0","USD","13","33","33","34","","33.99","0.0","31.99","0.0","NoExcessInventory","","0.0","0","0","0.0","0.56","0.147012","cubic feet","Standard","22.0518","US","gl_home","26032","114","0","18","57","33.99","415.87","1061.67","1061.67","1091.66","232","0","0","0","0","32.78","0","0","0","0","","3","0","","","","","","","","","","","","","","","","","78.9","112","Healthy","","","2026-07-27","Yes","No","78.9","76.8","2026-07-25","225","3","0","0","115","unassigned","N","","",""
"2026-07-28","LINEN-CURTAIN-52x84-LIGHT-BEIGE-2-PCS","X004NSXDTV","B0F63B2LN7","DECOLURE Linen Blackout Curtains - SunShield 84 Inches Long Black Out Curtains for Living Room and Bedroom Windows - Luxury Faux Linen, 2 Panels Set, Ultra Durable - 84 Length x 52 in (Light Beige)","New","138","0","0","0","0","0","138","0","0","USD","0","1","1","1","Low traffic","29.99","0.0","29.99","0.0","Create removal order","","0.0","0","0","8715.51","0.01","0.238339","cubic feet","Standard","32.890782","US","gl_home","456744","366","138","552","1794","29.99","0.0","17.39","17.39","17.39","0","0","0","0","138","242.62","0","0","0","0","","0","0","0","0.0","0","0.0","0","0.0","0","0.0","0","0.0","30","42.18","108","177.62","0","0.0","12482.0","1","Excess","","","2026-07-27","Yes","No","4142.0","12482.0","2026-07-25","138","0","0","0","366","unassigned","N","","",""
"2026-07-28","SATIN-STRIPE-KING-PINK","X0030KP0CL","B09G6LBQHH","DECOLURE Satin Bed Sheets - 4 Piece Luxury Silky King Size Bedding Set - Softer Than Silk, Wrinkle-Free with 15” Deep Pocket Fitted Sheet, Perfect for Hair & Skin, Gifts for Women (Striped Pink)","New","6","0","0","7","0","0","0","0","0","USD","3","18","46","73","","33.95","0.0","33.95","0.0","CreateShippingPlan","","0.0","0","0","0.0","2.25","0.209395","cubic feet","Standard","1.25637","US","gl_home","4372","14","0","1","1","33.95","98.56","610.99","1649.2","2541.38","0","7","0","0","0","0.29","0","0","0","0","","1","0","","","","","","","","","","","","","","","","","39.0","25","Low stock","43","2026-08-04","2026-07-27","Yes","No","23.8","39.0","2026-07-25","6","1","0","0","17","unassigned","N","","",""
"2026-07-28","SATIN-SEA-TEAL-KING","X003EKAD8N","B0BG22BZJJ","DECOLURE Satin Sheets King Size Set 4 Pcs - Silky & Luxuriously Soft Satin Bed Sheets w/ 15inch Deep Pocket - Similar to Silk Sheets - Double Stitching, Wrinkle Free (Sea Teal-01)","New","4","1","0","0","5","0","0","0","0","USD","0","1","4","7","Low traffic","33.95","0.0","33.95","0.0","GoToRestock","","0.0","0","0","0.0","0.46","0.243424","cubic feet","Standard","0.973696","US","gl_home","1893654","45","0","16","7","33.95","0.0","27.16","129.01","230.86","0","0","0","0","0","0.87","0","0","0","0","","0","0","","","","","","","","","","","","","","","","","48.0","33","Low stock","38","2026-08-03","2026-07-27","Yes","No","39.3","48.0","2026-07-25","5","0","0","0","45","unassigned","N","","",""
"2026-07-28","SILK-PILLOWCASE-QUEEN-GREY-1PCS","X004C9YUYX","B0DBR9LLGV","DECOLURE 100% Pure Mulberry Silk Pillow Case Queen Size – Highest Grade 30 Momme 6A+, Luxuriously Soft & Cooling Silk Pillowcase for Hair & Skin, Hypoallergenic, Breathable, Hidden Zipper (Grey)","New","53","1","0","1","4","50","0","0","0","USD","5","11","20","38","","49.95","0.0","49.95","0.0","NoExcessInventory","","0.0","0","0","0.0","0.5","0.03825","cubic feet","Standard","2.02725","US","gl_home","217093","174","0","19","18","49.95","244.79","531.99","930.58","1809.68","0","1","0","50","0","3.1","0","0","0","0","","1","0","3","0.06","49","1.89","0","0.0","0","0.0","0","0.0","0","0.0","0","0.0","0","0.0","152.7","18","Healthy","","","2026-07-27","Yes","No","142.5","152.7","2026-07-25","54","0","1","0","177","unassigned","N","","",""
"2026-07-28","SS-SATIN-NAVY-BLUE-FULL-4PCS","X004D7HDZH","B0DDRF88H4","SLEEP SANCTUARY Satin Sheets Full Size – 4 Piece Luxury Silky Bed Set, Softer Than Silk, 15"" Deep Pocket, Cooling & Wrinkle-Free, Moisture-Wicking & Breathable for Hair & Skin (Navy Blue)","New","99","1","0","35","65","0","0","0","0","USD","5","23","31","43","","33.95","0.0","27.56","0.0","NoRestockExcessActionRequired","","0.0","0","0","448.91","0.37","0.235484","cubic feet","Standard","23.312916","US","gl_home","8682","233","86","17","29","33.95","140.8","717.99","1007.59","1414.99","1","13","21","0","0","26.63","0","0","0","0","","0","0","65","7.7","0","0.0","0","0.0","0","0.0","0","0.0","0","0.0","0","0.0","0","0.0","244.4","33","Excess","","","2026-07-27","Yes","No","160.7","244.4","2026-07-25","100","0","0","0","233","unassigned","N","","",""
"2026-07-28","HANGING-CLOSET-BLACK","X00499IBC3","B0D5C1GM7K","DECOLURE 5-Tier Adjustable Hanging Closet Organizer – Maximize Hanging Storage w/ 4 Hanging Hooks, 8 S Hooks & 5 Name Plates - Sturdy Foldable Wire Storage Hanging Shelves for Clothes, Towels (Black)","New","306","1","0","4","1","12","22","2","280","USD","7","35","54","73","Low traffic","41.95","0.0","29.99","0.0","NoRestockExcessActionRequired","","0.0","0","0","2286.88","0.2","0.475524","cubic feet","Standard","145.510344","US","gl_furniture","659301","366","234","34","54","29.99","245.81","1344.9","2035.1","2832.15","0","0","4","25","9","1162.91","0","0","0","0","","5","0","2","0.48","2","0.95","3","2.14","6","15.55","9","24.39","9","25.25","4","13.12","281","1055.63","451.2","60","Excess","","","2026-07-27","Yes","No","256.2","451.2","2026-07-25","307","4","1","0","366","unassigned","N","","",""
"2026-07-28","SS-SATIN-GREY-FULL-4PCS","X004D7A2YL","B0DDQX793B","SLEEP SANCTUARY Satin Sheets Full Size – 4 Piece Luxury Silky Bed Set, Softer Than Silk, 15"" Deep Pocket, Cooling & Wrinkle-Free, Moisture-Wicking & Breathable for Hair & Skin (Grey)","New","169","12","0","109","71","0","0","0","0","USD","17","54","87","104","","31.95","29.95","25.76","0.0","NoRestockExcessActionRequired","","0.0","0","0","639.38","0.48","0.237686","cubic feet","Standard","40.168934","US","gl_home","8682","162","159","12","21","31.95","450.11","1590.77","2615.39","3158.54","0","6","103","0","0","29.6","0","0","0","0","","2","0","","","","","","","","","","","","","","","","","222.7","77","Excess","","","2026-07-27","Yes","No","137.5","222.7","2026-07-25","181","2","0","0","164","unassigned","N","","",""
"2026-07-28","BAMBOO-QUEEN-GREY-6PCS","X00438DZ4T","B0CQ31XHCV","DECOLURE 100% Viscose Derived from Bamboo Sheets Queen Size - Luxury 6 Pc Naturally Cooling Sheets, Ultra Soft Bed Set - Deep 17"" Pockets, Durable Double Stitching, Oeko Tex Standard (Grey)","New","258","46","0","310","0","0","0","0","0","USD","11","48","54","70","","84.99","0.0","84.99","0.0","NoRestockExcessActionRequired","","0.0","0","0","0.0","0.55","0.261943","cubic feet","Standard","67.581294","US","gl_home","9357","298","0","21","47","84.99","924.89","3985.27","4478.21","5788.05","288","22","0","0","0","71.91","0","0","0","0","","5","0","","","","","","","","","","","","","","","","","165.2","94","Healthy","","","2026-07-27","Yes","No","165.2","110.4","2026-07-25","304","4","1","0","303","unassigned","N","","",""
"2026-07-28","SATIN-IVORY-TWIN","X003EKC3FT","B0BG25XZHJ","DECOLURE Satin Bed Sheets - 3 Piece Luxury Silky Twin Size Bedding Set - Softer Than Silk, Wrinkle-Free with 15” Deep Pocket Fitted Sheet, Perfect for Hair & Skin, Gifts for Women (Ivory)","New","73","0","0","0","48","8","13","5","0","USD","0","3","7","10","","24.95","0.0","24.95","0.0","Edit listing","","0.0","0","0","3349.46","0.13","0.190607","cubic feet","Standard","13.914311","US","gl_home","4372","366","73","97","94","24.95","0.0","83.85","195.65","283.5","0","0","0","20","1","39.79","0","0","0","0","","1","0","36","3.43","1","0.19","0","0.0","19","19.74","0","0.0","0","0.0","6","7.9","0","0.0","886.4","14","Excess","","","2026-07-27","Yes","No","751.0","886.4","2026-07-25","73","1","0","0","366","unassigned","N","","",""
"2026-07-28","SL-QUILT-SET-KING-BLACK","X004R3SH1V","B0FGZF19SN","SLEEPHORIA King Quilt Bedding Set - Cloud Soft All-Season Bedspread 3 PC w/Shams, Bed Quilt King Size Coverlet - Oversized, Light Weight, Ultra Durable, Easy Care - 106 x 96 in (Black)","New","105","0","0","0","2","1","103","0","0","USD","5","18","26","27","","39.99","0.0","39.98","0.0","NoRestockExcessActionRequired","","0.0","0","0","20723.61","0.21","0.741755","cubic feet","Oversize","77.884275","US","gl_home","97758","366","105","23","50","39.98","199.92","703.79","996.71","1036.7","0","0","0","104","0","470.98","0","0","0","0","","0","0","0","0.0","0","0.0","1","1.11","0","0.0","103","435.49","0","0.0","0","0.0","0","0.0","452.3","13","Excess","","","2026-07-27","Yes","No","171.2","452.3","2026-07-25","105","0","0","0","366","unassigned","N","","",""
"2026-07-28","BAMBOO-KING-LIGHT PINK","X0040HLIHJ","B0CLK9QXX3","DECOLURE 100% Viscose Derived from Bamboo Sheets King Size - Luxury 4 Pc Naturally Cooling Sheets, Ultra Soft Bed Set - Deep 17"" Pockets, Durable Double Stitching, Oeko Tex Standard (Light Pink)","New","129","0","0","133","0","0","0","0","0","USD","12","53","138","183","","84.99","0.0","84.98","0.0","NoRestockExcessActionRequired","","0.0","0","0","0.38","1.11","0.354137","cubic feet","Standard","45.683673","US","gl_home","9485","161","0","13","12","84.99","974.79","4163.1","10560.4","13717.03","0","49","84","0","0","28.82","48","0","48","0","","1","2","","","","","","","","","","","","","","","","","82.5","95","Healthy","","","2026-07-27","Yes","No","77.0","82.5","2026-07-25","177","1","0","0","162","unassigned","N","","",""
"2026-07-28","SS-SATIN-RED-FULL-4PCS","X004D7K7TV","B0DDRCZN9J","SLEEP SANCTUARY Satin Sheets Full Size – 4 Piece Luxury Silky Bed Set, Softer Than Silk, 15"" Deep Pocket, Cooling & Wrinkle-Free, Moisture-Wicking & Breathable for Hair & Skin (Red)","New","92","0","0","6","30","56","0","0","0","USD","3","8","19","27","","31.95","29.95","28.94","0.0","NoRestockExcessActionRequired","","0.0","0","0","622.41","0.25","0.24726","cubic feet","Standard","22.74792","US","gl_home","8682","239","53","46","44","29.95","92.82","246.16","578.44","870.04","0","6","0","56","0","36.64","0","0","0","0","","0","0","31","3.83","42","10.39","13","4.81","0","0.0","0","0.0","0","0.0","0","0.0","0","0.0","362.8","27","Excess","","","2026-07-27","Yes","No","362.8","361.5","2026-07-25","92","0","0","0","239","unassigned","N","","",""
"2026-07-28","LINEN-CURTAIN-52x90-LINEN-2-PCS","X004NSWVAD","B0F637PJBD","DECOLURE Linen Blackout Curtains - SunShield 90 Inches Long Black Out Curtains for Living Room and Bedroom Windows - Luxury Faux Linen, 2 Panels Set, Ultra Durable - 90 Length x 52 in (Linen)","New","47","0","0","0","0","0","47","0","0","USD","0","0","0","0","Low traffic","32.99","0.0","32.99","0.0","Create removal order","","28.15","52","0","2582.46","0.0","0.199952","cubic feet","Standard","9.397744","US","gl_home","456744","366","47","","","32.99","0.0","0.0","0.0","0.0","0","0","0","2","45","67.29","0","0","0","0","","0","0","0","0.0","0","0.0","0","0.0","0","0.0","2","2.28","18","21.24","27","37.26","0","0.0","","1","Excess","","","","","","","","2026-07-25","47","0","0","0","366","unassigned","N","","",""
"2026-07-28","SL-COOLING-FITTED-FULL-LIGHT-BLUE","X004ODA0MX","B0F7M8R9FG","SLEEPHORIA Cooling Fitted Sheet Full Size - 1 PC BreezeWeave Cooling Sheets for Hot Sleepers & Cool Rest w/ 16 in Deep Pocket - Corner Straps, Cloud Soft, Ultra Durable - 52 x 72 in (Light Blue)","New","0","1","0","1","0","0","0","0","0","USD","0","25","43","57","","31.99","0.0","29.99","0.0","GoToRestock","","0.0","0","0","0.0","1.8","0.13919","cubic feet","Standard","0.0","US","gl_home","26032","3","0","0","0","31.99","0.0","699.75","1243.57","1635.43","1","0","0","0","0","0.02","0","0","0","0","","0","0","","","","","","","","","","","","","","","","","49.1","21","Low stock","36","2026-08-04","2026-07-27","Yes","No","9.2","49.1","2026-07-25","1","0","0","0","3","unassigned","N","","",""
"2026-07-28","SS-SATIN-SEA-TEAL-TWIN-3PCS","X004D7EXOL","B0DDR2CP9X","SLEEP SANCTUARY Satin Sheets Twin Size – 3 Piece Luxury Silky Bed Set, Softer Than Silk, 15"" Deep Pocket, Cooling & Wrinkle-Free, Moisture-Wicking & Breathable for Hair & Skin (Sea Teal)","New","44","0","0","2","0","0","0","43","0","USD","2","3","5","7","","29.95","27.95","25.76","0.0","Edit listing","","0.0","0","0","2652.51","0.12","0.224789","cubic feet","Standard","9.890716","US","gl_home","8682","366","44","58","81","29.95","51.52","75.48","131.39","195.29","0","0","2","0","0","75.1","0","0","0","0","","3","0","0","0.0","0","0.0","0","0.0","0","0.0","0","0.0","0","0.0","43","66.69","0","0.0","756.8","4","Excess","","","2026-07-27","Yes","No","498.3","756.8","2026-07-25","44","3","0","0","366","unassigned","N","","",""
"2026-07-28","SS-BAMBOO-BLACK-TWIN-4PCS","X004D8TR5Z","B0DDTWR1JB","SLEEP SANCTUARY 100% Viscose Derived from Bamboo Sheets Twin Size 4pcs – BamBliss Luxury Cooling Sheets for Hot Sleepers - Cloud Soft, 17"" Deep Pocket, Ultra Durable Bed Set (Black)","New","24","0","0","0","0","0","24","0","0","USD","1","1","3","4","","54.99","0.0","54.99","0.0","Edit listing","","0.0","0","0","1500.86","0.15","0.202365","cubic feet","Standard","4.85676","US","gl_home","86667","366","24","96","78","54.99","54.99","54.99","164.97","224.96","0","0","0","24","0","30.77","0","0","0","0","","0","0","0","0.0","0","0.0","0","0.0","6","6.62","18","20.76","0","0.0","0","0.0","0","0.0","749.0","1","Excess","","","2026-07-27","Yes","No","749.0","597.8","2026-07-25","24","0","0","0","366","unassigned","N","","",""
"2026-07-28","SATIN-FITTED-TWIN-SAGE-GREEN","X004CBVEGX","B0DBVZ9QZC","DECOLURE Satin Fitted Sheet Twin Size (1 PC) – Luxuriously Smooth & Softer Than Silk Bed Sheets w/ 15 Inch Deep Pocket Hypoallergenic Wrinkle Free, Secure Snug Fit, Elastic Corner Straps (Sage Green)","New","49","1","0","1","2","40","6","0","0","USD","9","23","32","51","","16.95","0.0","16.94","0.0","NoRestockExcessActionRequired","","0.0","0","0","4.29","0.7","0.127813","cubic feet","Standard","6.262837","US","gl_home","9976","106","0","8","12","16.94","152.46","387.95","537.83","863.32","0","0","1","46","0","25.53","0","0","0","0","","0","0","2","0.13","0","0.0","20","3.84","26","18.11","0","0.0","0","0.0","0","0.0","0","0.0","139.0","20","Healthy","","","2026-07-27","Yes","No","92.1","139.0","2026-07-25","50","0","0","0","106","unassigned","N","","",""
"2026-07-28","SS-SATIN-PURPLE-FULL-4PCS","X004D7K97V","B0DDRB21Z6","SLEEP SANCTUARY Satin Sheets Full Size – 4 Piece Luxury Silky Bed Set, Softer Than Silk, 15"" Deep Pocket, Cooling & Wrinkle-Free, Moisture-Wicking & Breathable for Hair & Skin (Purple)","New","27","0","0","0","0","2","0","25","0","USD","5","12","12","15","","39.95","0.0","25.76","0.0","NoRestockExcessActionRequired","","31.95","9","0","1615.34","0.41","0.246137","cubic feet","Standard","6.645699","US","gl_home","8682","126","23","19","49","39.95","131.8","332.15","332.15","428.0","0","0","0","2","0","47.44","30","30","0","0","","0","0","1","0.12","1","0.25","0","0.0","0","0.0","0","0.0","0","0.0","25","42.47","0","0.0","245.2","10","Excess","","","2026-07-27","Yes","No","95.1","245.2","2026-07-25","57","0","0","0","306","unassigned","N","","",""
"2026-07-28","SILK-PILLOWCASE-QUEEN-CHAMPAGNE-1PCS","X004C9YTX5","B0DBR61W7F","DECOLURE 100% Pure Mulberry Silk Pillow Case Queen Size – Highest Grade 30 Momme 6A+, Luxuriously Soft & Cooling Silk Pillowcase for Hair & Skin, Hypoallergenic, Breathable, Hidden Zipper (Champagne)","New","293","0","0","39","5","258","0","0","0","USD","1","6","13","35","","49.95","0.0","49.95","0.0","Create Outlet deal","","29.49","2","0","998.81","0.12","0.038525","cubic feet","Standard","11.287825","US","gl_home","217093","366","152","195","108","49.95","49.95","287.2","614.35","1601.71","37","0","2","258","0","18.82","0","0","0","0","","1","0","0","0.0","258","9.94","0","0.0","0","0.0","0","0.0","0","0.0","0","0.0","0","0.0","887.6","17","Excess","","","2026-07-27","Yes","No","887.6","693.2","2026-07-25","293","0","1","0","366","unassigned","N","","",""
"2026-07-28","SHOWER-MAT-STANDARD","X004A1IC3D","B0D6Z972N1","DECOLURE Stone Bath Mat, Quick Dry & Non-Slip Diatomaceous Earth Shower Mat for Bathroom, Luxurious & Easy to Clean Diatomite Stone Mat for Bathroom, Kitchen, High Density (Standard, Grey)","New","70","0","0","26","1","45","0","0","0","USD","3","29","81","198","Low traffic","39.99","0.0","39.99","0.0","GoToRestock","","0.0","0","68","8923.24","1.36","0.548663","cubic feet","Oversize","38.40641","US","gl_home","780999","223","68","9","4","39.99","104.97","1055.71","2912.19","7535.12","0","2","24","45","0","45.14","0","0","0","0","","1","1","3","0.82","43","23.6","0","0.0","0","0.0","0","0.0","0","0.0","0","0.0","0","0.0","82.2","33","Excess","","","2026-07-27","Yes","No","82.2","61.0","2026-07-25","70","0","1","0","226","unassigned","N","","",""
"2026-07-28","SILK-PILLOWCASE-QUEEN-IVORY-1PCS","X004C9YVFL","B0DBR9GXG4","DECOLURE 100% Pure Mulberry Silk Pillow Case Queen Size – Highest Grade 30 Momme 6A+, Luxuriously Soft & Cooling Silk Pillowcase for Hair & Skin, Hypoallergenic, Breathable, Hidden Zipper (Ivory)","New","196","0","0","0","4","193","0","0","0","USD","1","7","10","25","","49.95","0.0","49.95","0.0","NoExcessInventory","","0.0","0","0","16.47","0.12","0.037593","cubic feet","Standard","7.368228","US","gl_home","217093","366","0","112","101","49.95","49.95","347.15","482.0","1175.74","0","0","0","193","0","9.4","0","0","0","0","","0","0","154","2.94","40","1.52","0","0.0","0","0.0","0","0.0","0","0.0","0","0.0","0","0.0","529.2","20","Healthy","","","2026-07-27","Yes","No","505.1","529.2","2026-07-25","196","0","0","0","366","unassigned","N","","",""
"2026-07-28","SL-QUILT-SET-TWIN-LIGHT-GREY","X004R3HG27","B0FGZNP934","SLEEPHORIA Twin Quilt Bedding Set - Cloud Soft All-Season Bedspread 2 PC w/Sham, Bed Quilt Twin Size Coverlet - Oversized, Light Weight, Ultra Durable, Easy Care - 68 x 86 in (Light Grey)","New","96","0","0","2","0","1","94","0","0","USD","1","2","4","5","","33.99","0.0","30.59","0.0","Edit listing","","0.0","0","0","13474.45","0.05","0.52623","cubic feet","Oversize","50.51808","US","gl_home","97758","366","96","192","249","30.59","30.59","64.58","116.92","150.91","0","1","1","95","0","309.62","0","0","0","0","","1","0","0","0.0","1","0.53","0","0.0","0","0.0","74","221.96","20","62.09","0","0.0","0","0.0","2258.3","2","Excess","","","2026-07-27","Yes","No","988.7","2258.3","2026-07-25","96","1","0","0","366","unassigned","N","","",""
"2026-07-28","SATIN-FITTED-KING-SAGE-GREEN","X004CC2VYB","B0DBVZGV7Z","DECOLURE Satin Fitted Sheet King Size (1 PC) – Luxuriously Smooth & Softer Than Silk Bed Sheets w/ 15 Inch Deep Pocket Hypoallergenic Wrinkle Free, Secure Snug Fit, Elastic Corner Straps (Sage Green)","New","76","0","0","84","0","0","0","0","0","USD","11","47","79","116","","19.95","0.0","19.94","0.0","NoRestockExcessActionRequired","","0.0","0","0","0.0","1.06","0.12963","cubic feet","Standard","9.85188","US","gl_home","9976","77","0","6","8","19.94","219.36","935.55","1564.45","2306.6","2","41","41","0","0","6.02","0","0","0","0","","3","0","","","","","","","","","","","","","","","","","90.9","55","Healthy","48","2026-08-04","2026-07-27","Yes","No","74.5","90.9","2026-07-25","76","2","1","0","80","unassigned","N","","",""
"2026-07-28","SATIN-FITTED-FULL-PINK","X004CBXN71","B0DBVZRZ4H","DECOLURE Satin Fitted Sheet Full Size (1 PC) – Luxuriously Smooth & Softer Than Silk Bed Sheets w/ 15 Inch Deep Pocket Hypoallergenic Wrinkle Free, Secure Snug Fit, Elastic Corner Straps (Pink)","New","214","0","0","0","2","69","145","0","0","USD","7","26","39","56","","17.95","0.0","17.94","0.0","NoRestockExcessActionRequired","","0.0","0","0","1078.15","0.21","0.145958","cubic feet","Standard","31.235012","US","gl_home","9976","366","192","32","49","17.94","125.58","460.96","687.73","977.34","0","0","0","214","0","159.91","0","0","0","0","","18","0","1","0.07","9","1.31","40","8.76","120","95.45","45","37.44","0","0.0","0","0.0","0","0.0","431.3","36","Excess","","","2026-07-27","Yes","No","282.3","431.3","2026-07-25","214","17","1","0","366","unassigned","N","","",""
"2026-07-28","SL-BOHO-BLANKET-SUNFLOWER-60x80-1-PC","X004ZA3I3N","B0GGT7JH3M","SLEEPHORIA 100% Uzbek Cotton Boho Throw Blanket - Heavyweight Cotton Throw Blanket for Bed - Reversible Woven Vintage Floral Decorative for Couch Sofa - Soft Bohemian 60"" x 80"" (Sunflower)","New","30","0","0","30","0","0","0","0","0","USD","","","","","Low traffic","34.99","0.0","34.99","0.0","Advertise listing","","","0","0","","0.0","0.4518","cubic feet","Standard","13.554","US","gl_home","","366","0","","","34.99","","","","","0","30","0","0","0","","0","0","0","0","","0","0","","","","","","","","","","","","","","","","","","","","","","","","","","","2026-07-25","30","0","0","0","366","unassigned","N","","",""
"2026-07-28","SATIN-FULL-PURPLE-6PCS","X003UMGG31","B0C7F65432","DECOLURE Satin Bed Sheets - 6 Piece Luxury Silky Full Size Bedding Set - Softer Than Silk, Wrinkle-Free with 15” Deep Pocket Fitted Sheet, Perfect for Hair & Skin, Gifts for Women (Purple)","New","30","0","0","1","32","0","0","0","0","USD","2","10","24","33","","28.95","0.0","26.96","0.0","NoRestockExcessActionRequired","","0.0","0","0","97.3","0.67","0.207317","cubic feet","Standard","6.21951","US","gl_home","15592","125","30","12","11","26.96","53.92","291.58","707.0","976.55","0","0","1","0","0","7.15","0","0","0","0","","2","0","32","3.32","0","0.0","0","0.0","0","0.0","0","0.0","0","0.0","0","0.0","0","0.0","139.1","16","Excess","","","2026-07-27","Yes","No","102.5","139.1","2026-07-25","30","2","0","0","131","unassigned","N","","",""
"2026-07-28","SL-COOLING-FITTED-QUEEN-NAVY-BLUE","X004OCXY63","B0F7M3184Y","SLEEPHORIA Cooling Fitted Sheet Queen Size - 1 PC BreezeWeave Cooling Sheets for Hot Sleepers & Cool Rest w/ 16 in Deep Pocket - Corner Straps, Cloud Soft, Ultra Durable - 57 x 77 in (Navy Blue)","New","21","22","0","56","0","0","0","0","0","USD","14","29","30","65","","33.99","0.0","31.99","0.0","NoExcessInventory","","0.0","0","0","0.0","2.68","0.145654","cubic feet","Standard","3.058734","US","gl_home","26032","26","0","6","9","33.99","447.86","933.71","968.7","2018.35","56","0","0","0","0","10.3","24","24","0","0","","6","0","","","","","","","","","","","","","","","","","27.4","42","Healthy","13","2026-08-04","2026-07-27","Yes","No","27.4","19.3","2026-07-25","67","4","2","0","45","unassigned","N","","",""
"2026-07-28","SL-COOLING-SHEET-FULL-MIDNIGHT-BLACK","X004OCYSLN","B0F7LXNSQK","SLEEPHORIA Cooling Sheets - BreezeWeave 4 PC Full Size Cooling Bed Sheets for Hot Sleepers & Deep, Cool Rest - Cloud Soft, Silky Smooth, 16 in Deep Pocket, Ultra Durable (Midnight Black)","New","40","0","0","1","41","0","0","0","0","USD","5","27","51","73","","59.99","0.0","59.99","0.0","CreateShippingPlan","","0.0","0","0","0.0","0.9","0.273361","cubic feet","Standard","10.93444","US","gl_home","82219","58","0","5","7","59.99","301.95","1616.73","3024.49","4356.27","0","0","1","0","0","6.65","0","0","0","0","","0","0","","","","","","","","","","","","","","","","","98.4","19","Healthy","","","2026-07-27","Yes","No","53.2","98.4","2026-07-25","40","0","0","0","58","unassigned","N","","",""
"2026-07-28","BM-TWIN-BEIGE","X0045AU8QX","B0CWJ24ZTV","DECOLURE Cooling Bed Sheets Twin Set 3pcs - Luxurious & Ultra-Soft Twin Size Cooling Sheets for Hot Sleepers - Comfortable Cool Bamboo Viscose Microfiber Sheets Twin Size w/Deep Pockets (Beige)","New","24","0","0","0","0","0","0","0","24","USD","0","0","2","6","Low conversion","33.95","0.0","30.56","0.0","Lower price","","0.0","0","0","1115.14","0.22","0.158374","cubic feet","Standard","3.800976","US","gl_home","71718","366","24","","52","30.56","0.0","0.0","67.9","203.7","0","0","0","0","0","32.57","0","0","0","0","","1","0","0","0.0","0","0.0","0","0.0","0","0.0","0","0.0","0","0.0","0","0.0","24","30.01","","4","Excess","","","","","","","403.5","2026-07-25","24","1","0","0","366","unassigned","N","","",""
"2026-07-28","SATIN-FITTED-FULL-SEA-TEAL","X004CBT2DZ","B0DBVZ1Z2S","DECOLURE Satin Fitted Sheet Full Size (1 PC) – Luxuriously Smooth & Softer Than Silk Bed Sheets w/ 15 Inch Deep Pocket Hypoallergenic Wrinkle Free, Secure Snug Fit, Elastic Corner Straps (Sea Teal)","New","52","60","0","115","0","0","0","0","0","USD","6","27","48","86","","17.95","0.0","17.94","0.0","CreateShippingPlan","","0.0","0","0","1.51","1.06","0.141005","cubic feet","Standard","7.33226","US","gl_home","9976","314","0","7","7","17.94","107.64","400.35","692.1","1179.26","101","0","14","0","0","54.61","0","0","0","0","","1","1","","","","","","","","","","","","","","","","","65.6","33","Healthy","","","2026-07-27","Yes","No","48.8","65.6","2026-07-25","112","0","1","0","317","unassigned","N","","",""
"2026-07-28","BAMBOO-TWIN-OLIVE","X002O4Z4HF","B08KQKKVSX","DECOLURE 100% Viscose Derived from Bamboo Sheets Twin Size - Luxury 3 Pc Naturally Cooling Sheets, Ultra Soft Bed Set - Deep 17"" Pockets, Durable Double Stitching, Oeko Tex Standard (Olive)","New","66","0","0","0","67","0","0","0","0","USD","0","0","12","19","Low conversion","75.99","0.0","75.99","0.0","NoRestockExcessActionRequired","","0.0","0","0","206.7","0.26","0.172725","cubic feet","Standard","11.39985","US","gl_home","9485","366","48","","45","75.99","0.0","0.0","731.67","1091.29","0","0","0","0","0","12.48","0","0","0","0","","0","0","55","4.76","0","0.0","0","0.0","0","0.0","0","0.0","0","0.0","0","0.0","0","0.0","1007.5","10","Excess","","","2026-07-27","Yes","No","1007.5","336.9","2026-07-25","66","0","0","0","366","unassigned","N","","",""
"2026-07-28","SS-SATIN-BURNT-ORANGE-TWIN-3PCS","X004D7A09N","B0DDRF485L","SLEEP SANCTUARY Satin Sheets Twin Size – 3 Piece Luxury Silky Bed Set, Softer Than Silk, 15"" Deep Pocket, Cooling & Wrinkle-Free, Moisture-Wicking & Breathable for Hair & Skin (Burnt Orange)","New","38","0","0","0","12","6","12","0","8","USD","4","7","8","9","","29.95","27.95","23.95","0.0","Edit listing","","0.0","0","0","1643.73","0.2","0.165901","cubic feet","Standard","6.304238","US","gl_home","8682","366","38","21","54","23.95","95.8","185.65","220.6","250.55","0","0","0","18","0","31.24","0","0","0","0","","0","0","0","0.0","0","0.0","0","0.0","18","16.27","0","0.0","0","0.0","0","0.0","8","10.48","449.1","5","Excess","","","2026-07-27","Yes","No","183.4","449.1","2026-07-25","38","0","0","0","366","unassigned","N","","",""
"2026-07-28","SATIN-TAUPE-QUEEN","X003RXOAO5","B0BZQ1LTK3","DECOLURE Satin Bed Sheets - 4 Piece Luxury Silky Queen Size Bedding Set - Softer Than Silk, Wrinkle-Free with 15” Deep Pocket Fitted Sheet, Perfect for Hair & Skin, Gifts for Women (Taupe - 01)","New","178","0","0","81","2","37","3","7","49","USD","0","7","34","58","Low traffic","30.95","0.0","30.95","0.0","Create Outlet deal","","24.97","2","0","745.38","0.32","0.20036","cubic feet","Standard","35.66408","US","gl_home","1618237","366","98","101","39","30.95","0.0","207.05","1061.7","1859.45","0","26","55","38","2","175.61","0","0","0","0","","0","0","1","0.1","33","6.6","2","0.6","2","2.18","0","0.0","0","0.0","9","12.45","49","77.56","1078.6","9","Excess","","","2026-07-27","Yes","No","1078.6","286.8","2026-07-25","178","0","0","0","366","unassigned","N","","",""
"2026-07-28","SATIN-STRIPE-TWIN-WHITE--6-PCS","X003UO38RV","B0C7KGK2WK","DECOLURE Satin Bed Sheets - 4 Piece Luxury Silky Twin Size Bedding Set - Softer Than Silk, Wrinkle-Free with 15” Deep Pocket Fitted Sheet, Perfect for Hair & Skin, Gifts for Women (Striped White)","New","77","0","0","1","0","0","0","0","76","USD","0","0","2","2","Low conversion","26.95","0.0","25.16","0.0","Lower price","","0.0","0","0","3697.0","0.03","0.177453","cubic feet","Standard","13.663881","US","gl_home","15592","366","77","","500","25.16","0.0","0.0","63.9","63.9","1","0","0","0","0","117.38","0","0","0","0","","2","0","0","0.0","0","0.0","0","0.0","0","0.0","0","0.0","0","0.0","0","0.0","76","106.54","","2","Excess","","","","","","","3602.0","2026-07-25","77","2","0","0","366","unassigned","N","","",""
"2026-07-28","DC-BAMBOO-FITTED-QUEEN-OLIVE-1PC","X004W8DNNX","B0FX2SCLCN","DECOLURE 100% Viscose Derived from Bamboo Fitted Sheet | Queen Size Fitted Sheet Only | Ultra Soft Cooling Sheets for Hot Sleepers, 17"" Deep Pocket w/Corner Straps, Breathable, Oeko-Tex (Olive)","New","82","17","0","105","0","0","0","0","0","USD","5","25","25","25","","31.95","0.0","31.95","0.0","NoRestockExcessActionRequired","","","0","0","","0.27","0.223711","cubic feet","Standard","18.344302","US","gl_home","40126","102","0","13","42","31.95","159.75","758.75","758.75","758.75","0","0","105","0","0","","0","0","0","0","","6","0","","","","","","","","","","","","","","","","","345.2","69","Healthy","27","2026-08-04","2026-07-27","Yes","No","155.1","345.2","2026-07-25","99","4","2","0","108","unassigned","N","","",""
"2026-07-28","LINEN-CURTAIN-52x90-LIGHT-BEIGE-2-PCS","X004NSWYE1","B0F6399NW2","DECOLURE Linen Blackout Curtains - SunShield 90 Inches Long Black Out Curtains for Living Room and Bedroom Windows - Luxury Faux Linen, 2 Panels Set, Ultra Durable - 90 Length x 52 in (Light Beige)","New","42","0","0","0","1","2","39","0","0","USD","0","3","4","4","Low traffic","32.99","0.0","32.99","0.0","Advertise listing","","28.88","36","0","2582.85","0.09","0.199952","cubic feet","Standard","8.397984","US","gl_home","456744","366","42","56","136","32.99","0.0","79.17","112.16","112.16","0","0","0","2","39","56.55","0","0","0","0","","1","0","1","0.1","2","0.4","0","0.0","0","0.0","0","0.0","18","21.24","21","28.98","0","0.0","1027.8","3","Excess","","","2026-07-27","Yes","No","431.3","1027.8","2026-07-25","42","1","0","0","366","unassigned","N","","",""
"2026-07-28","SATIN-FITTED-QUEEN-STONE-GREY","X004CBP9P5","B0DBVZQYZ7","DECOLURE Satin Fitted Sheet Queen Size (1 PC) – Luxuriously Smooth & Softer than Silk Bed Sheets w/ 15 Inch Deep Pocket Hypoallergenic Wrinkle Free, Secure Snug Fit, Elastic Corner Straps (Stone Grey)","New","45","21","0","74","0","0","0","0","0","USD","16","57","143","252","","17.95","0.0","17.95","0.0","CreateShippingPlan","","0.0","0","0","0.0","2.05","0.205414","cubic feet","Standard","9.24363","US","gl_home","9976","29","0","3","2","17.95","287.19","1022.12","2561.86","4551.41","74","0","0","0","0","4.44","0","0","0","0","","2","0","","","","","","","","","","","","","","","","","33.9","92","Low stock","152","2026-08-04","2026-07-27","Yes","No","16.8","33.9","2026-07-25","66","1","1","0","30","unassigned","N","","",""
"2026-07-28","SL-QUILT-SET-TWIN-NAVY-BLUE","X004R3HFYV","B0FGZM7H2T","SLEEPHORIA Twin Quilt Bedding Set - Cloud Soft All-Season Bedspread 2 PC w/Sham, Bed Quilt Twin Size Coverlet - Oversized, Light Weight, Ultra Durable, Easy Care - 68 x 86 in (Navy Blue)","New","35","0","0","0","0","0","36","0","0","USD","0","0","0","2","Low conversion","33.99","0.0","30.59","0.0","Lower price","","0.0","0","0","5497.24","0.05","0.586546","cubic feet","Oversize","20.52911","US","gl_home","97758","366","35","","227","30.59","0.0","0.0","0.0","67.98","0","0","0","36","0","129.88","0","0","0","0","","1","0","0","0.0","0","0.0","0","0.0","0","0.0","12","40.12","24","83.05","0","0.0","0","0.0","","3","Excess","","","","","","","1634.5","2026-07-25","35","1","0","0","366","unassigned","N","","",""
"2026-07-28","SS-BAMBOO-MIDGREY-CALIFKING-6PCS","X004D8Q5E1","B0DDTZ8TM1","SLEEP SANCTUARY 100% Viscose Derived from Bamboo Sheets California King Size 6pcs – BamBliss Luxury Cooling Sheets for Hot Sleepers - Cloud Soft, 17"" Deep Pocket, Ultra Durable Bed Set (Midgrey)","","0","0","0","1","0","0","0","0","0","USD","0","0","7","7","","0.0","0.0","0.0","0.0","CreateShippingPlan","","","0","0","","2.0","0.302756","cubic feet","Standard","0.0","US","gl_home","86667","0","0","","0","69.99","0.0","0.0","496.93","496.93","1","0","0","0","0","","0","0","0","0","","1","0","","","","","","","","","","","","","","","","","","6","Out of stock","9","2026-07-25","","","","","39.4","2026-07-25","0","0","1","0","27","unassigned","N","","",""
"2026-07-28","SATIN-STRIPE-TWIN-RED--6-PCS","X003UOCATD","B0C7JQ5MZY","DECOLURE Satin Bed Sheets - 4 Piece Luxury Silky Twin Size Bedding Set - Softer Than Silk, Wrinkle-Free with 15” Deep Pocket Fitted Sheet, Perfect for Hair & Skin, Gifts for Women (Striped Red)","New","24","0","0","5","2","0","17","0","0","USD","0","0","0","0","Low conversion","33.95","0.0","25.16","0.0","Lower price","","0.0","0","0","762.05","0.0","0.102665","cubic feet","Standard","2.46396","US","gl_home","15592","366","24","","","25.16","0.0","0.0","0.0","0.0","0","0","5","0","17","12.03","0","0","0","0","","0","0","0","0.0","0","0.0","0","0.0","0","0.0","0","0.0","17","10.3","0","0.0","0","0.0","","3","Excess","","","","","","","","2026-07-25","24","0","0","0","366","unassigned","N","","",""
"2026-07-28","SS-SATIN-IVORY-TWIN-3PCS","X004D7EXAF","B0DDR4QMK1","SLEEP SANCTUARY Satin Sheets Twin Size – 3 Piece Luxury Silky Bed Set, Softer Than Silk, 15"" Deep Pocket, Cooling & Wrinkle-Free, Moisture-Wicking & Breathable for Hair & Skin (Ivory)","New","52","0","0","0","30","3","9","10","0","USD","0","3","6","9","","29.95","27.95","23.96","0.0","Edit listing","","0.0","0","0","3114.13","0.16","0.242411","cubic feet","Standard","12.605372","US","gl_home","8682","366","52","69","75","29.95","0.0","80.88","169.74","264.59","0","0","0","12","0","40.12","0","0","0","0","","0","0","0","0.0","0","0.0","2","0.73","1","1.32","9","12.44","0","0.0","10","16.73","0","0.0","570.0","6","Excess","","","2026-07-27","Yes","No","406.3","570.0","2026-07-25","52","0","0","0","366","unassigned","N","","",""
"2026-07-28","SATIN-FITTED-QUEEN-ROSEWOOD","X004CBXIZN","B0DBW2HZBF","DECOLURE Satin Fitted Sheet Queen Size (1 PC) – Luxuriously Smooth & Softer Than Silk Bed Sheets w/ 15 Inch Deep Pocket Hypoallergenic Wrinkle Free, Secure Snug Fit, Elastic Corner Straps (Rosewood)","New","30","60","0","71","0","0","0","0","0","USD","17","28","28","51","","17.95","0.0","17.95","0.0","CreateShippingPlan","","0.0","0","0","0.0","2.06","0.182776","cubic feet","Standard","5.48328","US","gl_home","9976","89","0","4","7","17.95","292.18","508.07","508.07","891.32","71","0","0","0","0","44.12","0","0","0","0","","0","0","","","","","","","","","","","","","","","","","42.5","77","Healthy","60","2026-08-04","2026-07-27","Yes","No","42.5","21.4","2026-07-25","90","0","0","0","89","unassigned","N","","",""
"2026-07-28","SATIN-FITTED-QUEEN-BLACK","X004CBVDPF","B0DBW1PNJ8","DECOLURE Satin Fitted Sheet Queen Size (1 PC) – Luxuriously Smooth & Softer Than Silk Bed Sheets w/ 15 Inch Deep Pocket Hypoallergenic Wrinkle Free, Secure Snug Fit, Elastic Corner Straps (Black)","New","837","26","0","870","0","0","0","0","0","USD","78","306","641","924","","17.95","0.0","17.94","0.0","NoRestockExcessActionRequired","","0.0","0","0","0.0","0.97","0.118982","cubic feet","Standard","99.587934","US","gl_home","9976","115","0","10","11","17.94","1399.35","5478.34","11457.29","16713.14","8","385","477","0","0","90.88","0","0","0","0","","7","0","","","","","","","","","","","","","","","","","101.0","331","Healthy","","","2026-07-27","No","No","99.4","101.0","2026-07-25","863","2","5","0","117","unassigned","N","","",""
"2026-07-28","BAMBOO-FULL-CREME-6PCS","X00438U1QJ","B0CQ2ZVD96","DECOLURE 100% Viscose Derived from Bamboo Sheets Full Size - Luxury 6 Pc Naturally Cooling Sheets, Ultra Soft Bed Set - Deep 17"" Pockets, Durable Double Stitching, Oeko Tex Standard (Creme)","New","332","12","0","6","7","277","26","34","0","USD","6","23","36","50","","74.99","0.0","74.98","0.0","Edit listing","","0.0","0","0","3169.95","0.13","0.331635","cubic feet","Standard","110.10282","US","gl_home","9357","366","267","57","86","74.98","449.88","1710.96","2697.84","3717.7","3","3","0","302","1","379.67","0","0","0","0","","1","0","2","0.33","206","68.28","2","0.99","91","164.47","0","0.0","1","1.96","7","16.02","28","73.36","475.3","48","Excess","","","2026-07-27","Yes","No","321.3","475.3","2026-07-25","344","1","0","0","366","unassigned","N","","",""
"2026-07-28","SL-COOLING-SHEET-CAL-KING-COOL-GREY","X004OCWPOF","B0F7LWK8S4","SLEEPHORIA Cooling Sheets - BreezeWeave 4 PC California King Size Cooling Bed Sheets for Hot Sleepers & Deep, Cool Rest - Cloud Soft, Silky Smooth, 16 in Deep Pocket, Ultra Durable (Cool Grey)","New","46","45","0","93","0","0","0","0","0","USD","4","8","28","50","","69.99","0.0","69.99","0.0","NoRestockExcessActionRequired","","0.0","0","0","0.0","1.27","0.324869","cubic feet","Standard","14.943974","US","gl_home","82219","255","0","23","11","69.98","279.96","559.92","1959.72","3582.0","93","0","0","0","0","20.37","0","0","0","0","","1","0","","","","","","","","","","","","","","","","","158.5","23","Healthy","","","2026-07-27","Yes","No","158.5","43.1","2026-07-25","91","1","0","0","258","unassigned","N","","",""
"2026-07-28","BAMBOO-QUEEN-LIGHTBLUE","X002O4Z18R","B08KQKXQLS","DECOLURE 100% Viscose Derived from Bamboo Sheets Queen Size - Luxury 4 Pc Naturally Cooling Sheets, Ultra Soft Bed Set - Deep 17"" Pockets, Durable Double Stitching, Oeko Tex Standard (Light Blue)","New","384","6","0","342","60","0","0","0","0","USD","55","174","332","455","","79.99","0.0","66.49","0.0","NoRestockExcessActionRequired","","0.0","0","0","0.0","0.92","0.268282","cubic feet","Standard","103.020288","US","gl_home","9485","106","0","9","11","79.99","3724.95","12579.4","23835.44","33058.21","147","17","178","0","0","69.96","12","0","0","12","","1","0","","","","","","","","","","","","","","","","","106.6","161","Healthy","","","2026-07-27","No","No","69.5","106.6","2026-07-25","402","0","1","0","107","unassigned","N","","",""
"2026-07-28","LINEN-CURTAIN-52x120-BEIGE-2-PCS","X004NSU8HL","B0F634C911","DECOLURE Linen Blackout Curtains - SunShield 120 Inches Long Black Out Curtains for Living Room and Bedroom Windows - Luxury Faux Linen, 2 Panels Set, Ultra Durable - 120 Length x 52 in (Beige)","New","46","0","0","0","0","0","46","0","0","USD","0","0","0","0","Low traffic","39.99","0.0","39.99","0.0","Create removal order","","31.7","52","0","2676.6","0.0","0.199952","cubic feet","Standard","9.197792","US","gl_home","456744","366","46","","","39.99","0.0","0.0","0.0","0.0","0","0","0","0","46","63.68","0","0","0","0","46","0","0","0","0.0","0","0.0","0","0.0","0","0.0","0","0.0","24","28.32","22","30.36","0","0.0","","1","Excess","","","","","","","","2026-07-25","46","0","0","0","366","unassigned","N","","",""
"2026-07-28","BAMBOO-TWIN-TAUPE","X002O5112V","B08KQJBFFZ","DECOLURE 100% Viscose Derived from Bamboo Sheets Twin Size - Luxury 3 Pc Naturally Cooling Sheets, Ultra Soft Bed Set - Deep 17"" Pockets, Durable Double Stitching, Oeko Tex Standard (Taupe)","New","72","0","0","55","18","0","0","0","0","USD","5","14","29","46","","59.99","0.0","59.98","0.0","NoRestockExcessActionRequired","","0.0","0","0","0.01","0.55","0.1955","cubic feet","Standard","14.076","US","gl_home","9485","238","0","20","20","59.99","294.91","813.12","1643.96","2679.75","1","0","54","0","0","37.24","0","0","0","0","","2","0","","","","","","","","","","","","","","","","","171.7","33","Healthy","","","2026-07-27","Yes","No","151.4","171.7","2026-07-25","72","2","0","0","245","unassigned","N","","",""
"2026-07-28","SL-COOLING-FITTED-QUEEN-LIGHT-PINK","X004OD84P3","B0F7M2K6G1","SLEEPHORIA Cooling Fitted Sheet Queen Size - 1 PC BreezeWeave Cooling Sheets for Hot Sleepers & Cool Rest w/ 16 in Deep Pocket - Corner Straps, Cloud Soft, Ultra Durable - 57 x 77 in (Light Pink)","New","0","1","0","1","0","0","0","0","0","USD","1","56","102","130","","33.99","0.0","0.0","0.0","GoToRestock","","0.0","0","0","0.0","1.8","0.15096","cubic feet","Standard","0.0","US","gl_home","26032","0","0","0","0","33.99","31.99","1681.44","3060.98","3905.7","1","0","0","0","0","0.03","0","0","0","0","","1","0","","","","","","","","","","","","","","","","","47.6","47","Low stock","87","2026-08-04","2026-07-27","Yes","No","9.4","47.6","2026-07-25","1","0","1","0","1","unassigned","N","","",""
"2026-07-28","DC-BAMBOO-FITTED-KING-TAUPE-1PC","X004W88O69","B0FX2R68HP","DECOLURE 100% Viscose Derived from Bamboo Fitted Sheet | King Size Fitted Sheet Only | Ultra Soft Cooling Sheets for Hot Sleepers, 17"" Deep Pocket w/Corner Straps, Breathable, Oeko-Tex (Taupe)","New","159","0","0","168","0","0","0","0","0","USD","19","49","49","49","","33.95","0.0","33.95","0.0","NoRestockExcessActionRequired","","","0","0","","0.29","0.227933","cubic feet","Standard","36.241347","US","gl_home","40126","74","0","12","42","33.95","643.05","1599.55","1599.55","1599.55","0","0","168","0","0","","0","0","0","0","","7","0","","","","","","","","","","","","","","","","","192.9","83","Healthy","","","2026-07-27","Yes","No","131.5","192.9","2026-07-25","159","7","0","0","78","unassigned","N","","",""
"2026-07-28","SL-COOLING-FITTED-FULL-MIDNIGHT-BLACK","X004OD9S2L","B0F7M621N6","SLEEPHORIA Cooling Fitted Sheet Full Size - 1 PC BreezeWeave Cooling Sheets for Hot Sleepers & Cool Rest w/ 16 in Deep Pocket - Corner Straps, Cloud Soft, Ultra Durable - 52 x 72 in (Midnight Black)","","0","0","0","0","0","0","1","0","0","USD","4","42","64","82","","0.0","0.0","0.0","0.0","CreateShippingPlan","","","0","0","","1.64","0.134586","cubic feet","Standard","0.0","US","gl_home","26032","0","0","0","0","29.99","119.96","1187.58","1836.96","2345.78","0","0","0","0","1","","0","0","0","0","","0","0","0","0.0","0","0.0","0","0.0","0","0.0","0","0.0","0","0.0","1","0.93","0","0.0","56.5","35","Out of stock","67","2026-07-27","2026-07-27","Yes","No","15.2","56.5","2026-07-25","0","0","0","0","0","unassigned","N","","",""
"2026-07-28","DC-BAMBOO-FITTED-QUEEN-NAVY-BLUE-1PC","X004W88WUR","B0FX2Q7R6W","DECOLURE 100% Viscose Derived from Bamboo Fitted Sheet | Queen Size Fitted Sheet Only | Ultra Soft Cooling Sheets for Hot Sleepers, 17"" Deep Pocket w/Corner Straps, Breathable, Oeko-Tex (Navy-Blue)","New","80","0","0","82","0","0","0","0","0","USD","4","26","26","26","","31.95","0.0","31.95","0.0","NoRestockExcessActionRequired","","","0","0","","0.35","0.224249","cubic feet","Standard","17.93992","US","gl_home","40126","70","0","12","40","31.95","127.8","782.7","782.7","782.7","0","0","82","0","0","","0","0","0","0","","0","0","","","","","","","","","","","","","","","","","257.8","78","Healthy","64","2026-08-04","2026-07-27","Yes","No","114.1","257.8","2026-07-25","80","0","0","0","70","unassigned","N","","",""
"2026-07-28","SATIN-FITTED-QUEEN-DARK-GREEN","X004CBP94L","B0DBW151XC","DECOLURE Satin Fitted Sheet Queen Size (1 PC) – Luxuriously Smooth & Softer than Silk Bed Sheets w/ 15 Inch Deep Pocket Hypoallergenic Wrinkle Free, Secure Snug Fit, Elastic Corner Straps (Dark Green)","New","208","0","0","211","0","0","0","0","0","USD","11","53","120","214","","17.95","0.0","17.94","0.0","NoRestockExcessActionRequired","","0.0","0","0","0.0","1.32","0.158812","cubic feet","Standard","33.032896","US","gl_home","9976","193","0","15","12","17.94","195.35","865.04","1895.81","3272.83","104","107","0","0","0","85.26","0","0","0","0","","0","0","","","","","","","","","","","","","","","","","84.9","98","Healthy","","","2026-07-27","Yes","No","84.9","56.6","2026-07-25","208","0","0","0","193","unassigned","N","","",""
"2026-07-28","BAMBOO-TWIN-BURGUNDY-6PCS","X00438TMZ5","B0CQ32LWVD","DECOLURE 100% Viscose Derived from Bamboo Sheets Twin Size - Luxury 4 Pc Naturally Cooling Sheets, Ultra Soft Bed Set - Deep 17"" Pockets, Durable Double Stitching, Oeko Tex Standard (Burgundy)","New","11","0","0","2","0","9","0","0","0","USD","1","3","5","16","","81.99","0.0","58.49","0.0","CreateShippingPlan","","0.0","0","0","0.0","1.0","0.2121","cubic feet","Standard","2.3331","US","gl_home","9357","78","0","14","8","58.49","58.49","178.72","289.2","954.04","1","0","1","9","0","3.2","0","0","0","0","","0","0","0","0.0","0","0.0","9","2.87","0","0.0","0","0.0","0","0.0","0","0.0","0","0.0","113.0","17","Low stock","16","2026-08-02","2026-07-27","Yes","No","113.0","86.6","2026-07-25","11","0","0","0","78","unassigned","N","","",""
"2026-07-28","BAMBOO-FULL-BLACK-6PCS","X004386WWB","B0CQ332KLH","DECOLURE 100% Viscose Derived from Bamboo Sheets Full Size - Luxury 6 Pc Naturally Cooling Sheets, Ultra Soft Bed Set - Deep 17"" Pockets, Durable Double Stitching, Oeko Tex Standard (Black)","New","88","0","0","88","0","0","0","0","0","USD","3","14","14","14","","74.99","0.0","67.49","0.0","NoRestockExcessActionRequired","","0.0","0","0","0.0","0.45","0.271343","cubic feet","Standard","23.878184","US","gl_home","9357","219","0","25","81","67.49","202.47","959.09","959.09","959.09","88","0","0","0","0","15.91","0","0","0","0","","0","0","","","","","","","","","","","","","","","","","178.9","42","Healthy","","","2026-07-27","Yes","No","175.5","178.9","2026-07-25","88","0","0","0","219","unassigned","N","","",""
"2026-07-28","WELCOME-SIGN-FRONT-PORCH-BLACK","X004HY4PGL","B0DQ83G9MC","DECOLURE Welcome Sign for Front Porch - Tall Solid Wood Porch Door Sign with 10 Magnetic Seasonal & Holiday Pieces, Rustic Farmhouse Outdoor Decor for Year Round Welcoming Entryway (Porch Black)","New","131","0","0","2","0","0","0","36","95","USD","2","11","35","64","Low traffic","32.95","0.0","32.95","29.1","Create Outlet deal","","30.36","2","0","3440.86","0.39","0.345526","cubic feet","Oversize","45.263906","US","gl_home","736020","366","97","47","26","32.95","65.9","349.27","1080.76","2116.31","1","1","0","0","0","365.34","0","0","0","0","","1","1","0","0.0","0","0.0","0","0.0","0","0.0","0","0.0","0","0.0","0","0.0","131","357.58","290.6","4","Excess","","","2026-07-27","Yes","No","290.6","224.3","2026-07-25","131","0","1","0","366","unassigned","N","","",""
"2026-07-28","SATIN-STRIPE-KING-GRAY--6-PCS","X003UO39ON","B0C7K74SLC","DECOLURE Satin Bed Sheets - 6 Piece Luxury Silky King Size Bedding Set - Softer Than Silk, Wrinkle-Free with 15” Deep Pocket Fitted Sheet, Perfect for Hair & Skin, Gifts for Women (Striped Grey)","New","102","18","0","96","12","16","0","0","0","USD","6","28","51","69","","32.95","0.0","30.56","0.0","NoRestockExcessActionRequired","","0.0","0","0","793.77","0.63","0.242268","cubic feet","Standard","24.711336","US","gl_home","15592","343","72","14","19","30.56","186.75","926.85","1696.87","2307.97","60","18","18","16","0","109.92","0","0","0","0","","1","1","0","0.0","0","0.0","12","4.36","4","5.28","0","0.0","0","0.0","0","0.0","0","0.0","126.4","18","Excess","","","2026-07-27","Yes","No","88.6","126.4","2026-07-25","120","0","1","0","345","unassigned","N","","",""
"2026-07-28","SS-SATIN-STRIPED-RED-TWIN-3PCS","X004D7HDD9","B0DDR9XL5R","SLEEP SANCTUARY Satin Sheets Twin Size – 3 Piece Luxury Silky Bed Set, Softer Than Silk, 15"" Deep Pocket, Cooling & Wrinkle-Free, Moisture-Wicking & Breathable for Hair & Skin (Striped Red)","New","48","0","0","0","1","0","0","0","48","USD","0","0","0","0","Low conversion","34.95","0.0","34.95","0.0","Lower price","","0.0","0","0","1753.0","0.0","0.128822","cubic feet","Standard","6.183456","US","gl_home","8682","366","48","","","34.95","0.0","0.0","0.0","0.0","0","0","0","0","0","52.1","0","0","0","0","","0","0","0","0.0","0","0.0","0","0.0","0","0.0","0","0.0","0","0.0","0","0.0","48","48.85","","2","Excess","","","","","","","","2026-07-25","48","0","0","0","366","unassigned","N","","",""
"2026-07-28","BAMBOO-CALIFKING-CHARCOAL","X003TONHO1","B0BZPZQCBL","DECOLURE 100% Viscose Derived from Bamboo Sheets California King Size - Luxury 4 Pc Naturally Cooling Sheets, Ultra Soft Bed Set - Deep 17"" Pockets, Double Stitching, Oeko Tex Standard (Charcoal)","New","42","1","0","44","0","0","0","0","0","USD","4","16","41","45","","84.99","0.0","84.98","0.0","NoRestockExcessActionRequired","","","0","0","","1.48","0.292738","cubic feet","Standard","12.294996","US","gl_home","9485","144","0","10","12","84.99","326.93","1260.93","3173.96","3591.92","0","44","0","0","0","","0","0","0","0","","1","0","","","","","","","","","","","","","","","","","77.9","21","Healthy","","","2026-07-27","Yes","No","71.2","77.9","2026-07-25","43","1","0","0","148","unassigned","N","","",""
"2026-07-28","SATIN-FITTED-FULL-SAGE-GREEN","X004CBXN6R","B0DBW2LXQY","DECOLURE Satin Fitted Sheet Full Size (1 PC) – Luxuriously Smooth & Softer Than Silk Bed Sheets w/ 15 Inch Deep Pocket Hypoallergenic Wrinkle Free, Secure Snug Fit, Elastic Corner Straps (Sage Green)","New","95","0","0","42","1","56","0","0","0","USD","11","35","67","110","","17.95","0.0","17.94","0.0","NoRestockExcessActionRequired","","0.0","0","0","0.0","0.83","0.126132","cubic feet","Standard","11.98254","US","gl_home","9976","130","0","10","11","17.94","197.34","579.76","1066.92","1648.37","40","1","1","56","0","35.35","0","0","0","0","","3","0","1","0.06","1","0.13","55","10.42","0","0.0","0","0.0","0","0.0","0","0.0","0","0.0","100.8","55","Healthy","17","2026-08-04","2026-07-27","Yes","No","78.4","100.8","2026-07-25","95","2","1","0","135","unassigned","N","","",""
"2026-07-28","SATIN-4PCS-FULL-ROSEWOOD","X004C9UVBT","B0DBQVFTZS","DECOLURE Satin Bed Sheets - 4 Piece Luxury Silky Full Size Bedding Set - Softer Than Silk, Wrinkle-Free with 15” Deep Pocket Fitted Sheet, Perfect for Hair & Skin, Gifts for Women (Rosewood)","New","172","2","0","2","1","2","115","62","0","USD","11","55","91","119","","25.95","0.0","22.45","0.0","NoRestockExcessActionRequired","","0.0","0","0","2471.93","0.47","0.21003","cubic feet","Standard","36.12516","US","gl_home","4372","350","128","12","18","22.45","283.95","1588.16","2654.28","3541.33","0","2","0","117","0","235.55","0","0","0","0","","6","0","0","0.0","2","0.42","0","0.0","24","27.47","91","108.96","0","0.0","62","89.9","0","0.0","196.4","39","Excess","","","2026-07-27","Yes","No","113.1","196.4","2026-07-25","174","3","3","0","359","unassigned","N","","",""
"2026-07-28","SL-COOLING-SHEET-KING-MIDNIGHT-BLACK","X004OCYS31","B0F7LY3994","SLEEPHORIA Cooling Sheets - BreezeWeave 4 PC King Size Cooling Bed Sheets for Hot Sleepers & Deep, Cool Rest - Cloud Soft, Silky Smooth, 16 in Deep Pocket, Ultra Durable (Midnight Black - 01)","New","48","54","0","103","0","0","0","0","0","USD","6","10","10","43","Low traffic","69.99","0.0","69.99","0.0","NoExcessInventory","","0.0","0","0","0.0","1.16","0.32455","cubic feet","Standard","15.5784","US","gl_home","1656957","193","0","19","14","69.99","419.94","699.9","699.9","3224.57","103","0","0","0","0","21.54","0","0","0","0","","1","0","","","","","","","","","","","","","","","","","156.1","31","Healthy","","","2026-07-27","Yes","No","156.1","35.2","2026-07-25","102","1","0","0","195","unassigned","N","","",""
"2026-07-28","SATIN-RED-FULL-6-PCS","X003UMHDW9","B0C7FWSYPL","DECOLURE Satin Bed Sheets - 6 Piece Luxury Silky Full Size Bedding Set - Softer Than Silk, Wrinkle-Free with 15” Deep Pocket Fitted Sheet, Perfect for Hair & Skin, Gifts for Women (Red)","New","35","1","0","0","1","1","39","0","0","USD","3","6","11","16","","27.95","0.0","27.95","0.0","NoRestockExcessActionRequired","","0.0","0","0","845.11","0.33","0.222168","cubic feet","Standard","7.77588","US","gl_home","15592","140","28","23","28","27.95","83.85","172.2","321.95","483.7","0","0","0","40","0","48.91","0","0","0","0","","2","0","1","0.11","1","0.22","0","0.0","0","0.0","39","49.41","0","0.0","0","0.0","0","0.0","276.8","21","Excess","","","2026-07-27","Yes","No","265.2","276.8","2026-07-25","36","0","2","0","146","unassigned","N","","",""
"2026-07-28","SL-COOLING-FITTED-KING-COOL-BLUE","X004OCXXW3","B0F7M61LHQ","SLEEPHORIA Cooling Fitted Sheet King Size - 1 PC BreezeWeave Cooling Sheets for Hot Sleepers & Cool Rest w/ 16 in Deep Pocket - Corner Straps, Cloud Soft, Ultra Durable - 73 x 77 in (Cool Blue)","","0","0","0","3","0","0","0","0","0","USD","0","0","108","167","","0.0","0.0","0.0","0.0","CreateShippingPlan","","","0","0","","2.23","0.167501","cubic feet","Standard","0.0","US","gl_home","26032","0","0","","0","34.99","0.0","0.0","3567.92","5524.33","1","2","0","0","0","","0","0","0","0","","1","0","","","","","","","","","","","","","","","","","36.0","64","Out of stock","97","2026-07-28","2026-07-27","Yes","No","36.0","34.5","2026-07-25","0","0","1","0","15","unassigned","N","","",""
"2026-07-28","BAMBOO-TWIN-LIGHT PINK-6PCS","X00438OEGH","B0CQ33BH1K","DECOLURE 100% Viscose Derived from Bamboo Sheets Twin Size - Luxury 4 Pc Naturally Cooling Sheets, Ultra Soft Bed Set - Deep 17"" Pockets, Durable Double Stitching, Oeko Tex Standard (Light Pink)","New","11","0","0","1","1","12","0","0","0","USD","4","12","21","30","","64.99","0.0","64.98","0.0","CreateShippingPlan","","0.0","0","0","0.0","0.89","0.177834","cubic feet","Standard","1.956174","US","gl_home","9357","33","0","3","4","64.98","254.93","760.07","1336.72","1960.73","0","0","1","12","0","1.05","0","0","0","0","","3","0","12","1.08","0","0.0","0","0.0","0","0.0","0","0.0","0","0.0","0","0.0","0","0.0","85.7","21","Low stock","27","2026-08-04","2026-07-27","Yes","No","42.5","85.7","2026-07-25","11","1","2","0","41","unassigned","N","","",""
"2026-07-28","SS-BAMBOO-LIGHT-BLUE-KING-6PCS","X004D8Q3J3","B0DDV25KDZ","SLEEP SANCTUARY 100% Viscose Derived from Bamboo Sheets King Size 6pcs – BamBliss Luxury Cooling Sheets for Hot Sleepers - Cloud Soft, 17"" Deep Pocket, Ultra Durable Bed Set (Light Blue)","New","24","0","0","1","2","2","23","0","0","USD","4","24","58","91","","69.99","0.0","69.99","0.0","CreateShippingPlan","","0.0","0","0","0.0","1.25","0.361228","cubic feet","Standard","8.669472","US","gl_home","86667","24","0","4","3","69.99","279.96","1661.56","4027.72","6341.39","0","0","1","25","0","30.61","0","0","0","0","","0","0","0","0.0","0","0.0","0","0.0","25","49.22","0","0.0","0","0.0","0","0.0","0","0.0","73.6","29","Low stock","33","2026-08-04","2026-07-27","Yes","No","46.6","73.6","2026-07-25","24","0","0","0","24","unassigned","N","","",""
"2026-07-28","BAMBOO-TWIN-GREY","X002O4Z4HZ","B08KQKJXDK","DECOLURE 100% Viscose Derived from Bamboo Sheets Twin Size - Luxury 3 Pc Naturally Cooling Sheets, Ultra Soft Bed Set - Deep 17"" Pockets, Durable Double Stitching, Oeko Tex Standard (Grey)","New","30","1","0","33","0","0","0","0","0","USD","3","8","22","31","","59.99","0.0","54.98","0.0","NoRestockExcessActionRequired","","0.0","0","0","0.0","1.06","0.191729","cubic feet","Standard","5.75187","US","gl_home","9485","357","0","30","25","59.99","164.94","442.13","1312.67","1816.2","19","14","0","0","0","9.92","30","0","30","0","","1","0","","","","","","","","","","","","","","","","","110.2","13","Healthy","","","2026-07-27","Yes","No","110.2","73.7","2026-07-25","61","0","1","0","366","unassigned","N","","",""
"2026-07-28","SATIN-STONEGREY-KING-6PCS","X003UM8NX7","B0C7FLGJS8","DECOLURE Satin Bed Sheets - 6 Piece Luxury Silky King Size Bedding Set - Softer Than Silk, Wrinkle-Free with 15” Deep Pocket Fitted Sheet, Perfect for Hair & Skin, Gifts for Women (Stone Grey)","New","108","4","0","102","17","0","0","0","0","USD","14","57","122","153","","32.95","0.0","32.95","0.0","NoRestockExcessActionRequired","","0.0","0","0","0.0","0.92","0.259092","cubic feet","Standard","27.981936","US","gl_home","15592","72","0","7","9","32.95","463.3","1906.15","4092.5","5404.95","0","30","72","0","0","38.15","0","0","0","0","","2","0","","","","","","","","","","","","","","","","","103.5","48","Healthy","","","2026-07-27","Yes","No","69.6","103.5","2026-07-25","112","2","0","0","74","unassigned","N","","",""
"2026-07-28","SATIN-QUEEN-BLUSH PINK","X0041PSZOT","B0CNS8T4ZK","DECOLURE Satin Bed Sheets - 4 Piece Luxury Silky Queen Size Bedding Set - Softer Than Silk, Wrinkle-Free with 15” Deep Pocket Fitted Sheet, Perfect for Hair & Skin, Gifts for Women (Blush Pink)","New","109","13","0","130","0","0","0","0","0","USD","14","65","99","155","","31.95","0.0","30.35","0.0","CreateShippingPlan","","0.0","0","0","0.0","2.15","0.254953","cubic feet","Standard","27.789877","US","gl_home","4372","62","0","6","9","30.35","428.1","2054.35","3137.45","4970.69","130","0","0","0","0","18.84","0","0","0","0","","3","0","","","","","","","","","","","","","","","","","56.3","67","Healthy","5","2026-08-04","2026-07-27","Yes","No","56.3","31.8","2026-07-25","122","2","1","0","63","unassigned","N","","",""
"2026-07-28","SATIN-TWIN-PINK-6PCS","X003UM8ZSP","B0C7FKPZNT","DECOLURE Satin Bed Sheets - 4 Piece Luxury Silky Twin Size Bedding Set - Softer Than Silk, Wrinkle-Free with 15” Deep Pocket Fitted Sheet, Perfect for Hair & Skin, Gifts for Women (Pink)","New","21","0","0","21","0","0","0","0","0","USD","0","2","9","13","","27.95","0.0","25.16","0.0","NoRestockExcessActionRequired","","0.0","0","0","899.38","0.5","0.151482","cubic feet","Standard","3.181122","US","gl_home","15592","174","0","42","21","25.16","0.0","55.9","244.08","351.69","0","6","15","0","0","2.96","0","0","0","0","","0","0","","","","","","","","","","","","","","","","","188.3","10","Healthy","","","2026-07-27","Yes","No","159.3","188.3","2026-07-25","21","0","0","0","174","unassigned","N","","",""
"2026-07-28","SS-SATIN-STRIPED-BLUE-FULL-4PCS","X004D7HFY1","B0DDQX8257","SLEEP SANCTUARY Satin Sheets Full Size – 4 Piece Luxury Silky Bed Set, Softer Than Silk, 15"" Deep Pocket, Cooling & Wrinkle-Free, Moisture-Wicking & Breathable for Hair & Skin (Striped Blue)","New","4","0","0","0","0","0","1","0","3","USD","0","3","4","4","","31.95","29.95","31.95","0.0","CreateShippingPlan","","0.0","0","0","318.79","0.59","0.26218","cubic feet","Standard","1.04872","US","gl_home","8682","36","0","5","13","31.95","0.0","95.85","127.8","127.8","0","0","0","1","0","8.37","0","0","0","0","","0","0","0","0.0","0","0.0","0","0.0","1","1.43","0","0.0","0","0.0","0","0.0","3","6.21","155.3","6","Low stock","8","2026-08-01","2026-07-27","Yes","No","48.7","155.3","2026-07-25","4","0","0","0","36","unassigned","N","","",""
"2026-07-28","SL-COOLING-SHEET-CAL-KING-LIGHT-BLUE","X004OD4MO5","B0F7LX3RH5","SLEEPHORIA Cooling Sheets - BreezeWeave 4 PC California King Size Cooling Bed Sheets for Hot Sleepers & Deep, Cool Rest - Cloud Soft, Silky Smooth, 16 in Deep Pocket, Ultra Durable (Light Blue)","New","16","6","0","17","0","0","0","0","0","USD","5","7","7","8","","69.99","0.0","69.99","0.0","NoRestockExcessActionRequired","","0.0","0","0","0.0","1.88","0.497367","cubic feet","Standard","7.957872","US","gl_home","82219","101","0","9","26","69.99","349.95","489.93","489.93","559.92","17","0","0","0","0","7.97","0","0","0","0","","1","0","","","","","","","","","","","","","","","","","48.8","9","Healthy","","","2026-07-27","Yes","No","48.8","42.6","2026-07-25","22","1","0","0","106","unassigned","N","","",""
"2026-07-28","SL-COOLING-FITTED-QUEEN-COOL-BLUE","X004ODA0GJ","B0F7M6FFVL","SLEEPHORIA Cooling Fitted Sheet Queen Size - 1 PC BreezeWeave Cooling Sheets for Hot Sleepers & Cool Rest w/ 16 in Deep Pocket - Corner Straps, Cloud Soft, Ultra Durable - 57 x 77 in (Cool Blue)","New","34","2","0","0","1","2","40","0","0","USD","27","178","235","267","","33.99","0.0","31.99","0.0","GoToRestock","","0.0","0","0","0.0","1.22","0.152722","cubic feet","Standard","5.192548","US","gl_home","26032","9","0","0","1","33.99","863.73","5406.22","7190.65","8150.33","0","0","0","2","40","31.78","0","0","0","0","","1","0","0","0.0","0","0.0","2","0.46","0","0.0","0","0.0","0","0.0","40","42.15","0","0.0","78.3","111","Low stock","172","2026-08-04","2026-07-27","No","No","20.8","78.3","2026-07-25","36","1","0","0","9","unassigned","N","","",""
"2026-07-28","SS-BAMBOO-TAUPE-KING-6PCS","X004D8TQZL","B0DDTYDHVB","SLEEP SANCTUARY 100% Viscose Derived from Bamboo Sheets King Size 6pcs – BamBliss Luxury Cooling Sheets for Hot Sleepers - Cloud Soft, 17"" Deep Pocket, Ultra Durable Bed Set (Taupe)","New","294","20","0","3","4","4","306","0","0","USD","9","63","118","160","","69.99","0.0","69.99","0.0","NoRestockExcessActionRequired","","0.0","0","0","3.64","0.4","0.35702","cubic feet","Standard","104.96388","US","gl_home","86667","188","0","18","23","69.99","629.91","4359.32","8188.12","11117.7","1","1","1","310","0","662.32","0","0","0","0","","0","0","1","0.18","1","0.36","1","0.54","153","297.7","155","315.47","0","0.0","0","0.0","0","0.0","223.5","56","Healthy","","","2026-07-27","Yes","No","136.8","223.5","2026-07-25","314","0","0","0","188","unassigned","N","","",""
"2026-07-28","Amazon.Found.B08KQK8Z1J","B08KQK8Z1J","B08KQK8Z1J","DECOLURE 100% Viscose Derived from Bamboo Sheets Twin Size - Luxury 3 Pc Naturally Cooling Sheets, Ultra Soft Bed Set - Deep 17"" Pockets, Durable Double Stitching, Oeko Tex Standard (Light Grey)","","0","0","0","0","0","0","1","0","0","USD","","","","","Low conversion","0.0","0.0","50.99","0.0","NoRestockExcessActionRequired","","","0","0","","0.22","0.164153","cubic feet","Standard","0.0","US","gl_home","9485","0","0","","","79.99","","","","","0","0","0","1","0","","0","0","0","0","","0","0","0","0.0","0","0.0","0","0.0","1","0.89","0","0.0","0","0.0","0","0.0","0","0.0","45.0","","","12","2026-07-28","2026-07-27","Yes","No","15.0","45.0","2026-07-25","0","0","0","0","0","unassigned","N","","",""
"2026-07-28","SS-SATIN-GOLD-KING-4PCS","X004D7LX5X","B0DDR5JMCH","SLEEP SANCTUARY Satin Sheets King Size – 4 Piece Luxury Silky Bed Set, Softer Than Silk, 15"" Deep Pocket, Cooling & Wrinkle-Free, Moisture-Wicking & Breathable for Hair & Skin (Gold)","New","141","0","0","32","12","6","79","13","0","USD","9","18","41","62","","35.95","33.95","27.56","0.0","NoRestockExcessActionRequired","","0.0","0","0","1322.49","0.39","0.308757","cubic feet","Standard","43.534737","US","gl_home","8682","283","112","31","29","35.95","256.43","571.6","1362.5","2117.45","2","12","18","84","1","261.19","0","0","0","0","","0","0","0","0.0","0","0.0","0","0.0","18","30.29","66","116.16","1","1.82","13","27.69","0","0.0","242.5","34","Excess","","","2026-07-27","Yes","No","242.5","234.7","2026-07-25","141","0","0","0","283","unassigned","N","","",""
"2026-07-28","SS-BAMBOO-PURPLE-CALIFKING-6PCS","X004D8UY57","B0DDTXTR71","SLEEP SANCTUARY 100% Viscose Derived from Bamboo Sheets California King Size 6pcs – BamBliss Luxury Cooling Sheets for Hot Sleepers - Cloud Soft, 17"" Deep Pocket, Ultra Durable Bed Set (Purple)","New","14","0","0","0","5","0","10","0","0","USD","1","3","6","8","","69.99","0.0","69.99","0.0","NoRestockExcessActionRequired","","0.0","0","0","1220.76","0.42","0.302756","cubic feet","Standard","4.238584","US","gl_home","86667","260","14","18","22","69.99","69.99","205.42","429.39","569.37","0","0","0","10","0","18.21","0","0","0","0","","0","0","0","0.0","0","0.0","0","0.0","4","6.6","6","10.36","0","0.0","0","0.0","0","0.0","211.6","3","Excess","","","2026-07-27","Yes","No","151.7","211.6","2026-07-25","14","0","0","0","260","unassigned","N","","",""
"2026-07-28","SS-SATIN-PURPLE-QUEEN-4PCS","X004D7A0CZ","B0DDR4FVH1","SLEEP SANCTUARY Satin Sheets Queen Size – 4 Piece Luxury Silky Bed Set, Softer Than Silk, 15"" Deep Pocket, Cooling & Wrinkle-Free, Moisture-Wicking & Breathable for Hair & Skin (Purple)","New","136","0","0","62","0","2","8","66","0","USD","9","39","59","73","","33.95","31.95","27.56","0.0","NoRestockExcessActionRequired","","0.0","0","0","1037.0","0.47","0.262328","cubic feet","Standard","35.676608","US","gl_home","8682","140","123","13","24","31.95","254.04","1214.88","1861.14","2344.44","1","19","42","5","5","257.94","0","0","0","0","","1","0","0","0.0","1","0.26","1","0.39","1","1.43","1","1.5","5","7.74","67","121.27","0","0.0","206.7","69","Excess","9","2026-08-04","2026-07-27","Yes","No","128.1","206.7","2026-07-25","136","0","1","0","141","unassigned","N","","",""
"2026-07-28","SL-QUILT-SET-QUEEN-NAVY-BLUE","X004R3N3SX","B0FGZQ1HTL","SLEEPHORIA Queen Quilt Bedding Set - Cloud Soft All-Season Bedspread 3 PC w/Shams, Bed Quilt Queen Size Coverlet - Oversized, Light Weight, Ultra Durable, Easy Care - 90 x 96 in (Navy Blue)","New","126","0","0","0","2","4","128","0","0","USD","4","27","30","32","","36.99","0.0","36.98","0.0","NoRestockExcessActionRequired","","0.0","0","0","22068.07","0.2","0.660011","cubic feet","Oversize","83.161386","US","gl_home","97758","366","126","18","51","36.98","147.93","991.3","1092.47","1166.45","0","0","0","132","0","495.34","0","0","0","0","","4","0","2","0.66","0","0.0","2","1.98","0","0.0","128","481.54","0","0.0","0","0.0","0","0.0","485.4","7","Excess","","","2026-07-27","Yes","No","162.4","485.4","2026-07-25","126","4","0","0","366","unassigned","N","","",""
"2026-07-28","BAMBOO-KING-WHITE-6PCS","X00438V7Z3","B0CQ2XQF9N","DECOLURE 100% Viscose Derived from Bamboo Sheets King Size - Luxury 6 Pc Naturally Cooling Sheets, Ultra Soft Bed Set - Deep 17"" Pockets, Durable Double Stitching, Oeko Tex Standard (White)","New","1185","952","0","2176","0","0","0","0","0","USD","87","347","678","810","","89.99","0.0","89.24","0.0","NoRestockExcessActionRequired","","0.0","0","0","0.0","0.91","0.370572","cubic feet","Standard","439.12782","US","gl_home","9357","262","0","13","19","89.24","7774.38","30955.09","60334.33","72273.01","1497","679","0","0","0","504.78","0","0","0","0","","23","1","","","","","","","","","","","","","","","","","102.5","277","Healthy","","","2026-07-27","No","No","102.5","71.3","2026-07-25","2137","20","3","0","266","unassigned","N","","",""
"2026-07-28","SATIN-FITTED-TWIN-GOLD","X004CBVDZF","B0DBVZY5T2","DECOLURE Satin Fitted Sheet Twin Size (1 PC) – Luxuriously Smooth & Softer Than Silk Bed Sheets w/ 15 Inch Deep Pocket Hypoallergenic Wrinkle Free, Secure Snug Fit, Elastic Corner Straps (Gold)","New","98","0","0","100","0","0","0","0","0","USD","1","6","16","39","","16.95","0.0","16.94","0.0","NoRestockExcessActionRequired","","0.0","0","0","46.95","0.46","0.101531","cubic feet","Standard","9.950038","US","gl_home","9976","366","0","65","32","15.26","16.94","95.36","220.55","504.13","0","23","77","0","0","16.36","0","0","0","0","","1","0","","","","","","","","","","","","","","","","","307.3","15","Healthy","","","2026-07-27","Yes","No","307.3","214.1","2026-07-25","98","0","1","0","366","unassigned","N","","",""
"2026-07-28","SS-BAMBOO-SAGE-GREEN-CALIFKING-6PCS","X004D8I3JB","B0DDTYS6CK","SLEEP SANCTUARY 100% Viscose Derived from Bamboo Sheets California King Size 6pcs – BamBliss Luxury Cooling Sheets for Hot Sleepers - Cloud Soft, 17"" Deep Pocket, Ultra Durable Bed Set (Sage Green)","New","1","0","0","1","0","0","0","0","0","USD","4","5","11","16","","69.99","0.0","69.99","0.0","CreateShippingPlan","","0.0","0","0","108.98","1.71","0.302756","cubic feet","Standard","0.302756","US","gl_home","86667","5","0","0","0","69.99","279.96","349.95","790.89","1140.84","0","0","1","0","0","0.37","0","0","0","0","","0","0","","","","","","","","","","","","","","","","","52.7","6","Low stock","8","2026-08-02","2026-07-27","Yes","No","34.0","52.7","2026-07-25","1","0","0","0","5","unassigned","N","","",""
"2026-07-28","BAMBOO-QUEEN-CREME-6PCS","X00438TIF9","B0CQ32Z6VP","DECOLURE 100% Viscose Derived from Bamboo Sheets Queen Size - Luxury 6 Pc Naturally Cooling Sheets, Ultra Soft Bed Set - Deep 17"" Pockets, Durable Double Stitching, Oeko Tex Standard (Creme)","New","435","16","0","448","27","0","0","0","0","USD","59","199","423","609","","84.99","0.0","71.24","0.0","NoRestockExcessActionRequired","","0.0","0","0","0.0","0.86","0.330318","cubic feet","Standard","143.68833","US","gl_home","9357","112","0","8","9","71.24","4203.16","14968.38","32129.76","46374.9","5","2","441","0","0","90.92","0","0","0","0","","12","0","","","","","","","","","","","","","","","","","114.2","116","Healthy","","","2026-07-27","No","No","67.5","114.2","2026-07-25","451","10","2","0","115","unassigned","N","","",""
"2026-07-28","DC-BAMBOO-FITTED-KING-CREME-1PC","X004W8GEW5","B0FX2SDSYH","DECOLURE 100% Viscose Derived from Bamboo Fitted Sheet | King Size Fitted Sheet Only | Ultra Soft Cooling Sheets for Hot Sleepers, 17"" Deep Pocket w/Corner Straps, Breathable, Oeko-Tex (Creme)","New","160","0","0","166","0","0","0","0","0","USD","6","20","20","20","","33.95","0.0","33.95","0.0","Edit listing","","","0","0","","0.14","0.225891","cubic feet","Standard","36.14256","US","gl_home","40126","134","0","32","104","33.95","203.7","645.0","645.0","645.0","0","0","166","0","0","","0","0","0","0","","5","0","","","","","","","","","","","","","","","","","283.7","78","Healthy","","","2026-07-27","Yes","No","283.7","262.2","2026-07-25","160","0","5","0","136","unassigned","N","","",""
"2026-07-28","BAMBOO-CALIFKING-GREY-6PCS","X00438CGDF","B0CQ33T9BL","DECOLURE 100% Viscose Derived from Bamboo Sheets California King Size - Luxury 6 Pc Naturally Cooling Sheets, Ultra Soft Bed Set - Deep 17"" Pockets, Double Stitching, Oeko Tex Standard (Grey)","New","48","8","0","58","0","0","0","0","0","USD","0","6","6","6","","89.99","0.0","89.99","0.0","NoRestockExcessActionRequired","","","0","0","","0.2","0.322417","cubic feet","Standard","15.476016","US","gl_home","9357","299","0","34","112","89.99","0.0","465.61","465.61","465.61","32","26","0","0","0","","4","4","0","0","","1","0","","","","","","","","","","","","","","","","","317.5","15","Healthy","","","2026-07-27","Yes","No","302.2","317.5","2026-07-25","60","0","1","0","333","unassigned","N","","",""
"2026-07-28","BAMBOO-CALIFKING-PURPLE-6PCS","X00438YM9B","B0CQ32CNNX","DECOLURE 100% Viscose Derived from Bamboo Sheets California King Size - Luxury 6 Pc Naturally Cooling Sheets, Ultra Soft Bed Set - Deep 17"" Pockets, Double Stitching, Oeko Tex Standard (Purple)","New","0","3","0","5","0","0","0","0","0","USD","2","7","18","26","","89.99","0.0","89.99","0.0","CreateShippingPlan","","0.0","0","0","0.0","2.17","0.318232","cubic feet","Standard","0.0","US","gl_home","9357","14","0","0","0","89.99","179.98","619.93","1631.82","2269.09","0","1","4","0","0","0.18","0","0","0","0","","1","0","","","","","","","","","","","","","","","","","35.8","15","Low stock","24","2026-08-04","2026-07-27","Yes","No","21.8","35.8","2026-07-25","3","0","1","0","20","unassigned","N","","",""
"2026-07-28","WATERPROOF-CHAIR-COVER-BLACK-6PCS","X004632PK1","B0CY6H5P5T","Waterproof Dining Chair Covers Set of 6 - 3 Layers Thick Fabric Parsons Chair Slip Covers - Jacquard Kitchen Chair Covers & Stretch Protectors for Dining Room, Restaurant - Removable Washable (Black)","New","133","0","0","1","1","2","12","1","117","USD","1","5","13","24","","50.99","0.0","19.99","0.0","NoRestockExcessActionRequired","","0.0","0","133","5112.94","0.16","0.317148","cubic feet","Standard","42.180684","US","gl_home","622269","366","133","106","72","19.99","19.99","147.45","407.46","756.18","0","0","1","11","3","341.66","0","0","0","0","","0","0","0","0.0","0","0.0","2","0.95","0","0.0","9","16.27","2","3.74","2","4.38","117","293.14","1026.3","5","Excess","","","2026-07-27","Yes","No","1026.3","564.1","2026-07-25","133","0","0","0","366","unassigned","N","","",""
"2026-07-28","SATIN-FITTED-KING-RED","X004CBS3G7","B0DBW1M6RN","DECOLURE Satin Fitted Sheet King Size (1 PC) – Luxuriously Smooth & Softer Than Silk Bed Sheets w/ 15 Inch Deep Pocket Hypoallergenic Wrinkle Free, Secure Snug Fit, Elastic Corner Straps (Red)","New","167","0","0","8","11","152","0","0","0","USD","11","39","80","129","","19.95","0.0","19.94","0.0","NoRestockExcessActionRequired","","0.0","0","0","0.0","0.55","0.174651","cubic feet","Standard","29.166717","US","gl_home","9976","132","0","17","16","19.94","219.35","773.91","1567.86","2541.41","0","2","6","152","0","62.38","0","0","0","0","","0","0","7","0.61","12","2.1","117","30.64","21","19.99","0","0.0","0","0.0","0","0.0","0","0.0","160.0","78","Healthy","","","2026-07-27","Yes","No","150.7","160.0","2026-07-25","167","0","0","0","132","unassigned","N","","",""
"2026-07-28","SS-SATIN-STRIPED-PURPLE-TWIN-3PCS","X004D7K999","B0DDR9L9TF","SLEEP SANCTUARY Satin Sheets Twin Size – 3 Piece Luxury Silky Bed Set, Softer Than Silk, 15"" Deep Pocket, Cooling & Wrinkle-Free, Moisture-Wicking & Breathable for Hair & Skin (Striped Purple)","New","19","0","0","0","1","6","5","0","7","USD","2","3","3","4","","29.95","27.95","25.76","0.0","Edit listing","","0.0","0","0","739.2","0.19","0.128822","cubic feet","Standard","2.447618","US","gl_home","8682","366","19","25","61","25.76","57.52","81.48","81.48","113.43","0","0","0","11","0","16.11","0","0","0","0","","0","0","1","0.06","0","0.0","1","0.19","10","7.02","0","0.0","0","0.0","0","0.0","7","7.12","391.4","4","Excess","","","2026-07-27","Yes","No","206.0","391.4","2026-07-25","19","0","0","0","366","unassigned","N","","",""
"2026-07-28","BAMBOO-KING-LIGHTOLIVE","X003TO84G7","B0BZPZP12L","DECOLURE 100% Viscose Derived from Bamboo Sheets King Size - Luxury 4 Pc Naturally Cooling Sheets, Ultra Soft Bed Set - Deep 17"" Pockets, Durable Double Stitching, Oeko Tex Standard (Light Olive)","New","91","18","0","111","0","0","0","0","0","USD","8","28","51","58","","84.99","0.0","84.99","0.0","NoRestockExcessActionRequired","","","0","0","","0.88","0.288702","cubic feet","Standard","26.271882","US","gl_home","9485","181","0","14","23","84.99","679.92","2235.96","3891.3","4495.3","31","80","0","0","0","","12","12","0","0","","1","0","","","","","","","","","","","","","","","","","145.4","42","Healthy","","","2026-07-27","Yes","No","145.4","126.9","2026-07-25","121","0","1","0","212","unassigned","N","","",""
"2026-07-28","SS-SATIN-WHITE-TWIN-3PCS","X004D7HG77","B0DDQTZ8NT","SLEEP SANCTUARY Satin Sheets Twin Size – 3 Piece Luxury Silky Bed Set, Softer Than Silk, 15"" Deep Pocket, Cooling & Wrinkle-Free, Moisture-Wicking & Breathable for Hair & Skin (White)","New","17","0","0","1","0","6","11","0","0","USD","2","8","16","18","","29.95","27.95","23.96","0.0","NoRestockExcessActionRequired","","0.0","0","0","0.0","0.6","0.21936","cubic feet","Standard","3.72912","US","gl_home","8682","74","0","23","33","29.95","47.92","215.65","459.27","519.17","0","0","1","17","0","16.44","30","30","0","0","","0","0","0","0.0","0","0.0","6","1.97","0","0.0","11","13.75","0","0.0","0","0.0","0","0.0","154.9","20","Low stock","","","2026-07-27","Yes","No","74.7","154.9","2026-07-25","47","0","0","0","219","unassigned","N","","",""
"2026-07-28","DC-BAMBOO-FITTED-QUEEN-WHITE-1PC","X004W8DNOR","B0FX2SR8VT","DECOLURE 100% Viscose Derived from Bamboo Fitted Sheet | Queen Size Fitted Sheet Only | Ultra Soft Cooling Sheets for Hot Sleepers, 17"" Deep Pocket w/Corner Straps, Breathable, Oeko-Tex (White)","New","207","0","0","213","0","0","0","0","0","USD","10","41","43","43","","31.95","0.0","31.95","0.0","Edit listing","","","0","0","","0.22","0.227894","cubic feet","Standard","47.174058","US","gl_home","40126","123","0","20","62","31.95","317.5","1241.95","1297.85","1297.85","0","12","201","0","0","","0","0","0","0","","3","0","","","","","","","","","","","","","","","","","230.4","115","Healthy","","","2026-07-27","Yes","No","175.3","230.4","2026-07-25","207","3","0","0","125","unassigned","N","","",""
"2026-07-28","SATIN-STRIPE-QUEEN-GRAY--6-PCS","X003UO3AGP","B0C7K438ML","DECOLURE Satin Bed Sheets - 6 Piece Luxury Silky Queen Size Bedding Set - Softer Than Silk, Wrinkle-Free with 15” Deep Pocket Fitted Sheet, Perfect for Hair & Skin, Gifts for Women (Striped Grey)","New","76","1","0","36","0","0","41","0","0","USD","10","24","36","47","","30.95","0.0","30.95","0.0","NoRestockExcessActionRequired","","0.0","0","0","405.98","0.49","0.264645","cubic feet","Standard","20.11302","US","gl_home","15592","276","58","12","21","30.95","307.7","747.0","1140.6","1503.85","0","24","12","41","0","126.59","0","0","0","0","","4","0","0","0.0","0","0.0","0","0.0","0","0.0","41","61.84","0","0.0","0","0.0","0","0.0","194.2","22","Excess","","","2026-07-27","Yes","No","118.2","194.2","2026-07-25","77","4","0","0","289","unassigned","N","","",""
"2026-07-28","BAMBOO-CALIFKING-LIGHT PINK","X0040HLH6V","B0CLKD23ZH","DECOLURE 100% Viscose Derived from Bamboo Sheets California King Size - Luxury 4 Pc Naturally Cooling Sheets, Ultra Soft Bed Set - Deep 17"" Pockets, Double Stitching, Oeko Tex Standard (Light Pink)","New","84","1","0","0","0","90","0","0","0","USD","4","17","42","56","","84.99","0.0","84.98","0.0","NoRestockExcessActionRequired","","0.0","0","0","233.96","0.44","0.287237","cubic feet","Standard","24.127908","US","gl_home","9485","366","50","19","19","84.99","322.94","1316.2","3389.43","4542.04","0","0","0","90","0","41.11","0","0","0","0","","1","0","0","0.0","90","25.83","0","0.0","0","0.0","0","0.0","0","0.0","0","0.0","0","0.0","194.0","14","Excess","","","2026-07-27","Yes","No","137.7","194.0","2026-07-25","85","0","1","0","366","unassigned","N","","",""
"2026-07-28","SS-SATIN-TAUPE-FULL-4PCS","X004D7K7ZF","B0DDR6G4WJ","SLEEP SANCTUARY Satin Sheets Full Size – 4 Piece Luxury Silky Bed Set, Softer Than Silk, 15"" Deep Pocket, Cooling & Wrinkle-Free, Moisture-Wicking & Breathable for Hair & Skin (Taupe)","New","173","0","0","1","0","1","1","0","170","USD","4","6","8","12","","31.95","29.95","22.45","0.0","Edit listing","","0.0","0","0","10316.21","0.07","0.224731","cubic feet","Standard","38.878463","US","gl_home","8682","366","173","115","187","29.95","105.73","163.24","227.75","355.55","0","0","1","1","1","331.21","0","0","0","0","","0","0","0","0.0","0","0.0","0","0.0","1","1.22","0","0.0","1","1.33","0","0.0","170","301.86","1471.9","10","Excess","","","2026-07-27","Yes","No","1061.2","1471.9","2026-07-25","173","0","0","0","366","unassigned","N","","",""
"2026-07-28","SL-COOLING-FITTED-KING-BEIGE","X004OD3C5P","B0F7M8SJ5Q","SLEEPHORIA Cooling Fitted Sheet King Size - 1 PC BreezeWeave Cooling Sheets for Hot Sleepers & Cool Rest w/ 16 in Deep Pocket - Corner Straps, Cloud Soft, Ultra Durable - 73 x 77 in (Beige)","New","65","64","0","137","0","0","0","0","0","USD","21","45","45","60","","36.99","0.0","34.99","0.0","NoExcessInventory","","0.0","0","0","0.0","1.58","0.159306","cubic feet","Standard","10.35489","US","gl_home","26032","52","0","5","14","36.99","734.79","1597.55","1597.55","2092.4","137","0","0","0","0","56.68","0","0","0","0","","3","0","","","","","","","","","","","","","","","","","37.5","59","Healthy","","","2026-07-27","Yes","No","37.5","27.2","2026-07-25","129","2","1","0","54","unassigned","N","","",""
"2026-07-28","SL-CLG-PC-WHITE-STANDARD-2PCS","X004OCE57P","B0F7LMGHFP","SLEEPHORIA Cooling Pillow Cases - BreezeWeave Standard Size Set of 2 Pillowcases for Hot Sleepers & Cool, Deep Rest - Cloud Soft, Silky Smooth, Ultra Durable, Easy Care, Hidden Zipper (White)","","0","0","0","1","0","0","0","0","0","USD","0","2","4","34","","0.0","0.0","0.0","0.0","CreateShippingPlan","","","0","0","","4.0","0.070542","cubic feet","Standard","0.0","US","gl_home","","0","0","0","0","16.99","0.0","33.98","85.96","604.66","1","0","0","0","0","","0","0","0","0","","0","0","","","","","","","","","","","","","","","","","14.0","22","Out of stock","29","2026-07-28","2026-07-27","Yes","No","7.0","14.0","2026-07-25","0","0","0","0","0","unassigned","N","","",""
"2026-07-28","SS-BAMBOO-LIGHT-BLUE-TWIN-4PCS","X004D8Q4LZ","B0DDTX2YF4","SLEEP SANCTUARY 100% Viscose Derived from Bamboo Sheets Twin Size 4pcs – BamBliss Luxury Cooling Sheets for Hot Sleepers - Cloud Soft, 17"" Deep Pocket, Ultra Durable Bed Set (Light Blue)","New","20","0","0","0","1","0","19","0","0","USD","0","1","4","4","","54.99","0.0","54.99","0.0","Edit listing","","0.0","0","0","1244.15","0.18","0.202365","cubic feet","Standard","4.0473","US","gl_home","86667","366","20","80","65","54.99","0.0","54.99","215.96","215.96","0","0","0","19","0","24.44","0","0","0","0","","0","0","0","0.0","0","0.0","0","0.0","6","6.62","13","14.99","0","0.0","0","0.0","0","0.0","595.0","3","Excess","","","2026-07-27","Yes","No","595.0","504.3","2026-07-25","20","0","0","0","366","unassigned","N","","",""
"2026-07-28","SATIN-KING-PINK-6PCS","X003UMBNHZ","B0C7FMDPBF","DECOLURE Satin Bed Sheets - 6 Piece Luxury Silky King Size Bedding Set - Softer Than Silk, Wrinkle-Free with 15” Deep Pocket Fitted Sheet, Perfect for Hair & Skin, Gifts for Women (Pink)","New","69","8","0","31","0","1","49","0","0","USD","8","20","31","44","","32.95","0.0","32.95","0.0","NoRestockExcessActionRequired","","0.0","0","0","3038.53","0.52","0.26667","cubic feet","Standard","18.40023","US","gl_home","15592","289","72","13","20","32.95","264.59","661.51","1016.3","1482.83","31","0","0","50","0","130.38","0","0","0","0","","4","0","0","0.0","0","0.0","0","0.0","1","1.45","49","74.48","0","0.0","0","0.0","0","0.0","163.5","16","Excess","","","2026-07-27","Yes","No","104.6","163.5","2026-07-25","77","3","1","0","304","unassigned","N","","",""
"2026-07-28","SATIN-6PC-QUEEN-BURNT ORANGE","X004BS2KRJ","B0D9QTV7S6","DECOLURE Satin Bed Sheets - 6 Piece Luxury Silky Queen Size Bedding Set - Softer Than Silk, Wrinkle-Free with 15” Deep Pocket Fitted Sheet, Perfect for Hair & Skin, Gifts for Women (Burnt Orange)","New","2","42","0","49","0","0","0","0","0","USD","4","10","19","23","","31.95","0.0","28.76","0.0","CreateShippingPlan","","0.0","0","0","153.85","0.76","0.374859","cubic feet","Standard","0.749718","US","gl_home","15592","175","0","0","1","28.76","116.03","306.13","588.88","716.68","49","0","0","0","0","11.32","0","0","0","0","","3","0","","","","","","","","","","","","","","","","","65.9","16","Healthy","","","2026-07-27","Yes","No","20.4","65.9","2026-07-25","44","0","3","0","189","unassigned","N","","",""
"2026-07-28","SATIN-TWIN-GREY","X002IUCBIZ","B0839M8LP5","DECOLURE Satin Bed Sheets - 3 Piece Luxury Silky Twin Size Bedding Set - Softer Than Silk, Wrinkle-Free with 15” Deep Pocket Fitted Sheet, Perfect for Hair & Skin, Gifts for Women (Grey)","New","195","1","0","4","3","49","1","3","141","USD","6","21","31","38","","25.95","0.0","20.96","0.0","Edit listing","","0.0","0","0","3565.65","0.17","0.182344","cubic feet","Standard","35.55708","US","gl_home","4372","366","157","37","66","20.96","143.33","558.58","835.35","1036.96","1","1","2","49","1","235.09","0","0","0","0","","2","0","9","0.82","37","6.75","2","0.55","1","0.99","0","0.0","0","0.0","4","5.04","141","203.07","613.8","37","Excess","","","2026-07-27","Yes","No","425.1","613.8","2026-07-25","196","2","0","0","366","unassigned","N","","",""
"2026-07-28","SATIN-STRIPE-KING-BLUE--6-PCS","X003UO395R","B0C7KBKH28","DECOLURE Satin Bed Sheets - 6 Piece Luxury Silky King Size Bedding Set - Softer Than Silk, Wrinkle-Free with 15” Deep Pocket Fitted Sheet, Perfect for Hair & Skin, Gifts for Women (Striped Blue)","New","103","0","0","4","1","1","111","0","0","USD","18","34","53","67","","32.95","0.0","25.45","0.0","NoRestockExcessActionRequired","","0.0","0","0","1022.38","0.38","0.255451","cubic feet","Standard","26.311453","US","gl_home","15592","178","75","12","19","25.45","474.1","1008.8","1643.65","2168.95","3","0","1","112","0","159.27","0","0","0","0","","3","0","0","0.0","1","0.26","0","0.0","0","0.0","111","161.62","0","0.0","0","0.0","0","0.0","240.4","28","Excess","","","2026-07-27","Yes","No","152.6","240.4","2026-07-25","103","0","3","0","185","unassigned","N","","",""
"2026-07-28","SATIN-ROSEWOOD-FULL-6PCS","X003UMGFZP","B0C7FM7GXS","DECOLURE Satin Bed Sheets - 6 Piece Luxury Silky Full Size Bedding Set - Softer Than Silk, Wrinkle-Free with 15” Deep Pocket Fitted Sheet, Perfect for Hair & Skin, Gifts for Women (Rosewood)","New","9","22","0","38","0","0","0","0","0","USD","6","22","40","48","","29.95","0.0","29.94","0.0","CreateShippingPlan","","0.0","0","0","42.09","1.9","0.196059","cubic feet","Standard","1.764531","US","gl_home","15592","75","0","1","2","29.94","179.64","657.34","1185.73","1434.33","30","8","0","0","0","4.11","0","0","0","0","","2","0","","","","","","","","","","","","","","","","","47.1","22","Healthy","17","2026-08-04","2026-07-27","Yes","No","28.5","47.1","2026-07-25","31","2","0","0","81","unassigned","N","","",""
"2026-07-28","SL-COOLING-SHEET-KING-LIGHT-BLUE","X004OD0TQP","B0F7LYCX4N","SLEEPHORIA Cooling Sheets - BreezeWeave 4 PC King Size Cooling Bed Sheets for Hot Sleepers & Deep, Cool Rest - Cloud Soft, Silky Smooth, 16 in Deep Pocket, Ultra Durable (Light Blue)","New","10","111","0","131","0","0","0","0","0","USD","8","13","17","18","","69.99","0.0","69.99","0.0","NoRestockExcessActionRequired","","0.0","0","0","0.0","0.5","0.338871","cubic feet","Standard","3.38871","US","gl_home","82219","366","0","41","98","69.99","559.92","909.87","1189.83","1259.82","131","0","0","0","0","36.23","126","0","114","12","","2","0","","","","","","","","","","","","","","","","","102.2","30","Healthy","","","2026-07-27","Yes","No","102.2","86.8","2026-07-25","247","1","1","0","366","unassigned","N","","",""
"2026-07-28","SATIN-FITTED-KING-BABY-BLUE","X004CBTULT","B0DBVY2YWN","DECOLURE Satin Fitted Sheet King Size (1 PC) – Luxuriously Smooth & Softer Than Silk Bed Sheets w/ 15 Inch Deep Pocket Hypoallergenic Wrinkle Free, Secure Snug Fit, Elastic Corner Straps (Baby Blue)","New","45","0","0","6","41","0","0","0","0","USD","7","44","87","137","","19.95","0.0","19.95","17.81","CreateShippingPlan","","0.0","0","0","0.0","1.23","0.201084","cubic feet","Standard","9.04878","US","gl_home","9976","40","0","4","4","19.95","139.65","873.8","1724.65","2770.15","1","2","3","0","0","4.1","0","0","0","0","","1","0","","","","","","","","","","","","","","","","","74.1","64","Low stock","98","2026-08-04","2026-07-27","Yes","No","43.7","74.1","2026-07-25","45","0","1","0","41","unassigned","N","","",""
"2026-07-28","LINEN-CURTAIN-52x63-LINEN-2-PCS","X004NSWVA3","B0F6381MZ1","DECOLURE Linen Blackout Curtains - SunShield 63 Inches Long Black Out Curtains for Living Room and Bedroom Windows - Luxury Faux Linen, 2 Panels Set, Ultra Durable - 63 Length x 52 in (Linen)","New","45","0","0","0","0","0","45","0","0","USD","0","1","1","1","Low traffic","27.99","0.0","27.99","0.0","Create removal order","","0.0","0","0","2390.59","0.02","0.199952","cubic feet","Standard","8.99784","US","gl_home","456744","366","45","180","585","13.99","0.0","27.99","27.99","27.99","0","0","0","0","45","65.13","0","0","0","0","","0","0","0","0.0","0","0.0","0","0.0","0","0.0","0","0.0","16","18.88","29","40.02","0","0.0","4122.0","1","Excess","","","2026-07-27","Yes","No","1362.0","4122.0","2026-07-25","45","0","0","0","366","unassigned","N","","",""
"2026-07-28","BAMBOO-CALIFKING-LIGHTOLIVE","X003TOCG6V","B0BZQ19Z47","DECOLURE 100% Viscose Derived from Bamboo Sheets California King Size - Luxury 4 Pc Naturally Cooling Sheets, Ultra Soft Bed Set - Deep 17"" Pockets, Double Stitching, Oeko Tex Standard (Light Olive)","New","33","6","0","30","0","8","2","0","0","USD","1","7","17","28","","84.99","0.0","84.98","0.0","NoRestockExcessActionRequired","","0.0","0","0","1853.01","0.82","0.286834","cubic feet","Standard","9.465522","US","gl_home","9485","316","29","18","15","84.99","84.98","572.6","1399.18","2264.06","18","12","0","10","0","59.76","0","0","0","0","","0","0","0","0.0","2","0.57","0","0.0","6","9.38","2","3.27","0","0.0","0","0.0","0","0.0","151.0","10","Excess","","","2026-07-27","Yes","No","151.0","93.7","2026-07-25","39","0","0","0","316","unassigned","N","","",""
"2026-07-28","BAMBOO-FULL-LIGHTBLUE-6PCS","X00438DYOZ","B0CQ32JNVG","DECOLURE 100% Viscose Derived from Bamboo Sheets Full Size - Luxury 6 Pc Naturally Cooling Sheets, Ultra Soft Bed Set - Deep 17"" Pockets, Durable Double Stitching, Oeko Tex Standard (Light Blue)","New","89","0","0","1","2","93","0","0","0","USD","6","23","55","74","","74.99","0.0","74.98","0.0","NoRestockExcessActionRequired","","0.0","0","0","0.0","0.53","0.241794","cubic feet","Standard","21.519666","US","gl_home","9357","193","0","15","15","74.98","432.9","1570.23","3818.53","5143.84","0","1","0","93","0","32.29","0","0","0","0","","0","0","0","0.0","93","22.47","0","0.0","0","0.0","0","0.0","0","0.0","0","0.0","0","0.0","149.9","42","Healthy","","","2026-07-27","Yes","No","87.4","149.9","2026-07-25","89","0","0","0","193","unassigned","N","","",""
"2026-07-28","SS-SATIN-CHAMPAGNE-FULL-4PCS","X004D7LWVN","B0DDR5CHW7","SLEEP SANCTUARY Satin Sheets Full Size – 4 Piece Luxury Silky Bed Set, Softer Than Silk, 15"" Deep Pocket, Cooling & Wrinkle-Free, Moisture-Wicking & Breathable for Hair & Skin (Champagne)","New","282","0","0","0","1","1","0","1","279","USD","0","3","6","7","","31.95","29.95","22.45","0.0","Edit listing","","0.0","0","0","21363.3","0.02","0.284892","cubic feet","Standard","80.339544","US","gl_home","8682","366","275","376","523","29.95","0.0","86.27","169.34","203.29","0","0","0","1","0","686.48","0","0","0","0","","1","0","1","0.14","0","0.0","0","0.0","0","0.0","0","0.0","0","0.0","1","1.97","279","627.91","3693.9","17","Excess","","","2026-07-27","Yes","No","1704.6","3693.9","2026-07-25","282","1","0","0","366","unassigned","N","","",""
"2026-07-28","SATIN-STONEGREY-TWIN-6PCS","X003UMGFUF","B0C7F9HG21","DECOLURE Satin Bed Sheets - 4 Piece Luxury Silky Twin Size Bedding Set - Softer Than Silk, Wrinkle-Free with 15” Deep Pocket Fitted Sheet, Perfect for Hair & Skin, Gifts for Women (Stone Grey)","New","52","0","0","12","2","13","21","1","3","USD","2","10","12","12","","26.95","0.0","25.16","0.0","Edit listing","","0.0","0","0","2401.44","0.22","0.171105","cubic feet","Standard","8.89746","US","gl_home","15592","366","52","20","56","25.16","50.32","272.52","328.42","328.42","0","12","0","32","2","55.35","0","0","0","0","","0","0","2","0.17","1","0.17","6","1.54","18","16.78","7","6.84","1","1.01","2","2.36","3","4.05","395.5","9","Excess","","","2026-07-27","Yes","No","152.8","395.5","2026-07-25","52","0","0","0","366","unassigned","N","","",""
"2026-07-28","SATIN-IVORY-FULL-6PCS","X003UMBLV3","B0C7FKJWJV","DECOLURE Satin Bed Sheets - 6 Piece Luxury Silky Full Size Bedding Set - Softer Than Silk, Wrinkle-Free with 15” Deep Pocket Fitted Sheet, Perfect for Hair & Skin, Gifts for Women (Ivory)","New","38","0","0","0","1","0","32","1","4","USD","1","2","4","8","","27.95","0.0","26.96","0.0","Edit listing","","0.0","0","0","2035.35","0.16","0.20106","cubic feet","Standard","7.64028","US","gl_home","15592","366","38","76","61","26.96","26.96","56.91","124.81","244.61","0","0","0","31","1","49.88","0","0","0","0","","1","0","1","0.1","0","0.0","0","0.0","0","0.0","31","35.54","1","1.19","1","1.39","4","6.35","1213.0","3","Excess","","","2026-07-27","Yes","No","1213.0","540.6","2026-07-25","38","1","0","0","366","unassigned","N","","",""
"2026-07-28","SILK-PILLOWCASE-STANDARD-WHITE-1PCS","X004C9YVWT","B0DBR5SY67","DECOLURE 100% Pure Mulberry Silk Pillow Case Standard Size – Highest Grade 30 Momme 6A+, Luxuriously Soft & Cooling Silk Pillowcase for Hair & Skin, Hypoallergenic, Breathable, Hidden Zipper (White)","New","516","2","0","158","16","344","0","0","0","USD","8","39","70","108","","44.95","0.0","44.95","0.0","NoExcessInventory","","0.0","0","0","0.0","0.22","0.029206","cubic feet","Standard","15.070296","US","gl_home","217093","366","0","52","62","44.95","359.6","1737.3","3136.33","4954.49","2","155","1","344","0","23.9","0","0","0","0","","3","0","67","0.98","274","8.04","8","0.34","0","0.0","0","0.0","0","0.0","0","0.0","0","0.0","422.6","90","Healthy","","","2026-07-27","Yes","No","357.7","422.6","2026-07-25","518","3","0","0","366","unassigned","N","","",""
"2026-07-28","SL-QUILT-SET-TWIN-WHITE","X004R3N2AR","B0FGZFLZCT","SLEEPHORIA Twin Quilt Bedding Set - Cloud Soft All-Season Bedspread 2 PC w/Sham, Bed Quilt Twin Size Coverlet - Oversized, Light Weight, Ultra Durable, Easy Care - 68 x 86 in (White)","New","80","0","0","0","0","0","82","0","0","USD","3","3","4","5","","33.99","0.0","23.39","0.0","Edit listing","","0.0","0","0","11422.64","0.05","0.534514","cubic feet","Oversize","42.76112","US","gl_home","97758","366","80","106","208","23.39","70.17","70.17","91.92","125.91","0","0","0","82","0","266.63","0","0","0","0","","2","0","0","0.0","0","0.0","0","0.0","0","0.0","64","194.98","18","56.77","0","0.0","0","0.0","2574.3","3","Excess","","","2026-07-27","Yes","No","1273.5","2574.3","2026-07-25","80","2","0","0","366","unassigned","N","","",""
"2026-07-28","SS-SATIN-GOLD-FULL-4PCS","X004D7K7DH","B0DDR6LYLX","SLEEP SANCTUARY Satin Sheets Full Size – 4 Piece Luxury Silky Bed Set, Softer Than Silk, 15"" Deep Pocket, Cooling & Wrinkle-Free, Moisture-Wicking & Breathable for Hair & Skin (Gold)","New","114","0","0","0","0","0","0","115","0","USD","2","8","11","14","","32.95","0.0","22.45","0.0","Edit listing","","31.95","9","0","8265.19","0.11","0.27709","cubic feet","Standard","31.58826","US","gl_home","8682","366","112","57","105","32.95","44.9","222.23","318.08","413.93","0","0","0","0","0","239.86","0","0","0","0","","3","0","0","0.0","0","0.0","0","0.0","0","0.0","0","0.0","0","0.0","115","219.87","0","0.0","881.2","11","Excess","","","2026-07-27","Yes","No","528.7","881.2","2026-07-25","114","3","0","0","366","unassigned","N","","",""
"2026-07-28","SL-COOLING-SHEET-FULL-REGAL-PURPLE","X004OD19T1","B0F7LWG82H","SLEEPHORIA Cooling Sheets - BreezeWeave 4 PC Full Size Cooling Bed Sheets for Hot Sleepers & Deep, Cool Rest - Cloud Soft, Silky Smooth, 16 in Deep Pocket, Ultra Durable (Regal Purple)","New","19","53","0","73","0","0","0","0","0","USD","3","5","13","26","","59.99","0.0","59.99","0.0","NoRestockExcessActionRequired","","0.0","0","0","638.01","0.97","0.279102","cubic feet","Standard","5.302938","US","gl_home","82219","255","0","15","9","54.89","179.97","300.95","780.87","1567.74","73","0","0","0","0","16.5","0","0","0","0","","1","0","","","","","","","","","","","","","","","","","158.5","14","Healthy","","","2026-07-27","Yes","No","158.5","42.0","2026-07-25","72","0","1","0","259","unassigned","N","","",""
"2026-07-28","SATIN-SEA-TEAL-QUEEN-6PCS","X003UM8ZNP","B0C7FD1CLN","DECOLURE Satin Bed Sheets - 6 Piece Luxury Silky Queen Size Bedding Set - Softer Than Silk, Wrinkle-Free with 15” Deep Pocket Fitted Sheet, Perfect for Hair & Skin, Gifts for Women (Sea Teal)","New","76","2","0","6","5","2","81","0","0","USD","24","85","150","194","","30.95","0.0","28.76","0.0","CreateShippingPlan","","0.0","0","0","0.0","0.94","0.227406","cubic feet","Standard","17.282856","US","gl_home","15592","32","0","3","5","28.76","697.0","2615.75","4730.9","6131.7","2","3","1","83","0","93.04","0","0","0","0","","3","0","2","0.22","1","0.23","0","0.0","1","1.24","81","105.01","0","0.0","0","0.0","0","0.0","96.2","83","Low stock","102","2026-08-04","2026-07-27","Yes","No","45.3","96.2","2026-07-25","78","1","2","0","34","unassigned","N","","",""
"2026-07-28","SL-COOLING-SHEET-CAL-KING-SAGE-GREEN","X004OD0U5P","B0F7LWSXSC","SLEEPHORIA Cooling Sheets - BreezeWeave 4 PC California King Size Cooling Bed Sheets for Hot Sleepers & Deep, Cool Rest - Cloud Soft, Silky Smooth, 16 in Deep Pocket, Ultra Durable (Sage Green)","New","14","0","0","0","14","0","0","0","0","USD","1","19","30","44","","69.99","0.0","69.99","0.0","CreateShippingPlan","","0.0","0","0","0.0","1.14","0.321962","cubic feet","Standard","4.507468","US","gl_home","82219","50","0","2","4","69.99","69.99","1324.31","2062.7","3042.56","0","0","0","0","0","2.81","0","0","0","0","","0","1","","","","","","","","","","","","","","","","","74.3","15","Low stock","12","2026-08-04","2026-07-27","Yes","No","27.7","74.3","2026-07-25","14","0","0","0","50","unassigned","N","","",""
"2026-07-28","BM-FULL-SAGE-GREEN","X0045A9LON","B0CWJCY2VP","DECOLURE Cooling Sheets Full Set 4pcs - Luxurious & Ultra-Soft Full Size Cooling Sheets for Hot Sleepers - Comfortable Bamboo Viscose Microfiber Full Cooling Bed Sheets w/Deep Pockets (Sage Green)","New","64","0","0","0","0","64","0","0","0","USD","1","7","12","13","","35.95","0.0","35.94","0.0","Edit listing","","0.0","0","0","3429.75","0.18","0.209983","cubic feet","Standard","13.438912","US","gl_home","71718","366","64","36","64","35.94","35.94","249.84","400.83","448.78","0","0","0","64","0","22.97","0","0","0","0","","0","0","0","0.0","64","13.44","0","0.0","0","0.0","0","0.0","0","0.0","0","0.0","0","0.0","500.1","8","Excess","","","2026-07-27","Yes","No","288.6","500.1","2026-07-25","64","0","0","0","366","unassigned","N","","",""
"2026-07-28","SATIN-KING-PURPLE-6PCS","X003UMGFZZ","B0C7FQQH6V","DECOLURE Satin Bed Sheets - 6 Piece Luxury Silky King Size Bedding Set - Softer Than Silk, Wrinkle-Free with 15” Deep Pocket Fitted Sheet, Perfect for Hair & Skin, Gifts for Women (Purple)","New","37","6","0","48","2","0","0","0","0","USD","14","30","51","65","","33.95","0.0","30.56","0.0","CreateShippingPlan","","0.0","0","0","0.0","0.86","0.361544","cubic feet","Standard","13.377128","US","gl_home","15592","45","0","4","7","30.56","427.84","967.64","1673.77","2149.05","0","12","36","0","0","10.53","0","0","0","0","","0","0","","","","","","","","","","","","","","","","","117.9","37","Healthy","39","2026-08-03","2026-07-27","Yes","No","77.3","117.9","2026-07-25","43","0","0","0","45","unassigned","N","","",""
"2026-07-28","SS-SATIN-STRIPED-GREY-KING-4PCS","X004D7K9NF","B0DDRHYXFM","SLEEP SANCTUARY Satin Sheets King Size – 4 Piece Luxury Silky Bed Set, Softer Than Silk, 15"" Deep Pocket, Cooling & Wrinkle-Free, Moisture-Wicking & Breathable for Hair & Skin (Striped Grey)","New","76","0","0","1","76","0","0","0","0","USD","6","25","40","49","","35.95","33.95","29.36","0.0","NoRestockExcessActionRequired","","0.0","0","0","170.79","0.45","0.311332","cubic feet","Standard","23.661232","US","gl_home","8682","236","87","23","39","35.95","179.16","826.3","1383.98","1715.53","0","0","1","0","0","16.26","72","42","30","0","","0","0","","","","","","","","","","","","","","","","","201.1","35","Excess","","","2026-07-27","Yes","No","105.0","201.1","2026-07-25","148","0","0","0","341","unassigned","N","","",""
"2026-07-28","BAMBOO-CALIFKING-TAUPE-6PCS","X00438V2FX","B0CQ328DZM","DECOLURE 100% Viscose Derived from Bamboo Sheets California King Size - Luxury 6 Pc Naturally Cooling Sheets, Ultra Soft Bed Set - Deep 17"" Pockets, Double Stitching, Oeko Tex Standard (Taupe)","New","98","17","0","123","0","0","0","0","0","USD","10","37","66","66","","89.99","0.0","76.49","0.0","NoRestockExcessActionRequired","","","0","0","","1.33","0.369391","cubic feet","Standard","36.200318","US","gl_home","9357","163","0","11","21","76.49","778.9","3007.13","5307.95","5307.95","107","16","0","0","0","","11","0","0","11","","6","0","","","","","","","","","","","","","","","","","75.4","52","Healthy","","","2026-07-27","Yes","No","75.4","60.1","2026-07-25","126","3","3","0","172","unassigned","N","","",""
"2026-07-28","SS-SATIN-SAGE-GREEN-QUEEN-4PCS","X004D7EXKZ","B0DDR5K4KK","SLEEP SANCTUARY Satin Sheets Queen Size – 4 Piece Luxury Silky Bed Set, Softer Than Silk, 15"" Deep Pocket, Cooling & Wrinkle-Free, Moisture-Wicking & Breathable for Hair & Skin (Sage Green)","New","165","6","0","1","1","6","115","56","0","USD","28","51","68","94","","33.95","31.95","22.45","0.0","NoRestockExcessActionRequired","","0.0","0","0","1230.25","0.37","0.279899","cubic feet","Standard","46.183335","US","gl_home","8682","185","150","12","22","33.95","667.37","1400.73","1923.56","2822.26","0","0","1","119","2","305.83","0","0","0","0","","10","0","2","0.28","0","0.0","0","0.0","5","7.63","112","178.71","1","1.65","58","112.02","0","0.0","262.3","53","Excess","","","2026-07-27","Yes","No","149.9","262.3","2026-07-25","171","8","2","0","198","unassigned","N","","",""
"2026-07-28","BAMBOO-KING-SAGE GREEN-6PCS","X00438KT4N","B0CQ2ZZ9QN","DECOLURE 100% Viscose Derived from Bamboo Sheets King Size - Luxury 6 Pc Naturally Cooling Sheets, Ultra Soft Bed Set - Deep 17"" Pockets, Durable Double Stitching, Oeko Tex Standard (Sage Green)","New","206","81","0","295","0","0","0","0","0","USD","17","48","54","56","","89.99","0.0","89.99","0.0","CreateShippingPlan","","","0","0","","0.41","0.335303","cubic feet","Standard","69.072418","US","gl_home","9357","173","0","17","47","89.99","1499.83","4242.15","4845.31","5015.29","221","74","0","0","0","","0","0","0","0","","5","0","","","","","","","","","","","","","","","","","160.0","153","Healthy","","","2026-07-27","Yes","No","160.0","153.0","2026-07-25","287","4","1","0","176","unassigned","N","","",""
"2026-07-28","SATIN-FULL-BLUSH PINK","X0041PJH73","B0CNS9FHSD","DECOLURE Satin Bed Sheets - 4 Piece Luxury Silky Full Size Bedding Set - Softer Than Silk, Wrinkle-Free with 15” Deep Pocket Fitted Sheet, Perfect for Hair & Skin, Gifts for Women (Blush Pink)","New","24","0","0","26","0","0","0","0","0","USD","6","22","44","68","","29.95","0.0","29.94","0.0","CreateShippingPlan","","0.0","0","0","0.0","1.39","0.196747","cubic feet","Standard","4.721928","US","gl_home","4372","32","0","4","4","29.94","179.64","658.84","1314.82","2039.5","0","12","14","0","0","4.04","0","0","0","0","","1","0","","","","","","","","","","","","","","","","","61.2","52","Low stock","72","2026-08-02","2026-07-27","Yes","No","53.7","61.2","2026-07-25","24","1","0","0","34","unassigned","N","","",""
"2026-07-28","SS-SATIN-IVORY-KING-4PCS","X004D7K8GX","B0DDR5QBGQ","SLEEP SANCTUARY Satin Sheets King Size – 4 Piece Luxury Silky Bed Set, Softer Than Silk, 15"" Deep Pocket, Cooling & Wrinkle-Free, Moisture-Wicking & Breathable for Hair & Skin (Ivory)","New","666","6","0","674","0","0","0","0","0","USD","13","36","62","97","","35.95","33.95","29.36","27.89","Edit listing","","0.0","0","0","11141.23","0.2","0.290479","cubic feet","Standard","193.459014","US","gl_home","8682","366","0","74","89","35.95","384.68","1172.03","2126.78","3393.03","0","283","391","0","0","203.47","0","0","0","0","","4","0","","","","","","","","","","","","","","","","","572.4","76","Healthy","","","2026-07-27","Yes","No","572.4","469.8","2026-07-25","672","4","0","0","366","unassigned","N","","",""
"2026-07-28","SL-COOLING-SHEET-TWIN-COOL-GREY","X004OCWKV3","B0F7LXWBL8","SLEEPHORIA Cooling Sheets - BreezeWeave 3 PC Twin Size Cooling Bed Sheets for Hot Sleepers & Deep, Cool Rest - Cloud Soft, Silky Smooth, 16 in Deep Pocket, Ultra Durable (Cool Grey)","New","33","6","0","39","0","0","0","0","0","USD","2","2","4","7","","56.99","0.0","56.99","0.0","NoRestockExcessActionRequired","","0.0","0","0","670.41","0.58","0.213861","cubic feet","Standard","7.057413","US","gl_home","82219","237","0","66","61","56.99","106.98","106.98","220.96","391.93","39","0","0","0","0","6.26","0","0","0","0","","1","0","","","","","","","","","","","","","","","","","515.0","15","Healthy","","","2026-07-27","Yes","No","515.0","111.0","2026-07-25","39","1","0","0","243","unassigned","N","","",""
"2026-07-28","BAMBOO-CALIFKING-BLACK","X003TODVHJ","B0BZQ1G5B8","DECOLURE 100% Viscose Derived from Bamboo Sheets California King Size - Luxury 4 Pc Naturally Cooling Sheets, Ultra Soft Bed Set - Deep 17"" Pockets, Double Stitching, Oeko Tex Standard (Black)","New","46","0","0","52","0","0","0","0","0","USD","2","10","24","26","","84.99","0.0","84.98","0.0","NoRestockExcessActionRequired","","","0","0","","0.92","0.294624","cubic feet","Standard","13.552704","US","gl_home","9485","218","0","18","23","84.99","149.98","800.9","1988.77","2204.75","31","18","3","0","0","","0","0","0","0","","0","0","","","","","","","","","","","","","","","","","164.0","22","Healthy","","","2026-07-27","Yes","No","164.0","96.8","2026-07-25","46","0","0","0","218","unassigned","N","","",""
"2026-07-28","BAMBOO-TWIN-CHARCOAL-6PCS","X00438TFYN","B0CQ2ZVDC1","DECOLURE 100% Viscose Derived from Bamboo Sheets Twin Size - Luxury 4 Pc Naturally Cooling Sheets, Ultra Soft Bed Set - Deep 17"" Pockets, Durable Double Stitching, Oeko Tex Standard (Charcoal)","New","5","1","0","2","5","0","0","0","0","USD","4","4","12","16","","64.99","0.0","64.98","0.0","CreateShippingPlan","","0.0","0","0","0.0","1.09","0.18101","cubic feet","Standard","0.90505","US","gl_home","9357","30","0","5","4","64.98","259.92","259.92","773.34","1060.3","0","1","1","0","0","0.46","0","0","0","0","","0","0","","","","","","","","","","","","","","","","","83.4","10","Low stock","13","2026-08-04","2026-07-27","Yes","No","73.5","83.4","2026-07-25","6","0","0","0","30","unassigned","N","","",""
"2026-07-28","BAMBOO-TWIN-LIGHTGREY-6PCS","X00438UEST","B0CQ33ZGQL","DECOLURE 100% Viscose Derived from Bamboo Sheets Twin Size - Luxury 4 Pc Naturally Cooling Sheets, Ultra Soft Bed Set - Deep 17"" Pockets, Durable Double Stitching, Oeko Tex Standard (Light Grey)","New","5","0","0","8","0","0","0","0","0","USD","3","10","19","24","","64.99","0.0","64.99","0.0","CreateShippingPlan","","","0","0","","1.96","0.221098","cubic feet","Standard","1.10549","US","gl_home","9357","22","0","2","2","64.99","194.97","644.9","1266.95","1581.9","0","8","0","0","0","","0","0","0","0","","3","0","","","","","","","","","","","","","","","","","49.2","16","Low stock","25","2026-08-03","2026-07-27","Yes","No","43.2","49.2","2026-07-25","5","3","0","0","36","unassigned","N","","",""
"2026-07-28","SL-COOLING-SHEET-FULL-LIGHT-PINK","X004OD1C07","B0F7LZNYY8","SLEEPHORIA Cooling Sheets - BreezeWeave 4 PC Full Size Cooling Bed Sheets for Hot Sleepers & Deep, Cool Rest - Cloud Soft, Silky Smooth, 16 in Deep Pocket, Ultra Durable (Light Pink)","New","37","18","0","58","0","0","0","0","0","USD","2","8","8","19","","54.99","0.0","54.99","0.0","NoRestockExcessActionRequired","","0.0","0","0","0.0","1.07","0.271106","cubic feet","Standard","10.030922","US","gl_home","82219","167","0","18","25","54.99","109.98","439.92","439.92","1044.81","58","0","0","0","0","8.9","0","0","0","0","","0","0","","","","","","","","","","","","","","","","","88.4","22","Healthy","","","2026-07-27","Yes","No","88.4","40.0","2026-07-25","55","0","0","0","167","unassigned","N","","",""
"2026-07-28","SS-SATIN-STRIPED-WHITE-TWIN-3PCS","X004D7HFH3","B0DDR95PQM","SLEEP SANCTUARY Satin Sheets Twin Size – 3 Piece Luxury Silky Bed Set, Softer Than Silk, 15"" Deep Pocket, Cooling & Wrinkle-Free, Moisture-Wicking & Breathable for Hair & Skin (Striped White)","New","3","0","0","0","0","0","0","0","4","USD","0","0","0","0","Low conversion","34.95","0.0","34.95","0.0","Lower price","","0.0","0","0","128.13","0.0","0.128822","cubic feet","Standard","0.386466","US","gl_home","8682","67","0","","","34.95","0.0","0.0","0.0","0.0","0","0","0","0","0","3.32","0","0","0","0","","0","0","0","0.0","0","0.0","0","0.0","0","0.0","0","0.0","0","0.0","0","0.0","4","4.07","","1","Healthy","","","","","","","","2026-07-25","3","0","0","0","67","unassigned","N","","",""
"2026-07-28","LINEN-CURTAIN-52x108-LIGHT-BEIGE-2-PCS","X004NSWV9J","B0F637MQF8","DECOLURE Linen Blackout Curtains - SunShield 108 Inches Long Black Out Curtains for Living Room and Bedroom Windows - Luxury Faux Linen, 2 Panels Set, Ultra Durable - 108 Length x 52 in (Light Beige)","New","18","0","0","0","2","0","19","0","0","USD","0","1","1","1","Low traffic","34.99","0.0","34.99","0.0","Lower price","","0.0","0","0","1005.45","0.05","0.199952","cubic feet","Standard","3.599136","US","gl_home","456744","366","18","72","234","24.49","0.0","34.99","34.99","34.99","0","0","0","0","19","21.49","0","0","0","0","","3","0","1","0.1","0","0.0","0","0.0","0","0.0","0","0.0","19","22.42","0","0.0","0","0.0","1961.0","3","Excess","","","2026-07-27","Yes","No","641.0","1961.0","2026-07-25","18","3","0","0","366","unassigned","N","","",""
"2026-07-28","SS-BAMBOO-CHARCOAL-TWIN-4PCS","X004D8X8D7","B0DDTY5RQX","SLEEP SANCTUARY 100% Viscose Derived from Bamboo Sheets Twin Size 4pcs – BamBliss Luxury Cooling Sheets for Hot Sleepers - Cloud Soft, 17"" Deep Pocket, Ultra Durable Bed Set (Charcoal)","New","20","0","0","0","1","1","18","0","0","USD","0","0","0","4","Low conversion","61.99","0.0","61.99","0.0","Lower price","","47.67","52","0","1214.15","0.18","0.202365","cubic feet","Standard","4.0473","US","gl_home","86667","366","20","","65","61.99","0.0","0.0","0.0","219.96","0","0","0","19","0","23.49","0","0","0","0","","0","0","0","0.0","1","0.2","0","0.0","6","6.62","12","13.83","0","0.0","0","0.0","0","0.0","","3","Excess","","","","","","","475.8","2026-07-25","20","0","0","0","366","unassigned","N","","",""
"2026-07-28","SATIN-STRIPE-TWIN-RED","X0030KQT99","B09G6M7WJ3","DECOLURE Satin Bed Sheets - 3 Piece Luxury Silky Twin Size Bedding Set - Softer Than Silk, Wrinkle-Free with 15” Deep Pocket Fitted Sheet, Perfect for Hair & Skin, Gifts for Women (Striped Red)","New","61","1","0","1","3","50","4","0","5","USD","0","0","2","3","Low conversion","26.95","0.0","26.95","0.0","Lower price","","22.0","52","0","2240.1","0.05","0.140103","cubic feet","Standard","8.546283","US","gl_home","4372","366","62","","264","26.95","0.0","0.0","55.85","81.92","1","0","0","54","0","21.93","0","0","0","0","","0","0","1","0.07","49","6.86","0","0.0","0","0.0","0","0.0","4","3.31","0","0.0","5","5.54","","7","Excess","","","","","","","1441.0","2026-07-25","62","0","0","0","366","unassigned","N","","",""
"2026-07-28","SATIN-3PC-TWIN-BURNT ORANGE","X0042VO2NP","B0CQRXC2YT","DECOLURE Satin Bed Sheets - 3 Piece Luxury Silky Twin Size Bedding Set - Softer Than Silk, Wrinkle-Free with 15” Deep Pocket Fitted Sheet, Perfect for Hair & Skin, Gifts for Women (Burnt Orange)","New","47","0","0","7","0","28","6","7","0","USD","0","2","7","13","","24.95","0.0","24.95","0.0","NoRestockExcessActionRequired","","0.0","0","0","2338.76","0.24","0.195716","cubic feet","Standard","9.198652","US","gl_home","4372","366","46","94","47","24.95","0.0","53.41","192.18","359.88","1","6","0","28","6","58.27","0","0","0","0","","0","0","0","0.0","0","0.0","3","0.88","25","26.67","0","0.0","0","0.0","13","17.55","0","0.0","354.8","5","Excess","","","2026-07-27","Yes","No","354.8","248.9","2026-07-25","47","0","0","0","366","unassigned","N","","",""
"2026-07-28","SL-CLG-PC-DARK-GREY-KING-2PCS","X004OCMDZ1","B0F7LKSFGB","SLEEPHORIA Cooling Pillow Cases - BreezeWeave King Size Set of 2 Pillowcases for Hot Sleepers & Cool, Deep Rest - Cloud Soft, Silky Smooth, Ultra Durable, Easy Care, Hidden Zipper (Dark Grey)","New","42","4","0","51","0","0","0","0","0","USD","6","46","96","116","","21.95","0.0","19.95","0.0","GoToRestock","","0.0","0","0","0.0","1.71","0.069153","cubic feet","Standard","2.904426","US","gl_home","122466","43","0","3","4","19.95","119.7","906.7","1909.28","2308.28","1","0","50","0","0","2.27","0","0","0","0","","4","0","","","","","","","","","","","","","","","","","73.1","41","Healthy","29","2026-08-04","2026-07-27","Yes","No","37.9","73.1","2026-07-25","46","3","1","0","48","unassigned","N","","",""
"2026-07-28","SL-QUILT-SET-KING-TAUPE","X004R3WGRR","B0FGZH4DM7","SLEEPHORIA King Quilt Bedding Set - Cloud Soft All-Season Bedspread 3 PC w/Shams, Bed Quilt King Size Coverlet - Oversized, Light Weight, Ultra Durable, Easy Care - 106 x 96 in (Taupe)","New","215","0","0","0","1","1","217","0","0","USD","2","13","18","23","","39.99","0.0","39.98","0.0","Edit listing","","0.0","0","0","41326.8","0.09","0.722732","cubic feet","Oversize","155.38738","US","gl_home","97758","366","215","66","121","39.98","79.96","501.45","702.2","902.15","0","0","0","218","0","955.54","0","0","0","0","","2","0","0","0.0","0","0.0","1","1.08","0","0.0","217","893.95","0","0.0","0","0.0","0","0.0","994.0","11","Excess","","","2026-07-27","Yes","No","558.7","994.0","2026-07-25","215","2","0","0","366","unassigned","N","","",""
"2026-07-28","SATIN-STONEGREY-TWIN","X003EKDAZ1","B0BG21NBG9","DECOLURE Satin Bed Sheets - 3 Piece Luxury Silky Twin Size Bedding Set - Softer Than Silk, Wrinkle-Free with 15” Deep Pocket Fitted Sheet, Perfect for Hair & Skin, Gifts for Women (Stone Grey)","New","111","36","0","66","30","0","30","23","0","USD","1","12","26","33","","24.95","0.0","24.95","0.0","NoRestockExcessActionRequired","","0.0","0","0","3282.14","0.26","0.144337","cubic feet","Standard","16.021407","US","gl_home","4372","366","120","37","43","24.95","27.94","332.59","719.69","925.34","36","12","18","30","0","87.83","0","0","0","0","","1","0","6","0.44","0","0.0","0","0.0","24","18.88","6","4.94","0","0.0","23","22.9","0","0.0","400.0","20","Excess","","","2026-07-27","Yes","No","400.0","390.1","2026-07-25","147","1","0","0","366","unassigned","N","","",""
"2026-07-28","SL-COOLING-SHEET-TWIN-WHITE","X004OCWS79","B0F7LYFSJS","SLEEPHORIA Cooling Sheets - BreezeWeave 3 PC Twin Size Cooling Bed Sheets for Hot Sleepers & Deep, Cool Rest - Cloud Soft, Silky Smooth, 16 in Deep Pocket, Ultra Durable (White)","New","37","1","0","4","36","0","0","0","0","USD","3","9","23","40","","49.99","0.0","49.99","0.0","NoRestockExcessActionRequired","","0.0","0","0","0.0","0.68","0.22509","cubic feet","Standard","8.32833","US","gl_home","82219","104","0","16","12","49.99","149.97","449.91","1139.77","2045.6","0","1","3","0","0","5.73","0","0","0","0","","0","0","","","","","","","","","","","","","","","","","124.6","22","Healthy","","","2026-07-27","Yes","No","119.4","124.6","2026-07-25","38","0","0","0","104","unassigned","N","","",""
"2026-07-28","BM-COOLGREY-KING-4PCS","X004CNM6IB","B0DCK3Z5P8","DECOLURE Cooling Bed Sheets King Set 4pcs - Luxurious & Ultra-Soft King Size Cooling Sheets for Hot Sleeper - Comfortable & Cool Bamboo Viscose Microfiber Sheets King Size w/Deep Pocket (Cool Grey-01)","New","702","0","0","1","0","492","209","0","0","USD","","","","","Low traffic","39.95","0.0","39.95","0.0","Create removal order","","31.96","9","0","43215.3","0.0","0.239722","cubic feet","Standard","168.284844","US","gl_home","","","702","","","39.95","","","","","0","1","0","701","0","688.64","0","0","0","0","701","2","0","22","2.64","73","17.51","247","88.85","359","468.96","0","0.0","0","0.0","0","0.0","0","0.0","","","Excess","","","","","","","","2026-07-25","702","2","0","0","","unassigned","N","","",""
"2026-07-28","SS-SATIN-GREY-KING-4PCS","X004D7A2R3","B0DDQXM4RF","SLEEP SANCTUARY Satin Sheets King Size – 4 Piece Luxury Silky Bed Set, Softer Than Silk, 15"" Deep Pocket, Cooling & Wrinkle-Free, Moisture-Wicking & Breathable for Hair & Skin (Grey)","New","378","67","0","262","158","22","9","0","0","USD","30","115","177","238","","35.95","33.95","29.36","0.0","NoRestockExcessActionRequired","","0.0","0","0","368.51","0.53","0.275391","cubic feet","Standard","104.097798","US","gl_home","8682","162","274","13","20","35.95","892.8","3797.67","5925.91","8134.86","152","0","110","31","0","361.69","0","0","0","0","","8","0","0","0.0","1","0.28","0","0.0","30","45.02","0","0.0","0","0.0","0","0.0","0","0.0","175.7","160","Excess","","","2026-07-27","No","No","106.9","175.7","2026-07-25","445","7","1","0","165","unassigned","N","","",""
"2026-07-28","BAMBOO-TWIN-LIGHTBLUE","X002O4Z191","B08KQJGSW2","DECOLURE 100% Viscose Derived from Bamboo Sheets Twin Size - Luxury 3 Pc Naturally Cooling Sheets, Ultra Soft Bed Set - Deep 17"" Pockets, Durable Double Stitching, Oeko Tex Standard (Light Blue)","New","78","0","0","4","2","44","28","0","0","USD","1","16","31","38","","69.99","0.0","69.98","0.0","NoRestockExcessActionRequired","","0.0","0","0","0.0","0.39","0.163155","cubic feet","Standard","12.72609","US","gl_home","9485","317","0","19","26","69.99","54.99","964.32","1787.0","2231.9","0","0","4","72","0","69.0","0","0","0","0","","0","0","2","0.16","2","0.33","1","0.24","65","57.82","4","3.72","0","0.0","0","0.0","0","0.0","232.5","18","Healthy","","","2026-07-27","Yes","No","132.4","232.5","2026-07-25","78","0","0","0","317","unassigned","N","","",""
"2026-07-28","SL-COOLING-SHEET-TWIN-SAGE-GREEN","X004OD0V1N","B0F7LWY93Q","SLEEPHORIA Cooling Sheets - BreezeWeave 3 PC Twin Size Cooling Bed Sheets for Hot Sleepers & Deep, Cool Rest - Cloud Soft, Silky Smooth, 16 in Deep Pocket, Ultra Durable (Sage Green)","New","4","0","0","2","3","0","0","0","0","USD","0","9","21","36","","49.99","0.0","49.99","0.0","CreateShippingPlan","","0.0","0","0","0.0","1.76","0.213861","cubic feet","Standard","0.855444","US","gl_home","82219","13","0","1","1","49.99","0.0","449.91","1043.29","1793.14","0","2","0","0","0","0.33","0","0","0","0","","1","0","","","","","","","","","","","","","","","","","49.8","15","Low stock","21","2026-08-02","2026-07-27","Yes","No","21.8","49.8","2026-07-25","4","0","1","0","16","unassigned","N","","",""
"2026-07-28","SL-COOLING-FITTED-TWIN-LIGHT-BLUE","X004OD059V","B0F7M5CWG3","SLEEPHORIA Cooling Fitted Sheet Twin Size - 1 PC BreezeWeave Cooling Sheets for Hot Sleepers & Cool Rest w/ 16 in Deep Pocket - Corner Straps, Cloud Soft, Ultra Durable - 37 x 72 in (Light Blue)","","0","0","0","0","1","0","0","0","0","USD","0","0","0","10","","0.0","0.0","0.0","0.0","CreateShippingPlan","","","0","0","","2.86","0.115405","cubic feet","Standard","0.0","US","gl_home","","0","0","","0","24.99","0.0","0.0","0.0","249.9","0","0","0","0","0","","0","0","0","0","","0","0","","","","","","","","","","","","","","","","","","1","Out of stock","1","2026-07-28","","","","","17.0","2026-07-25","0","0","0","0","0","unassigned","N","","",""
"2026-07-28","BAMBOO-QUEEN-OLIVE-6PCS","X00438MJF5","B0CQ32B24Y","DECOLURE 100% Viscose Derived from Bamboo Sheets Queen Size - Luxury 6 Pc Naturally Cooling Sheets, Ultra Soft Bed Set - Deep 17"" Pockets, Durable Double Stitching, Oeko Tex Standard (Olive)","New","631","12","0","211","4","150","285","0","0","USD","17","45","104","163","","84.99","0.0","75.99","0.0","Create Outlet deal","","0.0","0","0","5005.67","0.26","0.277061","cubic feet","Standard","174.825491","US","gl_home","9357","366","520","56","50","75.99","1291.33","3493.45","8167.88","12908.29","6","205","0","435","0","988.84","0","0","0","0","","3","0","3","0.42","10","2.77","6","2.49","189","285.39","146","230.6","82","134.04","0","0.0","0","0.0","395.6","46","Excess","","","2026-07-27","Yes","No","395.6","355.6","2026-07-25","643","2","1","0","366","unassigned","N","","",""
"2026-07-28","SATIN-FITTED-KING-SEA-TEAL","X004CBP8XX","B0DBVZBSHL","DECOLURE Satin Fitted Sheet King Size (1 PC) – Luxuriously Smooth & Softer Than Silk Bed Sheets w/ 15 Inch Deep Pocket Hypoallergenic Wrinkle Free, Secure Snug Fit, Elastic Corner Straps (Sea Teal)","","0","0","0","1","0","0","0","0","0","USD","0","7","44","91","","0.0","0.0","0.0","0.0","CreateShippingPlan","","","0","0","","2.56","0.165748","cubic feet","Standard","0.0","US","gl_home","","0","0","0","0","19.95","0.0","138.65","863.8","1823.45","1","0","0","0","0","","0","0","0","0","","0","0","","","","","","","","","","","","","","","","","28.4","42","Out of stock","71","2026-07-27","2026-07-27","Yes","No","4.6","28.4","2026-07-25","0","0","0","0","0","unassigned","N","","",""
"2026-07-28","BAMBOO-FULL-LIGHTOLIVE-6PCS","X004387H43","B0CQ2YBSK2","DECOLURE 100% Viscose Derived from Bamboo Sheets Full Size - Luxury 6 Pc Naturally Cooling Sheets, Ultra Soft Bed Set - Deep 17"" Pockets, Durable Double Stitching, Oeko Tex Standard (Light Olive)","New","103","0","0","8","6","6","54","30","0","USD","1","5","15","20","","79.99","0.0","75.59","0.0","Edit listing","","59.97","35","0","5791.42","0.18","0.241776","cubic feet","Standard","24.902928","US","gl_home","9357","366","96","82","66","75.59","75.59","383.38","1146.77","1504.29","1","1","6","60","0","148.96","0","0","0","0","","0","0","0","0.0","0","0.0","0","0.0","12","15.82","48","66.16","0","0.0","30","50.04","0","0.0","491.7","9","Excess","","","2026-07-27","Yes","No","404.3","491.7","2026-07-25","103","0","0","0","366","unassigned","N","","",""
"2026-07-28","SATIN-FITTED-QUEEN-IVORY","X004CBXS9J","B0DBW128WH","DECOLURE Satin Fitted Sheet Queen Size (1 PC) – Luxuriously Smooth & Softer Than Silk Bed Sheets w/ 15 Inch Deep Pocket Hypoallergenic Wrinkle Free, Secure Snug Fit, Elastic Corner Straps (Ivory)","New","40","25","0","67","0","0","0","0","0","USD","12","33","85","136","","17.95","0.0","17.95","0.0","CreateShippingPlan","","0.0","0","0","0.0","2.07","0.158311","cubic feet","Standard","6.33244","US","gl_home","9976","44","0","4","3","17.95","215.4","592.32","1515.22","2442.57","67","0","0","0","0","11.79","0","0","0","0","","3","0","","","","","","","","","","","","","","","","","30.9","88","Low stock","129","2026-08-04","2026-07-27","Yes","No","21.9","30.9","2026-07-25","65","2","1","0","47","unassigned","N","","",""
"2026-07-28","LINEN-CURTAIN-52x108-NATURAL-2-PCS","X004NSBTJ7","B0F637FB24","DECOLURE Linen Blackout Curtains - SunShield 108 Inches Long Black Out Curtains for Living Room and Bedroom Windows - Luxury Faux Linen, 2 Panels Set, Ultra Durable - 108 Length x 52 in (Natural)","New","2","0","0","0","2","0","0","0","0","USD","0","0","0","0","Low traffic","34.99","0.0","34.99","0.0","Advertise listing","","29.95","19","0","131.01","0.0","0.199952","cubic feet","Standard","0.399904","US","gl_home","456744","37","0","","","34.99","0.0","0.0","0.0","0.0","0","0","0","0","0","0.29","0","0","0","0","","0","0","","","","","","","","","","","","","","","","","","5","Low stock","6","2026-08-01","","","","","","2026-07-25","2","0","0","0","37","unassigned","N","","",""
"2026-07-28","SL-COOLING-SHEET-KING-GRAPHITE","X004OCYSO5","B0F7M19VYV","SLEEPHORIA Cooling Sheets - BreezeWeave 4 PC King Size Cooling Bed Sheets for Hot Sleepers & Deep, Cool Rest - Cloud Soft, Silky Smooth, 16 in Deep Pocket, Ultra Durable (Graphite)","New","150","91","0","246","0","0","0","0","0","USD","14","21","45","134","","69.99","0.0","69.99","0.0","NoRestockExcessActionRequired","","0.0","0","0","0.0","1.39","0.423347","cubic feet","Standard","63.50205","US","gl_home","82219","133","0","28","14","69.99","1006.77","1512.3","3221.39","9935.06","246","0","0","0","0","68.52","0","0","0","0","","5","0","","","","","","","","","","","","","","","","","174.6","74","Healthy","","","2026-07-27","Yes","No","174.6","38.3","2026-07-25","241","4","1","0","135","unassigned","N","","",""
"2026-07-28","BAMBOO-KING-LIGHTBLUE","X002O4Z4KH","B08KQL6HKG","DECOLURE 100% Viscose Derived from Bamboo Sheets King Size - Luxury 4 Pc Naturally Cooling Sheets, Ultra Soft Bed Set - Deep 17"" Pockets, Durable Double Stitching, Oeko Tex Standard (Light Blue)","New","595","47","0","327","14","308","0","0","0","USD","39","142","295","439","","84.99","0.0","79.98","0.0","NoRestockExcessActionRequired","","0.0","0","0","181.2","0.67","0.265941","cubic feet","Standard","158.234895","US","gl_home","9485","263","0","16","17","84.99","3085.67","11166.07","23155.24","34744.27","319","8","0","308","0","271.37","0","0","0","0","","11","0","219","29.1","97","25.82","0","0.0","0","0.0","0","0.0","0","0.0","0","0.0","0","0.0","132.0","82","Healthy","","","2026-07-27","No","No","121.9","132.0","2026-07-25","642","8","3","0","268","unassigned","N","","",""
"2026-07-28","BAMBOO-QUEEN-SAGE GREEN","X0040HLIGF","B0CLKJL9KD","DECOLURE 100% Viscose Derived from Bamboo Sheets Queen Size - Luxury 4 Pc Naturally Cooling Sheets, Ultra Soft Bed Set - Deep 17"" Pockets, Durable Double Stitching, Oeko Tex Standard (Sage Green)","New","197","8","0","214","0","0","0","0","0","USD","21","75","166","229","","79.99","0.0","79.98","0.0","NoRestockExcessActionRequired","","0.0","0","0","0.0","1.03","0.271651","cubic feet","Standard","53.515247","US","gl_home","9485","184","0","15","16","79.99","1589.68","5701.12","12400.21","17053.58","85","21","108","0","0","37.13","96","0","90","6","","1","0","","","","","","","","","","","","","","","","","99.4","110","Healthy","","","2026-07-27","No","No","77.4","99.4","2026-07-25","301","1","0","0","185","unassigned","N","","",""
"2026-07-28","BAMBOO-FULL-OLIVE","X002O4Z4I9","B08KQJTP39","DECOLURE 100% Viscose Derived from Bamboo Sheets Full Size - Luxury 4 Pc Naturally Cooling Sheets, Ultra Soft Bed Set - Deep 17"" Pockets, Durable Double Stitching, Oeko Tex Standard (Olive)","New","133","15","0","33","30","1","85","0","0","USD","4","15","31","44","","95.99","0.0","58.49","0.0","NoRestockExcessActionRequired","","64.99","28","0","952.18","0.3","0.281687","cubic feet","Standard","37.464371","US","gl_home","9485","366","118","35","39","95.99","233.96","909.59","1932.55","2739.62","33","0","0","86","0","216.59","0","0","0","0","","3","0","24","3.38","1","0.28","0","0.0","0","0.0","77","123.62","8","13.29","0","0.0","0","0.0","263.1","30","Excess","","","2026-07-27","Yes","No","210.5","263.1","2026-07-25","148","3","0","0","366","unassigned","N","","",""
"2026-07-28","BAMBOO-CALIFKING-MIDGREY-6PCS","X00438SXJB","B0CQ316WG1","DECOLURE 100% Viscose Derived from Bamboo Sheets California King Size - Luxury 6 Pc Naturally Cooling Sheets, Ultra Soft Bed Set - Deep 17"" Pockets, Double Stitching, Oeko Tex Standard (Midgrey)","New","34","0","0","35","0","0","0","0","0","USD","3","9","10","10","","89.99","0.0","89.99","0.0","CreateShippingPlan","","","0","0","","0.54","0.360617","cubic feet","Standard","12.260978","US","gl_home","9357","99","0","15","44","89.99","259.97","692.65","806.64","806.64","29","6","0","0","0","","0","0","0","0","","0","0","","","","","","","","","","","","","","","","","150.6","28","Healthy","15","2026-08-04","2026-07-27","Yes","No","150.6","140.2","2026-07-25","34","0","0","0","99","unassigned","N","","",""
"2026-07-28","DC-BAMBOO-FITTED-QUEEN-TAUPE-1PC","X004W4TALL","B0FX2TFQL3","DECOLURE 100% Viscose Derived from Bamboo Fitted Sheet | Queen Size Fitted Sheet Only | Ultra Soft Cooling Sheets for Hot Sleepers, 17"" Deep Pocket w/Corner Straps, Breathable, Oeko-Tex (Taupe)","New","93","24","0","121","0","0","0","0","0","USD","6","18","18","18","","31.95","0.0","31.95","0.0","Edit listing","","","0","0","","0.15","0.22719","cubic feet","Standard","21.12867","US","gl_home","40126","137","0","20","67","31.95","191.7","553.1","553.1","553.1","0","0","121","0","0","","0","0","0","0","","1","0","","","","","","","","","","","","","","","","","235.5","73","Healthy","","","2026-07-27","Yes","No","235.5","207.5","2026-07-25","117","1","0","0","138","unassigned","N","","",""
"2026-07-28","SL-CLG-PC-LIGHT-GREY-QUEEN-2PCS","X004OCE859","B0F7LJRWB6","SLEEPHORIA Cooling Pillow Cases - BreezeWeave Queen Size Set of 2 Pillowcases for Hot Sleepers & Cool, Deep Rest - Cloud Soft, Silky Smooth, Ultra Durable, Easy Care, Hidden Zipper (Light Grey)","New","16","1","0","3","4","13","0","0","0","USD","4","40","83","159","","19.99","0.0","17.99","0.0","GoToRestock","","0.0","0","0","0.0","1.76","0.069057","cubic feet","Standard","1.104912","US","gl_home","122466","17","0","1","1","17.99","71.96","699.6","1547.17","2830.41","2","0","1","13","0","0.64","0","0","0","0","","2","0","0","0.0","13","0.9","0","0.0","0","0.0","0","0.0","0","0.0","0","0.0","0","0.0","48.6","24","Low stock","29","2026-08-03","2026-07-27","Yes","No","22.9","48.6","2026-07-25","17","1","1","0","20","unassigned","N","","",""
"2026-07-28","SL-COOLING-FITTED-FULL-GRAPHITE","X004OD92NB","B0F7M4BGMH","SLEEPHORIA Cooling Fitted Sheet Full Size - 1 PC BreezeWeave Cooling Sheets for Hot Sleepers & Cool Rest w/ 16 in Deep Pocket - Corner Straps, Cloud Soft, Ultra Durable - 52 x 72 in (Graphite)","","0","0","0","2","0","0","0","0","0","USD","0","34","70","96","","0.0","0.0","29.99","0.0","CreateShippingPlan","","","0","0","","1.99","0.14397","cubic feet","Standard","0.0","US","gl_home","26032","0","0","0","0","29.99","0.0","951.66","2004.3","2737.04","2","0","0","0","0","","0","0","0","0","","1","0","","","","","","","","","","","","","","","","","45.3","37","Out of stock","71","2026-07-28","2026-07-27","Yes","No","9.3","45.3","2026-07-25","0","0","1","0","1","unassigned","N","","",""
"2026-07-28","SL-COOLING-SHEET-TWIN-LIGHT-PINK","X004OD1ANV","B0F7LZ3ZJQ","SLEEPHORIA Cooling Sheets - BreezeWeave 3 PC Twin Size Cooling Bed Sheets for Hot Sleepers & Deep, Cool Rest - Cloud Soft, Silky Smooth, 16 in Deep Pocket, Ultra Durable (Light Pink)","New","26","6","0","33","0","0","0","0","0","USD","1","3","3","3","","49.99","0.0","49.99","0.0","NoExcessInventory","","0.0","0","0","-5.87","0.36","0.213861","cubic feet","Standard","5.560386","US","gl_home","82219","225","0","34","112","49.99","49.99","149.97","149.97","149.97","33","0","0","0","0","5.4","0","0","0","0","","0","0","","","","","","","","","","","","","","","","","139.3","9","Healthy","","","2026-07-27","Yes","No","139.3","139.3","2026-07-25","32","0","0","0","225","unassigned","N","","",""
"2026-07-28","SATIN-RED-QUEEN-6PCS","X003UMBN6L","B0C7FJLP2F","DECOLURE Satin Bed Sheets - 6 Piece Luxury Silky Queen Size Bedding Set - Softer Than Silk, Wrinkle-Free with 15” Deep Pocket Fitted Sheet, Perfect for Hair & Skin, Gifts for Women (Red)","New","31","1","0","37","0","0","0","0","0","USD","11","42","74","88","","30.95","0.0","28.76","0.0","CreateShippingPlan","","0.0","0","0","0.0","1.17","0.214187","cubic feet","Standard","6.639797","US","gl_home","15592","28","0","2","4","28.76","319.55","1308.4","2321.2","2768.5","21","16","0","0","0","4.29","0","0","0","0","","1","0","","","","","","","","","","","","","","","","","78.9","36","Low stock","40","2026-08-04","2026-07-27","Yes","No","34.4","78.9","2026-07-25","32","1","0","0","29","unassigned","N","","",""
"2026-07-28","SATIN-SEA-TEAL-QUEEN","X003EKDBWN","B0BG228RDJ","DECOLURE Satin Bed Sheets - 4 Piece Luxury Silky Queen Size Bedding Set - Softer Than Silk, Wrinkle-Free with 15” Deep Pocket Fitted Sheet, Perfect for Hair & Skin, Gifts for Women (Sea Teal)","","0","0","0","1","0","0","0","0","0","USD","0","11","115","210","","0.0","0.0","0.0","0.0","CreateShippingPlan","","","0","0","","2.4","0.253188","cubic feet","Standard","0.0","US","gl_home","4372","0","0","0","0","31.95","0.0","335.85","3630.03","6631.28","1","0","0","0","0","","0","0","0","0","","1","0","","","","","","","","","","","","","","","","","34.7","71","Out of stock","160","2026-07-25","2026-07-27","Yes","No","7.1","34.7","2026-07-25","0","0","1","0","3","unassigned","N","","",""
"2026-07-28","SATIN-STRIPE-KING-WHITE--6-PCS","X003UODIGR","B0C7KD5MPK","DECOLURE Satin Bed Sheets - 6 Piece Luxury Silky King Size Bedding Set - Softer Than Silk, Wrinkle-Free with 15” Deep Pocket Fitted Sheet, Perfect for Hair & Skin, Gifts for Women (Striped White)","New","20","12","0","38","0","0","0","0","0","USD","6","20","58","75","","33.95","0.0","33.94","0.0","CreateShippingPlan","","0.0","0","0","0.0","1.67","0.222543","cubic feet","Standard","4.45086","US","gl_home","15592","120","0","5","4","33.94","203.66","673.86","1966.0","2565.15","30","8","0","0","0","37.3","6","0","6","0","","2","0","","","","","","","","","","","","","","","","","40.5","24","Healthy","8","2026-08-04","2026-07-27","Yes","No","33.2","40.5","2026-07-25","38","1","1","0","127","unassigned","N","","",""
"2026-07-28","WATERPROOF-CHAIR-COVER-WINE-RED-6PCS","X00462ZDGF","B0CY6H5CGX","Waterproof Dining Chair Covers Set of 6 - 3 Layers Thick Fabric Parsons Chair Slip Covers - Jacquard Kitchen Chair Covers & Stretch Protectors Dining Room, Restaurant - Removable Washable (Wine Red)","New","63","0","0","1","2","0","0","0","62","USD","2","4","11","21","","39.99","0.0","18.99","0.0","NoRestockExcessActionRequired","","0.0","0","0","1316.61","0.27","0.314963","cubic feet","Standard","19.842669","US","gl_home","622269","366","62","63","39","18.99","58.98","132.96","354.89","694.79","0","0","1","0","0","162.08","0","0","0","0","","0","0","1","0.16","0","0.0","0","0.0","0","0.0","0","0.0","0","0.0","0","0.0","62","154.27","398.0","6","Excess","","","2026-07-27","Yes","No","398.0","325.5","2026-07-25","63","0","0","0","366","unassigned","N","","",""
"2026-07-28","SATIN-CHAMPAGNE-QUEEN-6PCS","X003UM8ZMV","B0C7FFRNMH","DECOLURE Satin Bed Sheets - 6 Piece Luxury Silky Queen Size Bedding Set - Softer Than Silk, Wrinkle-Free with 15” Deep Pocket Fitted Sheet, Perfect for Hair & Skin, Gifts for Women (Champagne)","New","32","0","0","19","16","0","0","0","0","USD","11","28","45","50","","30.95","0.0","30.95","0.0","NoRestockExcessActionRequired","","0.0","0","0","0.0","0.79","0.219392","cubic feet","Standard","7.020544","US","gl_home","15592","55","0","4","8","30.95","337.45","874.4","1410.75","1604.5","3","15","1","0","0","4.58","0","0","0","0","","2","0","","","","","","","","","","","","","","","","","126.8","24","Healthy","22","2026-08-04","2026-07-27","Yes","No","67.6","126.8","2026-07-25","32","2","0","0","61","unassigned","N","","",""
"2026-07-28","SATIN-STRIPE-KING-BLACK","X0030KKNWX","B09G6HZT1K","DECOLURE Satin Bed Sheets - 4 Piece Luxury Silky King Size Bedding Set - Softer Than Silk, Wrinkle-Free with 15” Deep Pocket Fitted Sheet, Perfect for Hair & Skin, Gifts for Women (Striped Black)","New","45","12","0","59","0","0","0","0","0","USD","7","21","32","50","","33.95","0.0","33.94","0.0","CreateShippingPlan","","0.0","0","0","0.0","1.63","0.228646","cubic feet","Standard","10.28907","US","gl_home","4372","77","0","8","11","33.94","237.58","719.04","1083.99","1752.39","59","0","0","0","0","8.02","0","0","0","0","","0","0","","","","","","","","","","","","","","","","","63.7","42","Healthy","30","2026-08-04","2026-07-27","Yes","No","63.7","38.7","2026-07-25","57","0","0","0","77","unassigned","N","","",""
"2026-07-28","LINEN-CURTAIN-52x84-IVORY-2-PCS","X004NSBTGF","B0F639V3CW","DECOLURE Linen Blackout Curtains - SunShield 84 Inches Long Black Out Curtains for Living Room and Bedroom Windows - Luxury Faux Linen, 2 Panels Set, Ultra Durable - 84 Length x 52 in (Ivory)","New","177","0","0","0","2","0","175","0","0","USD","1","1","1","1","Low traffic","29.99","0.0","29.99","0.0","Advertise listing","","0.0","0","0","10953.22","0.01","0.220399","cubic feet","Standard","39.010623","US","gl_home","456744","366","177","708","2301","29.99","29.99","29.99","29.99","29.99","0","0","0","0","175","281.98","0","0","0","0","","0","0","2","0.22","0","0.0","0","0.0","0","0.0","0","0.0","52","67.6","123","187.06","0","0.0","16018.0","3","Excess","","","2026-07-27","Yes","No","5338.0","16018.0","2026-07-25","177","0","0","0","366","unassigned","N","","",""
"2026-07-28","BM-TWIN-LIGHT-GREY","X0045ATWRJ","B0CWJ1KPGR","DECOLURE Cooling Bed Sheets Twin Set 3pcs - Luxurious & Ultra-Soft Twin Size Cooling Sheets for Hot Sleepers - Comfortable Cool Bamboo Viscose Microfiber Sheets Twin Size w/Deep Pockets (Light Grey)","New","106","0","0","0","0","0","0","0","106","USD","0","2","3","3","","39.95","0.0","30.56","0.0","Edit listing","","0.0","0","0","4596.17","0.03","0.153265","cubic feet","Standard","16.24609","US","gl_home","71718","366","106","212","459","30.56","0.0","67.15","107.1","107.1","0","0","0","0","0","136.16","0","0","0","0","","0","0","0","0.0","0","0.0","0","0.0","0","0.0","0","0.0","0","0.0","0","0.0","106","128.33","3237.3","4","Excess","","","2026-07-27","Yes","No","1595.0","3237.3","2026-07-25","106","0","0","0","366","unassigned","N","","",""
"2026-07-28","SATIN-STRIPE-KING-GRAY","X0030KP0CV","B09G6K53S2","DECOLURE Satin Bed Sheets - 4 Piece Luxury Silky King Size Bedding Set - Softer Than Silk, Wrinkle-Free with 15” Deep Pocket Fitted Sheet, Perfect for Hair & Skin, Gifts for Women (Striped Grey)","New","8","5","0","17","0","0","0","0","0","USD","11","53","101","145","","33.95","0.0","33.95","0.0","CreateShippingPlan","","0.0","0","0","0.0","1.56","0.350998","cubic feet","Standard","2.807984","US","gl_home","4372","14","0","0","0","33.95","373.45","1805.83","3442.05","4932.75","11","6","0","0","0","1.02","0","0","0","0","","0","1","","","","","","","","","","","","","","","","","59.4","18","Low stock","24","2026-08-04","2026-07-27","Yes","No","23.2","59.4","2026-07-25","13","0","0","0","14","unassigned","N","","",""
"2026-07-28","SATIN-FULL-BLACK-6PCS","X003UM8ZWL","B0C7FMM2QN","DECOLURE Satin Bed Sheets - 6 Piece Luxury Silky Full Size Bedding Set - Softer Than Silk, Wrinkle-Free with 15” Deep Pocket Fitted Sheet, Perfect for Hair & Skin, Gifts for Women (Black)","New","38","30","0","74","0","0","0","0","0","USD","15","39","61","77","","29.95","0.0","27.95","0.0","NoRestockExcessActionRequired","","0.0","0","0","0.0","1.55","0.223656","cubic feet","Standard","8.498928","US","gl_home","15592","65","0","8","14","27.95","439.2","1150.0","1802.9","2309.1","66","8","0","0","0","10.09","48","48","0","0","","3","0","","","","","","","","","","","","","","","","","58.8","46","Healthy","","","2026-07-27","Yes","No","41.4","58.8","2026-07-25","116","2","1","0","124","unassigned","N","","",""
"2026-07-28","SATIN-GOLD-FULL-6PCS","X003UM8ZSZ","B0C7FTBBQB","DECOLURE Satin Bed Sheets - 6 Piece Luxury Silky Full Size Bedding Set - Softer Than Silk, Wrinkle-Free with 15” Deep Pocket Fitted Sheet, Perfect for Hair & Skin, Gifts for Women (Gold)","New","34","0","0","0","0","2","33","0","0","USD","1","2","7","8","","27.95","0.0","27.95","0.0","NoRestockExcessActionRequired","","0.0","0","0","1826.54","0.2","0.198242","cubic feet","Standard","6.740228","US","gl_home","15592","366","34","68","55","27.95","27.95","57.9","204.15","232.1","0","0","0","35","0","41.26","0","0","0","0","","0","0","0","0.0","2","0.4","0","0.0","0","0.0","33","37.29","0","0.0","0","0.0","0","0.0","403.4","7","Excess","","","2026-07-27","Yes","No","363.3","403.4","2026-07-25","34","0","0","0","366","unassigned","N","","",""
"2026-07-28","BM-CALKING-WHITE","X003VHUIQV","B0C9LTP7TM","DECOLURE Cooling Bed Sheets Cal-King Set 4pcs - Luxurious & Soft California King Size Cooling Sheets for Hot Sleepers - Comfy & Cool California King Bamboo Viscose Microfiber Sheets (White)","New","2","0","0","1","0","1","0","0","0","USD","1","6","13","26","","46.95","0.0","35.96","0.0","NoRestockExcessActionRequired","","39.95","52","0","159.3","1.96","0.240008","cubic feet","Standard","0.480016","US","gl_home","71718","366","0","21","16","46.95","39.95","227.72","495.39","1014.74","0","0","1","1","0","0.58","30","0","30","0","","0","0","0","0.0","1","0.24","0","0.0","0","0.0","0","0.0","0","0.0","0","0.0","0","0.0","41.7","4","Low stock","","","2026-07-27","Yes","No","17.4","41.7","2026-07-25","32","0","0","0","366","unassigned","N","","",""
"2026-07-28","SATIN-6PC-QUEEN-DARK GREEN","X004BS2KQZ","B0D9QSYR9G","DECOLURE Satin Bed Sheets - 6 Piece Luxury Silky Queen Size Bedding Set - Softer Than Silk, Wrinkle-Free with 15” Deep Pocket Fitted Sheet, Perfect for Hair & Skin, Gifts for Women (Dark Green)","New","101","1","0","41","5","2","57","0","0","USD","13","31","51","64","","30.95","0.0","30.95","0.0","NoRestockExcessActionRequired","","0.0","0","0","507.39","0.48","0.209583","cubic feet","Standard","21.167883","US","gl_home","15592","166","57","13","20","30.95","404.35","976.25","1602.45","2028.8","1","12","28","59","0","121.53","0","0","0","0","","2","0","1","0.1","0","0.0","0","0.0","2","2.28","57","68.1","0","0.0","0","0.0","0","0.0","191.0","39","Excess","","","2026-07-27","Yes","No","114.9","191.0","2026-07-25","102","2","0","0","170","unassigned","N","","",""
"2026-07-28","BAMBOO-CALIFKING-LIGHTGREY-6PCS","X00438NQ7F","B0CQ31X7S5","DECOLURE 100% Viscose Derived from Bamboo Sheets California King Size - Luxury 6 Pc Naturally Cooling Sheets, Ultra Soft Bed Set - Deep 17"" Pockets, Double Stitching, Oeko Tex Standard (Light Grey)","New","1","0","0","1","0","0","0","0","0","USD","1","2","2","2","Low conversion","110.99","0.0","110.99","0.0","CreateShippingPlan","","","0","0","","8.0","0.413268","cubic feet","Standard","0.413268","US","gl_home","9357","6","0","2","6","110.99","63.95","127.46","127.46","127.46","1","0","0","0","0","","0","0","0","0","","0","0","","","","","","","","","","","","","","","","","7.0","14","Low stock","18","2026-08-01","2026-07-27","Yes","No","7.0","7.0","2026-07-25","1","0","0","0","6","unassigned","N","","",""
"2026-07-28","SL-CLG-COMF-BLUE/DARK-GREY-TWIN","X004OD02GH","B0F7M4CNFT","SLEEPHORIA Cooling Comforter - BreezeWeave Cooling Blanket Twin Size for Hot Sleepers & Deep Rest - Cloud Soft, Breathable, Ultra Durable, Easy Care, Reversible - 68 x 90 in (Blue & Dark Grey)","New","22","0","0","22","0","0","0","0","0","USD","0","3","15","17","","59.99","0.0","54.99","0.0","NoExcessInventory","","0.0","0","0","0.0","0.86","0.597042","cubic feet","Standard","13.134924","US","gl_home","67231","63","0","29","16","54.99","0.0","164.97","822.1","944.08","0","8","14","0","0","14.14","0","0","0","0","","0","0","","","","","","","","","","","","","","","","","182.3","15","Healthy","","","2026-07-27","Yes","No","182.3","105.2","2026-07-25","22","0","0","0","63","unassigned","N","","",""
"2026-07-28","SATIN-FULL-BLUE-6PCS","X003UMGFZ5","B0C7FXQZVG","DECOLURE Satin Bed Sheets - 6 Piece Luxury Silky Full Size Bedding Set - Softer Than Silk, Wrinkle-Free with 15” Deep Pocket Fitted Sheet, Perfect for Hair & Skin, Gifts for Women (Blue)","New","41","18","0","59","0","0","0","0","0","USD","3","7","14","21","","29.95","0.0","29.94","0.0","NoRestockExcessActionRequired","","0.0","0","0","1531.34","0.6","0.209436","cubic feet","Standard","8.586876","US","gl_home","15592","325","0","23","25","29.94","89.82","208.12","414.77","633.42","30","12","17","0","0","21.65","0","0","0","0","","0","0","","","","","","","","","","","","","","","","","146.1","9","Healthy","","","2026-07-27","Yes","No","146.1","136.7","2026-07-25","59","0","0","0","325","unassigned","N","","",""
"2026-07-28","SATIN-TAUPE-FULL","X003RX58W3","B0BZPV4LYC","DECOLURE Satin Bed Sheets - 4 Piece Luxury Silky Full Size Bedding Set - Softer Than Silk, Wrinkle-Free with 15” Deep Pocket Fitted Sheet, Perfect for Hair & Skin, Gifts for Women (Taupe)","New","70","0","0","0","0","15","57","0","0","USD","4","19","23","25","","25.95","0.0","25.45","0.0","NoRestockExcessActionRequired","","0.0","0","0","3301.06","0.28","0.197436","cubic feet","Standard","13.82052","US","gl_home","4372","366","70","14","36","25.45","101.8","621.05","753.75","794.25","0","0","0","72","0","76.95","0","0","0","0","","1","0","0","0.0","3","0.59","6","1.78","54","58.11","9","10.14","0","0.0","0","0.0","0","0.0","1237.5","16","Excess","","","2026-07-27","Yes","No","1237.5","911.6","2026-07-25","70","0","1","0","366","unassigned","N","","",""
"2026-07-28","SS-BAMBOO-NAVY-BLUE-FULL-6PCS","X004D8Q735","B0DDTXJYV4","SLEEP SANCTUARY 100% Viscose Derived from Bamboo Sheets Full 6pcs – BamBliss Luxury Cooling Sheets for Hot Sleepers - Cloud Soft, 17"" Deep Pocket, Ultra Durable Bed Set (Navy Blue)","New","55","0","0","0","3","0","52","0","0","USD","1","8","10","13","","59.99","0.0","59.99","0.0","Edit listing","","28.2","18","0","4060.55","0.21","0.293862","cubic feet","Standard","16.16241","US","gl_home","86667","366","55","27","55","59.99","59.99","468.92","569.9","749.87","0","0","0","52","0","95.28","0","0","0","0","","0","0","0","0.0","0","0.0","0","0.0","12","19.21","40","67.04","0","0.0","0","0.0","0","0.0","435.6","6","Excess","","","2026-07-27","Yes","No","220.1","435.6","2026-07-25","55","0","0","0","366","unassigned","N","","",""
"2026-07-28","SL-COOLING-FITTED-CAL-KING-BEIGE","X004OD2QTX","B0F7M4DPM6","SLEEPHORIA Cooling Fitted Sheet Calfornia King Size - 1 PC BreezeWeave Cooling Sheets for Hot Sleepers & Cool Rest w/ 16 in Deep Pocket - Corner Straps, Cloud Soft - 69 x 81 in (Beige)","New","10","0","0","0","0","0","13","0","0","USD","1","8","16","24","","37.99","0.0","35.99","0.0","Create Outlet deal","","19.49","2","0","538.21","0.92","0.144256","cubic feet","Standard","1.44256","US","gl_home","26032","29","0","5","5","37.99","35.99","273.92","545.84","832.76","0","0","0","0","13","10.95","0","0","0","0","","0","0","0","0.0","0","0.0","0","0.0","0","0.0","0","0.0","0","0.0","13","12.95","0","0.0","96.5","13","Low stock","10","2026-08-04","2026-07-27","Yes","No","59.1","96.5","2026-07-25","10","0","0","0","29","unassigned","N","","",""
"2026-07-28","SS-SATIN-STRIPED-PINK-QUEEN-4PCS","X004D7EW0V","B0DDR3WWT1","SLEEP SANCTUARY Satin Sheets Queen Size – 4 Piece Luxury Silky Bed Set, Softer Than Silk, 15"" Deep Pocket, Cooling & Wrinkle-Free, Moisture-Wicking & Breathable for Hair & Skin (Striped Pink)","New","74","0","0","0","1","1","0","0","73","USD","4","7","11","15","","33.95","31.95","33.95","0.0","NoRestockExcessActionRequired","","0.0","0","0","627.93","0.16","0.332129","cubic feet","Standard","24.577546","US","gl_home","8682","260","54","42","64","33.95","135.8","224.07","364.87","505.67","0","0","0","1","0","201.58","0","0","0","0","","1","0","0","0.0","1","0.33","0","0.0","0","0.0","0","0.0","0","0.0","0","0.0","73","191.54","478.1","17","Excess","","","2026-07-27","Yes","No","342.4","478.1","2026-07-25","74","0","1","0","264","unassigned","N","","",""
"2026-07-28","DC-BAMBOO-FITTED-KING-WHITE-1PC","X004W8DNO7","B0FX2VX6HN","DECOLURE 100% Viscose Derived from Bamboo Fitted Sheet | King Size Fitted Sheet Only | Ultra Soft Cooling Sheets for Hot Sleepers, 17"" Deep Pocket w/Corner Straps, Breathable, Oeko-Tex (White)","New","213","3","0","240","0","0","0","0","0","USD","61","171","195","195","","33.95","0.0","33.95","0.0","NoRestockExcessActionRequired","","","0","0","","0.67","0.228831","cubic feet","Standard","48.741003","US","gl_home","40126","32","0","4","14","33.95","2038.95","5487.45","6206.25","6206.25","4","9","227","0","0","","0","0","0","0","","6","0","","","","","","","","","","","","","","","","","146.8","221","Low stock","191","2026-08-04","2026-07-27","Yes","No","67.4","146.8","2026-07-25","216","2","4","0","34","unassigned","N","","",""
"2026-07-28","SL-COOLING-FITTED-CAL-KING-SAGE-GREEN","X004OD9SA3","B0F7M728YB","SLEEPHORIA Cooling Fitted Sheet Calfornia King Size - 1 PC BreezeWeave Cooling Sheets for Hot Sleepers & Cool Rest w/ 16 in Deep Pocket - Corner Straps, Cloud Soft - 69 x 81 in (Sage Green)","New","12","1","0","1","0","0","14","0","0","USD","0","11","23","29","","37.99","0.0","35.99","0.0","Create Outlet deal","","19.49","2","0","665.79","0.95","0.144256","cubic feet","Standard","1.731072","US","gl_home","26032","52","0","4","5","37.99","0.0","375.89","793.77","997.71","0","1","0","0","14","14.24","0","0","0","0","","1","0","0","0.0","0","0.0","0","0.0","0","0.0","0","0.0","0","0.0","14","13.94","0","0.0","97.7","12","Healthy","5","2026-08-04","2026-07-27","Yes","No","40.6","97.7","2026-07-25","13","0","1","0","57","unassigned","N","","",""
"2026-07-28","BAMBOO-KING-LIGHT PINK-6PCS","X00438V4QF","B0CQ3437ZF","DECOLURE 100% Viscose Derived from Bamboo Sheets King Size - Luxury 6 Pc Naturally Cooling Sheets, Ultra Soft Bed Set - Deep 17"" Pockets, Durable Double Stitching, Oeko Tex Standard (Light Pink)","New","426","6","0","150","13","283","0","0","0","USD","12","60","137","214","","89.99","0.0","75.99","0.0","NoRestockExcessActionRequired","","0.0","0","0","67.95","0.45","0.327706","cubic feet","Standard","139.602756","US","gl_home","9357","366","0","28","25","75.99","919.88","4833.51","11083.43","17348.66","28","117","5","283","0","184.62","0","0","0","0","","1","0","237","38.84","51","16.71","0","0.0","0","0.0","0","0.0","0","0.0","0","0.0","0","0.0","202.5","97","Healthy","","","2026-07-27","Yes","No","188.5","202.5","2026-07-25","432","1","0","0","366","unassigned","N","","",""
"2026-07-28","SILK-PILLOWCASE-KING-CHAMPAGNE-1PCS","X004C9YVF1","B0DBR7PBVP","DECOLURE 100% Pure Mulberry Silk Pillow Case King Size – Highest Grade 30 Momme 6A+, Luxuriously Soft & Cooling Silk Pillowcase for Hair & Skin, Hypoallergenic, Breathable, Hidden Zipper (Champagne)","New","142","0","0","142","0","0","0","0","0","USD","0","4","4","4","","54.95","0.0","54.95","0.0","NoExcessInventory","","0.0","0","0","0.0","0.05","0.031164","cubic feet","Standard","4.425288","US","gl_home","217093","366","0","142","461","54.95","0.0","255.96","255.96","255.96","2","140","0","0","0","3.07","0","0","0","0","","3","0","","","","","","","","","","","","","","","","","1186.3","16","Healthy","","","2026-07-27","Yes","No","1111.3","1186.3","2026-07-25","142","3","0","0","366","unassigned","N","","",""
"2026-07-28","SS-SATIN-NAVY-BLUE-TWIN-3PCS","X004D7HEE7","B0DDR95C35","SLEEP SANCTUARY Satin Sheets Twin Size – 3 Piece Luxury Silky Bed Set, Softer Than Silk, 15"" Deep Pocket, Cooling & Wrinkle-Free, Moisture-Wicking & Breathable for Hair & Skin (Navy Blue)","New","41","2","0","1","43","0","0","0","0","USD","10","17","22","29","","31.95","0.0","25.76","0.0","NoRestockExcessActionRequired","","0.0","0","0","1587.85","0.44","0.163609","cubic feet","Standard","6.707969","US","gl_home","8682","175","41","9","18","31.95","263.6","477.67","630.64","860.29","0","0","1","0","0","7.07","0","0","0","0","","1","0","25","2.05","0","0.0","0","0.0","0","0.0","0","0.0","0","0.0","0","0.0","0","0.0","217.8","10","Excess","","","2026-07-27","Yes","No","104.1","217.8","2026-07-25","43","1","0","0","181","unassigned","N","","",""
"2026-07-28","LINEN-CURTAIN-52x120-NATURAL-2-PCS","X004NSX5NZ","B0F63C3Z95","DECOLURE Linen Blackout Curtains - SunShield 120 Inches Long Black Out Curtains for Living Room and Bedroom Windows - Luxury Faux Linen, 2 Panels Set, Ultra Durable - 120 Length x 52 in (Natural)","New","42","0","0","0","0","1","41","0","0","USD","0","1","1","1","Low traffic","39.99","0.0","39.99","0.0","Advertise listing","","33.3","52","0","2607.55","0.02","0.199952","cubic feet","Standard","8.397984","US","gl_home","456744","366","42","168","546","39.99","0.0","39.99","39.99","39.99","0","0","0","1","41","57.81","0","0","0","0","","0","0","0","0.0","1","0.2","0","0.0","0","0.0","0","0.0","24","28.32","17","23.46","0","0.0","3846.0","2","Excess","","","2026-07-27","Yes","No","1266.0","3846.0","2026-07-25","42","0","0","0","366","unassigned","N","","",""
"2026-07-28","BM-TWIN-LIGHT-BLUE","X0045AO82D","B0CWJBZFZ7","DECOLURE Cooling Bed Sheets Twin Set 3pcs - Luxurious & Ultra-Soft Twin Size Cooling Sheets for Hot Sleepers - Comfortable Cool Bamboo Viscose Microfiber Sheets Twin Size w/Deep Pockets (Light Blue)","New","41","0","0","0","0","41","0","0","0","USD","3","6","11","16","","33.95","0.0","33.94","0.0","NoRestockExcessActionRequired","","0.0","0","0","1729.09","0.32","0.159497","cubic feet","Standard","6.539377","US","gl_home","71718","354","41","27","33","33.94","101.82","203.67","357.5","469.05","0","0","0","41","0","11.17","0","0","0","0","","0","0","0","0.0","41","6.56","0","0.0","0","0.0","0","0.0","0","0.0","0","0.0","0","0.0","281.3","6","Excess","","","2026-07-27","Yes","No","225.8","281.3","2026-07-25","41","0","0","0","354","unassigned","N","","",""
"2026-07-28","BAMBOO-FULL-OLIVE-6PCS","X00438UOFH","B0CQ33ZGQ4","DECOLURE 100% Viscose Derived from Bamboo Sheets Full Size - Luxury 6 Pc Naturally Cooling Sheets, Ultra Soft Bed Set - Deep 17"" Pockets, Durable Double Stitching, Oeko Tex Standard (Olive)","New","291","0","0","0","6","146","31","51","59","USD","3","16","30","37","","74.99","0.0","74.98","0.0","Edit listing","","61.4","52","0","5062.14","0.11","0.245187","cubic feet","Standard","71.349417","US","gl_home","9357","366","242","72","102","74.98","224.94","1105.31","2123.34","2608.22","0","0","0","176","1","327.06","0","0","0","0","","4","0","0","0.0","145","35.58","1","0.37","12","16.04","18","25.16","0","0.0","4","6.77","107","207.25","797.9","38","Excess","","","2026-07-27","Yes","No","535.8","797.9","2026-07-25","291","4","0","0","366","unassigned","N","","",""
"2026-07-28","LINEN-CURTAIN-52x96-IVORY-2-PCS","X004NSX6XT","B0F6392CDG","DECOLURE Linen Blackout Curtains - SunShield 96 Inches Long Black Out Curtains for Living Room and Bedroom Windows - Luxury Faux Linen, 2 Panels Set, Ultra Durable - 96 Length x 52 in (Ivory)","New","106","0","0","0","0","0","106","0","0","USD","4","5","5","5","Low traffic","32.99","0.0","32.99","0.0","Advertise listing","","28.39","52","0","7993.41","0.05","0.276048","cubic feet","Standard","29.261088","US","gl_home","456744","366","106","84","275","32.99","131.96","160.75","160.75","160.75","0","0","0","0","106","217.23","0","0","0","0","","0","0","0","0.0","0","0.0","0","0.0","0","0.0","0","0.0","18","29.32","88","167.53","0","0.0","1994.4","5","Excess","","","2026-07-27","Yes","No","662.0","1994.4","2026-07-25","106","0","0","0","366","unassigned","N","","",""
"2026-07-28","SATIN-FITTED-KING-GOLD","X004CC2VK5","B0DBW6FFG1","DECOLURE Satin Fitted Sheet King Size (1 PC) – Luxuriously Smooth & Softer Than Silk Bed Sheets w/ 15 Inch Deep Pocket Hypoallergenic Wrinkle Free, Secure Snug Fit, Elastic Corner Straps (Gold)","New","139","1","0","101","2","40","0","0","0","USD","5","29","49","73","","19.95","0.0","19.94","0.0","NoRestockExcessActionRequired","","0.0","0","0","0.0","0.49","0.160253","cubic feet","Standard","22.275167","US","gl_home","9976","196","0","19","24","19.94","99.7","576.47","969.47","1450.27","1","20","80","40","0","72.66","0","0","0","0","","2","0","0","0.0","3","0.48","37","8.89","0","0.0","0","0.0","0","0.0","0","0.0","0","0.0","180.2","53","Healthy","","","2026-07-27","Yes","No","139.0","180.2","2026-07-25","140","1","1","0","199","unassigned","N","","",""
"2026-07-28","WATERPROOF-CHAIR-COVER-CHOCOLATE-4PCS","X00462ZQET","B0CY6H87BC","Waterproof Dining Chair Covers Set of 4 - 3 Layers Thick Fabric Parsons Chair Slip Covers - Jacquard Kitchen Chair Covers & Stretch Protectors Dining Room, Restaurant - Removable Washable (Chocolate)","New","54","0","0","0","2","0","5","1","48","USD","2","7","8","13","","29.99","0.0","29.99","0.0","NoRestockExcessActionRequired","","0.0","0","54","658.51","0.22","0.24057","cubic feet","Standard","12.99078","US","gl_home","622269","366","54","30","54","14.99","44.98","194.93","214.92","344.87","0","0","0","1","4","103.54","0","0","0","0","","1","0","0","0.0","0","0.0","0","0.0","1","1.31","0","0.0","1","1.42","4","6.64","48","91.22","349.7","5","Excess","","","2026-07-27","Yes","No","295.7","349.7","2026-07-25","54","1","0","0","366","unassigned","N","","",""
"2026-07-28","SATIN-STRIPE-FULL-BLACK","X0030KP0D5","B09G6KMXVX","DECOLURE Satin Bed Sheets - 4 Piece Luxury Silky Full Size Bedding Set - Softer Than Silk, Wrinkle-Free with 15” Deep Pocket Fitted Sheet, Perfect for Hair & Skin, Gifts for Women (Striped Black)","New","20","12","0","35","0","0","0","0","0","USD","7","18","40","53","","29.95","0.0","28.45","0.0","CreateShippingPlan","","0.0","0","0","0.0","0.89","0.168688","cubic feet","Standard","3.37376","US","gl_home","4372","55","0","4","4","28.45","200.65","525.68","1171.61","1613.46","0","1","34","0","0","3.29","0","0","0","0","","0","0","","","","","","","","","","","","","","","","","122.4","18","Healthy","2","2026-08-04","2026-07-27","Yes","No","79.8","122.4","2026-07-25","32","0","0","0","55","unassigned","N","","",""
"2026-07-28","SATIN-4PCS-KING-ROSEWOOD","X004C9TYSF","B0DBR1DWPP","DECOLURE Satin Bed Sheets - 4 Piece Luxury Silky King Size Bedding Set - Softer Than Silk, Wrinkle-Free with 15” Deep Pocket Fitted Sheet, Perfect for Hair & Skin, Gifts for Women (Rosewood)","New","150","50","0","91","6","91","23","0","0","USD","24","76","138","196","","30.95","0.0","25.45","0.0","NoRestockExcessActionRequired","","0.0","0","0","361.16","0.77","0.339261","cubic feet","Standard","50.88915","US","gl_home","4372","162","89","7","9","25.45","658.7","2399.14","4464.7","6512.97","86","1","4","114","0","240.65","0","0","0","0","","4","0","0","0.0","36","12.23","55","28.0","0","0.0","23","44.48","0","0.0","0","0.0","0","0.0","111.3","70","Excess","","","2026-07-27","No","No","74.1","111.3","2026-07-25","200","4","0","0","167","unassigned","N","","",""
"2026-07-28","SATIN-QUEEN-PURPLE","X002IU8FNP","B0839L6R8Y","DECOLURE Satin Bed Sheets - 4 Piece Luxury Silky Queen Size Bedding Set - Softer Than Silk, Wrinkle-Free with 15” Deep Pocket Fitted Sheet, Perfect for Hair & Skin, Gifts for Women (Purple)","New","178","1","0","185","0","0","0","0","0","USD","15","79","163","236","","31.95","0.0","30.35","0.0","NoRestockExcessActionRequired","","0.0","0","0","0.0","1.18","0.224027","cubic feet","Standard","39.876806","US","gl_home","4372","76","0","9","9","30.35","458.45","2459.49","5090.25","7457.09","119","66","0","0","0","37.86","0","0","0","0","","2","1","","","","","","","","","","","","","","","","","70.3","89","Healthy","75","2026-08-04","2026-07-27","No","No","70.3","63.9","2026-07-25","179","1","1","0","77","unassigned","N","","",""
"2026-07-28","SL-COOLING-SHEET-FULL-LIGHT-GREY","X004OCYHIR","B0F7LWYY19","SLEEPHORIA Cooling Sheets - BreezeWeave 4 PC Full Size Cooling Bed Sheets for Hot Sleepers & Deep, Cool Rest - Cloud Soft, Silky Smooth, 16 in Deep Pocket, Ultra Durable (Light Grey)","New","28","1","0","0","31","0","0","0","0","USD","2","24","51","68","","59.99","0.0","59.99","0.0","CreateShippingPlan","","0.0","0","0","0.0","1.01","0.276464","cubic feet","Standard","7.740992","US","gl_home","82219","65","0","4","5","59.99","119.98","1427.56","3035.09","4145.92","0","0","0","0","0","5.0","0","0","0","0","","2","0","","","","","","","","","","","","","","","","","88.7","20","Healthy","7","2026-08-04","2026-07-27","Yes","No","45.3","88.7","2026-07-25","29","0","2","0","71","unassigned","N","","",""
"2026-07-28","SATIN-STRIPE-QUEEN-GOLD--6-PCS","X003UOC20F","B0C7K92CTB","DECOLURE Satin Bed Sheets - 6 Piece Luxury Silky Queen Size Bedding Set - Softer Than Silk, Wrinkle-Free with 15” Deep Pocket Fitted Sheet, Perfect for Hair & Skin, Gifts for Women (Striped Gold)","New","98","0","0","53","8","39","0","0","0","USD","6","18","37","46","","30.95","0.0","30.95","0.0","NoRestockExcessActionRequired","","0.0","0","0","807.41","0.4","0.257588","cubic feet","Standard","25.243624","US","gl_home","15592","318","84","21","27","30.95","182.5","556.9","1176.3","1475.0","0","35","18","39","0","42.39","0","0","0","0","","0","0","0","0.0","39","10.07","0","0.0","0","0.0","0","0.0","0","0.0","0","0.0","0","0.0","235.7","17","Excess","","","2026-07-27","Yes","No","185.4","235.7","2026-07-25","98","0","0","0","318","unassigned","N","","",""
"2026-07-28","SATIN-STRIPE-TWIN-BLUE","X0030KP0BR","B09G6L5Z5K","DECOLURE Satin Bed Sheets - 3 Piece Luxury Silky Twin Size Bedding Set - Softer Than Silk, Wrinkle-Free with 15” Deep Pocket Fitted Sheet, Perfect for Hair & Skin, Gifts for Women (Striped Blue)","New","45","0","0","0","0","0","30","15","0","USD","0","1","3","6","","26.95","0.0","26.95","0.0","Edit listing","","0.0","0","0","1986.02","0.14","0.162535","cubic feet","Standard","7.314075","US","gl_home","4372","366","45","180","97","26.95","0.0","24.95","67.69","156.54","0","0","0","0","30","52.62","0","0","0","0","","0","0","0","0.0","0","0.0","0","0.0","0","0.0","0","0.0","18","17.27","27","30.28","0","0.0","719.5","4","Excess","","","2026-07-27","Yes","No","452.3","719.5","2026-07-25","45","0","0","0","366","unassigned","N","","",""
"2026-07-28","BAMBOO-KING-SAGE GREEN","X0040HLH9D","B0CLKCDHHS","DECOLURE 100% Viscose Derived from Bamboo Sheets King Size - Luxury 4 Pc Naturally Cooling Sheets, Ultra Soft Bed Set - Deep 17"" Pockets, Durable Double Stitching, Oeko Tex Standard (Sage Green)","New","37","5","0","52","0","0","0","0","0","USD","21","88","237","328","","84.99","0.0","71.24","0.0","CreateShippingPlan","","0.0","0","0","0.0","1.55","0.328929","cubic feet","Standard","12.170373","US","gl_home","9485","79","0","5","4","84.99","1518.54","6584.36","17617.89","24752.85","2","5","45","0","0","5.64","78","0","78","0","","4","1","","","","","","","","","","","","","","","","","60.3","83","Low stock","57","2026-08-04","2026-07-27","Yes","No","25.6","60.3","2026-07-25","120","2","2","0","82","unassigned","N","","",""
"2026-07-28","SATIN-STRIPE-QUEEN-BLUE--6-PCS","X003UO3ADN","B0C7KJMDNG","DECOLURE Satin Bed Sheets - 6 Piece Luxury Silky Queen Size Bedding Set - Softer Than Silk, Wrinkle-Free with 15” Deep Pocket Fitted Sheet, Perfect for Hair & Skin, Gifts for Women (Striped Blue)","New","101","0","0","1","0","101","0","0","0","USD","4","13","36","43","","30.95","0.0","30.95","0.0","NoRestockExcessActionRequired","","0.0","0","0","1146.94","0.32","0.232741","cubic feet","Standard","23.506841","US","gl_home","15592","313","82","31","30","30.95","123.8","409.75","1138.2","1372.85","0","0","1","101","0","44.3","0","0","0","0","","1","0","0","0.0","55","12.82","46","16.09","0","0.0","0","0.0","0","0.0","0","0.0","0","0.0","271.6","23","Excess","","","2026-07-27","Yes","No","232.6","271.6","2026-07-25","101","1","0","0","316","unassigned","N","","",""
"2026-07-28","SL-BOHO-BLANKET-BUTTERFLY-50x60-1-PC","X004ZA1K4R","B0GGT7NYJ6","SLEEPHORIA 100% Uzbek Cotton Boho Throw Blanket - Heavyweight Cotton Throw Blanket for Bed - Reversible Woven Vintage Floral Decorative for Couch Sofa - Soft Bohemian 50"" x 60"" (Butterfly)","New","1107","0","0","1109","0","0","0","0","0","USD","","","","","Low traffic","26.99","0.0","26.99","0.0","Advertise listing","","","0","0","","0.0","0.301453","cubic feet","Standard","333.708471","US","gl_home","","366","0","","","26.99","","","","","0","398","711","0","0","","10","0","0","10","","47","1","","","","","","","","","","","","","","","","","2490.9","","","","","2026-07-27","Yes","No","1221.1","2490.9","2026-07-25","1117","47","0","0","366","unassigned","N","","",""
"2026-07-28","BAMBOO-CALIFKING-SAGE GREEN-6PCS","X00438MC89","B0CQ31LJ3J","DECOLURE 100% Viscose Derived from Bamboo Sheets California King Size - Luxury 6 Pc Naturally Cooling Sheets, Ultra Soft Bed Set - Deep 17"" Pockets, Double Stitching, Oeko Tex Standard (Sage Green-01)","New","38","0","0","41","0","0","0","0","0","USD","2","15","42","56","Low traffic","89.99","0.0","89.99","0.0","CreateShippingPlan","","","0","0","","1.17","0.315226","cubic feet","Standard","11.978588","US","gl_home","1051012","114","0","10","8","89.99","179.98","1286.35","3514.58","4694.44","0","0","41","0","0","","0","0","0","0","","1","0","","","","","","","","","","","","","","","","","79.1","34","Healthy","28","2026-08-04","2026-07-27","Yes","No","79.1","73.2","2026-07-25","38","0","1","0","118","unassigned","N","","",""
"2026-07-28","BM-FULL-NAVY-BLUE","X003VHUFZZ","B0C9LT81MY","DECOLURE Cooling Sheets Full Set 4pcs - Luxurious & Ultra-Soft Full Size Cooling Sheets for Hot Sleepers - Comfortable Bamboo Viscose Microfiber Full Cooling Bed Sheets w/Deep Pockets (Navy)","New","42","0","0","1","1","40","0","0","0","USD","5","10","19","28","","35.95","0.0","25.99","0.0","NoRestockExcessActionRequired","","0.0","0","0","2430.36","0.49","0.217231","cubic feet","Standard","9.123702","US","gl_home","71718","195","42","16","19","25.99","139.9","306.89","595.76","930.43","1","0","0","40","0","15.49","0","0","0","0","","0","0","1","0.11","40","8.69","0","0.0","0","0.0","0","0.0","0","0.0","0","0.0","0","0.0","172.6","10","Excess","","","2026-07-27","Yes","No","159.3","172.6","2026-07-25","42","0","0","0","195","unassigned","N","","",""
"2026-07-28","SL-COOLING-FITTED-QUEEN-LIGHT-GREY","X004OD9ZSD","B0F7M8GRL4","SLEEPHORIA Cooling Fitted Sheet Queen Size - 1 PC BreezeWeave Cooling Sheets for Hot Sleepers & Cool Rest w/ 16 in Deep Pocket - Corner Straps, Cloud Soft, Ultra Durable - 57 x 77 in (Light Grey)","","0","0","0","1","0","0","0","0","0","USD","0","0","44","106","","0.0","0.0","0.0","0.0","CreateShippingPlan","","","0","0","","2.86","0.152406","cubic feet","Standard","0.0","US","gl_home","26032","0","0","","0","29.99","0.0","0.0","1474.56","3343.94","1","0","0","0","0","","0","0","0","0","","0","0","","","","","","","","","","","","","","","","","","32","Out of stock","45","2026-07-27","","","","","25.9","2026-07-25","0","0","0","0","0","unassigned","N","","",""
"2026-07-28","SS-SATIN-NAVY-BLUE-QUEEN-4PCS","X004D7A165","B0DDRH9RD7","SLEEP SANCTUARY Satin Sheets Queen Size – 4 Piece Luxury Silky Bed Set, Softer Than Silk, 15"" Deep Pocket, Cooling & Wrinkle-Free, Moisture-Wicking & Breathable for Hair & Skin (Navy Blue)","New","205","162","0","207","165","0","0","0","0","USD","19","53","96","144","","33.95","31.95","27.56","0.0","NoRestockExcessActionRequired","","0.0","0","0","276.79","0.46","0.271413","cubic feet","Standard","55.639665","US","gl_home","8682","268","170","15","18","33.95","536.03","1622.46","3034.78","4672.38","182","0","25","0","0","82.54","0","0","0","0","","3","0","","","","","","","","","","","","","","","","","183.3","106","Excess","","","2026-07-27","Yes","No","168.5","183.3","2026-07-25","367","3","0","0","270","unassigned","N","","",""
"2026-07-28","SS-BAMBOO-LIGHT-PINK-CALIFKING-6PCS","X004D8Q35H","B0DDTXV2V8","SLEEP SANCTUARY 100% Viscose Derived from Bamboo Sheets California King Size 6pcs – BamBliss Luxury Cooling Sheets for Hot Sleepers - Cloud Soft, 17"" Deep Pocket, Ultra Durable Bed Set (Light Pink)","New","12","0","0","0","0","0","13","0","0","USD","2","7","9","10","","69.99","0.0","69.99","0.0","NoRestockExcessActionRequired","","0.0","0","0","1172.68","0.46","0.302756","cubic feet","Standard","3.633072","US","gl_home","86667","119","12","6","15","69.99","139.98","480.83","627.81","697.8","0","0","0","13","0","22.94","0","0","0","0","","1","0","0","0.0","0","0.0","0","0.0","4","6.6","9","15.54","0","0.0","0","0.0","0","0.0","221.1","3","Excess","","","2026-07-27","Yes","No","94.2","221.1","2026-07-25","12","0","1","0","127","unassigned","N","","",""
"2026-07-28","BAMBOO-FULL-TAUPE-6PCS","X00438F3YJ","B0CQ311KCT","DECOLURE 100% Viscose Derived from Bamboo Sheets Full Size - Luxury 6 Pc Naturally Cooling Sheets, Ultra Soft Bed Set - Deep 17"" Pockets, Durable Double Stitching, Oeko Tex Standard (Taupe)","New","84","6","0","84","0","0","0","0","0","USD","3","12","19","34","","74.99","0.0","74.98","0.0","NoRestockExcessActionRequired","","0.0","0","0","0.0","0.86","0.253502","cubic feet","Standard","21.294168","US","gl_home","9357","308","0","28","32","74.98","224.94","808.68","1304.88","2368.73","66","18","0","0","0","15.56","0","0","0","0","","0","0","","","","","","","","","","","","","","","","","208.3","28","Healthy","","","2026-07-27","Yes","No","208.3","83.6","2026-07-25","90","0","0","0","308","unassigned","N","","",""
"2026-07-28","SATIN-STRIPE-QUEEN-BLACK","X0030KQXYF","B09G6LBXRX","DECOLURE Satin Bed Sheets - 4 Piece Luxury Silky Queen Size Bedding Set - Softer Than Silk, Wrinkle-Free with 15” Deep Pocket Fitted Sheet, Perfect for Hair & Skin, Gifts for Women (Striped Black)","New","17","0","0","20","0","0","0","0","0","USD","9","41","77","108","","31.95","0.0","31.94","0.0","CreateShippingPlan","","0.0","0","0","0.0","1.78","0.184838","cubic feet","Standard","3.142246","US","gl_home","4372","16","0","1","2","31.94","287.47","1281.35","2476.36","3450.46","20","0","0","0","0","1.1","0","0","0","0","","1","0","","","","","","","","","","","","","","","","","44.8","18","Low stock","20","2026-08-04","2026-07-27","Yes","No","22.0","44.8","2026-07-25","17","1","0","0","18","unassigned","N","","",""
"2026-07-28","BAMBOO-QUEEN-LIGHTOLIVE-6PCS","X00438TL5B","B0CQ312HKC","DECOLURE 100% Viscose Derived from Bamboo Sheets Queen Size - Luxury 6 Pc Naturally Cooling Sheets, Ultra Soft Bed Set - Deep 17"" Pockets, Durable Double Stitching, Oeko Tex Standard (Light Olive)","New","180","0","0","2","2","1","179","0","0","USD","4","26","51","73","","84.99","0.0","71.24","0.0","NoRestockExcessActionRequired","","0.0","0","0","261.12","0.32","0.262504","cubic feet","Standard","47.25072","US","gl_home","9357","366","112","27","32","71.24","284.96","1968.95","4018.42","5649.19","1","0","1","180","0","283.74","0","0","0","0","","5","0","3","0.39","0","0.0","0","0.0","12","17.16","167","249.94","0","0.0","0","0.0","0","0.0","278.8","39","Excess","","","2026-07-27","Yes","No","185.1","278.8","2026-07-25","180","4","1","0","366","unassigned","N","","",""
"2026-07-28","SATIN-FITTED-QUEEN-RED","X004CBVFJ9","B0DBVYJJZ6","DECOLURE Satin Fitted Sheet Queen Size (1 PC) – Luxuriously Smooth & Softer Than Silk Bed Sheets w/ 15 Inch Deep Pocket Hypoallergenic Wrinkle Free, Secure Snug Fit, Elastic Corner Straps (Red)","New","137","179","0","322","0","0","0","0","0","USD","23","40","72","176","","17.95","0.0","17.94","0.0","CreateShippingPlan","","0.0","0","0","0.0","1.36","0.161698","cubic feet","Standard","22.152626","US","gl_home","9976","120","0","13","10","17.94","412.63","717.73","1292.13","3182.93","322","0","0","0","0","38.91","2","0","0","2","","1","0","","","","","","","","","","","","","","","","","108.9","143","Healthy","","","2026-07-27","No","No","108.9","34.9","2026-07-25","318","0","1","0","120","unassigned","N","","",""
"2026-07-28","BAMBOO-QUEEN-LIGHTBLUE-6PCS","X00438TKV1","B0CQ32F3HY","DECOLURE 100% Viscose Derived from Bamboo Sheets Queen Size - Luxury 6 Pc Naturally Cooling Sheets, Ultra Soft Bed Set - Deep 17"" Pockets, Durable Double Stitching, Oeko Tex Standard (Light Blue)","New","184","312","0","516","0","0","0","0","0","USD","13","145","366","501","","84.99","0.0","84.99","0.0","CreateShippingPlan","","0.0","0","0","0.0","1.1","0.328498","cubic feet","Standard","60.443632","US","gl_home","9357","214","0","5","4","84.99","1077.37","11244.68","27957.99","38481.64","361","63","92","0","0","799.99","5","0","0","5","","5","2","","","","","","","","","","","","","","","","","68.7","207","Healthy","","","2026-07-27","Yes","No","42.1","68.7","2026-07-25","501","4","1","0","216","unassigned","N","","",""
"2026-07-28","SS-SATIN-SAGE-GREEN-TWIN-3PCS","X004D7EVYX","B0DDR154D4","SLEEP SANCTUARY Satin Sheets Twin Size – 3 Piece Luxury Silky Bed Set, Softer Than Silk, 15"" Deep Pocket, Cooling & Wrinkle-Free, Moisture-Wicking & Breathable for Hair & Skin (Sage Green)","New","39","0","0","0","0","0","32","9","0","USD","0","6","9","10","","29.95","27.95","26.94","0.0","NoRestockExcessActionRequired","","0.0","0","0","1426.27","0.2","0.128822","cubic feet","Standard","5.024058","US","gl_home","8682","366","39","26","50","29.95","0.0","173.69","245.57","281.52","0","0","0","30","2","33.4","0","0","0","0","","3","0","0","0.0","0","0.0","0","0.0","0","0.0","30","22.02","1","0.76","10","8.89","0","0.0","450.4","4","Excess","","","2026-07-27","Yes","No","151.9","450.4","2026-07-25","39","3","0","0","366","unassigned","N","","",""
"2026-07-28","SL-COOLING-SHEET-QUEEN-WHITE","X004OD4J4D","B0F7LW9GQN","SLEEPHORIA Cooling Sheets - BreezeWeave 4 PC Queen Size Cooling Bed Sheets for Hot Sleepers & Deep, Cool Rest - Cloud Soft, Silky Smooth, 16 in Deep Pocket, Ultra Durable (White)","New","201","89","0","297","0","0","0","0","0","USD","7","23","24","33","","64.99","0.0","64.99","0.0","NoRestockExcessActionRequired","","0.0","0","0","0.0","0.43","0.301055","cubic feet","Standard","60.512055","US","gl_home","82219","298","0","34","79","64.99","454.93","1494.77","1559.76","2144.67","297","0","0","0","0","57.08","0","0","0","0","","5","0","","","","","","","","","","","","","","","","","173.2","62","Healthy","","","2026-07-27","Yes","No","173.2","122.1","2026-07-25","290","5","0","0","304","unassigned","N","","",""
"2026-07-28","SATIN-STRIPE-FULL-GOLD","X0030KQXSB","B09G6LCV5J","DECOLURE Satin Bed Sheets - 4 Piece Luxury Silky Full Size Bedding Set - Softer Than Silk, Wrinkle-Free with 15” Deep Pocket Fitted Sheet, Perfect for Hair & Skin, Gifts for Women (Striped Gold)","New","64","2","0","2","0","1","50","14","0","USD","1","5","11","21","","25.95","0.0","25.95","0.0","NoRestockExcessActionRequired","","0.0","0","0","80.06","0.25","0.177466","cubic feet","Standard","11.357824","US","gl_home","4372","300","46","51","39","25.95","25.95","145.74","351.94","651.44","2","0","0","51","0","69.71","0","0","0","0","","1","0","0","0.0","1","0.18","0","0.0","0","0.0","50","50.58","0","0.0","14","17.14","0","0.0","520.3","15","Excess","","","2026-07-27","Yes","No","520.3","305.9","2026-07-25","66","1","0","0","305","unassigned","N","","",""
"2026-07-28","SATIN-4PC-KING-DARK GREEN","X0042WKV0R","B0CQPPJFWN","DECOLURE Satin Bed Sheets - 4 Piece Luxury Silky King Size Bedding Set - Softer Than Silk, Wrinkle-Free with 15” Deep Pocket Fitted Sheet, Perfect for Hair & Skin, Gifts for Women (Dark Green)","New","6","3","0","17","0","0","0","0","0","USD","9","37","64","80","","33.95","0.0","33.95","0.0","CreateShippingPlan","","0.0","0","0","0.0","5.03","0.271659","cubic feet","Standard","1.629954","US","gl_home","4372","7","0","0","0","33.95","305.55","1236.29","2285.25","2808.09","17","0","0","0","0","0.44","0","0","0","0","","5","0","","","","","","","","","","","","","","","","","23.3","45","Low stock","89","2026-08-04","2026-07-27","Yes","No","23.3","18.6","2026-07-25","9","2","3","0","12","unassigned","N","","",""
"2026-07-28","LINEN-CURTAIN-52x96-LIGHT-GREY-2-PCS","X004NSMZJP","B0F638T9NF","DECOLURE Linen Blackout Curtains - SunShield 96 Inches Long Black Out Curtains for Living Room and Bedroom Windows - Luxury Faux Linen, 2 Panels Set, Ultra Durable - 96 Length x 52 in (Light Grey)","New","90","0","0","5","0","1","86","0","0","USD","2","2","6","6","Low traffic","32.99","0.0","32.99","0.0","Advertise listing","","28.95","52","0","6481.02","0.05","0.265682","cubic feet","Standard","23.91138","US","gl_home","456744","366","90","180","195","32.99","65.98","65.98","197.94","197.94","0","4","1","1","86","172.85","0","0","0","0","","0","0","0","0.0","1","0.27","0","0.0","0","0.0","0","0.0","27","42.35","59","108.16","0","0.0","","3","Excess","","","","","","","2078.8","2026-07-25","90","0","0","0","366","unassigned","N","","",""
"2026-07-28","SATIN-SEA-TEAL-TWIN","X003EKAABN","B0BG21MMW9","DECOLURE Satin Bed Sheets - 3 Piece Luxury Silky Twin Size Bedding Set - Softer Than Silk, Wrinkle-Free with 15” Deep Pocket Fitted Sheet, Perfect for Hair & Skin, Gifts for Women (Sea Teal)","New","104","54","0","55","2","30","0","0","76","USD","4","7","17","20","","26.95","0.0","20.96","0.0","Edit listing","","0.0","0","0","4522.64","0.14","0.196038","cubic feet","Standard","20.387952","US","gl_home","4372","366","136","59","67","20.96","90.82","174.67","478.03","557.1","54","1","0","30","0","175.96","0","0","0","0","","2","0","1","0.1","30","5.87","0","0.0","0","0.0","0","0.0","0","0.0","0","0.0","76","117.7","521.2","25","Excess","","","2026-07-27","Yes","No","435.8","521.2","2026-07-25","158","0","2","0","366","unassigned","N","","",""
"2026-07-28","SATIN-FITTED-KING-PURPLE","X004CBP79X","B0DBVZJTGS","DECOLURE Satin Fitted Sheet King Size (1 PC) – Luxuriously Smooth & Softer Than Silk Bed Sheets w/ 15 Inch Deep Pocket Hypoallergenic Wrinkle Free, Secure Snug Fit, Elastic Corner Straps (Purple)","New","403","0","0","9","5","81","313","0","0","USD","6","28","37","68","","19.95","0.0","19.94","0.0","Edit listing","","0.0","0","0","2454.81","0.15","0.175575","cubic feet","Standard","70.756725","US","gl_home","9976","366","345","57","77","19.94","119.65","554.95","741.13","1323.94","1","2","6","394","0","387.81","0","0","0","0","","1","0","1","0.09","21","3.68","40","10.54","60","57.42","273","273.19","0","0.0","0","0.0","0","0.0","581.4","47","Excess","","","2026-07-27","Yes","No","449.9","581.4","2026-07-25","403","1","0","0","366","unassigned","N","","",""
"2026-07-28","LINEN-CURTAIN-52x72-BEIGE-2-PCS","X004NSXUMV","B0F637WVF9","DECOLURE Linen Blackout Curtains - SunShield 72 Inches Long Black Out Curtains for Living Room and Bedroom Windows - Luxury Faux Linen, 2 Panels Set, Ultra Durable - 72 Length x 52 in (Beige)","New","46","0","0","0","1","0","45","0","0","USD","0","0","0","0","Low traffic","28.99","0.0","28.99","0.0","Create removal order","","0.0","0","0","2509.12","0.0","0.199952","cubic feet","Standard","9.197792","US","gl_home","456744","366","46","","","28.99","0.0","0.0","0.0","0.0","0","0","0","0","45","65.38","0","0","0","0","45","1","0","1","0.1","0","0.0","0","0.0","0","0.0","0","0.0","16","18.88","29","40.02","0","0.0","","2","Excess","","","","","","","","2026-07-25","46","1","0","0","366","unassigned","N","","",""
"2026-07-28","SL-COOLING-FITTED-KING-COOL-GREY","X004ODA069","B0F7M5SD7Q","SLEEPHORIA Cooling Fitted Sheet King Size - 1 PC BreezeWeave Cooling Sheets for Hot Sleepers & Cool Rest w/ 16 in Deep Pocket - Corner Straps, Cloud Soft, Ultra Durable - 73 x 77 in (Cool Grey)","New","56","124","0","191","0","0","0","0","0","USD","26","42","43","47","","36.99","0.0","34.99","0.0","NoExcessInventory","","0.0","0","0","0.0","0.82","0.165439","cubic feet","Standard","9.264584","US","gl_home","26032","67","0","11","34","34.99","907.74","1475.58","1513.57","1645.53","191","0","0","0","0","44.33","67","0","60","7","","4","0","","","","","","","","","","","","","","","","","49.3","146","Healthy","","","2026-07-27","No","No","49.3","43.2","2026-07-25","247","3","1","0","68","unassigned","N","","",""
"2026-07-28","BM-FULL-PINK","X0045A9LO3","B0CWJ8YXR4","DECOLURE Cooling Sheets Full Set 4pcs - Luxurious & Ultra-Soft Full Size Cooling Sheets for Hot Sleepers - Comfortable Bamboo Viscose Microfiber Full Cooling Bed Sheets w/Deep Pockets (Pink)","New","99","0","0","1","0","99","0","0","0","USD","5","10","17","21","","35.95","0.0","35.94","0.0","Edit listing","","0.0","0","0","5187.86","0.18","0.205738","cubic feet","Standard","20.368062","US","gl_home","71718","366","99","39","61","35.94","179.7","359.45","609.3","777.1","0","1","0","99","0","34.8","0","0","0","0","","1","0","0","0.0","99","20.36","0","0.0","0","0.0","0","0.0","0","0.0","0","0.0","0","0.0","535.5","11","Excess","","","2026-07-27","Yes","No","358.1","535.5","2026-07-25","99","1","0","0","366","unassigned","N","","",""
"2026-07-28","BAMBOO-KING-OLIVE","X002O4Z17D","B08KQLK2HK","DECOLURE 100% Viscose Derived from Bamboo Sheets King Size - Luxury 4 Pc Naturally Cooling Sheets, Ultra Soft Bed Set - Deep 17"" Pockets, Durable Double Stitching, Oeko Tex Standard (Olive)","New","485","1","0","208","201","71","17","0","0","USD","16","76","165","245","","84.99","0.0","71.24","0.0","NoRestockExcessActionRequired","","0.0","0","0","1288.75","0.52","0.328669","cubic feet","Standard","159.404465","US","gl_home","9485","344","311","25","25","84.99","1154.84","5816.03","12610.84","18866.49","201","6","1","88","0","541.13","0","0","0","0","","6","1","192","31.54","24","7.89","2","0.99","8","14.33","16","29.97","0","0.0","0","0.0","0","0.0","170.8","62","Excess","","","2026-07-27","No","No","156.2","170.8","2026-07-25","486","5","1","0","349","unassigned","N","","",""
"2026-07-28","SL-BOHO-BLANKET-BLOOM-60x80-1-PC","X004Z6JT4T","B0GGTD46ZF","SLEEPHORIA 100% Uzbek Cotton Boho Throw Blanket - Heavyweight Cotton Throw Blanket for Bed - Reversible Woven Vintage Floral Decorative for Couch Sofa - Soft Bohemian 60"" x 80"" (Bloom)","New","28","0","0","29","0","0","0","0","0","USD","30","30","30","30","Low traffic","34.99","0.0","34.99","0.0","NoRestockExcessActionRequired","","","0","0","","1.23","0.459428","cubic feet","Standard","12.863984","US","gl_home","452088","4","0","3","12","34.99","1049.7","1049.7","1049.7","1049.7","0","29","0","0","0","","0","0","0","0","","1","0","","","","","","","","","","","","","","","","","125.7","1","Healthy","","","2026-07-27","Yes","No","62.6","125.7","2026-07-25","28","0","1","0","5","unassigned","N","","",""
"2026-07-28","SL-COOLING-SHEET-TWIN-BEIGE","X004OD1CD9","B0F7LX6353","SLEEPHORIA Cooling Sheets - BreezeWeave 3 PC Twin Size Cooling Bed Sheets for Hot Sleepers & Deep, Cool Rest - Cloud Soft, Silky Smooth, 16 in Deep Pocket, Ultra Durable (Beige)","New","20","0","0","0","20","0","0","0","0","USD","0","4","12","17","","49.99","0.0","49.99","0.0","NoRestockExcessActionRequired","","0.0","0","0","132.9","0.63","0.233926","cubic feet","Standard","4.67852","US","gl_home","82219","123","20","20","15","49.99","0.0","199.96","599.88","849.83","0","0","0","0","0","3.06","0","0","0","0","","0","0","","","","","","","","","","","","","","","","","158.5","11","Excess","","","2026-07-27","Yes","No","158.5","137.7","2026-07-25","20","0","0","0","123","unassigned","N","","",""
"2026-07-28","BM-KING-PINK","X0045ATL9X","B0CWJ79M7J","DECOLURE Cooling Bed Sheets King Set 4pcs - Luxurious & Ultra-Soft King Size Cooling Sheets for Hot Sleepers - Comfortable & Cool Bamboo Viscose Microfiber Sheets King Size w/Deep Pockets (Pink)","New","85","0","0","0","0","88","0","0","0","USD","1","10","42","63","","39.95","0.0","39.94","0.0","NoRestockExcessActionRequired","","0.0","0","0","5118.17","0.57","0.231919","cubic feet","Standard","19.713115","US","gl_home","71718","366","85","34","17","39.94","23.97","267.66","1282.38","1830.71","0","0","0","88","0","33.75","0","0","0","0","","2","0","0","0.0","88","20.41","0","0.0","0","0.0","0","0.0","0","0.0","0","0.0","0","0.0","196.8","9","Excess","","","2026-07-27","Yes","No","196.8","156.1","2026-07-25","85","2","0","0","366","unassigned","N","","",""
"2026-07-28","SHOWER-MAT-LARGE","X004A1R6I5","B0D6Z8N4TS","DECOLURE Stone Bath Mat Large, Quick Dry & Non-Slip Diatomaceous Earth Shower Mat for Bathroom, Luxurious & Easy to Clean Diatomite Stone Mat for Bathroom, Kitchen, High Density (Large, Grey)","New","135","10","0","152","0","0","0","0","0","USD","13","65","99","120","Low traffic","44.99","0.0","44.99","0.0","Create Outlet deal","","0.0","0","0","3005.63","1.81","0.687446","cubic feet","Oversize","92.80521","US","gl_home","780999","366","0","8","14","44.99","534.87","2633.35","4002.01","4909.8","152","0","0","0","0","104.13","0","0","0","0","","4","0","","","","","","","","","","","","","","","","","55.3","30","Healthy","","","2026-07-27","Yes","No","55.3","38.6","2026-07-25","145","1","3","0","366","unassigned","N","","",""
"2026-07-28","SATIN-4PC-TWIN-SAGE GREEN","X004BS2KPB","B0D9QRVYMT","DECOLURE Satin Bed Sheets - 4 Piece Luxury Silky Twin Size Bedding Set - Softer Than Silk, Wrinkle-Free with 15” Deep Pocket Fitted Sheet, Perfect for Hair & Skin, Gifts for Women (Sage Green)","New","19","0","0","0","1","1","0","17","0","USD","1","1","4","7","","24.95","0.0","24.95","0.0","NoRestockExcessActionRequired","","0.0","0","0","1225.34","0.32","0.239925","cubic feet","Standard","4.558575","US","gl_home","15592","310","19","76","35","24.95","27.94","27.94","111.79","207.64","0","0","0","1","0","31.44","0","0","0","0","","0","0","1","0.12","0","0.0","0","0.0","0","0.0","0","0.0","0","0.0","17","28.16","0","0.0","595.0","5","Excess","","","2026-07-27","Yes","No","595.0","281.7","2026-07-25","19","0","0","0","310","unassigned","N","","",""
"2026-07-28","SS-SATIN-PURPLE-KING-4PCS","X004D7COJH","B0DDRCQZ7G","SLEEP SANCTUARY Satin Sheets King Size – 4 Piece Luxury Silky Bed Set, Softer Than Silk, 15"" Deep Pocket, Cooling & Wrinkle-Free, Moisture-Wicking & Breathable for Hair & Skin (Purple)","New","131","0","0","30","20","26","58","0","0","USD","11","32","47","69","","35.95","33.95","29.36","0.0","NoRestockExcessActionRequired","","0.0","0","0","185.42","0.43","0.296012","cubic feet","Standard","38.777572","US","gl_home","8682","162","84","16","24","33.95","328.96","1037.22","1556.52","2363.42","0","18","12","84","0","192.58","0","0","0","0","","3","0","0","0.0","0","0.0","7","3.11","55","88.72","22","37.11","0","0.0","0","0.0","0","0.0","216.9","62","Excess","","","2026-07-27","Yes","No","136.3","216.9","2026-07-25","131","2","1","0","166","unassigned","N","","",""
"2026-07-28","SATIN-6PC-QUEEN-BLUSH PINK","X004BS2KPL","B0D9QR66X1","DECOLURE Satin Bed Sheets - 6 Piece Luxury Silky Queen Size Bedding Set - Softer Than Silk, Wrinkle-Free with 15” Deep Pocket Fitted Sheet, Perfect for Hair & Skin, Gifts for Women (Blush Pink)","New","147","24","0","3","1","2","174","0","0","USD","14","33","54","65","","30.95","0.0","23.96","0.0","NoRestockExcessActionRequired","","0.0","0","0","5495.5","0.29","0.2325","cubic feet","Standard","34.1775","US","gl_home","15592","366","153","17","29","23.96","358.41","963.86","1623.61","1982.49","0","2","1","176","0","248.39","0","0","0","0","","5","0","1","0.12","0","0.0","0","0.0","1","1.27","174","230.66","0","0.0","0","0.0","0","0.0","329.9","25","Excess","","","2026-07-27","Yes","No","199.7","329.9","2026-07-25","171","2","3","0","366","unassigned","N","","",""
"2026-07-28","SATIN-FITTED-FULL-NAVY-BLUE","X004CBXT43","B0DBVYHGK1","DECOLURE Satin Fitted Sheet Full Size (1 PC) – Luxuriously Smooth & Softer Than Silk Bed Sheets w/ 15 Inch Deep Pocket Hypoallergenic Wrinkle Free, Secure Snug Fit, Elastic Corner Straps (Navy Blue)","New","124","1","0","5","4","83","39","0","0","USD","8","30","46","73","","17.95","0.0","17.94","0.0","NoRestockExcessActionRequired","","0.0","0","0","0.0","0.44","0.130211","cubic feet","Standard","16.146164","US","gl_home","9976","184","0","16","22","17.94","143.52","533.72","818.12","1313.27","2","2","1","122","0","59.7","0","0","0","0","","2","0","3","0.2","0","0.0","60","11.73","61","43.29","0","0.0","0","0.0","0","0.0","0","0.0","211.6","64","Healthy","","","2026-07-27","Yes","No","153.6","211.6","2026-07-25","125","1","1","0","188","unassigned","N","","",""
"2026-07-28","BAMBOO-TWIN-BLACK-6PCS","X00438ME05","B0CQ3319BK","DECOLURE 100% Viscose Derived from Bamboo Sheets Twin Size - Luxury 4 Pc Naturally Cooling Sheets, Ultra Soft Bed Set - Deep 17"" Pockets, Durable Double Stitching, Oeko Tex Standard (Black)","New","3","0","0","0","3","0","0","0","0","USD","0","4","8","13","","80.99","0.0","80.99","0.0","CreateShippingPlan","","0.0","0","0","0.0","1.27","0.202726","cubic feet","Standard","0.608178","US","gl_home","9357","15","0","3","3","80.99","0.0","245.21","491.92","816.87","0","0","0","0","0","0.18","0","0","0","0","","0","0","","","","","","","","","","","","","","","","","63.6","20","Low stock","31","2026-08-01","2026-07-27","Yes","No","18.7","63.6","2026-07-25","3","0","0","0","15","unassigned","N","","",""
"2026-07-28","SATIN-6PC-QUEEN-LAVENDER","X004BRRG3D","B0D9QSYPF2","DECOLURE Satin Bed Sheets - 6 Piece Luxury Silky Queen Size Bedding Set - Softer Than Silk, Wrinkle-Free with 15” Deep Pocket Fitted Sheet, Perfect for Hair & Skin, Gifts for Women (Lavender)","New","73","0","0","30","0","0","46","0","0","USD","2","23","43","54","","30.95","0.0","30.95","0.0","NoRestockExcessActionRequired","","0.0","0","0","497.18","0.53","0.33314","cubic feet","Standard","24.31922","US","gl_home","15592","272","75","17","24","30.95","61.9","729.65","1359.96","1735.41","0","6","24","46","0","149.04","30","0","30","0","","1","0","0","0.0","0","0.0","0","0.0","0","0.0","46","87.36","0","0.0","0","0.0","0","0.0","152.9","31","Excess","","","2026-07-27","Yes","No","96.5","152.9","2026-07-25","103","1","0","0","274","unassigned","N","","",""
"2026-07-28","SATIN-FITTED-QUEEN-WHITE","X004CBVEIB","B0DBW157CR","DECOLURE Satin Fitted Sheet Queen Size (1 PC) – Luxuriously Smooth & Softer Than Silk Bed Sheets w/ 15 Inch Deep Pocket Hypoallergenic Wrinkle Free, Secure Snug Fit, Elastic Corner Straps (White)","New","87","103","0","200","0","0","0","0","0","USD","53","80","80","82","","17.95","0.0","17.95","0.0","CreateShippingPlan","","0.0","0","0","0.0","1.36","0.15085","cubic feet","Standard","13.12395","US","gl_home","9976","42","0","6","20","17.95","959.34","1531.94","1531.94","1567.84","200","0","0","0","0","21.62","40","40","0","0","","32","0","","","","","","","","","","","","","","","","","39.9","154","Healthy","127","2026-08-04","2026-07-27","No","No","39.9","37.8","2026-07-25","230","30","2","0","62","unassigned","N","","",""
"2026-07-28","SS-SATIN-TAUPE-TWIN-3PCS","X004D7EWS3","B0DDR7SDNH","SLEEP SANCTUARY Satin Sheets Twin Size – 3 Piece Luxury Silky Bed Set, Softer Than Silk, 15"" Deep Pocket, Cooling & Wrinkle-Free, Moisture-Wicking & Breathable for Hair & Skin (Taupe)","New","32","0","0","0","1","0","0","31","0","USD","0","0","1","2","Low conversion","29.95","27.95","23.96","0.0","Lower price","","0.0","0","0","1137.4","0.05","0.128822","cubic feet","Standard","4.122304","US","gl_home","8682","366","32","","208","23.96","0.0","0.0","36.95","66.9","0","0","0","0","0","30.48","0","0","0","0","","4","0","1","0.06","0","0.0","0","0.0","0","0.0","0","0.0","0","0.0","31","27.58","0","0.0","","1","Excess","","","","","","","1096.7","2026-07-25","32","4","0","0","366","unassigned","N","","",""
"2026-07-28","SATIN-STRIPE-QUEEN-BLACK--6-PCS","X003UOC1NX","B0C7K5GC4L","DECOLURE Satin Bed Sheets - 6 Piece Luxury Silky Queen Size Bedding Set - Softer Than Silk, Wrinkle-Free with 15” Deep Pocket Fitted Sheet, Perfect for Hair & Skin, Gifts for Women (Striped Black)","New","42","25","0","75","0","0","0","0","0","USD","4","22","35","54","","31.95","0.0","31.94","0.0","NoRestockExcessActionRequired","","0.0","0","0","0.0","1.04","0.210031","cubic feet","Standard","8.821302","US","gl_home","15592","135","0","7","10","31.94","127.77","698.07","1107.02","1762.06","61","1","13","0","0","28.5","0","0","0","0","","7","0","","","","","","","","","","","","","","","","","77.4","34","Healthy","10","2026-08-04","2026-07-27","Yes","No","53.4","77.4","2026-07-25","67","7","0","0","154","unassigned","N","","",""
"2026-07-28","DC-BAMBOO-FITTED-KING-LIGHT-BLUE-1PC","X004W8DRI9","B0FX2RXZNM","DECOLURE 100% Viscose Derived from Bamboo Fitted Sheet | King Size Fitted Sheet Only | Ultra Soft Cooling Sheets for Hot Sleepers, 17"" Deep Pocket w/Corner Straps, Breathable, Oeko-Tex (Light Blue)","New","150","11","0","162","0","0","0","0","0","USD","7","23","23","23","","33.95","0.0","33.95","0.0","Edit listing","","","0","0","","0.16","0.22719","cubic feet","Standard","34.0785","US","gl_home","40126","156","0","26","84","33.95","237.65","742.85","742.85","742.85","1","0","161","0","0","","0","0","0","0","","0","0","","","","","","","","","","","","","","","","","242.1","66","Healthy","","","2026-07-27","Yes","No","232.9","242.1","2026-07-25","161","0","0","0","156","unassigned","N","","",""
"2026-07-28","SS-SATIN-ROSEWOOD-TWIN-3PCS","X004D7K7HD","B0DDR6TLDV","SLEEP SANCTUARY Satin Sheets Twin Size – 3 Piece Luxury Silky Bed Set, Softer Than Silk, 15"" Deep Pocket, Cooling & Wrinkle-Free, Moisture-Wicking & Breathable for Hair & Skin (Rosewood)","New","76","1","0","18","2","0","0","0","60","USD","3","11","14","21","","29.95","27.95","25.76","0.0","NoRestockExcessActionRequired","","0.0","0","0","4233.48","0.24","0.209105","cubic feet","Standard","15.89198","US","gl_home","8682","366","76","27","47","29.95","77.28","306.13","395.98","617.63","0","18","0","0","0","134.77","0","0","0","0","","2","0","0","0.0","0","0.0","0","0.0","0","0.0","0","0.0","0","0.0","0","0.0","60","99.1","379.0","16","Excess","","","2026-07-27","Yes","No","256.7","379.0","2026-07-25","77","1","1","0","366","unassigned","N","","",""
"2026-07-28","SATIN-STRIPE-TWIN-WHITE","X0030KKNXR","B09G6JK5ZL","DECOLURE Satin Bed Sheets - 3 Piece Luxury Silky Twin Size Bedding Set - Softer Than Silk, Wrinkle-Free with 15” Deep Pocket Fitted Sheet, Perfect for Hair & Skin, Gifts for Women (Striped White)","New","93","0","0","1","0","1","0","0","91","USD","0","1","2","6","","26.95","0.0","20.96","0.0","Edit listing","","0.0","0","0","4490.46","0.06","0.180565","cubic feet","Standard","16.792545","US","gl_home","4372","366","93","372","201","20.96","0.0","27.95","54.96","176.59","0","1","0","1","0","143.1","0","0","0","0","","0","0","0","0.0","0","0.0","1","0.27","0","0.0","0","0.0","0","0.0","0","0.0","91","129.83","2802.0","6","Excess","","","2026-07-27","Yes","No","2802.0","1420.0","2026-07-25","93","0","0","0","366","unassigned","N","","",""
"2026-07-28","SS-SATIN-CHAMPAGNE-TWIN-3PCS","X004D7HGPT","B0DDR96RQ3","SLEEP SANCTUARY Satin Sheets Twin Size – 3 Piece Luxury Silky Bed Set, Softer Than Silk, 15"" Deep Pocket, Cooling & Wrinkle-Free, Moisture-Wicking & Breathable for Hair & Skin (Champagne)","New","57","0","0","0","30","0","0","27","0","USD","0","0","1","1","","36.95","0.0","23.96","0.0","Edit listing","","24.35","52","0","1989.54","0.02","0.128822","cubic feet","Standard","7.342854","US","gl_home","8682","366","57","","741","36.95","0.0","0.0","20.37","20.37","0","0","0","0","0","29.56","0","0","0","0","","0","0","6","0.38","0","0.0","0","0.0","0","0.0","0","0.0","0","0.0","27","24.0","0","0.0","5371.0","4","Excess","","","2026-07-27","Yes","No","1771.0","5371.0","2026-07-25","57","0","0","0","366","unassigned","N","","",""
"2026-07-28","SL-COOLING-SHEET-QUEEN-GRAPHITE","X004OCWPDL","B0F7LY3K8C","SLEEPHORIA Cooling Sheets - BreezeWeave 4 PC Queen Size Cooling Bed Sheets for Hot Sleepers & Deep, Cool Rest - Cloud Soft, Silky Smooth, 16 in Deep Pocket, Ultra Durable (Graphite)","New","356","334","0","693","0","0","0","0","0","USD","1","9","10","126","","64.99","0.0","64.99","0.0","NoRestockExcessActionRequired","","0.0","0","0","0.0","0.63","0.297954","cubic feet","Standard","106.071624","US","gl_home","82219","366","0","158","36","64.99","64.99","584.91","649.9","8188.74","693","0","0","0","0","140.63","0","0","0","0","","2","0","","","","","","","","","","","","","","","","","746.3","105","Healthy","","","2026-07-27","Yes","No","746.3","63.4","2026-07-25","690","1","1","0","366","unassigned","N","","",""
"2026-07-28","HANGING-CLOSET-WHITE","X00499948X","B0D5C1BB94","DECOLURE 5-Tier Adjustable Hanging Closet Organizer – Maximize Hanging Storage w/ 4 Hanging Hooks, 8 S Hooks & 5 Name Plates - Sturdy Foldable Wire Storage Hanging Shelves for Clothes, Towels (White)","New","303","3","0","7","4","8","37","17","239","USD","0","39","87","109","Low traffic","41.95","0.0","29.99","0.0","NoRestockExcessActionRequired","","0.0","0","0","4687.92","0.29","0.521643","cubic feet","Standard","158.057829","US","gl_furniture","659301","366","220","31","36","29.99","0.0","1195.55","2486.73","3428.63","3","1","3","37","8","1258.83","0","0","0","0","","5","0","0","0.0","0","0.0","6","4.69","4","11.37","13","38.65","17","52.32","8","28.79","253","1042.57","298.0","48","Excess","","","2026-07-27","Yes","No","149.3","298.0","2026-07-25","306","4","1","0","366","unassigned","N","","",""
"2026-07-28","SL-COOLING-SHEET-CAL-KING-WHITE","X004OD4MVD","B0F7LX6LFL","SLEEPHORIA Cooling Sheets - BreezeWeave 4 PC California King Size Cooling Bed Sheets for Hot Sleepers & Deep, Cool Rest - Cloud Soft, Silky Smooth, 16 in Deep Pocket, Ultra Durable (White)","New","119","36","0","159","0","0","0","0","0","USD","4","10","10","25","","69.99","0.0","69.99","0.0","NoRestockExcessActionRequired","","0.0","0","0","5283.3","0.6","0.340703","cubic feet","Standard","40.543657","US","gl_home","82219","366","0","47","61","69.98","279.96","699.9","699.9","1758.75","159","0","0","0","0","36.51","0","0","0","0","","1","0","","","","","","","","","","","","","","","","","258.6","14","Healthy","","","2026-07-27","Yes","No","258.6","73.3","2026-07-25","155","0","1","0","366","unassigned","N","","",""
"2026-07-28","SATIN-TWIN-PURPLE-6PCS","X003UM8ZET","B0C7FXRDSZ","DECOLURE Satin Bed Sheets - 4 Piece Luxury Silky Twin Size Bedding Set - Softer Than Silk, Wrinkle-Free with 15” Deep Pocket Fitted Sheet, Perfect for Hair & Skin, Gifts for Women (Purple)","New","79","0","0","74","0","6","0","0","0","USD","4","7","11","14","","27.95","0.0","25.16","0.0","Edit listing","","0.0","0","0","2943.85","0.2","0.18364","cubic feet","Standard","14.50756","US","gl_home","15592","366","79","45","73","25.16","100.64","184.49","304.29","388.14","1","24","49","6","0","14.21","0","0","0","0","","0","0","0","0.0","6","1.1","0","0.0","0","0.0","0","0.0","0","0.0","0","0.0","0","0.0","362.3","13","Excess","","","2026-07-27","Yes","No","362.3","361.9","2026-07-25","79","0","0","0","366","unassigned","N","","",""
"2026-07-28","SL-COOLING-FITTED-KING-SAGE-GREEN","X004ODA29T","B0F7M6Q25P","SLEEPHORIA Cooling Fitted Sheet King Size - 1 PC BreezeWeave Cooling Sheets for Hot Sleepers & Cool Rest w/ 16 in Deep Pocket - Corner Straps, Cloud Soft, Ultra Durable - 73 x 77 in (Sage Green)","New","42","48","0","94","0","0","0","0","0","USD","14","29","31","70","","36.99","0.0","34.99","0.0","GoToRestock","","0.0","0","0","0.0","1.91","0.162084","cubic feet","Standard","6.807528","US","gl_home","26032","53","0","5","7","34.99","489.86","1030.71","1106.69","2395.3","94","0","0","0","0","21.79","0","0","0","0","","1","0","","","","","","","","","","","","","","","","","48.1","44","Healthy","","","2026-07-27","Yes","No","48.1","26.7","2026-07-25","90","1","0","0","54","unassigned","N","","",""
"2026-07-28","SS-SATIN-RED-TWIN-3PCS","X004D7LXET","B0DDQTZWY6","SLEEP SANCTUARY Satin Sheets Twin Size – 3 Piece Luxury Silky Bed Set, Softer Than Silk, 15"" Deep Pocket, Cooling & Wrinkle-Free, Moisture-Wicking & Breathable for Hair & Skin (Red)","New","53","1","0","0","0","30","27","0","0","USD","3","4","6","10","","37.95","0.0","23.96","0.0","NoRestockExcessActionRequired","","29.95","9","0","2035.3","0.16","0.155995","cubic feet","Standard","8.267735","US","gl_home","8682","366","50","53","68","37.95","71.88","101.83","141.97","261.77","0","0","0","57","0","32.0","0","0","0","0","","3","0","0","0.0","30","4.68","0","0.0","0","0.0","27","24.03","0","0.0","0","0.0","0","0.0","512.5","11","Excess","","","2026-07-27","Yes","No","299.7","512.5","2026-07-25","54","3","0","0","366","unassigned","N","","",""
"2026-07-28","BAMBOO-FULL-MIDGREY-6PCS","X00438UP1F","B0CQ318RHN","DECOLURE 100% Viscose Derived from Bamboo Sheets Full Size - Luxury 6 Pc Naturally Cooling Sheets, Ultra Soft Bed Set - Deep 17"" Pockets, Durable Double Stitching, Oeko Tex Standard (Midgrey)","New","63","2","0","62","1","7","0","0","0","USD","1","13","33","45","","74.99","0.0","74.98","0.0","NoRestockExcessActionRequired","","0.0","0","0","0.43","0.69","0.258156","cubic feet","Standard","16.263828","US","gl_home","9357","151","0","19","18","74.98","59.99","922.3","2497.06","3366.94","55","7","0","7","0","89.99","0","0","0","0","","4","0","1","0.13","2","0.52","1","0.39","4","5.63","0","0.0","0","0.0","0","0.0","0","0.0","100.5","38","Healthy","5","2026-08-04","2026-07-27","Yes","No","100.5","83.7","2026-07-25","65","2","2","0","164","unassigned","N","","",""
"2026-07-28","BAMBOO-KING-LIGHTGREY-6PCS","X00438TZKH","B0CQ33H4QW","DECOLURE 100% Viscose Derived from Bamboo Sheets King Size - Luxury 6 Pc Naturally Cooling Sheets, Ultra Soft Bed Set - Deep 17"" Pockets, Durable Double Stitching, Oeko Tex Standard (Light Grey)","New","462","340","0","718","101","0","0","0","0","USD","50","156","338","536","","89.99","0.0","75.99","0.0","CreateShippingPlan","","0.0","0","0","0.0","0.82","0.35971","cubic feet","Standard","166.18602","US","gl_home","9357","254","0","11","11","75.99","3799.5","12200.04","26839.82","42574.84","528","16","174","0","0","276.07","0","0","0","0","","10","0","14","2.52","0","0.0","0","0.0","0","0.0","0","0.0","0","0.0","0","0.0","0","0.0","94.0","97","Healthy","","","2026-07-27","No","No","86.6","94.0","2026-07-25","802","7","3","0","258","unassigned","N","","",""
"2026-07-28","SATIN-3PC-TWIN-LAVENDER","X0042WN55Z","B0CQRX8Q2P","DECOLURE Satin Bed Sheets - 3 Piece Luxury Silky Twin Size Bedding Set - Softer Than Silk, Wrinkle-Free with 15” Deep Pocket Fitted Sheet, Perfect for Hair & Skin, Gifts for Women (Lavender)","New","32","23","0","58","0","0","0","0","0","USD","1","9","15","19","","27.95","0.0","27.94","0.0","NoRestockExcessActionRequired","","0.0","0","0","1292.1","0.55","0.147065","cubic feet","Standard","4.70608","US","gl_home","4372","165","0","14","21","27.94","27.94","248.72","415.01","543.47","48","10","0","0","0","5.79","0","0","0","0","","1","0","","","","","","","","","","","","","","","","","89.5","32","Healthy","","","2026-07-27","Yes","No","89.5","86.0","2026-07-25","55","1","0","0","169","unassigned","N","","",""
"2026-07-28","SATIN-6PC-FULL-BABY BLUE","X004BS2KSN","B0D9QQWYP4","DECOLURE Satin Bed Sheets - 6 Piece Luxury Silky Full Size Bedding Set - Softer Than Silk, Wrinkle-Free with 15” Deep Pocket Fitted Sheet, Perfect for Hair & Skin, Gifts for Women (Baby Blue)","New","23","6","0","23","0","0","0","0","0","USD","0","1","18","26","","29.95","0.0","29.94","0.0","NoRestockExcessActionRequired","","0.0","0","0","975.7","1.55","0.309511","cubic feet","Standard","7.118753","US","gl_home","15592","177","0","92","11","29.94","0.0","29.95","539.1","783.24","23","0","0","0","0","15.33","0","0","0","0","","0","0","","","","","","","","","","","","","","","","","315.0","10","Healthy","","","2026-07-27","Yes","No","315.0","50.7","2026-07-25","29","0","0","0","177","unassigned","N","","",""
"2026-07-28","SATIN-FITTED-TWIN-RED","X004CBTU5P","B0DBW1FRHC","DECOLURE Satin Fitted Sheet Twin Size (1 PC) – Luxuriously Smooth & Softer Than Silk Bed Sheets w/ 15 Inch Deep Pocket Hypoallergenic Wrinkle Free, Secure Snug Fit, Elastic Corner Straps (Red)","New","132","3","0","0","104","31","0","0","0","USD","7","22","30","47","","16.95","0.0","16.94","0.0","NoRestockExcessActionRequired","","0.0","0","0","0.0","0.28","0.126222","cubic feet","Standard","16.661304","US","gl_home","9976","246","0","24","36","16.94","118.58","371.13","501.03","801.18","0","0","0","31","0","16.25","0","0","0","0","","1","3","2","0.13","1","0.13","30","5.68","0","0.0","0","0.0","0","0.0","0","0.0","0","0.0","311.6","38","Healthy","","","2026-07-27","Yes","No","222.4","311.6","2026-07-25","135","1","0","0","248","unassigned","N","","",""
"2026-07-28","SATIN-6PC-KING-BABY BLUE","X004BS2KOR","B0D9QSZR2C","DECOLURE Satin Bed Sheets - 6 Piece Luxury Silky King Size Bedding Set - Softer Than Silk, Wrinkle-Free with 15” Deep Pocket Fitted Sheet, Perfect for Hair & Skin, Gifts for Women (Baby Blue)","New","9","7","0","17","0","0","0","0","0","USD","10","35","42","58","","33.95","0.0","33.94","0.0","CreateShippingPlan","","0.0","0","0","0.0","4.71","0.276311","cubic feet","Standard","2.486799","US","gl_home","15592","23","0","1","2","33.94","339.45","1181.4","1415.65","1980.85","17","0","0","0","0","2.23","0","0","0","0","","0","0","","","","","","","","","","","","","","","","","12.3","31","Low stock","47","2026-08-03","2026-07-27","Yes","No","10.7","12.3","2026-07-25","16","0","0","0","23","unassigned","N","","",""
"2026-07-28","BM-FULL-CREAM","X003VHOFND","B0C9LR45L9","DECOLURE Cooling Sheets Full Set 4pcs - Luxurious & Ultra-Soft Full Size Cooling Sheets for Hot Sleepers - Comfortable Bamboo Viscose Microfiber Full Cooling Bed Sheets w/Deep Pockets (Cream)","New","65","0","0","0","0","8","56","2","0","USD","1","3","4","7","","35.95","0.0","35.94","0.0","Edit listing","","0.0","0","0","4094.19","0.1","0.207486","cubic feet","Standard","13.48659","US","gl_home","71718","366","65","86","120","35.94","35.94","107.84","143.79","259.64","0","0","0","58","6","88.0","0","0","0","0","","2","0","0","0.0","0","0.0","0","0.0","9","10.18","33","39.02","17","20.81","7","10.01","0","0.0","907.3","7","Excess","","","2026-07-27","Yes","No","683.3","907.3","2026-07-25","65","2","0","0","366","unassigned","N","","",""
"2026-07-28","SATIN-TWIN-BLACK-NEW","X002J0LUCH","B0839L7PJL","DECOLURE Satin Bed Sheets - 3 Piece Luxury Silky Twin Size Bedding Set - Softer Than Silk, Wrinkle-Free with 15” Deep Pocket Fitted Sheet, Perfect for Hair & Skin, Gifts for Women (Black)","New","121","61","0","176","19","0","0","0","0","USD","26","73","114","143","","27.95","0.0","25.95","0.0","NoRestockExcessActionRequired","","0.0","0","0","0.0","0.85","0.148267","cubic feet","Standard","17.940307","US","gl_home","4372","98","0","6","11","25.95","676.7","1975.3","3111.89","3967.36","152","24","0","0","0","18.26","0","0","0","0","","8","0","","","","","","","","","","","","","","","","","98.1","98","Healthy","43","2026-08-04","2026-07-27","Yes","No","69.2","98.1","2026-07-25","182","5","3","0","103","unassigned","N","","",""
"2026-07-28","SS-BAMBOO-OLIVE-QUEEN-6PCS","X004D8TOO9","B0DDTYXN15","SLEEP SANCTUARY 100% Viscose Derived from Bamboo Sheets Queen Size 6pcs – BamBliss Luxury Cooling Sheets for Hot Sleepers - Cloud Soft, 17"" Deep Pocket, Ultra Durable Bed Set (Olive)","New","265","0","0","1","4","2","258","0","0","USD","4","13","25","37","","64.99","0.0","64.99","0.0","Edit listing","","0.0","0","0","11762.61","0.13","0.341354","cubic feet","Standard","90.45881","US","gl_home","86667","366","227","81","93","64.99","254.96","832.27","1591.95","2378.83","1","0","0","260","0","555.39","0","0","0","0","","0","0","1","0.17","1","0.34","0","0.0","66","122.78","192","373.56","0","0.0","0","0.0","0","0.0","691.9","19","Excess","","","2026-07-27","Yes","No","627.7","691.9","2026-07-25","265","0","0","0","366","unassigned","N","","",""
"2026-07-28","LINEN-CURTAIN-52x96-NATURAL-2-PCS","X004NSU80N","B0F6366Z7N","DECOLURE Linen Blackout Curtains - SunShield 96 Inches Long Black Out Curtains for Living Room and Bedroom Windows - Luxury Faux Linen, 2 Panels Set, Ultra Durable - 96 Length x 52 in (Natural)","New","74","0","0","1","5","0","70","0","0","USD","3","7","7","7","Low traffic","32.99","0.0","32.99","0.0","Advertise listing","","28.24","52","0","6094.11","0.09","0.298743","cubic feet","Standard","22.106982","US","gl_home","456744","366","74","42","137","32.99","98.97","230.93","230.93","230.93","0","0","1","0","70","142.88","0","0","0","0","","0","0","5","0.75","0","0.0","0","0.0","0","0.0","0","0.0","45","79.3","25","51.54","0","0.0","2460.7","10","Excess","","","2026-07-27","Yes","No","812.7","2460.7","2026-07-25","74","0","0","0","366","unassigned","N","","",""
"2026-07-28","SATIN-FITTED-TWIN-DARK-GREEN","X004CBS3SZ","B0DBW1NXMC","DECOLURE Satin Fitted Sheet Twin Size (1 PC) – Luxuriously Smooth & Softer Than Silk Bed Sheets w/ 15 Inch Deep Pocket Hypoallergenic Wrinkle Free, Secure Snug Fit, Elastic Corner Straps (Dark Green)","New","205","0","0","233","0","0","0","0","0","USD","2","13","26","45","","16.95","0.0","16.94","0.0","Edit listing","","0.0","0","0","4102.58","0.42","0.197778","cubic feet","Standard","40.54449","US","gl_home","9976","366","0","63","59","16.94","33.88","166.51","334.06","546.83","106","127","0","0","0","45.06","0","0","0","0","","0","0","","","","","","","","","","","","","","","","","370.4","9","Healthy","","","2026-07-27","Yes","No","370.4","178.5","2026-07-25","205","0","0","0","366","unassigned","N","","",""
"2026-07-28","SATIN-FITTED-FULL-WHITE","X004CC2VXH","B0DBW27P8P","DECOLURE Satin Fitted Sheet Full Size (1 PC) – Luxuriously Smooth & Softer Than Silk Bed Sheets w/ 15 Inch Deep Pocket Hypoallergenic Wrinkle Free, Secure Snug Fit, Elastic Corner Straps (White)","New","49","23","0","79","0","0","0","0","0","USD","13","19","19","19","","17.95","0.0","17.95","0.0","CreateShippingPlan","","0.0","0","0","0.0","0.98","0.152982","cubic feet","Standard","7.496118","US","gl_home","9976","51","0","10","33","17.95","233.34","355.04","355.04","355.04","79","0","0","0","0","12.36","0","0","0","0","","2","0","","","","","","","","","","","","","","","","","57.0","108","Low stock","121","2026-08-04","2026-07-27","Yes","No","57.0","49.0","2026-07-25","72","0","2","0","53","unassigned","N","","",""
"2026-07-28","LINEN-CURTAIN-52x72-IVORY-2-PCS","X004NSX6R5","B0F63C8CD8","DECOLURE Linen Blackout Curtains - SunShield 72 Inches Long Black Out Curtains for Living Room and Bedroom Windows - Luxury Faux Linen, 2 Panels Set, Ultra Durable - 72 Length x 52 in (Ivory)","New","45","0","0","0","0","0","45","0","0","USD","0","0","0","0","Low traffic","28.99","0.0","28.99","0.0","Create removal order","","0.0","0","0","2518.01","0.0","0.199952","cubic feet","Standard","8.99784","US","gl_home","456744","366","45","","","28.99","0.0","0.0","0.0","0.0","0","0","0","0","45","65.13","0","0","0","0","45","0","0","0","0.0","0","0.0","0","0.0","0","0.0","0","0.0","16","18.88","29","40.02","0","0.0","","3","Excess","","","","","","","","2026-07-25","45","0","0","0","366","unassigned","N","","",""
"2026-07-28","SS-BAMBOO-PURPLE-KING-6PCS","X004D8Q2IF","B0DDV1G96X","SLEEP SANCTUARY 100% Viscose Derived from Bamboo Sheets King Size 6pcs – BamBliss Luxury Cooling Sheets for Hot Sleepers - Cloud Soft, 17"" Deep Pocket, Ultra Durable Bed Set (Purple)","New","3","0","0","0","3","0","0","0","0","USD","3","17","31","44","","69.99","0.0","69.99","0.0","CreateShippingPlan","","0.0","0","0","0.0","1.7","0.362228","cubic feet","Standard","1.086684","US","gl_home","86667","6","0","0","0","69.99","209.97","1189.83","2174.14","3084.01","0","0","0","0","0","0.2","0","0","0","0","","0","0","3","0.54","0","0.0","0","0.0","0","0.0","0","0.0","0","0.0","0","0.0","0","0.0","51.7","17","Low stock","29","2026-08-01","2026-07-27","Yes","No","17.3","51.7","2026-07-25","3","0","0","0","6","unassigned","N","","",""
"2026-07-28","SS-SATIN-PINK-QUEEN-4PCS","X004D7A0TD","B0DDRBTG9J","SLEEP SANCTUARY Satin Sheets Queen Size – 4 Piece Luxury Silky Bed Set, Softer Than Silk, 15"" Deep Pocket, Cooling & Wrinkle-Free, Moisture-Wicking & Breathable for Hair & Skin (Pink)","New","193","0","0","0","173","8","14","0","0","USD","9","28","39","67","","39.95","0.0","27.56","0.0","NoRestockExcessActionRequired","","0.0","0","0","159.25","0.29","0.305059","cubic feet","Standard","58.876387","US","gl_home","8682","230","135","27","37","39.95","259.44","986.56","1426.01","2546.61","0","0","0","22","0","57.76","0","0","0","0","","4","0","43","6.58","0","0.0","1","0.46","1","1.66","14","24.34","0","0.0","0","0.0","0","0.0","310.1","72","Excess","","","2026-07-27","Yes","No","237.6","310.1","2026-07-25","193","3","1","0","235","unassigned","N","","",""
"2026-07-28","SATIN-FULL-GREY-6PCS","X003UMGG3V","B0C7FJFVZY","DECOLURE Satin Bed Sheets - 6 Piece Luxury Silky Full Size Bedding Set - Softer Than Silk, Wrinkle-Free with 15” Deep Pocket Fitted Sheet, Perfect for Hair & Skin, Gifts for Women (Grey)","New","44","0","0","31","0","1","13","0","0","USD","1","5","8","9","","31.95","0.0","26.96","0.0","NoRestockExcessActionRequired","","0.0","0","0","2114.97","0.22","0.199764","cubic feet","Standard","8.789616","US","gl_home","15592","366","42","35","63","26.96","26.96","142.27","218.61","245.77","1","6","24","14","0","37.03","0","0","0","0","","0","0","1","0.1","0","0.0","0","0.0","0","0.0","13","14.81","0","0.0","0","0.0","0","0.0","282.7","6","Excess","","","2026-07-27","Yes","No","205.0","282.7","2026-07-25","44","0","0","0","366","unassigned","N","","",""
"2026-07-28","SS-SATIN-DARK-GREEN-FULL-4PCS","X004D7EX05","B0DDRD3S48","SLEEP SANCTUARY Satin Sheets Full Size – 4 Piece Luxury Silky Bed Set, Softer Than Silk, 15"" Deep Pocket, Cooling & Wrinkle-Free, Moisture-Wicking & Breathable for Hair & Skin (Dark Green)","New","77","0","0","1","1","0","0","77","0","USD","3","6","14","20","","31.95","29.95","25.76","0.0","NoRestockExcessActionRequired","","0.0","0","0","4303.82","0.25","0.263628","cubic feet","Standard","20.299356","US","gl_home","8682","366","72","51","50","31.95","77.28","169.94","435.15","626.85","1","0","0","0","0","151.06","0","0","0","0","","0","0","1","0.13","0","0.0","0","0.0","0","0.0","0","0.0","0","0.0","77","140.09","0","0.0","413.8","15","Excess","","","2026-07-27","Yes","No","413.8","365.5","2026-07-25","77","0","0","0","366","unassigned","N","","",""
"2026-07-28","SATIN-WHITE-TWIN-6PCS","X003UM8Z8Z","B0C7FBCF2X","DECOLURE Satin Bed Sheets - 4 Piece Luxury Silky Twin Size Bedding Set - Softer Than Silk, Wrinkle-Free with 15” Deep Pocket Fitted Sheet, Perfect for Hair & Skin, Gifts for Women (White)","New","60","0","0","0","33","0","1","0","28","USD","0","10","11","13","","26.95","0.0","25.16","0.0","Edit listing","","0.0","0","0","2522.75","0.18","0.160065","cubic feet","Standard","9.6039","US","gl_home","15592","366","60","24","60","25.16","0.0","269.12","304.07","359.97","0","0","0","0","1","43.2","0","0","0","0","","0","0","32","2.56","0","0.0","0","0.0","0","0.0","0","0.0","0","0.0","1","1.1","28","35.4","489.5","8","Excess","","","2026-07-27","Yes","No","195.0","489.5","2026-07-25","60","0","0","0","366","unassigned","N","","",""
"2026-07-28","SS-SATIN-PURPLE-TWIN-3PCS","X004D79ZSZ","B0DDRFSGVJ","SLEEP SANCTUARY Satin Sheets Twin Size – 3 Piece Luxury Silky Bed Set, Softer Than Silk, 15"" Deep Pocket, Cooling & Wrinkle-Free, Moisture-Wicking & Breathable for Hair & Skin (Purple)","New","51","0","0","0","49","0","4","0","0","USD","2","5","6","9","","29.95","27.95","23.96","0.0","Edit listing","","0.0","0","0","1545.68","0.14","0.128822","cubic feet","Standard","6.569922","US","gl_home","8682","366","50","40","73","29.95","47.92","131.79","168.74","258.59","0","0","0","2","2","7.78","0","0","0","0","","0","0","49","3.16","0","0.0","0","0.0","0","0.0","0","0.0","4","3.04","0","0.0","0","0.0","660.3","9","Excess","","","2026-07-27","Yes","No","424.0","660.3","2026-07-25","51","0","0","0","366","unassigned","N","","",""
"2026-07-28","SS-SATIN-IVORY-QUEEN-4PCS","X004D7K7KP","B0DDRHN5JH","SLEEP SANCTUARY Satin Sheets Queen Size – 4 Piece Luxury Silky Bed Set, Softer Than Silk, 15"" Deep Pocket, Cooling & Wrinkle-Free, Moisture-Wicking & Breathable for Hair & Skin (Ivory)","New","59","7","0","2","32","29","5","0","0","USD","11","28","47","75","","33.95","31.95","27.56","0.0","NoRestockExcessActionRequired","","0.0","0","0","0.0","0.72","0.280755","cubic feet","Standard","16.564545","US","gl_home","8682","76","0","8","10","33.95","312.16","868.96","1521.85","2472.45","1","1","0","34","0","25.31","0","0","0","0","","1","0","13","1.82","3","0.84","14","5.89","11","16.83","0","0.0","0","0.0","0","0.0","0","0.0","128.1","60","Healthy","51","2026-08-04","2026-07-27","Yes","No","91.5","128.1","2026-07-25","66","0","1","0","77","unassigned","N","","",""
"2026-07-28","SATIN-TAUPE-TWIN-6PCS","X003UMGFOB","B0C7FD12CQ","DECOLURE Satin Bed Sheets - 4 Piece Luxury Silky Twin Size Bedding Set - Softer Than Silk, Wrinkle-Free with 15” Deep Pocket Fitted Sheet, Perfect for Hair & Skin, Gifts for Women (Taupe)","New","40","1","0","1","0","0","41","0","0","USD","0","1","1","1","","30.95","0.0","25.16","0.0","Edit listing","","0.0","0","0","2159.5","0.02","0.199442","cubic feet","Standard","7.97768","US","gl_home","15592","366","41","160","520","25.16","0.0","27.95","27.95","27.95","1","0","0","41","0","53.94","0","0","0","0","","1","0","0","0.0","0","0.0","0","0.0","0","0.0","0","0.0","41","48.25","0","0.0","0","0.0","3845.0","1","Excess","","","2026-07-27","Yes","No","1265.0","3845.0","2026-07-25","41","1","0","0","366","unassigned","N","","",""
"2026-07-28","BAMBOO-QUEEN-NAVYBLUE-6PCS","X00438YPMZ","B0CQ32N392","DECOLURE 100% Viscose Derived from Bamboo Sheets Queen Size - Luxury 6 Pc Naturally Cooling Sheets, Ultra Soft Bed Set - Deep 17"" Pockets, Durable Double Stitching, Oeko Tex Standard (Navy Blue)","New","41","133","0","187","0","0","0","0","0","USD","23","60","62","95","","84.99","0.0","76.49","0.0","CreateShippingPlan","","0.0","0","0","0.0","1.29","0.326116","cubic feet","Standard","13.370756","US","gl_home","9357","97","0","5","10","76.49","1756.27","4815.4","4985.38","7750.05","187","0","0","0","0","32.82","36","36","0","0","","6","0","","","","","","","","","","","","","","","","","57.3","133","Healthy","40","2026-08-04","2026-07-27","No","No","57.3","37.5","2026-07-25","210","5","1","0","118","unassigned","N","","",""
"2026-07-28","SATIN-KING-GREY-6PCS","X003UMGFXR","B0C7FNQH3B","DECOLURE Satin Bed Sheets - 6 Piece Luxury Silky King Size Bedding Set - Softer Than Silk, Wrinkle-Free with 15” Deep Pocket Fitted Sheet, Perfect for Hair & Skin, Gifts for Women (Grey)","New","29","49","0","82","0","0","0","0","0","USD","6","30","43","58","","33.95","0.0","31.95","0.0","CreateShippingPlan","","0.0","0","0","0.0","1.93","0.360486","cubic feet","Standard","10.454094","US","gl_home","15592","110","0","3","6","31.95","199.67","1015.68","1457.03","1992.5","82","0","0","0","0","18.72","0","0","0","0","","1","0","","","","","","","","","","","","","","","","","39.3","42","Healthy","20","2026-08-04","2026-07-27","Yes","No","39.3","32.1","2026-07-25","78","1","0","0","112","unassigned","N","","",""
"2026-07-28","BAMBOO-TWIN-NAVYBLUE-6PCS","X004387KRR","B0CQ31N5Q5","DECOLURE 100% Viscose Derived from Bamboo Sheets Twin Size - Luxury 4 Pc Naturally Cooling Sheets, Ultra Soft Bed Set - Deep 17"" Pockets, Durable Double Stitching, Oeko Tex Standard (Navy Blue)","New","19","7","0","0","1","28","0","0","0","USD","3","12","29","37","","64.99","0.0","64.98","0.0","NoRestockExcessActionRequired","","0.0","0","0","0.0","0.68","0.216146","cubic feet","Standard","4.106774","US","gl_home","9357","137","0","14","15","64.98","189.96","774.86","1935.39","2445.31","0","0","0","28","0","5.44","24","0","24","0","","1","0","29","3.15","0","0.0","0","0.0","0","0.0","0","0.0","0","0.0","0","0.0","0","0.0","110.7","24","Healthy","","","2026-07-27","Yes","No","61.8","110.7","2026-07-25","50","0","1","0","140","unassigned","N","","",""
"2026-07-28","SATIN-4PC-FULL-BURNT ORANGE","X0042X0525","B0CQSJZV7C","DECOLURE Satin Bed Sheets - 4 Piece Luxury Silky Full Size Bedding Set - Softer Than Silk, Wrinkle-Free with 15” Deep Pocket Fitted Sheet, Perfect for Hair & Skin, Gifts for Women (Burnt Orange)","New","22","6","0","19","10","0","0","0","0","USD","1","5","7","9","","29.95","0.0","26.96","0.0","NoRestockExcessActionRequired","","0.0","0","0","314.55","0.39","0.212621","cubic feet","Standard","4.677662","US","gl_home","4372","230","21","17","31","26.96","26.96","151.52","209.92","269.82","18","1","0","0","0","4.02","0","0","0","0","","0","0","","","","","","","","","","","","","","","","","110.9","8","Excess","","","2026-07-27","Yes","No","86.4","110.9","2026-07-25","28","0","0","0","230","unassigned","N","","",""
"2026-07-28","SS-SATIN-BABY-BLUE-KING-4PCS","X004D7HDQ1","B0DDR6MK7V","SLEEP SANCTUARY Satin Sheets King Size – 4 Piece Luxury Silky Bed Set, Softer Than Silk, 15"" Deep Pocket, Cooling & Wrinkle-Free, Moisture-Wicking & Breathable for Hair & Skin (Baby Blue)","New","387","25","0","410","1","0","3","0","0","USD","21","64","99","137","","35.95","33.95","29.36","0.0","NoRestockExcessActionRequired","","0.0","0","0","1152.46","0.45","0.305456","cubic feet","Standard","118.211472","US","gl_home","8682","316","370","24","37","33.95","628.56","2099.8","3286.15","4668.25","79","187","144","3","0","283.44","12","0","0","12","","4","0","1","0.15","0","0.0","0","0.0","3","4.99","0","0.0","0","0.0","0","0.0","0","0.0","205.0","97","Excess","","","2026-07-27","Yes","No","180.9","205.0","2026-07-25","424","4","0","0","319","unassigned","N","","",""
"2026-07-28","SL-COOLING-FITTED-FULL-LIGHT-GREY","X004OCXY2H","B0F7M4XKZ3","SLEEPHORIA Cooling Fitted Sheet Full Size - 1 PC BreezeWeave Cooling Sheets for Hot Sleepers & Cool Rest w/ 16 in Deep Pocket - Corner Straps, Cloud Soft, Ultra Durable - 52 x 72 in (Light Grey)","New","11","38","0","53","0","0","0","0","0","USD","7","25","44","60","","31.99","0.0","29.99","0.0","Create Outlet deal","","16.49","2","0","211.42","1.45","0.176519","cubic feet","Standard","1.941709","US","gl_home","26032","58","0","1","2","31.99","205.93","709.75","1271.56","1734.4","53","0","0","0","0","58.04","0","0","0","0","","2","0","","","","","","","","","","","","","","","","","50.3","27","Healthy","","","2026-07-27","Yes","No","30.0","50.3","2026-07-25","49","1","1","0","62","unassigned","N","","",""
"2026-07-28","BAMBOO-TWIN-SAGE GREEN-6PCS","X00438OI59","B0CQ2YZ364","DECOLURE 100% Viscose Derived from Bamboo Sheets Twin Size - Luxury 4 Pc Naturally Cooling Sheets, Ultra Soft Bed Set - Deep 17"" Pockets, Durable Double Stitching, Oeko Tex Standard (Sage Green)","New","95","0","0","18","8","71","0","0","0","USD","5","13","22","49","","64.99","0.0","64.98","38.0","NoRestockExcessActionRequired","","0.0","0","0","0.0","0.43","0.186439","cubic feet","Standard","17.711705","US","gl_home","9357","206","0","29","25","64.98","324.9","812.23","1339.54","2948.06","0","18","0","71","0","20.63","0","0","0","0","","1","0","62","5.78","11","2.06","0","0.0","0","0.0","0","0.0","0","0.0","0","0.0","0","0.0","238.8","33","Healthy","","","2026-07-27","Yes","No","238.8","208.9","2026-07-25","95","0","1","0","209","unassigned","N","","",""
"2026-07-28","SS-SLEEP-MASK-3D-CONTOURED-MISTY-BLUE","X004NF41LD","B0F4XP8CYP","SLEEP SANCTUARY 100% Pure Mulberry Silk Sleep Mask - 22 Momme Light Blocking 3D Contour Silk Eye Mask for Sleeping - Secure Fit for Side Sleepers, Women & Men - Cloud Soft (Misty Blue)","New","213","0","0","3","7","1","4","200","0","USD","2","3","4","6","Low traffic","17.99","0.0","17.99","0.0","Create Outlet deal","","13.47","2","0","2324.83","0.02","0.048757","cubic feet","Standard","10.385241","US","gl_drugstore","326613","366","191","284","461","17.99","35.98","53.97","71.96","116.9","1","0","2","3","2","75.07","0","0","0","0","","2","0","2","0.05","1","0.05","0","0.0","0","0.0","2","0.56","2","0.58","200","67.31","0","0.0","3279.2","11","Excess","","","2026-07-27","Yes","No","3253.5","3279.2","2026-07-25","213","2","0","0","366","unassigned","N","","",""
"2026-07-28","SATIN-3PC-TWIN-BABY BLUE","X0042WR3BH","B0CQRXM35T","DECOLURE Satin Bed Sheets - 3 Piece Luxury Silky Twin Size Bedding Set - Softer Than Silk, Wrinkle-Free with 15” Deep Pocket Fitted Sheet, Perfect for Hair & Skin, Gifts for Women (Baby Blue)","New","22","1","0","24","0","0","0","0","0","USD","2","13","22","32","","27.95","0.0","27.95","0.0","CreateShippingPlan","","0.0","0","0","0.0","1.45","0.200646","cubic feet","Standard","4.414212","US","gl_home","4372","58","0","6","8","27.95","55.9","363.35","612.1","904.57","19","5","0","0","0","4.43","0","0","0","0","","2","0","","","","","","","","","","","","","","","","","58.4","34","Low stock","34","2026-08-04","2026-07-27","Yes","No","58.4","53.8","2026-07-25","23","2","0","0","64","unassigned","N","","",""
"2026-07-28","SL-CLG-COMF-MINT-GREEN/DARK-GREY-QUEEN","X004OD3BPL","B0F7M61RFP","SLEEPHORIA Cooling Comforter - BreezeWeave Cooling Blanket Queen Size for Hot Sleepers & Deep Rest - Cloud Soft, Breathable, Ultra Durable, Easy Care, Reversible - 90 x 90 in (Mint Green & Dark Grey)","New","27","2","0","33","0","0","0","0","0","USD","3","14","26","26","","74.99","0.0","74.99","0.0","NoExcessInventory","","0.0","0","0","0.0","1.51","0.712359","cubic feet","Standard","19.233693","US","gl_home","67231","89","0","8","15","74.99","209.97","869.86","1589.74","1589.74","16","17","0","0","0","13.51","4","0","0","4","","3","0","","","","","","","","","","","","","","","","","82.6","16","Healthy","","","2026-07-27","Yes","No","82.6","65.8","2026-07-25","33","3","0","0","98","unassigned","N","","",""
"2026-07-28","SATIN-STRIPE-KING-PURPLE","X0030KQXR7","B09G6JWZCZ","DECOLURE Satin Bed Sheets - 4 Piece Luxury Silky King Size Bedding Set - Softer Than Silk, Wrinkle-Free with 15” Deep Pocket Fitted Sheet, Perfect for Hair & Skin, Gifts for Women (Striped Purple)","New","31","3","0","0","35","0","0","0","0","USD","5","18","38","54","","33.95","0.0","33.95","0.0","CreateShippingPlan","","0.0","0","0","0.0","0.85","0.213112","cubic feet","Standard","6.606472","US","gl_home","4372","89","0","6","7","33.95","169.75","604.48","1270.55","1837.78","0","0","0","0","0","4.34","0","0","0","0","","1","0","5","0.54","0","0.0","0","0.0","0","0.0","0","0.0","0","0.0","0","0.0","0","0.0","112.3","17","Healthy","","","2026-07-27","Yes","No","77.2","112.3","2026-07-25","34","0","1","0","92","unassigned","N","","",""
"2026-07-28","SATIN-TWIN-PURPLE","X002IU8KIF","B0839M48YF","DECOLURE Satin Bed Sheets - 3 Piece Luxury Silky Twin Size Bedding Set - Softer Than Silk, Wrinkle-Free with 15” Deep Pocket Fitted Sheet, Perfect for Hair & Skin, Gifts for Women (Purple)","New","36","1","0","2","22","6","10","0","0","USD","2","9","15","34","","24.95","0.0","24.95","0.0","NoRestockExcessActionRequired","","0.0","0","0","0.0","0.62","0.186742","cubic feet","Standard","6.722712","US","gl_home","4372","132","0","16","13","24.95","49.9","244.15","419.85","966.4","0","0","2","16","0","13.66","0","0","0","0","","0","0","0","0.0","0","0.0","0","0.0","16","16.29","0","0.0","0","0.0","0","0.0","0","0.0","144.6","27","Healthy","13","2026-08-03","2026-07-27","Yes","No","129.6","144.6","2026-07-25","37","0","0","0","132","unassigned","N","","",""
"2026-07-28","SS-SATIN-CHAMPAGNE-QUEEN-4PCS","X004D7A2Q9","B0DDR1YLCM","SLEEP SANCTUARY Satin Sheets Queen Size – 4 Piece Luxury Silky Bed Set, Softer Than Silk, 15"" Deep Pocket, Cooling & Wrinkle-Free, Moisture-Wicking & Breathable for Hair & Skin (Champagne)","New","28","2","0","0","32","0","0","0","0","USD","3","10","19","31","","34.95","0.0","34.95","0.0","CreateShippingPlan","","0.0","0","0","0.0","0.67","0.310258","cubic feet","Standard","8.687224","US","gl_home","8682","64","0","11","11","34.95","104.85","339.11","632.29","1039.69","0","0","0","0","0","5.61","0","0","0","0","","2","0","","","","","","","","","","","","","","","","","133.5","30","Healthy","26","2026-08-04","2026-07-27","Yes","No","94.3","133.5","2026-07-25","30","0","2","0","70","unassigned","N","","",""
"2026-07-28","BAMBOO-KING-PURPLE","X003TODVGF","B0BZQ3F8RQ","DECOLURE 100% Viscose Derived from Bamboo Sheets King Size - Luxury 4 Pc Naturally Cooling Sheets, Ultra Soft Bed Set - Deep 17"" Pockets, Durable Double Stitching, Oeko Tex Standard (Purple)","New","38","0","0","44","0","0","0","0","0","USD","7","45","100","121","","84.99","0.0","71.24","0.0","CreateShippingPlan","","0.0","0","0","0.0","1.42","0.289907","cubic feet","Standard","11.016466","US","gl_home","9485","45","0","3","4","84.99","498.68","3334.65","7335.72","8997.56","24","20","0","0","0","20.13","0","0","0","0","","2","0","","","","","","","","","","","","","","","","","57.1","48","Low stock","55","2026-08-04","2026-07-27","Yes","No","38.7","57.1","2026-07-25","38","0","2","0","48","unassigned","N","","",""
"2026-07-28","SL-BOHO-BLANKET-BOTANICAL-60x80-1-PC","X004ZA3I1Z","B0GGTMPDKC","SLEEPHORIA 100% Uzbek Cotton Boho Throw Blanket - Heavyweight Cotton Throw Blanket for Bed - Reversible Woven Vintage Floral Decorative for Couch Sofa - Soft Bohemian 60"" x 80"" (Botanical)","","0","0","0","8","0","0","0","0","0","USD","","","","","","0.0","0.0","0.0","0.0","NoRestockExcessActionRequired","","","0","0","","0.0","0.453414","cubic feet","Standard","0.0","US","gl_home","","0","0","","","34.99","","","","","0","8","0","0","0","","0","0","0","0","","10","0","","","","","","","","","","","","","","","","","84.2","","","1","2026-07-27","2026-07-27","Yes","No","41.8","84.2","2026-07-25","0","2","8","0","149","unassigned","N","","",""
"2026-07-28","WELCOME-SIGN-FRONT-PORCH-MODERN-BLACK","X004HYF0IN","B0DQ84NH4D","DECOLURE Welcome Sign for Front Porch - Tall Solid Wood Porch Door Sign with 10 Magnetic Seasonal & Holiday Pieces, Rustic Farmhouse Outdoor Decor for Year Round Welcoming Entryway (Modern Black)","New","24","0","0","0","0","0","0","6","18","USD","","","","","Low traffic","32.95","0.0","32.95","0.0","Create removal order","","0.0","0","0","2328.7","0.0","0.377387","cubic feet","Oversize","9.057288","US","gl_lawn_and_garden","736020","","24","","","32.95","","","","","0","0","0","0","0","61.12","0","0","0","0","","0","0","0","0.0","0","0.0","0","0.0","0","0.0","0","0.0","0","0.0","0","0.0","24","71.56","","","Excess","","","","","","","","2026-07-25","24","0","0","0","","unassigned","N","","",""
"2026-07-28","SL-CLG-COMF-MINT-GREEN/DARK-GREY-FULL","X004ZF6DA3","B0GHSTYXM8","SLEEPHORIA Cooling Comforter - BreezeWeave Cooling Blanket Full Size for Hot Sleepers & Deep Rest - Cloud Soft, Breathable, Ultra Durable, Easy Care, Reversible - 86 x 82 in (Mint Green & Dark Grey)","New","42","4","0","47","0","0","0","0","0","USD","4","4","4","4","","54.99","0.0","54.99","0.0","Edit listing","","","0","0","","0.08","0.571423","cubic feet","Standard","23.999766","US","gl_home","67231","100","0","42","136","59.99","254.96","254.96","254.96","254.96","0","12","35","0","0","","0","0","0","0","","0","0","","","","","","","","","","","","","","","","","283.3","11","Healthy","","","2026-07-27","Yes","No","126.7","283.3","2026-07-25","46","0","0","0","100","unassigned","N","","",""
"2026-07-28","BAMBOO-KING-MIDGREY","X003TODVEH","B0BZPVXR69","DECOLURE 100% Viscose Derived from Bamboo Sheets King Size - Luxury 4 Pc Naturally Cooling Sheets, Ultra Soft Bed Set - Deep 17"" Pockets, Durable Double Stitching, Oeko Tex Standard (Midgrey)","New","45","2","0","57","0","0","0","0","0","USD","35","112","229","306","","84.99","0.0","71.24","67.68","CreateShippingPlan","","0.0","0","0","0.0","1.48","0.391836","cubic feet","Standard","17.63262","US","gl_home","9485","23","0","2","3","84.99","2522.15","8623.55","17266.95","23498.93","2","0","55","0","0","6.42","30","0","30","0","","4","0","","","","","","","","","","","","","","","","","63.4","85","Low stock","72","2026-08-04","2026-07-27","No","No","25.0","63.4","2026-07-25","77","3","1","0","24","unassigned","N","","",""
"2026-07-28","SS-BAMBOO-WHITE-QUEEN-6PCS","X004D8NNDR","B0DDTY4QSP","SLEEP SANCTUARY 100% Viscose Derived from Bamboo Sheets Queen Size 6pcs – BamBliss Luxury Cooling Sheets for Hot Sleepers - Cloud Soft, 17"" Deep Pocket, Ultra Durable Bed Set (White)","New","1","0","0","2","0","0","0","0","0","USD","0","9","47","102","","64.99","0.0","64.99","0.0","CreateShippingPlan","","0.0","0","0","0.0","2.68","0.320957","cubic feet","Standard","0.320957","US","gl_home","86667","0","0","0","0","64.99","0.0","584.91","3099.13","6650.58","2","0","0","0","0","0.06","0","0","0","0","","0","0","","","","","","","","","","","","","","","","","30.5","47","Low stock","76","2026-08-04","2026-07-27","Yes","No","7.8","30.5","2026-07-25","1","0","0","0","0","unassigned","N","","",""
"2026-07-28","LINEN-CURTAIN-52x90-BEIGE-2-PCS","X004NSBT3N","B0F639XQ4V","DECOLURE Linen Blackout Curtains - SunShield 90 Inches Long Black Out Curtains for Living Room and Bedroom Windows - Luxury Faux Linen, 2 Panels Set, Ultra Durable - 90 Length x 52 in (Beige)","New","43","0","0","0","0","1","42","0","0","USD","2","4","7","7","Low traffic","32.99","0.0","32.99","0.0","Advertise listing","","29.45","29","0","2715.93","0.15","0.199952","cubic feet","Standard","8.597936","US","gl_home","456744","366","43","43","79","32.99","65.98","131.96","211.13","211.13","0","0","0","1","42","60.52","0","0","0","0","","0","0","0","0.0","1","0.2","0","0.0","0","0.0","0","0.0","18","21.24","24","33.12","0","0.0","729.8","3","Excess","","","2026-07-27","Yes","No","461.0","729.8","2026-07-25","43","0","0","0","366","unassigned","N","","",""
"2026-07-28","BAMBOO-FULL-GREY","X002O4Z4JX","B08KQJP1K7","DECOLURE 100% Viscose Derived from Bamboo Sheets Full Size - Luxury 4 Pc Naturally Cooling Sheets, Ultra Soft Bed Set - Deep 17"" Pockets, Durable Double Stitching, Oeko Tex Standard (Grey)","New","54","0","0","62","0","0","0","0","0","USD","4","13","14","25","","69.99","0.0","69.99","0.0","NoRestockExcessActionRequired","","0.0","0","0","0.0","0.81","0.21478","cubic feet","Standard","11.59812","US","gl_home","9485","127","0","18","31","69.99","259.96","879.87","946.36","1643.98","60","2","0","0","0","7.69","6","0","0","6","","1","0","","","","","","","","","","","","","","","","","145.2","26","Healthy","","","2026-07-27","Yes","No","145.2","78.2","2026-07-25","60","0","1","0","129","unassigned","N","","",""
"2026-07-28","BM-TWIN-GRAPHITE-GREY","X003VHVBET","B0C9LPF46G","DECOLURE Cooling Bed Sheets Twin Set 3pcs - Luxurious & Ultra-Soft Twin Size Cooling Sheets for Hot Sleepers - Comfortable Cool Bamboo Viscose Microfiber Sheets Twin Size w/Deep Pockets (Graphite)","New","101","0","0","0","0","59","27","16","0","USD","2","2","2","2","","40.95","0.0","30.56","0.0","Edit listing","","0.0","0","0","5261.45","0.02","0.182847","cubic feet","Standard","18.467547","US","gl_home","71718","366","101","202","656","30.56","71.51","71.51","71.51","71.51","0","0","0","85","1","116.84","0","0","0","0","","0","0","1","0.09","0","0.0","0","0.0","82","81.75","0","0.0","3","3.24","16","20.19","0","0.0","4701.5","7","Excess","","","2026-07-27","Yes","No","3116.0","4701.5","2026-07-25","101","0","0","0","366","unassigned","N","","",""
"2026-07-28","BAMBOO-CALIFKING-LIGHTBLUE","X002O4Z187","B08KQHSWSJ","DECOLURE 100% Viscose Derived from Bamboo Sheets California King Size - Luxury 4 Pc Naturally Cooling Sheets, Ultra Soft Bed Set - Deep 17"" Pockets, Double Stitching, Oeko Tex Standard (Light Blue)","New","56","0","0","59","0","0","0","0","0","USD","8","17","30","55","","84.99","0.0","71.99","0.0","NoRestockExcessActionRequired","","0.0","0","0","0.0","1.32","0.30782","cubic feet","Standard","17.23792","US","gl_home","9485","131","0","13","13","84.99","579.42","1344.33","2347.76","4311.88","36","23","0","0","0","11.51","0","0","0","0","","0","0","","","","","","","","","","","","","","","","","119.2","26","Healthy","","","2026-07-27","Yes","No","119.2","53.7","2026-07-25","56","0","0","0","131","unassigned","N","","",""
"2026-07-28","SATIN-4PC-WHITE-KING","X0044L1IM1","B0CV4CY67M","DECOLURE Satin Bed Sheets - 4 Piece Luxury Silky King Size Bedding Set - Softer Than Silk, Wrinkle-Free with 15” Deep Pocket Fitted Sheet, Perfect for Hair & Skin, Gifts for Women (White)","","0","0","0","0","1","0","0","0","0","USD","0","0","31","145","","0.0","0.0","0.0","0.0","CreateShippingPlan","","","0","0","","3.11","0.226176","cubic feet","Standard","0.0","US","gl_home","4372","0","0","","0","33.95","0.0","0.0","1052.45","4954.95","0","0","0","0","0","","0","0","0","0","","0","0","","","","","","","","","","","","","","","","","","61","Out of stock","87","2026-07-27","","","","","20.2","2026-07-25","0","0","0","0","0","unassigned","N","","",""
"2026-07-28","SL-COOLING-SHEET-KING-REGAL-PURPLE","X004OD1ANB","B0F7LX84MY","SLEEPHORIA Cooling Sheets - BreezeWeave 4 PC King Size Cooling Bed Sheets for Hot Sleepers & Deep, Cool Rest - Cloud Soft, Silky Smooth, 16 in Deep Pocket, Ultra Durable (Regal Purple)","New","60","35","0","96","0","0","0","0","0","USD","2","6","11","11","","69.99","0.0","69.99","0.0","NoRestockExcessActionRequired","","0.0","0","0","0.0","0.44","0.334265","cubic feet","Standard","20.0559","US","gl_home","82219","247","0","40","70","69.99","139.98","419.94","769.89","769.89","96","0","0","0","0","21.32","0","0","0","0","","2","0","","","","","","","","","","","","","","","","","107.1","17","Healthy","","","2026-07-27","Yes","No","107.1","98.5","2026-07-25","95","1","1","0","252","unassigned","N","","",""
"2026-07-28","SL-QUILT-SET-QUEEN-BLACK","X004R3MZIH","B0FGZTPZ63","SLEEPHORIA Queen Quilt Bedding Set - Cloud Soft All-Season Bedspread 3 PC w/Shams, Bed Quilt Queen Size Coverlet - Oversized, Light Weight, Ultra Durable, Easy Care - 90 x 96 in (Black)","New","137","0","0","0","1","3","131","0","0","USD","5","11","14","16","","36.99","0.0","33.29","0.0","Edit listing","","0.0","0","0","23867.73","0.1","0.65569","cubic feet","Oversize","89.82953","US","gl_home","97758","366","137","49","111","33.29","170.15","341.77","427.58","501.56","0","0","0","134","0","542.77","0","0","0","0","","0","2","2","0.66","1","0.66","0","0.0","1","3.57","130","485.87","0","0.0","0","0.0","0","0.0","1028.2","7","Excess","","","2026-07-27","Yes","No","477.0","1028.2","2026-07-25","137","0","0","0","366","unassigned","N","","",""
"2026-07-28","SATIN-STRIPE-QUEEN-PINK--6-PCS","X003UO39HZ","B0C7KD9LMR","DECOLURE Satin Bed Sheets - 6 Piece Luxury Silky Queen Size Bedding Set - Softer Than Silk, Wrinkle-Free with 15” Deep Pocket Fitted Sheet, Perfect for Hair & Skin, Gifts for Women (Striped Pink)","New","1","1","0","3","0","0","0","1","0","USD","0","12","36","58","","30.95","0.0","30.95","0.0","CreateShippingPlan","","0.0","0","0","0.0","2.02","0.217005","cubic feet","Standard","0.217005","US","gl_home","15592","3","0","0","0","30.95","0.0","381.8","1134.2","1849.3","3","0","0","0","0","0.91","0","0","0","0","","1","0","0","0.0","0","0.0","0","0.0","0","0.0","0","0.0","0","0.0","1","1.5","0","0.0","43.3","19","Low stock","36","2026-08-04","2026-07-27","Yes","No","9.9","43.3","2026-07-25","2","0","1","0","7","unassigned","N","","",""
"2026-07-28","SILK-PILLOWCASE-STANDARD-CHAMPAGNE-1PCS","X004CA5NSJ","B0DBR8G7GH","DECOLURE 100% Pure Mulberry Silk Pillow Case Standard Size – High Grade 30 Momme 6A+, Luxuriously Soft & Cooling Silk Pillowcase for Hair & Skin, Hypoallergenic, Breathable, Hidden Zipper (Champagne)","New","276","1","0","277","0","0","0","0","0","USD","4","19","32","57","","44.95","0.0","44.95","0.0","NoExcessInventory","","0.0","0","0","31.81","0.37","0.081142","cubic feet","Standard","22.395192","US","gl_home","217093","366","0","58","62","44.95","179.8","851.8","1414.98","2518.73","1","276","0","0","0","16.96","0","0","0","0","","0","0","","","","","","","","","","","","","","","","","357.3","34","Healthy","","","2026-07-27","Yes","No","357.3","241.4","2026-07-25","277","0","0","0","366","unassigned","N","","",""
"2026-07-28","SL-COOLING-SHEET-QUEEN-MIDNIGHT-BLACK","X004OD1BWL","B0F7LY14LM","SLEEPHORIA Cooling Sheets - BreezeWeave 4 PC Queen Size Cooling Bed Sheets for Hot Sleepers & Deep, Cool Rest - Cloud Soft, Silky Smooth, 16 in Deep Pocket, Ultra Durable (Midnight Black)","New","91","55","0","148","0","0","0","0","0","USD","2","8","47","94","","64.99","0.0","64.99","0.0","NoRestockExcessActionRequired","","0.0","0","0","0.0","1.35","0.301363","cubic feet","Standard","27.424033","US","gl_home","82219","147","0","45","12","59.39","129.98","521.92","3061.53","6116.06","148","0","0","0","0","39.4","0","0","0","0","","1","0","","","","","","","","","","","","","","","","","255.0","55","Healthy","","","2026-07-27","Yes","No","255.0","45.0","2026-07-25","146","0","1","0","148","unassigned","N","","",""
"2026-07-28","BAMBOO-QUEEN-BLACK","X003TONHNR","B0BZQ1FBJ9","DECOLURE 100% Viscose Derived from Bamboo Sheets Queen Size - Luxury 4 Pc Naturally Cooling Sheets, Ultra Soft Bed Set - Deep 17"" Pockets, Durable Double Stitching, Oeko Tex Standard (Black)","New","97","1","0","103","0","0","0","0","0","USD","22","75","146","222","","79.99","0.0","74.98","0.0","CreateShippingPlan","","0.0","0","0","0.0","2.2","0.256725","cubic feet","Standard","24.902325","US","gl_home","9485","63","0","5","5","79.99","1600.76","5544.93","10711.23","16135.99","1","102","0","0","0","15.14","0","0","0","0","","11","0","","","","","","","","","","","","","","","","","57.4","88","Healthy","96","2026-08-04","2026-07-27","Yes","No","57.4","39.0","2026-07-25","98","11","0","0","71","unassigned","N","","",""
"2026-07-28","BAMBOO-FULL-PURPLE-6PCS","X00438ULEL","B0CQ31X3X5","DECOLURE 100% Viscose Derived from Bamboo Sheets Full Size - Luxury 6 Pc Naturally Cooling Sheets, Ultra Soft Bed Set - Deep 17"" Pockets, Durable Double Stitching, Oeko Tex Standard (Purple)","New","43","0","0","3","6","2","33","0","0","USD","4","7","22","34","","74.99","0.0","74.98","0.0","NoRestockExcessActionRequired","","0.0","0","0","0.0","0.54","0.248416","cubic feet","Standard","10.681888","US","gl_home","9357","201","0","24","16","74.98","273.21","479.42","1508.06","2411.94","1","1","1","35","0","49.34","0","0","0","0","","1","0","7","0.87","1","0.25","0","0.0","0","0.0","33","46.75","0","0.0","0","0.0","0","0.0","205.0","12","Healthy","","","2026-07-27","Yes","No","205.0","158.2","2026-07-25","43","1","0","0","205","unassigned","N","","",""
"2026-07-28","BAMBOO-QUEEN-LIGHTGREY","X002O4Z17X","B08KQJDSVC","DECOLURE 100% Viscose Derived from Bamboo Sheets Queen Size - Luxury 4 Pc Naturally Cooling Sheets, Ultra Soft Bed Set - Deep 17"" Pockets, Durable Double Stitching, Oeko Tex Standard (Light Grey)","New","105","1","0","114","0","0","0","0","0","USD","12","71","189","221","","79.99","0.0","79.99","0.0","CreateShippingPlan","","","0","0","","1.81","0.289744","cubic feet","Standard","30.42312","US","gl_home","9485","76","0","7","7","79.99","838.38","5188.97","13377.66","15532.17","3","111","0","0","0","","30","0","30","0","","5","0","","","","","","","","","","","","","","","","","54.7","57","Healthy","","","2026-07-27","Yes","No","54.7","53.9","2026-07-25","136","5","0","0","79","unassigned","N","","",""
"2026-07-28","SATIN-4PC-FULL-LAVENDER","X0042WR2WH","B0CQRXZLFQ","DECOLURE Satin Bed Sheets - 4 Piece Luxury Silky Full Size Bedding Set - Softer Than Silk, Wrinkle-Free with 15” Deep Pocket Fitted Sheet, Perfect for Hair & Skin, Gifts for Women (Lavender)","New","98","34","0","137","0","0","0","0","0","USD","7","22","48","69","","26.95","0.0","25.95","0.0","NoRestockExcessActionRequired","","0.0","0","0","0.9","0.7","0.218617","cubic feet","Standard","21.424466","US","gl_home","4372","226","0","21","21","25.95","186.64","637.74","1393.08","2063.42","91","18","28","0","0","40.26","18","0","18","0","","3","0","","","","","","","","","","","","","","","","","85.0","75","Healthy","","","2026-07-27","Yes","No","83.4","85.0","2026-07-25","150","2","1","0","233","unassigned","N","","",""
"2026-07-28","SS-SLEEP-MASK-VELCRO-STRAP-PEACOCK-BLUE","X004NF43YX","B0F4XPMS5B","SLEEP SANCTUARY 100% Pure Mulberry Silk Sleep Mask - 22 Momme Light Blocking Hook & Loop Silk Eye Mask for Sleeping - Secure Fit for Side Sleepers, Women & Men - Cloud Soft (Peacock Blue)","New","316","0","0","3","2","1","0","310","0","USD","0","8","21","29","Low traffic","17.95","0.0","17.95","0.0","Create Outlet deal","","13.47","2","0","4093.55","0.09","0.04975","cubic feet","Standard","15.721","US","gl_drugstore","226928","366","311","158","141","17.95","0.0","140.01","389.59","533.19","3","0","0","1","0","118.24","0","0","0","0","","0","1","2","0.04","0","0.0","0","0.0","1","0.27","0","0.0","0","0.0","310","106.41","0","0.0","1192.1","19","Excess","","","2026-07-27","Yes","No","1192.1","1024.7","2026-07-25","316","0","0","0","366","unassigned","N","","",""
"2026-07-28","SATIN-FITTED-FULL-GOLD","X004CBXJON","B0DBVZ73F7","DECOLURE Satin Fitted Sheet Full Size (1 PC) – Luxuriously Smooth & Softer Than Silk Bed Sheets w/ 15 Inch Deep Pocket Hypoallergenic Wrinkle Free, Secure Snug Fit, Elastic Corner Straps (Gold)","New","124","1","0","103","0","1","0","21","0","USD","5","11","24","45","","17.95","0.0","17.94","0.0","NoRestockExcessActionRequired","","0.0","0","0","222.67","0.41","0.151371","cubic feet","Standard","18.770004","US","gl_home","9976","366","70","45","35","17.94","89.7","186.62","382.24","681.56","1","41","61","1","0","64.84","0","0","0","0","","0","0","0","0.0","0","0.0","0","0.0","1","0.83","0","0.0","0","0.0","21","21.93","0","0.0","244.8","14","Excess","","","2026-07-27","Yes","No","244.8","217.0","2026-07-25","125","0","0","0","366","unassigned","N","","",""
"2026-07-28","SL-COOLING-SHEET-CAL-KING-MIDNIGHT-BLACK","X004OCZ1JV","B0F7LYR7L2","SLEEPHORIA Cooling Sheets - BreezeWeave 4 PC California King Size Cooling Bed Sheets for Hot Sleepers & Deep, Cool Rest - Cloud Soft, Silky Smooth, 16 in Deep Pocket, Ultra Durable (Midnight Black)","New","18","18","0","38","0","0","0","0","0","USD","1","3","10","23","","69.99","0.0","69.99","0.0","NoRestockExcessActionRequired","","0.0","0","0","39.34","1.49","0.341123","cubic feet","Standard","6.140214","US","gl_home","82219","288","0","56","23","69.99","69.99","209.97","699.9","1669.77","38","0","0","0","0","8.32","24","0","24","0","","1","0","","","","","","","","","","","","","","","","","151.3","12","Healthy","","","2026-07-27","Yes","No","151.3","35.8","2026-07-25","60","0","1","0","293","unassigned","N","","",""
"2026-07-28","BAMBOO-TWIN-PURPLE","X003TONHOL","B0BZQ39BTX","DECOLURE 100% Viscose Derived from Bamboo Sheets Twin Size - Luxury 3 Pc Naturally Cooling Sheets, Ultra Soft Bed Set - Deep 17"" Pockets, Durable Double Stitching, Oeko Tex Standard (Purple)","New","22","0","0","22","0","0","0","0","0","USD","4","12","19","23","","59.99","0.0","59.98","0.0","NoRestockExcessActionRequired","","0.0","0","0","363.83","1.23","0.200554","cubic feet","Standard","4.412188","US","gl_home","9485","366","0","17","29","59.99","239.92","704.84","1114.77","1344.81","0","22","0","0","0","4.35","30","0","30","0","","0","0","","","","","","","","","","","","","","","","","93.1","9","Healthy","","","2026-07-27","Yes","No","93.1","63.0","2026-07-25","52","0","0","0","366","unassigned","N","","",""
"2026-07-28","SATIN-SEA-TEAL-TWIN-6PCS","X003UMBN75","B0C7FF3CWB","DECOLURE Satin Bed Sheets - 4 Piece Luxury Silky Twin Size Bedding Set - Softer Than Silk, Wrinkle-Free with 15” Deep Pocket Fitted Sheet, Perfect for Hair & Skin, Gifts for Women (Sea Teal)","New","44","0","0","2","43","0","0","0","0","USD","1","4","10","13","","27.95","0.0","27.94","0.0","NoRestockExcessActionRequired","","0.0","0","0","1113.42","0.27","0.154716","cubic feet","Standard","6.807504","US","gl_home","15592","348","41","44","44","27.94","27.94","110.39","282.29","366.14","0","0","2","0","0","4.75","0","0","0","0","","1","0","","","","","","","","","","","","","","","","","392.4","11","Excess","","","2026-07-27","Yes","No","352.8","392.4","2026-07-25","44","0","1","0","357","unassigned","N","","",""
"2026-07-28","SATIN-FITTED-KING-BLUSH-PINK","X004CBXJ75","B0DBVZZD7X","DECOLURE Satin Fitted Sheet King Size (1 PC) – Luxuriously Smooth & Softer Than Silk Bed Sheets w/ 15 Inch Deep Pocket Hypoallergenic Wrinkle Free, Secure Snug Fit, Elastic Corner Straps (Blush Pink)","New","228","0","0","1","0","61","171","0","0","USD","7","22","33","55","","19.95","0.0","19.94","0.0","Edit listing","","0.0","0","0","2562.41","0.22","0.224269","cubic feet","Standard","51.133332","US","gl_home","9976","366","185","41","53","19.94","139.58","438.82","690.27","1124.17","1","0","0","232","0","271.48","0","0","0","0","","1","0","0","0.0","0","0.0","41","13.79","191","233.46","0","0.0","0","0.0","0","0.0","0","0.0","405.6","33","Excess","","","2026-07-27","Yes","No","318.2","405.6","2026-07-25","228","1","0","0","366","unassigned","N","","",""
"2026-07-28","SATIN-IVORY-FULL","X003EKDALF","B0BG22CYFP","DECOLURE Satin Bed Sheets - 4 Piece Luxury Silky Full Size Bedding Set - Softer Than Silk, Wrinkle-Free with 15” Deep Pocket Fitted Sheet, Perfect for Hair & Skin, Gifts for Women (Ivory)","New","153","4","0","4","62","2","74","19","0","USD","9","19","24","32","","25.95","0.0","25.95","0.0","Edit listing","","0.0","0","0","894.63","0.16","0.177528","cubic feet","Standard","27.161784","US","gl_home","4372","366","124","32","62","25.95","233.55","531.54","702.63","936.23","1","1","2","76","0","114.37","0","0","0","0","","0","0","61","5.42","1","0.18","0","0.0","31","30.01","42","42.5","1","1.05","19","23.26","0","0.0","612.7","35","Excess","","","2026-07-27","Yes","No","391.1","612.7","2026-07-25","157","0","0","0","366","unassigned","N","","",""
"2026-07-28","SL-CLG-COMF-LIGHT-GREY/DARK-GREY-QUEEN","X004OD92BD","B0F7M5T8FH","SLEEPHORIA Cooling Comforter - BreezeWeave Cooling Blanket Queen Size for Hot Sleepers & Deep Rest - Cloud Soft, Breathable, Ultra Durable, Easy Care, Reversible - 90 x 90 in (Light Grey & Dark Grey)","","0","0","0","2","0","0","0","0","0","USD","1","39","39","39","","0.0","0.0","0.0","0.0","NoRestockExcessActionRequired","","","0","0","","4.46","0.74751","cubic feet","Standard","0.0","US","gl_home","67231","126","0","37","122","59.99","59.99","2309.61","2309.61","2309.61","2","0","0","0","0","","368","100","268","0","","2","1","","","","","","","","","","","","","","","","","14.2","108","Out of stock","","","2026-07-27","Yes","No","11.5","14.2","2026-07-25","368","0","2","0","140","unassigned","N","","",""
"2026-07-28","SL-COOLING-SHEET-CAL-KING-REGAL-PURPLE","X004OCYHAZ","B0F7LXCSKW","SLEEPHORIA Cooling Sheets - BreezeWeave 4 PC California King Size Cooling Bed Sheets for Hot Sleepers & Deep, Cool Rest - Cloud Soft, Silky Smooth, 16 in Deep Pocket, Ultra Durable (Regal Purple)","New","49","31","0","78","0","2","0","0","0","USD","1","7","15","25","","69.99","0.0","69.99","0.0","NoRestockExcessActionRequired","","0.0","0","0","4923.86","0.65","0.322124","cubic feet","Standard","15.784076","US","gl_home","82219","366","77","28","25","69.99","69.99","489.93","1046.35","1776.25","78","0","0","2","0","26.2","0","0","0","0","","6","0","2","0.32","0","0.0","0","0.0","0","0.0","0","0.0","0","0.0","0","0.0","0","0.0","157.9","13","Excess","","","2026-07-27","Yes","No","157.9","102.8","2026-07-25","80","6","0","0","366","unassigned","N","","",""
"2026-07-28","SS-BAMBOO-LIGHT-OLIVE-QUEEN-6PCS","X004D8VMOT","B0DDTXLQCB","SLEEP SANCTUARY 100% Viscose Derived from Bamboo Sheets Queen Size 6pcs – BamBliss Luxury Cooling Sheets for Hot Sleepers - Cloud Soft, 17"" Deep Pocket, Ultra Durable Bed Set (Light Olive)","New","45","0","0","0","1","0","44","0","0","USD","1","5","6","9","","71.99","0.0","71.99","0.0","NoRestockExcessActionRequired","","58.15","20","0","343.61","0.2","0.327393","cubic feet","Standard","14.732685","US","gl_home","86667","284","39","36","65","71.99","71.99","322.2","377.44","572.41","0","0","0","44","0","87.97","0","0","0","0","","0","0","0","0.0","0","0.0","0","0.0","18","32.12","26","48.51","0","0.0","0","0.0","0","0.0","450.9","8","Excess","","","2026-07-27","Yes","No","236.0","450.9","2026-07-25","45","0","0","0","284","unassigned","N","","",""
"2026-07-28","SATIN-4PC-KING-NAVY BLUE","X0042WTBQH","B0CQRXNLN6","DECOLURE Satin Bed Sheets - 4 Piece Luxury Silky King Size Bedding Set - Softer Than Silk, Wrinkle-Free with 15” Deep Pocket Fitted Sheet, Perfect for Hair & Skin, Gifts for Women (Navy Blue)","New","0","1","0","3","0","0","0","0","0","USD","1","15","83","149","","33.95","0.0","0.0","0.0","CreateShippingPlan","","0.0","0","0","0.0","2.32","0.276363","cubic feet","Standard","0.0","US","gl_home","4372","7","0","0","0","33.95","30.66","502.65","2771.16","5032.34","2","1","0","0","0","0.05","0","0","0","0","","0","0","","","","","","","","","","","","","","","","","33.6","34","Low stock","65","2026-08-03","2026-07-27","Yes","No","2.3","33.6","2026-07-25","1","0","0","0","7","unassigned","N","","",""
"2026-07-28","BAMBOO-KING-CHARCOAL-6PCS","X00438UMV3","B0CQ2ZZW88","DECOLURE 100% Viscose Derived from Bamboo Sheets King Size - Luxury 6 Pc Naturally Cooling Sheets, Ultra Soft Bed Set - Deep 17"" Pockets, Durable Double Stitching, Oeko Tex Standard (Charcoal)","New","184","72","0","266","0","0","0","0","0","USD","11","54","110","188","","89.99","0.0","89.99","0.0","GoToRestock","","0.0","0","0","0.0","1.63","0.341306","cubic feet","Standard","62.800304","US","gl_home","9357","156","0","13","12","89.99","979.89","4669.66","9463.1","16136.32","266","0","0","0","0","56.34","0","0","0","0","","5","1","","","","","","","","","","","","","","","","","61.4","113","Healthy","","","2026-07-27","No","No","61.4","34.4","2026-07-25","256","0","5","0","160","unassigned","N","","",""
"2026-07-28","BM-NAVYBLUE-FULL-4PCS","X004CNKEAN","B0DCK3XMTF","DECOLURE Cooling Sheets Full Set 4pcs - Luxurious & Ultra-Soft Full Size Cooling Sheets for Hot Sleepers - Comfortable Bamboo Viscose Microfiber Full Cooling Bed Sheets w/Deep Pockets (Navy Blue-01)","New","24","0","0","0","0","24","0","0","0","USD","","","","","Low traffic","35.95","0.0","35.95","0.0","Create removal order","","28.76","9","0","1329.24","0.0","0.216853","cubic feet","Standard","5.204472","US","gl_home","","","24","","","35.95","","","","","0","0","0","24","0","11.39","0","0","0","0","24","0","0","0","0.0","1","0.22","23","7.48","0","0.0","0","0.0","0","0.0","0","0.0","0","0.0","","","Excess","","","","","","","","2026-07-25","24","0","0","0","","unassigned","N","","",""
"2026-07-28","SATIN-QUEEN-BLACK","X002ITTLMZ","B0839MKJMV","DECOLURE Satin Bed Sheets - 4 Piece Luxury Silky Queen Size Bedding Set - Softer Than Silk, Wrinkle-Free with 15” Deep Pocket Fitted Sheet, Perfect for Hair & Skin, Gifts for Women (Black)","New","2087","1526","0","3729","0","0","0","0","0","USD","326","1035","1884","2655","","29.95","0.0","25.0","23.75","NoRestockExcessActionRequired","","0.0","0","0","0.0","1.14","0.267702","cubic feet","Standard","558.694074","US","gl_home","4372","120","0","8","10","25.0","8205.74","28559.63","52955.71","74373.21","3618","111","0","0","0","519.88","0","0","0","0","","51","1","","","","","","","","","","","","","","","","","62.4","833","Healthy","","","2026-07-27","No","No","59.2","62.4","2026-07-25","3613","30","21","0","121","unassigned","N","","",""
"2026-07-28","SATIN-TWIN-GREY-6PCS","X003UMGFP5","B0C7FNVCWM","DECOLURE Satin Bed Sheets - 4 Piece Luxury Silky Twin Size Bedding Set - Softer Than Silk, Wrinkle-Free with 15” Deep Pocket Fitted Sheet, Perfect for Hair & Skin, Gifts for Women (Grey)","New","32","0","0","32","0","0","0","0","0","USD","1","3","4","8","","27.95","0.0","25.16","0.0","NoRestockExcessActionRequired","","0.0","0","0","1071.1","0.31","0.164107","cubic feet","Standard","5.251424","US","gl_home","15592","366","0","42","52","25.16","25.16","81.06","116.01","227.81","1","7","24","0","0","6.18","0","0","0","0","","0","0","","","","","","","","","","","","","","","","","333.3","6","Healthy","","","2026-07-27","Yes","No","333.3","317.3","2026-07-25","32","0","0","0","366","unassigned","N","","",""
"2026-07-28","SS-SATIN-BLUSH-PINK-TWIN-3PCS","X004D7EXBT","B0DDRM24KV","SLEEP SANCTUARY Satin Sheets Twin Size – 3 Piece Luxury Silky Bed Set, Softer Than Silk, 15"" Deep Pocket, Cooling & Wrinkle-Free, Moisture-Wicking & Breathable for Hair & Skin (Blush Pink)","New","23","0","0","0","0","1","0","25","0","USD","10","13","14","17","","29.95","27.95","23.96","0.0","NoRestockExcessActionRequired","","0.0","0","0","1341.79","0.46","0.235055","cubic feet","Standard","5.406265","US","gl_home","8682","152","21","7","17","29.95","245.6","332.46","362.41","457.26","0","0","0","1","0","39.55","0","0","0","0","","1","0","1","0.12","0","0.0","0","0.0","0","0.0","0","0.0","0","0.0","25","40.56","0","0.0","236.9","5","Excess","","","2026-07-27","Yes","No","100.1","236.9","2026-07-25","23","0","1","0","160","unassigned","N","","",""
"2026-07-28","BAMBOO-KING-CREME","X002O510YF","B08KQJ62YC","DECOLURE 100% Viscose Derived from Bamboo Sheets King Size - Luxury 4 Pc Naturally Cooling Sheets, Ultra Soft Bed Set - Deep 17"" Pockets, Durable Double Stitching, Oeko Tex Standard (Creme)","New","591","285","0","891","0","0","0","0","0","USD","55","222","421","651","","84.99","0.0","79.98","0.0","NoRestockExcessActionRequired","","0.0","0","0","325.36","1.06","0.335478","cubic feet","Standard","198.267498","US","gl_home","9485","198","0","10","11","84.99","4409.02","17928.35","33636.76","51770.9","764","6","121","0","0","253.68","7","0","0","7","","7","1","","","","","","","","","","","","","","","","","76.5","128","Healthy","","","2026-07-27","No","No","63.1","76.5","2026-07-25","883","7","0","0","200","unassigned","N","","",""
"2026-07-28","SS-SATIN-STRIPED-GOLD-TWIN-3PCS","X004D7A00R","B0DDR85DVM","SLEEP SANCTUARY Satin Sheets Twin Size – 3 Piece Luxury Silky Bed Set, Softer Than Silk, 15"" Deep Pocket, Cooling & Wrinkle-Free, Moisture-Wicking & Breathable for Hair & Skin (Striped Gold)","New","5","0","0","0","0","0","0","0","5","USD","0","0","0","1","Low conversion","29.95","27.95","25.76","0.0","NoRestockExcessActionRequired","","0.0","0","0","197.52","0.19","0.128822","cubic feet","Standard","0.64411","US","gl_home","8682","366","5","","65","25.76","0.0","0.0","0.0","31.95","0","0","0","0","0","5.53","0","0","0","0","","0","0","0","0.0","0","0.0","0","0.0","0","0.0","0","0.0","0","0.0","0","0.0","5","5.09","","1","Excess","","","","","","","454.0","2026-07-25","5","0","0","0","366","unassigned","N","","",""
"2026-07-28","BAMBOO-CALIFKING-BURGUNDY-NEW","X0043AK4VT","B0CRHYHS4X","DECOLURE 100% Viscose Derived from Bamboo Sheets California King Size - Luxury 4 Pc Naturally Cooling Sheets, Ultra Soft Bed Set - Deep 17"" Pockets, Double Stitching, Oeko Tex Standard (Burgundy)","New","35","1","0","36","0","0","0","0","0","USD","6","12","12","16","","84.99","0.0","84.99","0.0","NoRestockExcessActionRequired","","","0","0","","0.83","0.303581","cubic feet","Standard","10.625335","US","gl_home","9485","354","0","37","91","84.99","489.94","1080.16","1080.16","1415.08","18","18","0","0","0","","78","0","78","0","","0","0","","","","","","","","","","","","","","","","","125.0","27","Healthy","","","2026-07-27","Yes","No","125.0","93.2","2026-07-25","114","0","0","0","354","unassigned","N","","",""
"2026-07-28","SATIN-STRIPE-FULL-RED","X0030KQXX1","B09G6KKSK6","DECOLURE Satin Bed Sheets - 4 Piece Luxury Silky Full Size Bedding Set - Softer Than Silk, Wrinkle-Free with 15” Deep Pocket Fitted Sheet, Perfect for Hair & Skin, Gifts for Women (Striped Red)","New","0","1","0","1","0","1","0","0","0","USD","2","8","17","24","","26.95","0.0","26.95","0.0","CreateShippingPlan","","0.0","0","0","0.0","1.48","0.164912","cubic feet","Standard","0.0","US","gl_home","4372","2","0","0","0","26.95","59.9","239.59","519.62","711.81","1","0","0","1","0","0.03","0","0","0","0","","1","0","0","0.0","0","0.0","1","0.25","0","0.0","0","0.0","0","0.0","0","0.0","0","0.0","71.2","25","Low stock","42","2026-08-03","2026-07-27","Yes","No","17.1","71.2","2026-07-25","1","1","0","0","5","unassigned","N","","",""
"2026-07-28","SATIN-FITTED-TWIN-GREY","X004CBVDGT","B0DBW2LTK4","DECOLURE Satin Fitted Sheet Twin Size (1 PC) – Luxuriously Smooth & Softer Than Silk Bed Sheets w/ 15 Inch Deep Pocket Hypoallergenic Wrinkle Free, Secure Snug Fit, Elastic Corner Straps (Grey)","New","136","0","0","2","3","100","33","0","0","USD","4","20","38","54","","16.95","0.0","16.94","0.0","NoRestockExcessActionRequired","","0.0","0","0","715.42","0.32","0.117868","cubic feet","Standard","16.030048","US","gl_home","9976","333","113","27","32","16.94","67.76","333.56","655.41","940.61","2","0","0","133","0","48.87","0","0","0","0","","0","0","2","0.12","0","0.0","100","17.69","16","10.28","17","11.42","0","0.0","0","0.0","0","0.0","279.7","26","Excess","","","2026-07-27","Yes","No","188.5","279.7","2026-07-25","136","0","0","0","333","unassigned","N","","",""
"2026-07-28","SATIN-QUEEN-GREY","X002ITT9CH","B0839LQK8K","DECOLURE Satin Bed Sheets - 4 Piece Luxury Silky Queen Size Bedding Set - Softer Than Silk, Wrinkle-Free with 15” Deep Pocket Fitted Sheet, Perfect for Hair & Skin, Gifts for Women (Grey)","New","1491","22","0","18","1048","98","388","0","0","USD","60","236","508","659","","29.95","0.0","28.45","0.0","NoRestockExcessActionRequired","","0.0","0","0","46.28","0.34","0.266604","cubic feet","Standard","397.506564","US","gl_home","4372","166","0","25","29","28.45","1713.0","6887.52","14936.18","19806.59","9","1","8","486","0","682.07","0","0","0","0","","28","5","838","111.7","27","7.2","7","2.8","273","396.66","120","182.37","0","0.0","0","0.0","0","0.0","293.2","217","Healthy","","","2026-07-27","No","No","212.3","293.2","2026-07-25","1513","23","5","0","169","unassigned","N","","",""
"2026-07-28","DC-BAMBOO-FITTED-QUEEN-LIGHT-BLUE-1PC","X004W88WUH","B0FX2RBQXN","DECOLURE 100% Viscose Derived from Bamboo Fitted Sheet | Queen Size Fitted Sheet Only | Ultra Soft Cooling Sheets for Hot Sleepers, 17"" Deep Pocket w/Corner Straps, Breathable, Oeko-Tex (Light Blue)","New","118","0","0","122","0","0","0","0","0","USD","9","25","25","25","","31.95","0.0","31.95","0.0","Edit listing","","","0","0","","0.21","0.22659","cubic feet","Standard","26.73762","US","gl_home","40126","118","0","18","61","31.95","287.55","768.75","768.75","768.75","0","0","122","0","0","","0","0","0","0","","1","0","","","","","","","","","","","","","","","","","416.6","70","Healthy","","","2026-07-27","Yes","No","187.5","416.6","2026-07-25","118","0","1","0","119","unassigned","N","","",""
"2026-07-28","CHAIR MAT-AZTEC TRIBAL","X0043CENBJ","B0CRLYRL47","DECOLURE Office Chair Mat for Hardwood Floor, 36""x48"", Computer Desk Chair Mat, Desk Rug for Home, Noise Reducing Rolling Mat, Smooth Anti-Slip Floor Protector (Aztec Tribal)","New","31","0","0","0","0","0","0","0","31","USD","0","0","0","0","Low traffic","38.95","0.0","38.95","0.0","Create removal order","","0.0","0","0","2200.98","0.0","0.25296","cubic feet","Oversize","7.84176","US","gl_office_product","523735","366","31","","","38.95","0.0","0.0","0.0","0.0","0","0","0","0","0","65.78","0","0","0","0","","0","0","0","0.0","0","0.0","0","0.0","0","0.0","0","0.0","0","0.0","0","0.0","31","61.95","","1","Excess","","","","","","","","2026-07-25","31","0","0","0","366","unassigned","N","","",""
"2026-07-28","SS-BAMBOO-LIGHT-GREY-QUEEN-6PCS","X004D8NN9L","B0DDTVMMYW","SLEEP SANCTUARY 100% Viscose Derived from Bamboo Sheets Queen Size 6pcs – BamBliss Luxury Cooling Sheets for Hot Sleepers - Cloud Soft, 17"" Deep Pocket, Ultra Durable Bed Set (Light Grey)","New","28","0","0","3","1","0","27","0","0","USD","7","25","53","86","","64.99","0.0","64.99","0.0","CreateShippingPlan","","0.0","0","0","0.0","1.17","0.318906","cubic feet","Standard","8.929368","US","gl_home","86667","24","0","4","4","64.99","454.93","1617.15","3450.47","5609.14","0","1","2","27","0","36.22","0","0","0","0","","0","0","0","0.0","0","0.0","0","0.0","27","46.92","0","0.0","0","0.0","0","0.0","0","0.0","77.7","27","Healthy","24","2026-08-03","2026-07-27","Yes","No","50.8","77.7","2026-07-25","28","0","0","0","24","unassigned","N","","",""
"2026-07-28","SL-COOLING-FITTED-CAL-KING-LIGHT-GREY","X004OD3CNH","B0F7M7LLTQ","SLEEPHORIA Cooling Fitted Sheet Calfornia King Size - 1 PC BreezeWeave Cooling Sheets for Hot Sleepers & Cool Rest w/ 16 in Deep Pocket - Corner Straps, Cloud Soft - 69 x 81 in (Light Grey)","New","19","0","0","1","0","0","19","0","0","USD","3","11","16","22","","37.99","0.0","35.99","0.0","Create Outlet deal","","19.49","2","0","1053.1","0.74","0.144256","cubic feet","Standard","2.740864","US","gl_home","26032","60","0","6","11","35.99","107.97","383.89","563.84","767.78","1","0","0","0","19","19.09","0","0","0","0","","0","0","0","0.0","0","0.0","0","0.0","0","0.0","0","0.0","12","10.21","7","6.98","0","0.0","123.0","11","Healthy","","","2026-07-27","Yes","No","65.9","123.0","2026-07-25","19","0","0","0","60","unassigned","N","","",""
"2026-07-28","SL-COOLING-SHEET-TWIN-LIGHT-GREY","X004OCWKZT","B0F7LZ3ZQJ","SLEEPHORIA Cooling Sheets - BreezeWeave 3 PC Twin Size Cooling Bed Sheets for Hot Sleepers & Deep, Cool Rest - Cloud Soft, Silky Smooth, 16 in Deep Pocket, Ultra Durable (Light Grey)","New","16","0","0","0","16","0","0","0","0","USD","2","17","32","46","","49.99","0.0","49.99","0.0","CreateShippingPlan","","0.0","0","0","7.8","1.17","0.223209","cubic feet","Standard","3.571344","US","gl_home","82219","51","0","3","4","49.99","99.98","839.83","1584.68","2284.54","0","0","0","0","0","2.29","0","0","0","0","","0","0","","","","","","","","","","","","","","","","","74.9","19","Low stock","16","2026-08-01","2026-07-27","Yes","No","38.4","74.9","2026-07-25","16","0","0","0","51","unassigned","N","","",""
"2026-07-28","SL-COOLING-FITTED-FULL-REGAL-PURPLE","X004OD9YW5","B0F7M4VKGL","SLEEPHORIA Cooling Fitted Sheet Full Size - 1 PC BreezeWeave Cooling Sheets for Hot Sleepers & Cool Rest w/ 16 in Deep Pocket - Corner Straps, Cloud Soft, Ultra Durable - 52 x 72 in (Regal Purple)","New","15","0","0","0","0","0","16","0","0","USD","3","23","47","58","","31.99","0.0","29.99","0.0","Create Outlet deal","","16.49","2","0","258.22","1.21","0.134845","cubic feet","Standard","2.022675","US","gl_home","26032","28","0","2","3","29.99","89.97","649.77","1356.53","1664.42","0","0","0","0","16","14.18","0","0","0","0","","0","0","0","0.0","0","0.0","0","0.0","0","0.0","0","0.0","0","0.0","16","14.88","0","0.0","78.1","26","Low stock","29","2026-08-02","2026-07-27","Yes","No","31.5","78.1","2026-07-25","15","0","0","0","28","unassigned","N","","",""
"2026-07-28","SATIN-4PC-QUEEN-NAVY BLUE","X0042VGBMF","B0CQRXDZYF","DECOLURE Satin Bed Sheets - 4 Piece Luxury Silky Queen Size Bedding Set - Softer Than Silk, Wrinkle-Free with 15” Deep Pocket Fitted Sheet, Perfect for Hair & Skin, Gifts for Women (Navy Blue)","New","391","28","0","430","0","0","0","0","0","USD","30","113","247","337","","31.95","0.0","30.35","0.0","NoRestockExcessActionRequired","","0.0","0","0","-2.85","1.15","0.221945","cubic feet","Standard","86.780495","US","gl_home","4372","119","0","13","15","30.35","921.72","3511.01","7706.99","10633.8","279","151","0","0","0","82.89","0","0","0","0","","6","0","","","","","","","","","","","","","","","","","107.4","118","Healthy","","","2026-07-27","No","No","107.4","66.9","2026-07-25","419","4","2","0","120","unassigned","N","","",""
"2026-07-28","SL-COOLING-SHEET-KING-LIGHT-GREY","X004OCYH2N","B0F7LZQNHM","SLEEPHORIA Cooling Sheets - BreezeWeave 4 PC King Size Cooling Bed Sheets for Hot Sleepers & Deep, Cool Rest - Cloud Soft, Silky Smooth, 16 in Deep Pocket, Ultra Durable (Light Grey)","New","107","91","0","203","0","0","0","0","0","USD","5","13","35","103","","69.99","0.0","69.99","66.49","NoRestockExcessActionRequired","","0.0","0","0","0.0","1.28","0.329527","cubic feet","Standard","35.259389","US","gl_home","82219","212","0","32","13","69.99","349.95","909.87","2449.65","7473.97","203","0","0","0","0","43.89","0","0","0","0","","8","0","","","","","","","","","","","","","","","","","229.8","58","Healthy","","","2026-07-27","Yes","No","229.8","40.7","2026-07-25","198","7","1","0","220","unassigned","N","","",""
"2026-07-28","SL-QUILT-SET-KING-WHITE","X004R3N2NT","B0FGZVN26F","SLEEPHORIA King Quilt Bedding Set - Cloud Soft All-Season Bedspread 3 PC w/Shams, Bed Quilt King Size Coverlet - Oversized, Light Weight, Ultra Durable, Easy Care - 106 x 96 in (White)","New","431","0","0","0","3","1","430","0","0","USD","0","4","5","5","","38.99","0.0","35.09","0.0","Edit listing","","0.0","0","0","88724.44","0.01","0.77531","cubic feet","Oversize","334.15861","US","gl_home","97758","366","431","431","1120","35.09","0.0","145.96","190.95","190.95","0","0","0","431","0","2053.38","0","0","0","0","","2","0","2","0.78","0","0.0","0","0.0","0","0.0","430","1900.3","0","0.0","0","0.0","0","0.0","7889.2","5","Excess","","","2026-07-27","Yes","No","3265.0","7889.2","2026-07-25","431","0","2","0","366","unassigned","N","","",""
"2026-07-28","SS-SATIN-STRIPED-GREY-TWIN-3PCS","X004D7A1SN","B0DDRKHNWQ","SLEEP SANCTUARY Satin Sheets Twin Size – 3 Piece Luxury Silky Bed Set, Softer Than Silk, 15"" Deep Pocket, Cooling & Wrinkle-Free, Moisture-Wicking & Breathable for Hair & Skin (Striped Grey)","New","33","0","0","0","0","0","0","1","32","USD","1","1","1","1","","31.95","0.0","31.95","0.0","Create Outlet deal","","17.47","2","0","1207.31","0.03","0.128822","cubic feet","Standard","4.251126","US","gl_home","8682","366","33","132","429","31.95","34.95","34.95","34.95","34.95","0","0","0","0","0","36.39","0","0","0","0","","0","0","0","0.0","0","0.0","0","0.0","0","0.0","0","0.0","0","0.0","1","0.89","32","32.56","3054.0","3","Excess","","","2026-07-27","Yes","No","1014.0","3054.0","2026-07-25","33","0","0","0","366","unassigned","N","","",""
"2026-07-28","Amazon.Found.B08KQKKVSX","B08KQKKVSX","B08KQKKVSX","DECOLURE 100% Viscose Derived from Bamboo Sheets Twin Size - Luxury 3 Pc Naturally Cooling Sheets, Ultra Soft Bed Set - Deep 17"" Pockets, Durable Double Stitching, Oeko Tex Standard (Olive)","New","1","0","0","0","0","1","0","0","0","USD","0","0","0","0","Low conversion","75.99","0.0","75.99","0.0","Lower price","","0.0","0","0","0.0","0.26","0.172725","cubic feet","Standard","0.172725","US","gl_home","9485","7","0","","","75.99","0.0","0.0","0.0","0.0","0","0","0","1","0","0.03","0","0","0","0","","0","0","0","0.0","1","0.17","0","0.0","0","0.0","0","0.0","0","0.0","0","0.0","0","0.0","","1","Healthy","15","2026-08-03","","","","","","2026-07-25","1","0","0","0","7","unassigned","N","","",""
"2026-07-28","SS-BAMBOO-OLIVE-CALIFKING-6PCS","X004D8I3S7","B0DDTZGP9X","SLEEP SANCTUARY 100% Viscose Derived from Bamboo Sheets California King Size 6pcs – BamBliss Luxury Cooling Sheets for Hot Sleepers - Cloud Soft, 17"" Deep Pocket, Ultra Durable Bed Set (Olive)","New","25","0","0","0","0","1","24","0","0","USD","0","1","3","5","","69.99","0.0","69.99","0.0","Edit listing","","0.0","0","0","2665.25","0.18","0.302756","cubic feet","Standard","7.5689","US","gl_home","86667","329","25","100","65","69.99","0.0","69.99","216.97","356.95","0","0","0","25","0","46.4","0","0","0","0","","0","0","0","0.0","1","0.3","0","0.0","8","13.2","16","27.62","0","0.0","0","0.0","0","0.0","771.0","4","Excess","","","2026-07-27","Yes","No","771.0","488.2","2026-07-25","25","0","0","0","329","unassigned","N","","",""
"2026-07-28","DC-BAMBOO-FITTED-KING-OLIVE-1PC","X004W8DRIT","B0FX2SM97Y","DECOLURE 100% Viscose Derived from Bamboo Fitted Sheet | King Size Fitted Sheet Only | Ultra Soft Cooling Sheets for Hot Sleepers, 17"" Deep Pocket w/Corner Straps, Breathable, Oeko-Tex (Olive)","New","112","1","0","121","0","0","0","0","0","USD","12","41","41","41","","33.95","0.0","33.95","0.0","NoRestockExcessActionRequired","","","0","0","","0.3","0.227894","cubic feet","Standard","25.524128","US","gl_home","40126","66","0","10","35","33.95","405.4","1329.95","1329.95","1329.95","0","0","121","0","0","","0","0","0","0","","1","0","","","","","","","","","","","","","","","","","161.4","67","Healthy","21","2026-08-04","2026-07-27","Yes","No","113.2","161.4","2026-07-25","113","1","0","0","66","unassigned","N","","",""
"2026-07-28","SATIN-FITTED-TWIN-STONE-GREY","X004CC2UT7","B0DBW28W1W","DECOLURE Satin Fitted Sheet Twin Size (1 PC) – Luxuriously Smooth & Softer Than Silk Bed Sheets w/ 15 Inch Deep Pocket Hypoallergenic Wrinkle Free, Secure Snug Fit, Elastic Corner Straps (Stone Grey)","New","55","100","0","100","1","40","14","0","0","USD","3","11","31","39","","16.95","0.0","16.94","0.0","NoRestockExcessActionRequired","","0.0","0","0","713.15","0.39","0.121735","cubic feet","Standard","6.695425","US","gl_home","9976","366","103","20","18","16.94","50.82","184.64","563.52","705.23","100","0","0","54","0","59.26","0","0","0","0","","0","0","0","0.0","0","0.0","20","3.65","34","22.55","0","0.0","0","0.0","0","0.0","0","0.0","178.7","23","Excess","","","2026-07-27","Yes","No","168.6","178.7","2026-07-25","155","0","0","0","366","unassigned","N","","",""
"2026-07-28","BM-TWIN-MIDNIGHT-BLACK","X003VHUJGP","B0C9LTZ8BC","DECOLURE Cooling Bed Sheets Twin Set 3pcs - Luxurious & Ultra-Soft Twin Size Cooling Sheets for Hot Sleepers - Comfortable Bamboo Viscose Microfiber Sheets Twin Size w/Deep Pockets (Midnight Black)","New","75","0","0","0","1","2","72","0","0","USD","2","4","7","16","","33.95","0.0","33.94","0.0","Edit listing","","0.0","0","0","3764.57","0.21","0.183894","cubic feet","Standard","13.79205","US","gl_home","71718","366","75","75","60","33.94","67.88","135.78","243.23","548.78","0","0","0","74","0","87.89","0","0","0","0","","0","0","0","0.0","0","0.0","0","0.0","3","3.01","48","50.3","23","24.95","0","0.0","0","0.0","431.1","8","Excess","","","2026-07-27","Yes","No","386.0","431.1","2026-07-25","75","0","0","0","366","unassigned","N","","",""
"2026-07-28","SATIN-CHAMPAGNE-QUEEN","X003RX58WD","B0BZPV84V7","DECOLURE Satin Bed Sheets - 4 Piece Luxury Silky Queen Size Bedding Set - Softer Than Silk, Wrinkle-Free with 15” Deep Pocket Fitted Sheet, Perfect for Hair & Skin, Gifts for Women (Champagne)","New","21","1","0","34","0","0","0","0","0","USD","28","71","136","214","","31.95","0.0","31.95","0.0","CreateShippingPlan","","0.0","0","0","0.0","1.96","0.204634","cubic feet","Standard","4.297314","US","gl_home","4372","8","0","1","1","31.95","894.6","2246.53","4311.09","6886.01","27","7","0","0","0","1.0","0","0","0","0","","5","0","","","","","","","","","","","","","","","","","48.7","85","Low stock","192","2026-08-04","2026-07-27","No","No","31.5","48.7","2026-07-25","22","1","4","0","11","unassigned","N","","",""
"2026-07-28","SL-COOLING-FITTED-KING-REGAL-PURPLE","X004OD83S1","B0F7M4DRJN","SLEEPHORIA Cooling Fitted Sheet King Size - 1 PC BreezeWeave Cooling Sheets for Hot Sleepers & Cool Rest w/ 16 in Deep Pocket - Corner Straps, Cloud Soft, Ultra Durable - 73 x 77 in (Regal Purple)","New","67","54","0","132","0","0","0","0","0","USD","7","20","57","88","","36.99","0.0","34.99","0.0","NoExcessInventory","","0.0","0","0","2.22","1.49","0.215909","cubic feet","Standard","14.465903","US","gl_home","26032","150","0","13","9","36.99","244.93","685.8","1941.43","2964.12","132","0","0","0","0","91.81","0","0","0","0","","1","0","","","","","","","","","","","","","","","","","72.0","53","Healthy","","","2026-07-27","Yes","No","72.0","42.2","2026-07-25","121","1","0","0","153","unassigned","N","","",""
"2026-07-28","SL-QUILT-SET-TWIN-TAUPE","X004R3N17V","B0FGZLYL5C","SLEEPHORIA Twin Quilt Bedding Set - Cloud Soft All-Season Bedspread 2 PC w/Sham, Bed Quilt Twin Size Coverlet - Oversized, Light Weight, Ultra Durable, Easy Care - 68 x 86 in (Taupe)","New","54","0","0","0","1","2","51","0","0","USD","0","1","1","1","","33.99","0.0","30.59","0.0","Edit listing","","0.0","0","0","7635.64","0.02","0.530301","cubic feet","Oversize","28.636254","US","gl_home","97758","366","54","216","702","30.59","0.0","33.99","33.99","33.99","0","0","0","53","0","172.29","0","0","0","0","","0","0","0","0.0","2","1.06","0","0.0","0","0.0","24","72.54","27","84.49","0","0.0","0","0.0","4928.0","3","Excess","","","2026-07-27","Yes","No","1628.0","4928.0","2026-07-25","54","0","0","0","366","unassigned","N","","",""
"2026-07-28","DC-BAMBOO-FITTED-QUEEN-BURGUNDY-1PC","X004W8DNOH","B0FX2TBZTM","DECOLURE 100% Viscose Derived from Bamboo Fitted Sheet | Queen Size Fitted Sheet Only | Ultra Soft Cooling Sheets for Hot Sleepers, 17"" Deep Pocket w/Corner Straps, Breathable, Oeko-Tex (Burgundy)","New","69","0","0","71","0","0","0","0","0","USD","5","24","24","24","","31.95","0.0","31.95","0.0","NoRestockExcessActionRequired","","","0","0","","0.37","0.229328","cubic feet","Standard","15.823632","US","gl_home","40126","98","0","11","37","31.95","157.75","720.8","720.8","720.8","0","0","71","0","0","","0","0","0","0","","0","0","","","","","","","","","","","","","","","","","238.8","48","Healthy","20","2026-08-04","2026-07-27","Yes","No","103.4","238.8","2026-07-25","69","0","0","0","98","unassigned","N","","",""
"2026-07-28","SATIN-4PC-QUEEN-BABY BLUE","X0042VNQYB","B0CQRXLH6M","DECOLURE Satin Bed Sheets - 4 Piece Luxury Silky Queen Size Bedding Set - Softer Than Silk, Wrinkle-Free with 15” Deep Pocket Fitted Sheet, Perfect for Hair & Skin, Gifts for Women (Baby Blue)","New","120","3","0","145","0","0","0","0","0","USD","36","140","306","453","","31.95","0.0","31.94","0.0","CreateShippingPlan","","0.0","0","0","0.0","2.17","0.227637","cubic feet","Standard","27.31644","US","gl_home","4372","36","0","3","3","31.94","1164.65","4468.72","9662.19","14446.24","145","0","0","0","0","11.4","1","0","0","1","","5","0","","","","","","","","","","","","","","","","","39.3","82","Healthy","37","2026-08-04","2026-07-27","No","No","39.3","35.3","2026-07-25","124","3","2","0","37","unassigned","N","","",""
"2026-07-28","SATIN-GOLD-KING","X002O5XX77","B08KRYTRHY","DECOLURE Satin Bed Sheets - 4 Piece Luxury Silky King Size Bedding Set - Softer Than Silk, Wrinkle-Free with 15"" Deep Pocket Fitted Sheet, Perfect for Hair & Skin, Gifts for Women (Gold)","New","42","2","0","52","0","0","0","0","0","USD","8","40","60","117","","33.95","0.0","28.76","0.0","CreateShippingPlan","","0.0","0","0","0.0","2.16","0.260877","cubic feet","Standard","10.956834","US","gl_home","4372","29","0","4","4","28.76","235.27","1280.29","1921.29","3857.4","52","0","0","0","0","3.28","0","0","0","0","","3","0","","","","","","","","","","","","","","","","","49.3","95","Low stock","164","2026-08-04","2026-07-27","Yes","No","49.3","29.0","2026-07-25","44","2","1","0","30","unassigned","N","","",""
"2026-07-28","SL-CLG-COMF-BLUE/LIGHT-GREY-KING","X004OD56M7","B0F7M5WGD8","SLEEPHORIA Cooling Comforter - BreezeWeave Cooling Blanket King Size for Hot Sleepers & Deep Rest - Cloud Soft, Breathable, Ultra Durable, Easy Care, Reversible - 108 x 90 in (Blue & Light Grey)","New","36","0","0","44","0","0","0","0","0","USD","12","48","62","63","","74.99","0.0","69.99","0.0","NoExcessInventory","","0.0","0","0","0.0","1.86","0.844601","cubic feet","Standard","30.405636","US","gl_home","67231","78","0","6","16","69.99","839.88","3357.55","4337.41","4424.4","21","23","0","0","0","25.14","45","0","45","0","","1","0","","","","","","","","","","","","","","","","","45.9","39","Low stock","","","2026-07-27","Yes","No","45.0","45.9","2026-07-25","81","0","1","0","79","unassigned","N","","",""
"2026-07-28","BEACH-TOWEL-PT-DIAMOND-GRAY","X004HYDUYT","B0DQ95SWCM","DECOLURE Turkish Beach Towel Oversized 39x73 Inch - 100% Turkish Cotton, Quick Dry and Sand Free Beach Towels for Travel - Lightweight, Absorbent & Soft Peshtemal Towel - (Grey Diamond)","New","252","2","0","2","0","0","2","0","252","USD","3","10","14","21","Low traffic","19.99","0.0","19.99","0.0","Advertise listing","","0.0","0","0","8334.32","0.07","0.131671","cubic feet","Standard","33.181092","US","gl_home","312452","366","254","100","156","19.99","59.97","197.3","276.66","416.59","2","0","0","2","0","285.33","0","0","0","0","","16","0","0","0.0","0","0.0","0","0.0","1","0.72","0","0.0","1","0.78","0","0.0","252","262.12","1327.6","4","Excess","","","2026-07-27","Yes","No","816.3","1327.6","2026-07-25","254","16","0","0","366","unassigned","N","","",""
"2026-07-28","BAMBOO-TWIN-MIDGREY","X003TO84IZ","B0BZQ21K22","DECOLURE 100% Viscose Derived from Bamboo Sheets Twin Size - Luxury 3 Pc Naturally Cooling Sheets, Ultra Soft Bed Set - Deep 17"" Pockets, Durable Double Stitching, Oeko Tex Standard (Midgrey)","New","84","0","0","6","20","50","8","0","0","USD","0","3","3","10","","69.99","0.0","69.99","0.0","NoExcessInventory","","0.0","0","0","2067.41","0.12","0.200751","cubic feet","Standard","16.863084","US","gl_home","9485","366","0","112","109","69.99","0.0","174.2","174.2","513.45","0","6","0","58","0","80.16","0","0","0","0","","0","0","1","0.1","1","0.2","1","0.3","56","61.24","0","0.0","0","0.0","0","0.0","0","0.0","857.3","8","Healthy","","","2026-07-27","Yes","No","857.3","699.8","2026-07-25","84","0","0","0","366","unassigned","N","","",""
"2026-07-28","SS-SATIN-LAVENDER-QUEEN-4PCS","X004D7EVWP","B0DDRHLV1C","SLEEP SANCTUARY Satin Sheets Queen Size – 4 Piece Luxury Silky Bed Set, Softer Than Silk, 15"" Deep Pocket, Cooling & Wrinkle-Free, Moisture-Wicking & Breathable for Hair & Skin (Lavender)","New","201","0","0","115","5","2","82","0","0","USD","10","32","64","89","","33.95","31.95","27.56","0.0","NoRestockExcessActionRequired","","0.0","0","0","1167.38","0.41","0.296992","cubic feet","Standard","59.695392","US","gl_home","8682","233","134","25","29","31.95","278.6","954.26","1999.92","2856.67","7","42","66","84","0","307.53","0","0","0","0","","6","0","4","0.6","0","0.0","1","0.45","0","0.0","82","138.81","0","0.0","0","0.0","0","0.0","219.6","70","Excess","","","2026-07-27","Yes","No","193.9","219.6","2026-07-25","201","6","0","0","240","unassigned","N","","",""
"2026-07-28","BAMBOO-CALIFKING-WHITE","X002O4Z16J","B08KQKQ44M","DECOLURE 100% Viscose Derived from Bamboo Sheets California King Size - Luxury 4 Pc Naturally Cooling Sheets, Ultra Soft Bed Set - Deep 17"" Pockets, Double Stitching, Oeko Tex Standard (White)","New","127","31","0","165","0","0","0","0","0","USD","11","39","92","103","","84.99","0.0","84.99","0.0","NoRestockExcessActionRequired","","","0","0","","1.38","0.290485","cubic feet","Standard","36.891595","US","gl_home","9485","121","0","13","16","84.99","914.89","3216.09","7525.68","8447.99","117","48","0","0","0","","0","0","0","0","","4","0","","","","","","","","","","","","","","","","","97.6","60","Healthy","","","2026-07-27","Yes","No","97.6","56.8","2026-07-25","158","3","1","0","123","unassigned","N","","",""
"2026-07-28","SL-BOHO-BLANKET-MOSAIC-50x60-1-PC","X004ZA3I29","B0GGSXZBD9","SLEEPHORIA 100% Uzbek Cotton Boho Throw Blanket - Heavyweight Cotton Throw Blanket for Bed - Reversible Woven Vintage Floral Decorative for Couch Sofa - Soft Bohemian 50"" x 60"" (Mosaic)","New","1","0","0","2","0","0","0","0","0","USD","","","","","Low traffic","26.99","0.0","26.99","0.0","Advertise listing","","","0","0","","0.0","0.309736","cubic feet","Standard","0.309736","US","gl_home","","8","0","","","26.99","","","","","0","2","0","0","0","","0","0","0","0","","0","0","","","","","","","","","","","","","","","","","61.8","","","3","2026-08-04","2026-07-27","Yes","No","30.7","61.8","2026-07-25","1","0","0","0","8","unassigned","N","","",""
"2026-07-28","SATIN-6PC-QUEEN-NAVY BLUE","X004BRRG3X","B0D9QQHLK8","DECOLURE Satin Bed Sheets - 6 Piece Luxury Silky Queen Size Bedding Set - Softer Than Silk, Wrinkle-Free with 15” Deep Pocket Fitted Sheet, Perfect for Hair & Skin, Gifts for Women (Navy Blue)","New","30","7","0","32","3","7","0","0","0","USD","9","28","51","67","","30.95","0.0","30.56","0.0","CreateShippingPlan","","0.0","0","0","0.0","1.19","0.248733","cubic feet","Standard","7.46199","US","gl_home","15592","56","0","4","5","30.56","280.6","878.38","1601.6","2114.8","32","0","0","7","0","48.26","0","0","0","0","","2","0","1","0.12","0","0.0","1","0.37","6","8.14","0","0.0","0","0.0","0","0.0","0","0.0","72.2","40","Low stock","44","2026-08-04","2026-07-27","Yes","No","35.3","72.2","2026-07-25","37","0","2","0","59","unassigned","N","","",""
"2026-07-28","SATIN-6PC-KING-BURNT ORANGE","X004BS2KN3","B0D9QTXKQD","DECOLURE Satin Bed Sheets - 6 Piece Luxury Silky King Size Bedding Set - Softer Than Silk, Wrinkle-Free with 15” Deep Pocket Fitted Sheet, Perfect for Hair & Skin, Gifts for Women (Burnt Orange)","New","19","1","0","3","2","15","3","0","0","USD","3","19","37","54","","32.95","0.0","32.95","0.0","CreateShippingPlan","","0.0","0","0","0.0","1.04","0.367695","cubic feet","Standard","6.986205","US","gl_home","15592","29","0","4","4","32.95","100.84","642.34","1241.54","1851.69","0","0","3","18","0","8.84","0","0","0","0","","4","0","0","0.0","3","1.1","6","3.3","9","18.04","0","0.0","0","0.0","0","0.0","0","0.0","83.6","25","Low stock","27","2026-08-04","2026-07-27","Yes","No","44.9","83.6","2026-07-25","20","2","2","0","34","unassigned","N","","",""
"2026-07-28","BAMBOO-QUEEN-MIDGREY","X003TO84IP","B0BZQ18QJB","DECOLURE 100% Viscose Derived from Bamboo Sheets Queen Size - Luxury 4 Pc Naturally Cooling Sheets, Ultra Soft Bed Set - Deep 17"" Pockets, Durable Double Stitching, Oeko Tex Standard (Midgrey)","New","278","0","0","280","0","0","0","0","0","USD","7","42","82","102","","79.99","0.0","79.99","0.0","NoRestockExcessActionRequired","","","0","0","","0.67","0.287122","cubic feet","Standard","79.819916","US","gl_home","9485","139","0","27","36","79.99","457.96","2977.69","5835.25","7255.47","138","79","63","0","0","","6","0","0","6","","3","0","","","","","","","","","","","","","","","","","190.4","76","Healthy","","","2026-07-27","Yes","No","190.4","136.3","2026-07-25","284","3","0","0","140","unassigned","N","","",""
"2026-07-28","SS-BAMBOO-LIGHT-GREY-FULL-6PCS","X004D8Q4ZV","B0DDTZB4RQ","SLEEP SANCTUARY 100% Viscose Derived from Bamboo Sheets Full 6pcs – BamBliss Luxury Cooling Sheets for Hot Sleepers - Cloud Soft, 17"" Deep Pocket, Ultra Durable Bed Set (Light Grey)","New","48","4","0","1","0","2","49","0","0","USD","0","3","7","9","","59.99","0.0","59.99","0.0","NoRestockExcessActionRequired","","0.0","0","0","4489.67","0.16","0.291763","cubic feet","Standard","14.004624","US","gl_home","86667","366","52","64","69","59.99","0.0","176.92","420.83","547.81","1","0","0","51","0","93.01","0","0","0","0","","0","0","0","0.0","2","0.58","0","0.0","18","28.62","31","51.55","0","0.0","0","0.0","0","0.0","560.8","7","Excess","","","2026-07-27","Yes","No","390.5","560.8","2026-07-25","52","0","0","0","366","unassigned","N","","",""
"2026-07-28","SS-BAMBOO-GREY-TWIN-4PCS","X004D8UYJD","B0DDV3BVSH","SLEEP SANCTUARY 100% Viscose Derived from Bamboo Sheets Twin Size 4pcs – BamBliss Luxury Cooling Sheets for Hot Sleepers - Cloud Soft, 17"" Deep Pocket, Ultra Durable Bed Set (Grey)","New","19","0","0","0","0","0","19","0","0","USD","0","2","2","2","","61.99","0.0","61.99","0.0","Edit listing","","47.24","52","0","1178.93","0.1","0.202365","cubic feet","Standard","3.844935","US","gl_home","86667","366","19","38","123","61.99","0.0","109.98","109.98","109.98","0","0","0","19","0","24.29","0","0","0","0","","0","0","0","0.0","0","0.0","0","0.0","6","6.61","13","14.99","0","0.0","0","0.0","0","0.0","929.0","3","Excess","","","2026-07-27","Yes","No","299.0","929.0","2026-07-25","19","0","0","0","366","unassigned","N","","",""
"2026-07-28","SATIN-4PCS-QUEEN-STRIPE-GRAY","X004C9LKRD","B0DBR4XYLB","DECOLURE Satin Bed Sheets - 4 Piece Luxury Silky Queen Size Bedding Set - Softer Than Silk, Wrinkle-Free with 15” Deep Pocket Fitted Sheet, Perfect for Hair & Skin, Gifts for Women (Striped Grey)","New","157","36","0","115","32","6","56","0","0","USD","15","48","109","169","","30.95","0.0","25.48","0.0","NoRestockExcessActionRequired","","0.0","0","0","1295.04","0.69","0.238252","cubic feet","Standard","37.405564","US","gl_home","4372","237","129","13","12","25.48","388.67","1390.11","3238.44","5087.57","48","25","42","62","0","229.39","1","0","0","1","","8","0","37","4.41","0","0.0","0","0.0","56","72.71","0","0.0","0","0.0","0","0.0","0","0.0","124.0","50","Excess","","","2026-07-27","Yes","No","108.3","124.0","2026-07-25","194","5","3","0","247","unassigned","N","","",""
"2026-07-28","BM-QUEEN-CREAM","X003VHUFZP","B0C9LRJQCW","DECOLURE Cooling Sheets Queen Set 4pcs - Luxurious & Ultra-Soft Cooling Bed Sheets Queen Size for Hot Sleepers - Comfortable Bamboo Viscose Microfiber Queen Bed Sheets Set Cooling (Cream)","New","67","8","0","16","17","73","9","0","0","USD","12","40","81","97","","37.95","0.0","25.99","0.0","NoRestockExcessActionRequired","","0.0","0","0","222.47","0.51","0.211327","cubic feet","Standard","14.158909","US","gl_home","71718","183","34","6","8","25.99","347.74","1404.64","2941.59","3564.79","9","4","3","82","0","69.14","0","0","0","0","","3","0","0","0.0","1","0.21","0","0.0","81","93.29","0","0.0","0","0.0","0","0.0","0","0.0","151.5","20","Excess","","","2026-07-27","Yes","No","84.6","151.5","2026-07-25","75","1","2","0","194","unassigned","N","","",""
"2026-07-28","LINEN-CURTAIN-52x90-LIGHT-GREY-2-PCS","X004NSHL5D","B0F63B8T3H","DECOLURE Linen Blackout Curtains - SunShield 90 Inches Long Black Out Curtains for Living Room and Bedroom Windows - Luxury Faux Linen, 2 Panels Set, Ultra Durable - 90 Length x 52 in (Light Grey)","New","48","0","0","1","1","0","46","0","0","USD","0","0","2","2","Low traffic","32.99","0.0","32.99","0.0","Advertise listing","","28.1","52","0","2632.68","0.04","0.199952","cubic feet","Standard","9.597696","US","gl_home","456744","366","48","","312","32.99","0.0","0.0","59.38","59.38","1","0","0","0","46","69.71","0","0","0","0","","0","0","0","0.0","0","0.0","0","0.0","0","0.0","0","0.0","9","10.62","37","51.06","0","0.0","2171.0","1","Excess","","","2026-07-27","Yes","No","1423.0","2171.0","2026-07-25","48","0","0","0","366","unassigned","N","","",""
"2026-07-28","SATIN-STRIPE-QUEEN-WHITE--6-PCS","X003UO392Z","B0C7JQ8266","DECOLURE Satin Bed Sheets - 6 Piece Luxury Silky Queen Size Bedding Set - Softer Than Silk, Wrinkle-Free with 15” Deep Pocket Fitted Sheet, Perfect for Hair & Skin, Gifts for Women (Striped White)","New","92","0","0","3","1","0","90","0","0","USD","1","7","24","40","","30.95","0.0","28.76","0.0","NoRestockExcessActionRequired","","0.0","0","0","1780.3","0.36","0.208606","cubic feet","Standard","19.191752","US","gl_home","15592","366","85","52","29","28.76","27.81","217.91","792.26","1297.51","0","1","2","90","0","119.1","0","0","0","0","","2","0","0","0.0","0","0.0","0","0.0","0","0.0","71","84.41","19","23.37","0","0.0","0","0.0","271.4","12","Excess","","","2026-07-27","Yes","No","271.4","237.1","2026-07-25","92","2","0","0","366","unassigned","N","","",""
"2026-07-28","SS-SATIN-LAVENDER-TWIN-3PCS","X004D7K8G3","B0DDR3SX2D","SLEEP SANCTUARY Satin Sheets Twin Size – 3 Piece Luxury Silky Bed Set, Softer Than Silk, 15"" Deep Pocket, Cooling & Wrinkle-Free, Moisture-Wicking & Breathable for Hair & Skin (Lavender)","New","85","0","0","1","50","12","22","0","0","USD","1","6","6","9","","37.95","0.0","37.95","0.0","Edit listing","","29.95","9","0","3820.56","0.1","0.186885","cubic feet","Standard","15.885225","US","gl_home","8682","366","82","56","122","37.95","37.95","167.94","167.94","257.79","0","0","1","34","0","40.29","0","0","0","0","","0","0","36","3.34","6","1.12","0","0.0","0","0.0","22","23.45","0","0.0","0","0.0","0","0.0","902.0","7","Excess","","","2026-07-27","Yes","No","435.2","902.0","2026-07-25","85","0","0","0","366","unassigned","N","","",""
"2026-07-28","SATIN-4PC-QUEEN-BURNT ORANGE","X0042VKNYH","B0CQRZ6JQ3","DECOLURE Satin Bed Sheets - 4 Piece Luxury Silky Queen Size Bedding Set - Softer Than Silk, Wrinkle-Free with 15” Deep Pocket Fitted Sheet, Perfect for Hair & Skin, Gifts for Women (Burnt Orange)","New","8","1","0","2","12","0","0","0","0","USD","9","41","83","114","","30.95","0.0","30.95","0.0","CreateShippingPlan","","0.0","0","0","0.0","1.51","0.225251","cubic feet","Standard","1.802008","US","gl_home","4372","8","0","0","0","30.95","283.55","1299.71","2613.53","3622.38","0","1","1","0","0","0.36","0","0","0","0","","3","0","","","","","","","","","","","","","","","","","58.6","40","Low stock","84","2026-08-04","2026-07-27","Yes","No","21.5","58.6","2026-07-25","9","1","2","0","11","unassigned","N","","",""
"2026-07-28","SATIN-FITTED-FULL-GREY","X004CBP9D7","B0DBW17ZJP","DECOLURE Satin Fitted Sheet Full Size (1 PC) – Luxuriously Smooth & Softer Than Silk Bed Sheets w/ 15 Inch Deep Pocket Hypoallergenic Wrinkle Free, Secure Snug Fit, Elastic Corner Straps (Grey)","New","235","96","0","104","5","70","154","0","0","USD","7","26","48","72","","17.95","0.0","17.94","0.0","NoRestockExcessActionRequired","","0.0","0","0","935.92","0.24","0.147153","cubic feet","Standard","34.580955","US","gl_home","9976","366","282","36","42","17.94","125.59","465.73","858.48","1299.53","103","1","0","224","0","241.25","0","0","0","0","","8","0","2","0.15","2","0.29","43","9.49","177","141.92","0","0.0","0","0.0","0","0.0","0","0.0","349.3","60","Excess","","","2026-07-27","Yes","No","299.6","349.3","2026-07-25","331","8","0","0","366","unassigned","N","","",""
"2026-07-28","SATIN-KING-BLACK-6-PCS","X003UMHDQP","B0C7FXXS6R","DECOLURE Satin Bed Sheets - 6 Piece Luxury Silky King Size Bedding Set - Softer Than Silk, Wrinkle-Free with 15” Deep Pocket Fitted Sheet, Perfect for Hair & Skin, Gifts for Women (Black)","New","118","4","0","13","133","0","0","0","0","USD","42","162","334","467","","33.95","0.0","31.95","0.0","CreateShippingPlan","","0.0","0","0","0.0","1.18","0.247216","cubic feet","Standard","29.171488","US","gl_home","15592","17","0","2","3","31.95","1377.8","5416.9","11207.0","15767.35","8","3","2","0","0","15.21","0","0","0","0","","5","0","80","9.86","0","0.0","0","0.0","0","0.0","0","0.0","0","0.0","0","0.0","0","0.0","74.4","178","Low stock","386","2026-08-04","2026-07-27","No","No","39.0","74.4","2026-07-25","122","2","3","0","18","unassigned","N","","",""
"2026-07-28","BAMBOO-TWIN-NAVYBLUE","X002O53Z25","B08KQJRL41","DECOLURE 100% Viscose Derived from Bamboo Sheets Twin Size - Luxury 3 Pc Naturally Cooling Sheets, Ultra Soft Bed Set - Deep 17"" Pockets, Durable Double Stitching, Oeko Tex Standard (Navy Blue)","New","91","0","0","62","26","5","0","0","0","USD","2","7","14","34","","89.99","0.0","53.99","0.0","NoRestockExcessActionRequired","","0.0","0","0","0.0","0.42","0.16482","cubic feet","Standard","14.99862","US","gl_home","9485","366","0","52","34","89.99","107.98","398.49","792.6","1971.89","24","18","20","5","0","13.64","0","0","0","0","","2","0","0","0.0","5","0.82","0","0.0","0","0.0","0","0.0","0","0.0","0","0.0","0","0.0","359.9","15","Healthy","","","2026-07-27","Yes","No","359.9","195.9","2026-07-25","91","2","0","0","366","unassigned","N","","",""
"2026-07-28","SL-CLG-COMF-MINT-GREEN/DARK-GREY-KING","X004OD0929","B0F7M3DJGP","SLEEPHORIA Cooling Comforter - BreezeWeave Cooling Blanket King Size for Hot Sleepers & Deep Rest - Cloud Soft, Breathable, Ultra Durable, Easy Care, Reversible - 108 x 90 in (Mint Green & Dark Grey)","New","60","0","0","66","0","0","0","0","0","USD","8","20","37","37","","74.99","0.0","69.99","0.0","NoExcessInventory","","0.0","0","0","0.0","1.02","0.8632","cubic feet","Standard","51.792","US","gl_home","67231","74","0","12","21","69.99","559.92","1399.8","2589.63","2589.63","19","47","0","0","0","222.53","1","0","0","1","","2","0","","","","","","","","","","","","","","","","","114.3","26","Healthy","","","2026-07-27","Yes","No","114.3","86.7","2026-07-25","61","2","0","0","77","unassigned","N","","",""
"2026-07-28","SATIN-GOLD-QUEEN-6PCS","X003UMBLKT","B0C7FPM5CR","DECOLURE Satin Bed Sheets - 6 Piece Luxury Silky Queen Size Bedding Set - Softer Than Silk, Wrinkle-Free with 15” Deep Pocket Fitted Sheet, Perfect for Hair & Skin, Gifts for Women (Gold)","New","9","0","0","5","4","0","0","0","0","USD","11","20","33","46","","31.95","0.0","31.94","0.0","CreateShippingPlan","","0.0","0","0","0.0","1.47","0.256632","cubic feet","Standard","2.309688","US","gl_home","15592","9","0","1","2","31.94","351.37","638.92","1047.87","1481.22","5","0","0","0","0","1.44","0","0","0","0","","1","0","4","0.51","0","0.0","0","0.0","0","0.0","0","0.0","0","0.0","0","0.0","0","0.0","61.7","32","Low stock","62","2026-08-01","2026-07-27","Yes","No","28.7","61.7","2026-07-25","9","1","0","0","10","unassigned","N","","",""
"2026-07-28","SS-SLEEP-MASK-3D-CONTOURED-PINK","X004NF5UNL","B0F4XQBGJV","SLEEP SANCTUARY 100% Pure Mulberry Silk Sleep Mask - 22 Momme Light Blocking 3D Contour Silk Eye Mask for Sleeping - Secure Fit for Side Sleepers, Women & Men - Cloud Soft (Pink)","New","256","0","0","4","4","1","1","246","0","USD","0","1","2","6","Low traffic","26.95","0.0","26.95","0.0","Create Outlet deal","","12.59","2","0","5363.71","0.02","0.048757","cubic feet","Standard","12.481792","US","gl_drugstore","326613","366","255","1024","554","26.95","0.0","17.99","35.98","116.9","0","1","3","1","1","92.53","0","0","0","0","","0","0","1","0.02","0","0.0","1","0.07","0","0.0","0","0.0","0","0.0","247","83.12","0","0.0","7685.0","4","Excess","","","2026-07-27","Yes","No","7685.0","3861.5","2026-07-25","256","0","0","0","366","unassigned","N","","",""
"2026-07-28","SATIN-6PC-QUEEN-BABY BLUE","X004BS2KTH","B0D9QSZH1N","DECOLURE Satin Bed Sheets - 6 Piece Luxury Silky Queen Size Bedding Set - Softer Than Silk, Wrinkle-Free with 15” Deep Pocket Fitted Sheet, Perfect for Hair & Skin, Gifts for Women (Baby Blue)","New","36","0","0","19","0","2","17","0","0","USD","4","25","52","78","","30.95","0.0","30.95","0.0","CreateShippingPlan","","0.0","0","0","0.0","1.16","0.233575","cubic feet","Standard","8.4087","US","gl_home","15592","81","0","7","8","30.95","125.8","795.15","1653.0","2500.1","1","18","0","19","0","45.5","12","0","12","0","","2","0","1","0.12","1","0.23","0","0.0","1","1.27","16","21.3","0","0.0","0","0.0","0","0.0","76.1","44","Low stock","46","2026-08-04","2026-07-27","Yes","No","49.5","76.1","2026-07-25","48","1","1","0","86","unassigned","N","","",""
"2026-07-28","LINEN-CURTAIN-52x120-IVORY-2-PCS","X004NSHKLN","B0F63C8VTL","DECOLURE Linen Blackout Curtains - SunShield 120 Inches Long Black Out Curtains for Living Room and Bedroom Windows - Luxury Faux Linen, 2 Panels Set, Ultra Durable - 120 Length x 52 in (Ivory)","New","46","0","0","0","0","0","46","0","0","USD","0","0","1","1","Low traffic","39.99","0.0","39.99","0.0","Create removal order","","34.61","28","0","4366.29","0.02","0.313313","cubic feet","Standard","14.412398","US","gl_home","456744","366","46","","598","39.99","0.0","0.0","39.99","39.99","0","0","0","0","46","99.5","0","0","0","0","","0","0","0","0.0","0","0.0","0","0.0","0","0.0","0","0.0","32","59.16","14","30.26","0","0.0","","1","Excess","","","","","","","4178.0","2026-07-25","46","0","0","0","366","unassigned","N","","",""
"2026-07-28","SATIN-QUEEN-PINK-6PCS","X003UM8ZHL","B0C7FSZ6RY","DECOLURE Satin Bed Sheets - 6 Piece Luxury Silky Queen Size Bedding Set - Softer Than Silk, Wrinkle-Free with 15” Deep Pocket Fitted Sheet, Perfect for Hair & Skin, Gifts for Women (Pink)","New","81","6","0","61","1","30","0","0","0","USD","6","29","43","64","","30.95","0.0","30.95","0.0","NoRestockExcessActionRequired","","0.0","0","0","223.98","0.59","0.217212","cubic feet","Standard","17.594172","US","gl_home","15592","222","90","15","22","30.95","183.7","898.44","1340.54","2005.49","0","18","43","30","0","77.58","30","0","30","0","","1","0","2","0.22","28","6.08","0","0.0","0","0.0","0","0.0","0","0.0","0","0.0","0","0.0","150.2","51","Excess","","","2026-07-27","Yes","No","102.0","150.2","2026-07-25","117","0","1","0","225","unassigned","N","","",""
"2026-07-28","SATIN-4PC-RED-QUEEN","X0044L1I5N","B0CV4D54FV","DECOLURE Satin Bed Sheets - 4 Piece Luxury Silky Queen Size Bedding Set - Softer Than Silk, Wrinkle-Free with 15” Deep Pocket Fitted Sheet, Perfect for Hair & Skin, Gifts for Women (Red)","New","174","80","0","270","0","0","0","0","0","USD","45","147","191","308","","31.95","0.0","31.94","0.0","CreateShippingPlan","","0.0","0","0","0.0","2.22","0.218139","cubic feet","Standard","37.956186","US","gl_home","4372","45","0","5","8","31.94","1437.36","4704.47","6080.94","10197.98","270","0","0","0","0","32.8","24","0","0","24","","9","0","","","","","","","","","","","","","","","","","37.2","330","Low stock","390","2026-08-04","2026-07-27","No","No","37.2","26.9","2026-07-25","278","8","1","0","47","unassigned","N","","",""
"2026-07-28","SL-COOLING-FITTED-FULL-BEIGE","X004OCXZEJ","B0F7M5TZQ4","SLEEPHORIA Cooling Fitted Sheet Full Size - 1 PC BreezeWeave Cooling Sheets for Hot Sleepers & Cool Rest w/ 16 in Deep Pocket - Corner Straps, Cloud Soft, Ultra Durable - 52 x 72 in (Beige)","New","16","0","0","1","0","0","16","0","0","USD","4","21","37","43","","31.99","0.0","29.99","0.0","Create Outlet deal","","16.49","2","0","752.87","0.98","0.135743","cubic feet","Standard","2.171888","US","gl_home","26032","31","0","3","4","31.99","119.96","595.79","1073.63","1241.57","1","0","0","0","16","15.22","0","0","0","0","","0","0","0","0.0","0","0.0","0","0.0","0","0.0","0","0.0","9","7.2","7","6.56","0","0.0","97.7","18","Low stock","15","2026-08-04","2026-07-27","Yes","No","41.5","97.7","2026-07-25","16","0","0","0","31","unassigned","N","","",""
"2026-07-28","SL-COOLING-SHEET-CAL-KING-NAVY-BLUE","X004OD194B","B0F7LXFBGG","SLEEPHORIA Cooling Sheets - BreezeWeave 4 PC California King Size Cooling Bed Sheets for Hot Sleepers & Deep, Cool Rest - Cloud Soft, Silky Smooth, 16 in Deep Pocket, Ultra Durable (Navy Blue)","New","42","54","0","97","0","0","0","0","0","USD","3","5","5","20","","79.99","0.0","79.99","0.0","NoRestockExcessActionRequired","","0.0","0","0","151.36","0.66","0.339399","cubic feet","Standard","14.254758","US","gl_home","82219","366","0","33","27","79.99","219.97","369.95","369.95","1479.8","97","0","0","0","0","22.88","0","0","0","0","","2","0","","","","","","","","","","","","","","","","","247.0","11","Healthy","","","2026-07-27","Yes","No","247.0","59.5","2026-07-25","96","2","0","0","366","unassigned","N","","",""
"2026-07-28","SATIN-IVORY-QUEEN","X003EKC21T","B0BG1YXQGT","DECOLURE Satin Bed Sheets - 4 Piece Luxury Silky Queen Size Bedding Set - Softer Than Silk, Wrinkle-Free with 15” Deep Pocket Fitted Sheet, Perfect for Hair & Skin, Gifts for Women (Ivory)","","0","0","0","2","0","0","0","0","0","USD","4","44","94","147","","0.0","0.0","0.0","0.0","CreateShippingPlan","","","0","0","","2.03","0.224147","cubic feet","Standard","0.0","US","gl_home","4372","0","0","0","0","31.95","127.8","1393.32","2968.98","4670.79","2","0","0","0","0","","0","0","0","0","","1","0","","","","","","","","","","","","","","","","","48.3","30","Out of stock","60","2026-07-27","2026-07-27","Yes","No","11.3","48.3","2026-07-25","0","0","1","0","1","unassigned","N","","",""
"2026-07-28","SATIN-ROSEWOOD-TWIN-6PCS","X003UMGGAT","B0C7FDN7ZM","DECOLURE Satin Bed Sheets - 4 Piece Luxury Silky Twin Size Bedding Set - Softer Than Silk, Wrinkle-Free with 15” Deep Pocket Fitted Sheet, Perfect for Hair & Skin, Gifts for Women (Rosewood)","New","26","0","0","6","0","0","21","0","0","USD","1","5","18","23","","27.95","0.0","25.16","0.0","NoRestockExcessActionRequired","","0.0","0","0","1365.94","0.61","0.201046","cubic feet","Standard","5.227196","US","gl_home","15592","205","26","20","14","25.16","25.16","136.96","496.11","635.86","0","6","0","21","0","32.18","0","0","0","0","","0","0","0","0.0","0","0.0","0","0.0","21","23.01","0","0.0","0","0.0","0","0.0","0","0.0","149.1","8","Excess","","","2026-07-27","Yes","No","145.5","149.1","2026-07-25","26","0","0","0","205","unassigned","N","","",""
"2026-07-28","WELCOME-SIGN-FRONT-PORCH-SADDLE-BROWN","X004HY4P6B","B0DQ81GKN2","DECOLURE Welcome Sign for Front Porch - Tall Solid Wood Porch Door Sign with 10 Magnetic Seasonal & Holiday Pieces, Rustic Farmhouse Outdoor Decor for Year Round Welcoming Entryway (Saddle Brown)","New","21","0","0","1","0","0","0","7","13","USD","0","3","3","3","Low traffic","32.95","0.0","32.95","0.0","Create Outlet deal","","26.36","2","0","2499.55","0.13","0.433462","cubic feet","Oversize","9.102702","US","gl_office_product","736020","366","21","28","91","32.95","0.0","98.85","98.85","98.85","0","1","0","0","0","76.36","0","0","0","0","","0","0","0","0.0","0","0.0","0","0.0","0","0.0","0","0.0","0","0.0","0","0.0","20","68.5","690.0","4","Excess","","","2026-07-27","Yes","No","220.7","690.0","2026-07-25","21","0","0","0","366","unassigned","N","","",""
"2026-07-28","SS-BAMBOO-CREME-KING-6PCS","X004D8Q2NP","B0DDTZ1LKN","SLEEP SANCTUARY 100% Viscose Derived from Bamboo Sheets King Size 6pcs – BamBliss Luxury Cooling Sheets for Hot Sleepers - Cloud Soft, 17"" Deep Pocket, Ultra Durable Bed Set (Creme)","New","36","1","0","4","2","1","32","0","0","USD","4","27","58","83","","69.99","0.0","69.99","0.0","CreateShippingPlan","","0.0","0","0","0.0","1.04","0.362112","cubic feet","Standard","13.036032","US","gl_home","86667","38","0","5","5","69.99","279.96","1832.43","3965.72","5739.47","2","1","1","33","0","62.34","0","0","0","0","","2","0","2","0.36","0","0.0","0","0.0","32","63.15","0","0.0","0","0.0","0","0.0","0","0.0","87.6","33","Healthy","26","2026-08-04","2026-07-27","Yes","No","50.7","87.6","2026-07-25","37","2","0","0","40","unassigned","N","","",""
"2026-07-28","BAMBOO-TWIN-LIGHT PINK","X0040HFAB9","B0CLKDMGHC","DECOLURE 100% Viscose Derived from Bamboo Sheets Twin Size - Luxury 3 Pc Naturally Cooling Sheets, Ultra Soft Bed Set - Deep 17"" Pockets, Durable Double Stitching, Oeko Tex Standard (Light Pink)","New","14","0","0","19","0","0","0","0","0","USD","4","12","23","34","","59.99","0.0","59.99","0.0","NoRestockExcessActionRequired","","0.0","0","0","0.0","1.59","0.199121","cubic feet","Standard","2.787694","US","gl_home","9485","106","0","17","19","59.99","239.96","709.21","1389.66","2029.53","18","1","0","0","0","1.62","38","8","30","0","","2","0","","","","","","","","","","","","","","","","","70.6","32","Low stock","3","2026-08-04","2026-07-27","Yes","No","70.6","44.7","2026-07-25","52","2","0","0","126","unassigned","N","","",""
"2026-07-28","SL-QUILT-SET-QUEEN-IVORY","X004R3N3NN","B0FGZDR11L","SLEEPHORIA Queen Quilt Bedding Set - Cloud Soft All-Season Bedspread 3 PC w/Shams, Bed Quilt Queen Size Coverlet - Oversized, Light Weight, Ultra Durable, Easy Care - 90 x 96 in (Ivory)","New","199","0","0","0","2","7","195","0","0","USD","2","7","10","10","","36.99","0.0","33.29","0.0","Edit listing","","0.0","0","0","33519.46","0.05","0.634766","cubic feet","Oversize","126.318434","US","gl_home","97758","366","199","113","258","33.29","66.58","226.37","299.6","299.6","0","0","0","202","0","752.65","0","0","0","0","","3","0","6","1.9","1","0.63","0","0.0","0","0.0","195","705.55","0","0.0","0","0.0","0","0.0","2119.6","6","Excess","","","2026-07-27","Yes","No","692.6","2119.6","2026-07-25","199","3","0","0","366","unassigned","N","","",""
"2026-07-28","BAMBOO-QUEEN-LIGHT PINK-6PCS","X00438KSSP","B0CQ31PZ8Q","DECOLURE 100% Viscose Derived from Bamboo Sheets Queen Size - Luxury 6 Pc Naturally Cooling Sheets, Ultra Soft Bed Set - Deep 17"" Pockets, Durable Double Stitching, Oeko Tex Standard (Light Pink)","New","19","3","0","27","0","0","0","0","0","USD","10","78","78","78","","84.99","0.0","84.99","0.0","CreateShippingPlan","","","0","0","","2.91","0.324953","cubic feet","Standard","6.174107","US","gl_home","9357","16","0","0","3","84.99","799.9","6183.42","6183.42","6183.42","27","0","0","0","0","","0","0","0","0","","2","0","","","","","","","","","","","","","","","","","26.3","92","Low stock","159","2026-08-04","2026-07-27","Yes","No","24.9","26.3","2026-07-25","22","0","2","0","17","unassigned","N","","",""
"2026-07-28","LINEN-CURTAIN-52x72-LINEN-2-PCS","X004NSU9B1","B0F637SXZQ","DECOLURE Linen Blackout Curtains - SunShield 72 Inches Long Black Out Curtains for Living Room and Bedroom Windows - Luxury Faux Linen, 2 Panels Set, Ultra Durable - 72 Length x 52 in (Linen)","New","41","0","0","2","1","0","38","0","0","USD","0","0","3","3","Low traffic","28.99","0.0","28.99","0.0","Advertise listing","","0.0","0","0","2384.31","0.07","0.199952","cubic feet","Standard","8.198032","US","gl_home","456744","366","41","","177","28.99","0.0","0.0","86.97","86.97","2","0","0","0","38","56.09","0","0","0","0","","0","0","0","0.0","0","0.0","0","0.0","0","0.0","0","0.0","24","28.32","14","19.32","0","0.0","","3","Excess","","","","","","","1228.3","2026-07-25","41","0","0","0","366","unassigned","N","","",""
"2026-07-28","SATIN-TAUPE-FULL-6PCS","X003UMGFWD","B0C7FHXP11","DECOLURE Satin Bed Sheets - 6 Piece Luxury Silky Full Size Bedding Set - Softer Than Silk, Wrinkle-Free with 15” Deep Pocket Fitted Sheet, Perfect for Hair & Skin, Gifts for Women (Taupe)","New","78","0","0","1","1","0","0","0","76","USD","1","1","3","3","","27.95","0.0","27.95","0.0","Edit listing","","0.0","0","78","5326.85","0.04","0.253462","cubic feet","Standard","19.770036","US","gl_home","15592","366","78","312","338","27.95","27.95","27.95","91.9","91.9","0","1","0","0","0","167.83","0","0","0","0","","0","0","0","0.0","0","0.0","0","0.0","0","0.0","0","0.0","0","0.0","0","0.0","76","152.14","","3","Excess","","","","","","","3570.0","2026-07-25","78","0","0","0","366","unassigned","N","","",""
"2026-07-28","SATIN-IVORY-TWIN-6PCS","X003UMBN93","B0C7FM1K6P","DECOLURE Satin Bed Sheets - 4 Piece Luxury Silky Twin Size Bedding Set - Softer Than Silk, Wrinkle-Free with 15” Deep Pocket Fitted Sheet, Perfect for Hair & Skin, Gifts for Women (Ivory)","New","53","0","0","1","0","0","1","1","50","USD","1","3","6","8","","26.95","0.0","26.95","0.0","Edit listing","","0.0","0","0","2565.25","0.14","0.176595","cubic feet","Standard","9.359535","US","gl_home","15592","366","53","70","86","26.95","26.95","81.45","162.5","228.4","1","0","0","0","1","80.0","0","0","0","0","","0","0","0","0.0","0","0.0","0","0.0","0","0.0","0","0.0","0","0.0","2","2.44","50","69.8","635.1","4","Excess","","","2026-07-27","Yes","No","323.2","635.1","2026-07-25","53","0","0","0","366","unassigned","N","","",""
"2026-07-28","LINEN-CURTAIN-52x63-NATURAL-2-PCS","X004NSBSRP","B0F634R6RF","DECOLURE Linen Blackout Curtains - SunShield 63 Inches Long Black Out Curtains for Living Room and Bedroom Windows - Luxury Faux Linen, 2 Panels Set, Ultra Durable - 63 Length x 52 in (Natural)","New","15","0","0","0","0","0","15","0","0","USD","0","0","0","0","Low traffic","27.99","0.0","27.99","0.0","Create removal order","","0.0","0","0","793.1","0.0","0.199952","cubic feet","Standard","2.99928","US","gl_home","456744","366","15","","","13.99","0.0","0.0","0.0","0.0","0","0","0","0","15","19.78","0","0","0","0","15","0","0","0","0.0","0","0.0","0","0.0","0","0.0","0","0.0","15","17.7","0","0.0","0","0.0","","1","Excess","","","","","","","","2026-07-25","15","0","0","0","366","unassigned","N","","",""
"2026-07-28","SATIN-STRIPE-KING-GOLD","X0030KP0C1","B09G6K4M5V","DECOLURE Satin Bed Sheets - 4 Piece Luxury Silky King Size Bedding Set - Softer Than Silk, Wrinkle-Free with 15” Deep Pocket Fitted Sheet, Perfect for Hair & Skin, Gifts for Women (Striped Gold)","","0","0","0","2","0","0","0","0","0","USD","0","0","1","2","","0.0","0.0","0.0","0.0","CreateShippingPlan","","","0","0","","2.0","0.232227","cubic feet","Standard","0.0","US","gl_home","4372","0","0","","0","34.95","0.0","0.0","34.95","68.9","0","2","0","0","0","","0","0","0","0","","0","0","","","","","","","","","","","","","","","","","","10","Out of stock","15","2026-07-27","","","","","6.0","2026-07-25","0","0","0","0","0","unassigned","N","","",""
"2026-07-28","SL-COOLING-SHEET-KING-BEIGE","X004OD1B6R","B0F7LZMK4N","SLEEPHORIA Cooling Sheets - BreezeWeave 4 PC King Size Cooling Bed Sheets for Hot Sleepers & Deep, Cool Rest - Cloud Soft, Silky Smooth, 16 in Deep Pocket, Ultra Durable (Beige)","New","31","60","0","99","0","0","0","0","0","USD","11","19","19","19","","76.99","0.0","76.99","0.0","NoRestockExcessActionRequired","","0.0","0","0","0.0","0.67","0.333016","cubic feet","Standard","10.323496","US","gl_home","82219","259","0","6","21","76.99","846.89","1462.81","1462.81","1462.81","99","0","0","0","0","24.48","0","0","0","0","","3","0","","","","","","","","","","","","","","","","","90.8","24","Healthy","","","2026-07-27","Yes","No","90.8","90.8","2026-07-25","91","2","1","0","268","unassigned","N","","",""
"2026-07-28","SATIN-STRIPE-QUEEN-PURPLE","X0030KQXVN","B09G6L5ZW6","DECOLURE Satin Bed Sheets - 4 Piece Luxury Silky Queen Size Bedding Set - Softer Than Silk, Wrinkle-Free with 15” Deep Pocket Fitted Sheet, Perfect for Hair & Skin, Gifts for Women (Striped Purple)","New","11","0","0","14","0","0","0","0","0","USD","2","13","27","40","","31.95","0.0","31.95","0.0","CreateShippingPlan","","0.0","0","0","0.0","1.37","0.245441","cubic feet","Standard","2.699851","US","gl_home","4372","27","0","3","3","31.95","63.9","410.55","854.65","1296.99","0","14","0","0","0","1.4","0","0","0","0","","3","0","","","","","","","","","","","","","","","","","66.9","31","Low stock","47","2026-08-04","2026-07-27","Yes","No","45.1","66.9","2026-07-25","11","3","0","0","33","unassigned","N","","",""
"2026-07-28","SATIN-STRIPE-TWIN-GRAY--6-PCS","X003UOC1QP","B0C7K62XCT","DECOLURE Satin Bed Sheets - 4 Piece Luxury Silky Twin Size Bedding Set - Softer Than Silk, Wrinkle-Free with 15” Deep Pocket Fitted Sheet, Perfect for Hair & Skin, Gifts for Women (Striped Grey)","New","26","0","0","0","0","0","0","26","0","USD","0","2","6","8","","26.95","0.0","23.76","0.0","NoRestockExcessActionRequired","","0.0","0","0","738.04","0.27","0.102665","cubic feet","Standard","2.66929","US","gl_home","15592","366","26","52","42","23.76","0.0","54.5","163.5","219.4","0","0","0","0","0","20.27","0","0","0","0","","0","0","0","0.0","0","0.0","0","0.0","0","0.0","0","0.0","0","0.0","26","18.42","0","0.0","400.0","3","Excess","","","2026-07-27","Yes","No","400.0","344.1","2026-07-25","26","0","0","0","366","unassigned","N","","",""
"2026-07-28","SATIN-4PCS-KING-STONEGREY","X004C9V2WV","B0DBR1X2XQ","DECOLURE Satin Bed Sheets - 4 Piece Luxury Silky King Size Bedding Set - Softer Than Silk, Wrinkle-Free with 15” Deep Pocket Fitted Sheet, Perfect for Hair & Skin, Gifts for Women (Stone Grey)","New","133","3","0","5","112","28","0","0","0","USD","18","79","171","230","","30.95","0.0","30.95","0.0","CreateShippingPlan","","0.0","0","0","0.0","0.84","0.233482","cubic feet","Standard","31.053106","US","gl_home","4372","63","0","6","7","30.95","561.0","2600.37","5657.57","7810.82","3","1","1","28","0","27.18","0","0","0","0","","2","1","79","9.21","1","0.23","3","1.05","0","0.0","0","0.0","0","0.0","0","0.0","0","0.0","103.9","75","Healthy","4","2026-08-04","2026-07-27","Yes","No","65.9","103.9","2026-07-25","136","1","1","0","64","unassigned","N","","",""
"2026-07-28","SS-BAMBOO-LIGHT-GREY-TWIN-4PCS","X004D8VMA3","B0DDTY5FXV","SLEEP SANCTUARY 100% Viscose Derived from Bamboo Sheets Twin Size 4pcs – BamBliss Luxury Cooling Sheets for Hot Sleepers - Cloud Soft, 17"" Deep Pocket, Ultra Durable Bed Set (Light Grey)","New","17","0","0","0","0","1","16","0","0","USD","0","6","7","8","","54.99","0.0","54.99","0.0","NoRestockExcessActionRequired","","0.0","0","0","1163.34","0.36","0.202365","cubic feet","Standard","3.440205","US","gl_home","86667","321","17","11","27","54.99","0.0","309.44","356.18","411.17","0","0","0","17","0","20.76","0","0","0","0","","0","0","0","0.0","1","0.2","0","0.0","6","6.62","10","11.53","0","0.0","0","0.0","0","0.0","250.8","5","Excess","","","2026-07-27","Yes","No","78.3","250.8","2026-07-25","17","0","0","0","321","unassigned","N","","",""
"2026-07-28","SATIN-6PC-FULL-LAVENDER","X004BS2KU1","B0D9QR6YSH","DECOLURE Satin Bed Sheets - 6 Piece Luxury Silky Full Size Bedding Set - Softer Than Silk, Wrinkle-Free with 15” Deep Pocket Fitted Sheet, Perfect for Hair & Skin, Gifts for Women (Lavender)","New","55","14","0","0","49","1","21","0","0","USD","3","8","15","18","","28.95","0.0","28.95","0.0","NoRestockExcessActionRequired","","0.0","0","0","5214.87","0.22","0.307072","cubic feet","Standard","16.88896","US","gl_home","15592","366","69","27","39","28.95","86.85","229.1","429.75","528.6","0","0","0","1","21","50.07","0","0","0","0","","0","0","0","0.0","1","0.31","0","0.0","0","0.0","0","0.0","18","32.6","3","6.36","0","0.0","434.1","11","Excess","","","2026-07-27","Yes","No","250.1","434.1","2026-07-25","69","0","0","0","366","unassigned","N","","",""
"2026-07-28","SS-SATIN-BURNT-ORANGE-KING-4PCS","X004D7K7IR","B0DDRL4WTJ","SLEEP SANCTUARY Satin Sheets King Size – 4 Piece Luxury Silky Bed Set, Softer Than Silk, 15"" Deep Pocket, Cooling & Wrinkle-Free, Moisture-Wicking & Breathable for Hair & Skin (Burnt Orange)","New","111","0","0","2","12","19","40","39","0","USD","12","20","28","33","","35.95","33.95","29.36","0.0","NoRestockExcessActionRequired","","0.0","0","0","3191.31","0.25","0.356311","cubic feet","Standard","39.550521","US","gl_home","8682","262","88","22","43","35.95","358.91","632.15","912.56","1100.31","0","0","2","57","2","223.19","0","0","0","0","","0","0","0","0.0","1","0.36","6","3.21","42","81.56","7","14.21","2","4.2","40","98.35","0","0.0","377.1","28","Excess","","","2026-07-27","Yes","No","210.6","377.1","2026-07-25","111","0","0","0","262","unassigned","N","","",""
"2026-07-28","SATIN-6PC-FULL-DARK GREEN","X004BS2KP1","B0D9QR4PS8","DECOLURE Satin Bed Sheets - 6 Piece Luxury Silky Full Size Bedding Set - Softer Than Silk, Wrinkle-Free with 15” Deep Pocket Fitted Sheet, Perfect for Hair & Skin, Gifts for Women (Dark Green)","New","141","0","0","0","1","12","131","0","0","USD","4","9","13","16","","27.95","0.0","22.45","0.0","Edit listing","","0.0","0","0","11188.13","0.09","0.309086","cubic feet","Standard","43.581126","US","gl_home","15592","366","141","62","114","22.45","102.8","251.05","367.85","462.87","0","0","0","120","23","267.97","0","0","0","0","","2","0","1","0.15","0","0.0","6","2.78","42","70.74","72","126.85","18","32.82","5","10.67","0","0.0","1072.2","9","Excess","","","2026-07-27","Yes","No","748.8","1072.2","2026-07-25","141","2","0","0","366","unassigned","N","","",""
"2026-07-28","SATIN-GOLD-QUEEN","X002O624MB","B08KRW2BX3","DECOLURE Satin Bed Sheets - 4 Piece Luxury Silky Queen Size Bedding Set - Softer Than Silk, Wrinkle-Free with 15” Deep Pocket Fitted Sheet, Perfect for Hair & Skin, Gifts for Women (Gold)","New","132","0","0","135","0","0","0","0","0","USD","11","59","116","172","","31.95","0.0","31.94","0.0","CreateShippingPlan","","0.0","0","0","0.0","1.32","0.232784","cubic feet","Standard","30.727488","US","gl_home","4372","86","0","8","9","31.94","351.34","1875.57","3680.4","5464.4","97","38","0","0","0","15.04","0","0","0","0","","0","0","","","","","","","","","","","","","","","","","78.6","77","Healthy","33","2026-08-04","2026-07-27","Yes","No","78.6","57.6","2026-07-25","132","0","0","0","86","unassigned","N","","",""
"2026-07-28","SS-SATIN-STRIPED-GOLD-KING-4PCS","X004D79ZVH","B0DDQXKZK7","SLEEP SANCTUARY Satin Sheets King Size – 4 Piece Luxury Silky Bed Set, Softer Than Silk, 15"" Deep Pocket, Cooling & Wrinkle-Free, Moisture-Wicking & Breathable for Hair & Skin (Striped Gold)","New","110","0","0","18","24","0","1","2","65","USD","1","5","8","10","","35.95","33.95","32.94","0.0","NoRestockExcessActionRequired","","0.0","0","0","4541.88","0.1","0.304116","cubic feet","Standard","33.45276","US","gl_home","8682","366","110","88","143","35.95","32.94","176.74","282.4","354.3","0","0","18","0","1","182.04","0","0","0","0","","0","1","0","0.0","0","0.0","0","0.0","0","0.0","0","0.0","1","1.79","1","2.1","66","158.59","940.6","19","Excess","","","2026-07-27","Yes","No","565.2","940.6","2026-07-25","110","0","0","0","366","unassigned","N","","",""
"2026-07-28","SS-SATIN-STONE-GREY-KING-4PCS","X004D7K9AX","B0DDR1ZPRZ","SLEEP SANCTUARY Satin Sheets King Size – 4 Piece Luxury Silky Bed Set, Softer Than Silk, 15"" Deep Pocket, Cooling & Wrinkle-Free, Moisture-Wicking & Breathable for Hair & Skin (Stone Grey)","New","200","0","0","187","18","0","0","0","0","USD","27","75","129","175","","35.95","33.95","29.36","0.0","NoRestockExcessActionRequired","","0.0","0","0","0.0","0.75","0.23363","cubic feet","Standard","46.726","US","gl_home","8682","98","0","10","14","35.95","804.72","2483.64","4310.71","5988.41","12","60","115","0","0","157.72","0","0","0","0","","4","0","","","","","","","","","","","","","","","","","125.2","106","Healthy","28","2026-08-04","2026-07-27","No","No","94.0","125.2","2026-07-25","200","3","1","0","101","unassigned","N","","",""
"2026-07-28","SS-BAMBOO-WHITE-KING-6PCS","X004D8VLZ9","B0DDTZ92JW","SLEEP SANCTUARY 100% Viscose Derived from Bamboo Sheets King Size 6pcs – BamBliss Luxury Cooling Sheets for Hot Sleepers - Cloud Soft, 17"" Deep Pocket, Ultra Durable Bed Set (White)","New","23","35","0","4","17","16","24","0","0","USD","12","51","126","218","","69.99","0.0","69.99","0.0","CreateShippingPlan","","0.0","0","0","0.0","1.37","0.361387","cubic feet","Standard","8.311901","US","gl_home","86667","22","0","1","1","69.99","839.88","3512.19","8673.19","15108.27","3","1","0","40","0","15.07","0","0","0","0","","0","0","1","0.18","6","2.17","1","0.54","33","65.0","0","0.0","0","0.0","0","0.0","0","0.0","63.1","75","Low stock","92","2026-08-03","2026-07-27","Yes","No","43.4","63.1","2026-07-25","58","0","0","0","22","unassigned","N","","",""
"2026-07-28","LINEN-CURTAIN-52x72-LIGHT-BEIGE-2-PCS","X004NSXDKZ","B0F638RWQV","DECOLURE Linen Blackout Curtains - SunShield 72 Inches Long Black Out Curtains for Living Room and Bedroom Windows - Luxury Faux Linen, 2 Panels Set, Ultra Durable - 72 Length x 52 in (Light Beige)","New","46","0","0","0","0","0","46","0","0","USD","0","1","2","2","Low traffic","28.99","0.0","28.99","0.0","Create removal order","","0.0","0","0","2447.1","0.04","0.199952","cubic feet","Standard","9.197792","US","gl_home","456744","366","46","184","299","28.99","0.0","28.99","57.98","57.98","0","0","0","0","46","66.65","0","0","0","0","","0","0","0","0.0","0","0.0","0","0.0","0","0.0","0","0.0","16","18.88","30","41.4","0","0.0","2126.0","3","Excess","","","2026-07-27","Yes","No","1389.0","2126.0","2026-07-25","46","0","0","0","366","unassigned","N","","",""
"2026-07-28","SATIN-STRIPE-KING-BLUE","X0030KP0DZ","B09G6JGMY9","DECOLURE Satin Bed Sheets - 4 Piece Luxury Silky King Size Bedding Set - Softer Than Silk, Wrinkle-Free with 15” Deep Pocket Fitted Sheet, Perfect for Hair & Skin, Gifts for Women (Striped Blue)","","0","0","0","1","0","0","0","0","0","USD","0","1","23","50","","0.0","0.0","0.0","0.0","CreateShippingPlan","","","0","0","","2.5","0.284089","cubic feet","Standard","0.0","US","gl_home","4372","0","0","0","0","32.25","0.0","33.95","772.35","1704.44","0","1","0","0","0","","0","0","0","0","","1","0","","","","","","","","","","","","","","","","","36.6","10","Out of stock","13","2026-07-25","2026-07-27","Yes","No","8.3","36.6","2026-07-25","0","0","1","0","22","unassigned","N","","",""
"2026-07-28","SATIN-CHAMPAGNE-FULL-6PCS","X003UM8ZGR","B0C7FSXPC5","DECOLURE Satin Bed Sheets - 6 Piece Luxury Silky Full Size Bedding Set - Softer Than Silk, Wrinkle-Free with 15” Deep Pocket Fitted Sheet, Perfect for Hair & Skin, Gifts for Women (Champagne)","New","74","0","0","1","1","3","2","2","65","USD","1","3","4","8","","27.95","0.0","27.95","0.0","Edit listing","","0.0","0","0","3933.95","0.1","0.193854","cubic feet","Standard","14.345196","US","gl_home","15592","366","74","98","120","27.95","25.51","79.45","109.4","225.24","1","0","0","3","2","116.54","0","0","0","0","","1","0","2","0.2","1","0.19","0","0.0","0","0.0","0","0.0","1","1.14","3","4.01","65","99.53","1140.5","3","Excess","","","2026-07-27","Yes","No","1140.5","1002.9","2026-07-25","74","1","0","0","366","unassigned","N","","",""
"2026-07-28","SS-SATIN-STRIPED-WHITE-KING-4PCS","X004D7A3EP","B0DDR4D9HP","SLEEP SANCTUARY Satin Sheets King Size – 4 Piece Luxury Silky Bed Set, Softer Than Silk, 15"" Deep Pocket, Cooling & Wrinkle-Free, Moisture-Wicking & Breathable for Hair & Skin (Striped White)","New","85","1","0","1","2","1","2","3","81","USD","22","40","55","67","","35.95","33.95","22.45","0.0","NoRestockExcessActionRequired","","0.0","0","0","556.73","0.49","0.307613","cubic feet","Standard","26.147105","US","gl_home","8682","102","67","8","16","35.95","524.54","1132.13","1635.43","2071.83","0","0","1","3","0","208.28","0","0","0","0","","3","0","0","0.0","0","0.0","1","0.46","0","0.0","1","1.75","1","1.81","3","6.37","81","196.83","204.1","43","Excess","8","2026-08-04","2026-07-27","No","No","93.1","204.1","2026-07-25","86","2","1","0","110","unassigned","N","","",""
"2026-07-28","SATIN-FITTED-QUEEN-BLUSH-PINK","X004CBXT4N","B0DBVZBLDK","DECOLURE Satin Fitted Sheet Queen Size (1 PC) – Luxuriously Smooth & Softer than Silk Bed Sheets w/ 15 Inch Deep Pocket Hypoallergenic Wrinkle Free, Secure Snug Fit, Elastic Corner Straps (Blush Pink)","New","66","26","0","107","5","6","0","0","0","USD","17","53","91","131","","17.95","0.0","17.95","0.0","NoRestockExcessActionRequired","","0.0","0","0","0.0","1.15","0.103889","cubic feet","Standard","6.856674","US","gl_home","9976","82","0","6","8","17.95","305.14","943.03","1617.43","2363.43","104","3","0","6","0","31.74","18","0","0","18","","4","0","1","0.05","1","0.1","4","0.63","0","0.0","0","0.0","0","0.0","0","0.0","0","0.0","68.7","80","Healthy","63","2026-08-04","2026-07-27","Yes","No","40.1","68.7","2026-07-25","110","1","3","0","85","unassigned","N","","",""
"2026-07-28","SATIN-WHITE-FULL","X002O5X15V","B08KRNYD9B","DECOLURE Satin Bed Sheets - 4 Piece Luxury Silky Full Size Bedding Set - Softer Than Silk, Wrinkle-Free with 15” Deep Pocket Fitted Sheet, Perfect for Hair & Skin, Gifts for Women (White)","New","70","24","0","102","0","0","0","0","0","USD","12","49","83","110","","26.95","0.0","26.95","0.0","NoRestockExcessActionRequired","","0.0","0","0","0.0","0.95","0.195072","cubic feet","Standard","13.65504","US","gl_home","4372","120","0","12","17","26.95","329.4","1421.37","2422.41","3253.59","34","19","49","0","0","51.7","78","24","54","0","","5","0","","","","","","","","","","","","","","","","","113.0","74","Healthy","","","2026-07-27","Yes","No","67.5","113.0","2026-07-25","172","2","3","0","136","unassigned","N","","",""
"2026-07-28","SS-SATIN-BABY-BLUE-TWIN-3PCS","X004D7A0HZ","B0DDR9ZDTW","SLEEP SANCTUARY Satin Sheets Twin Size – 3 Piece Luxury Silky Bed Set, Softer Than Silk, 15"" Deep Pocket, Cooling & Wrinkle-Free, Moisture-Wicking & Breathable for Hair & Skin (Baby Blue)","","0","0","0","0","0","1","0","1","0","USD","1","6","8","12","","0.0","0.0","23.96","0.0","CreateShippingPlan","","","0","0","","1.37","0.224182","cubic feet","Standard","0.0","US","gl_home","8682","0","0","0","0","27.95","23.96","170.72","235.62","355.42","0","0","0","1","0","","0","0","0","0","","1","0","0","0.0","1","0.22","0","0.0","0","0.0","0","0.0","0","0.0","1","1.55","0","0.0","60.4","11","Out of stock","22","2026-07-28","2026-07-27","Yes","No","22.7","60.4","2026-07-25","0","0","1","0","4","unassigned","N","","",""
"2026-07-28","SL-CLG-PC-WHITE-QUEEN-2PCS","X004OCE4PX","B0F7LKTKKS","SLEEPHORIA Cooling Pillow Cases - BreezeWeave Queen Size Set of 2 Pillowcases for Hot Sleepers & Cool, Deep Rest - Cloud Soft, Silky Smooth, Ultra Durable, Easy Care, Hidden Zipper (White)","New","231","3","0","239","0","0","0","0","0","USD","7","47","82","114","","19.99","0.0","17.99","0.0","NoExcessInventory","","0.0","0","0","0.0","0.87","0.072698","cubic feet","Standard","16.793238","US","gl_home","122466","235","0","19","26","19.99","125.03","848.11","1450.76","1998.44","34","205","0","0","0","11.83","0","0","0","0","","1","0","","","","","","","","","","","","","","","","","144.1","54","Healthy","","","2026-07-27","Yes","No","144.1","117.5","2026-07-25","234","1","0","0","237","unassigned","N","","",""
"2026-07-28","SL-COOLING-SHEET-QUEEN-BEIGE","X004OCYRZZ","B0F7LX6W9T","SLEEPHORIA Cooling Sheets - BreezeWeave 4 PC Queen Size Cooling Bed Sheets for Hot Sleepers & Deep, Cool Rest - Cloud Soft, Silky Smooth, 16 in Deep Pocket, Ultra Durable (Beige)","New","152","133","0","290","0","0","0","0","0","USD","3","36","134","206","","64.99","0.0","64.99","0.0","NoRestockExcessActionRequired","","0.0","0","0","101.18","1.17","0.302363","cubic feet","Standard","45.959176","US","gl_home","82219","288","0","17","9","64.99","194.97","2339.64","8650.16","13377.23","288","1","1","0","0","58.88","1","0","0","1","","10","1","","","","","","","","","","","","","","","","","87.8","68","Healthy","","","2026-07-27","Yes","No","87.8","55.9","2026-07-25","286","9","1","0","298","unassigned","N","","",""
"2026-07-28","BAMBOO-KING-TAUPE-6PCS","X00438CIR9","B0CQ3178D7","DECOLURE 100% Viscose Derived from Bamboo Sheets King Size - Luxury 6 Pc Naturally Cooling Sheets, Ultra Soft Bed Set - Deep 17"" Pockets, Durable Double Stitching, Oeko Tex Standard (Taupe)","New","364","612","0","1028","0","0","0","0","0","USD","65","323","601","726","","89.99","0.0","89.98","0.0","CreateShippingPlan","","0.0","0","0","0.0","1.5","0.350974","cubic feet","Standard","127.754536","US","gl_home","9357","196","0","7","11","89.98","5848.97","28931.29","53683.34","65128.73","770","258","0","0","0","224.18","264","228","36","0","","26","1","","","","","","","","","","","","","","","","","45.1","304","Healthy","","","2026-07-27","No","No","45.1","40.9","2026-07-25","1240","18","8","0","249","unassigned","N","","",""
"2026-07-28","SS-BAMBOO-LIGHT-OLIVE-CALIFKING-6PCS","X004D8TQVZ","B0DDTXFQ29","SLEEP SANCTUARY 100% Viscose Derived from Bamboo Sheets California King Size 6pcs – BamBliss Luxury Cooling Sheets for Hot Sleepers - Cloud Soft, 17"" Deep Pocket, Ultra Durable Bed Set (Light Olive)","New","24","0","0","1","0","1","22","0","0","USD","0","0","0","0","Low conversion","76.99","0.0","76.99","0.0","Lower price","","58.6","52","0","2181.3","0.0","0.302756","cubic feet","Standard","7.266144","US","gl_home","86667","366","24","","","76.99","0.0","0.0","0.0","0.0","0","0","1","23","0","43.19","0","0","0","0","","0","0","0","0.0","0","0.0","1","0.45","4","6.6","18","31.08","0","0.0","0","0.0","0","0.0","","3","Excess","","","","","","","","2026-07-25","24","0","0","0","366","unassigned","N","","",""
"2026-07-28","SS-BAMBOO-LIGHT-BLUE-FULL-6PCS","X004D8NLQB","B0DDTYHW5S","SLEEP SANCTUARY 100% Viscose Derived from Bamboo Sheets Full 6pcs – BamBliss Luxury Cooling Sheets for Hot Sleepers - Cloud Soft, 17"" Deep Pocket, Ultra Durable Bed Set (Light Blue)","New","33","0","0","0","1","0","32","0","0","USD","2","5","10","17","","59.99","0.0","59.99","0.0","NoRestockExcessActionRequired","","0.0","0","0","131.93","0.43","0.293921","cubic feet","Standard","9.699393","US","gl_home","86667","170","31","26","25","59.99","119.98","299.95","596.85","1023.78","0","0","0","32","0","56.31","0","0","0","0","","0","0","0","0.0","0","0.0","0","0.0","18","28.83","14","23.47","0","0.0","0","0.0","0","0.0","269.3","11","Excess","","","2026-07-27","Yes","No","269.3","215.2","2026-07-25","33","0","0","0","170","unassigned","N","","",""
"2026-07-28","DC-BAMBOO-FITTED-QUEEN-BLACK-1PC","X004W8FFBB","B0FX2RFZP3","DECOLURE 100% Viscose Derived from Bamboo Fitted Sheet | Queen Size Fitted Sheet Only | Ultra Soft Cooling Sheets for Hot Sleepers, 17"" Deep Pocket w/Corner Straps, Breathable, Oeko-Tex (Black)","New","26","0","0","29","0","0","0","0","0","USD","9","47","52","52","","31.95","0.0","31.95","0.0","CreateShippingPlan","","","0","0","","1.05","0.227933","cubic feet","Standard","5.926258","US","gl_home","40126","18","0","2","6","31.95","287.55","1411.65","1551.4","1551.4","0","0","29","0","0","","0","0","0","0","","2","0","","","","","","","","","","","","","","","","","92.1","68","Low stock","106","2026-08-04","2026-07-27","Yes","No","38.7","92.1","2026-07-25","26","1","1","0","20","unassigned","N","","",""
"2026-07-28","SL-COOLING-SHEET-KING-LIGHT-PINK","X004OD4SU3","B0F7LTXSLG","SLEEPHORIA Cooling Sheets - BreezeWeave 4 PC King Size Cooling Bed Sheets for Hot Sleepers & Deep, Cool Rest - Cloud Soft, Silky Smooth, 16 in Deep Pocket, Ultra Durable (Light Pink)","New","31","54","0","81","0","0","0","0","0","USD","2","13","13","28","","69.99","0.0","69.99","0.0","NoRestockExcessActionRequired","","0.0","0","0","0.0","1.11","0.319215","cubic feet","Standard","9.895665","US","gl_home","82219","220","0","9","14","69.99","145.27","942.29","942.29","2097.14","81","0","0","0","0","17.91","0","0","0","0","","0","0","","","","","","","","","","","","","","","","","77.4","29","Healthy","","","2026-07-27","Yes","No","77.4","32.5","2026-07-25","85","0","0","0","220","unassigned","N","","",""
"2026-07-28","SATIN-QUEEN-GREY-6PCS","X003UM8ZI5","B0C7F5ZR17","DECOLURE Satin Bed Sheets - 6 Piece Luxury Silky Queen Size Bedding Set - Softer Than Silk, Wrinkle-Free with 15” Deep Pocket Fitted Sheet, Perfect for Hair & Skin, Gifts for Women (Grey)","New","21","1","0","0","2","13","13","0","0","USD","9","37","58","88","","29.95","0.0","29.94","0.0","CreateShippingPlan","","0.0","0","0","0.0","1.14","0.212931","cubic feet","Standard","4.471551","US","gl_home","15592","22","0","2","3","29.94","269.48","1099.08","1719.03","2634.53","0","0","0","26","0","8.0","0","0","0","0","","3","0","1","0.11","7","1.49","3","0.96","15","17.41","0","0.0","0","0.0","0","0.0","0","0.0","83.1","56","Low stock","101","2026-08-04","2026-07-27","Yes","No","37.4","83.1","2026-07-25","22","1","2","0","26","unassigned","N","","",""
"2026-07-28","SATIN-STRIPE-FULL-WHITE","X0030KQXRR","B09G6KKB4S","DECOLURE Satin Bed Sheets - 4 Piece Luxury Silky Full Size Bedding Set - Softer Than Silk, Wrinkle-Free with 15” Deep Pocket Fitted Sheet, Perfect for Hair & Skin, Gifts for Women (Striped White)","New","42","2","0","0","31","2","11","0","0","USD","1","8","20","34","","26.95","0.0","26.95","0.0","NoRestockExcessActionRequired","","0.0","0","0","670.11","0.56","0.154137","cubic feet","Standard","6.473754","US","gl_home","4372","322","34","21","16","26.95","29.94","238.09","594.49","1027.2","0","0","0","13","0","13.89","0","0","0","0","","0","0","6","0.46","1","0.15","1","0.23","0","0.0","11","9.68","0","0.0","0","0.0","0","0.0","206.4","15","Excess","","","2026-07-27","Yes","No","206.4","180.2","2026-07-25","44","0","0","0","322","unassigned","N","","",""
"2026-07-28","SL-CLG-COMF-PINK/BEIGE-FULL","X004ZEXX39","B0GHSDK4V9","SLEEPHORIA Cooling Comforter - BreezeWeave Cooling Blanket Full Size for Hot Sleepers & Deep Rest - Cloud Soft, Breathable, Ultra Durable, Easy Care, Reversible - 86 x 82 in (Pink & Beige)","New","47","0","0","48","0","0","0","0","0","USD","3","3","3","3","","54.99","0.0","54.99","0.0","Edit listing","","","0","0","","0.05","0.571423","cubic feet","Standard","26.856881","US","gl_home","67231","122","0","62","203","59.99","164.97","164.97","164.97","164.97","0","12","36","0","0","","0","0","0","0","","0","0","","","","","","","","","","","","","","","","","340.8","12","Healthy","","","2026-07-27","Yes","No","152.4","340.8","2026-07-25","47","0","0","0","122","unassigned","N","","",""
"2026-07-28","SS-SATIN-BLACK-KING-4PCS","X004D7LWNV","B0DDRKVH9Q","SLEEP SANCTUARY Satin Sheets King Size – 4 Piece Luxury Silky Bed Set, Softer Than Silk, 15"" Deep Pocket, Cooling & Wrinkle-Free, Moisture-Wicking & Breathable for Hair & Skin (Black)","New","0","1","0","21","0","0","0","0","0","USD","98","249","444","637","","35.95","33.95","29.36","0.0","CreateShippingPlan","","0.0","0","0","0.0","2.01","0.243866","cubic feet","Standard","0.0","US","gl_home","8682","0","0","0","0","35.95","2932.46","8098.77","14857.37","21865.72","4","4","13","0","0","0.05","0","0","0","0","","7","0","","","","","","","","","","","","","","","","","50.0","265","Low stock","749","2026-08-04","2026-07-27","No","No","21.4","50.0","2026-07-25","1","5","2","0","0","unassigned","N","","",""
"2026-07-28","BAMBOO-TWIN-LIGHTOLIVE-6PCS","X00438TIKT","B0CQ2YWCB3","DECOLURE 100% Viscose Derived from Bamboo Sheets Twin Size - Luxury 4 Pc Naturally Cooling Sheets, Ultra Soft Bed Set - Deep 17"" Pockets, Durable Double Stitching, Oeko Tex Standard (Light Olive)","New","74","2","0","2","1","1","48","0","25","USD","1","3","5","6","","64.99","0.0","58.49","0.0","Edit listing","","0.0","0","0","3936.3","0.08","0.184486","cubic feet","Standard","13.651964","US","gl_home","9357","366","74","98","160","58.49","58.49","188.47","308.69","373.67","2","0","0","49","0","100.01","0","0","0","0","","0","0","0","0.0","0","0.0","0","0.0","1","1.01","24","25.23","24","26.14","0","0.0","25","36.43","1192.7","4","Excess","","","2026-07-27","Yes","No","584.0","1192.7","2026-07-25","76","0","0","0","366","unassigned","N","","",""
"2026-07-28","BM-TWIN-R-PURPLE","X003VHUI9X","B0C9LS4RWT","DECOLURE Cooling Bed Sheets Twin Set 3pcs - Luxurious & Ultra-Soft Twin Size Cooling Sheets for Hot Sleepers - Comfortable Cool Bamboo Viscose Microfiber Sheets Twin Size w/Deep Pockets (Purple)","New","64","1","0","2","1","0","48","14","0","USD","2","8","15","19","","33.95","0.0","33.94","0.0","NoRestockExcessActionRequired","","0.0","0","65","3156.23","0.25","0.181028","cubic feet","Standard","11.585792","US","gl_home","71718","366","65","32","43","33.94","67.89","271.59","507.54","673.34","1","1","0","0","48","79.44","0","0","0","0","","1","0","0","0.0","0","0.0","0","0.0","0","0.0","0","0.0","48","51.27","14","17.49","0","0.0","358.7","9","Excess","","","2026-07-27","Yes","No","230.9","358.7","2026-07-25","65","1","0","0","366","unassigned","N","","",""
"2026-07-28","SS-SATIN-STONE-GREY-TWIN-3PCS","X004D7HGGN","B0DDQVBL24","SLEEP SANCTUARY Satin Sheets Twin Size – 3 Piece Luxury Silky Bed Set, Softer Than Silk, 15"" Deep Pocket, Cooling & Wrinkle-Free, Moisture-Wicking & Breathable for Hair & Skin (Stone Grey)","New","28","0","0","0","30","0","0","0","0","USD","3","8","10","13","","29.95","27.95","23.96","0.0","NoRestockExcessActionRequired","","0.0","0","0","1589.19","0.34","0.259904","cubic feet","Standard","7.277312","US","gl_home","8682","164","26","14","28","29.95","71.88","212.66","273.57","363.42","0","0","0","0","0","5.2","0","0","0","0","","0","0","","","","","","","","","","","","","","","","","283.4","13","Excess","","","2026-07-27","Yes","No","148.0","283.4","2026-07-25","28","0","0","0","164","unassigned","N","","",""
"2026-07-28","SL-COOLING-FITTED-FULL-LIGHT-PINK","X004OD9ZH9","B0F7M26SWR","SLEEPHORIA Cooling Fitted Sheet Full Size - 1 PC BreezeWeave Cooling Sheets for Hot Sleepers & Cool Rest w/ 16 in Deep Pocket - Corner Straps, Cloud Soft, Ultra Durable - 52 x 72 in (Light Pink)","","0","0","0","1","0","0","0","0","0","USD","0","33","52","63","","0.0","0.0","0.0","0.0","CreateShippingPlan","","","0","0","","1.67","0.135875","cubic feet","Standard","0.0","US","gl_home","26032","0","0","0","0","29.99","0.0","923.67","1485.48","1793.37","1","0","0","0","0","","0","0","0","0","","1","0","","","","","","","","","","","","","","","","","54.8","29","Out of stock","51","2026-07-27","2026-07-27","Yes","No","10.1","54.8","2026-07-25","0","0","1","0","3","unassigned","N","","",""
"2026-07-28","SL-COOLING-FITTED-CAL-KING-LIGHT-BLUE","X004OD2QVB","B0F7M35WZY","SLEEPHORIA Cooling Fitted Sheet Calfornia King Size - 1 PC BreezeWeave Cooling Sheets for Hot Sleepers & Cool Rest w/ 16 in Deep Pocket - Corner Straps, Cloud Soft - 69 x 81 in (Light Blue)","New","24","1","0","1","1","0","23","0","0","USD","3","9","17","20","","37.99","0.0","35.99","0.0","Create Outlet deal","","19.49","2","0","1316.96","0.52","0.144256","cubic feet","Standard","3.462144","US","gl_home","26032","79","0","10","15","35.99","107.97","315.91","587.83","694.8","1","0","0","1","22","26.25","0","0","0","0","","0","0","0","0.0","0","0.0","0","0.0","0","0.0","0","0.0","1","0.85","22","21.93","0","0.0","172.8","13","Healthy","","","2026-07-27","Yes","No","127.6","172.8","2026-07-25","25","0","0","0","79","unassigned","N","","",""
"2026-07-28","BAMBOO-FULL-LIGHT PINK-6PCS","X00438KSE9","B0CQ32S4MW","DECOLURE 100% Viscose Derived from Bamboo Sheets Full Size - Luxury 6 Pc Naturally Cooling Sheets, Ultra Soft Bed Set - Deep 17"" Pockets, Durable Double Stitching, Oeko Tex Standard (Light Pink)","New","5","0","0","5","0","0","0","0","0","USD","6","13","13","27","","74.99","0.0","74.99","0.0","GoToRestock","","0.0","0","0","0.0","2.38","0.249554","cubic feet","Standard","1.24777","US","gl_home","9357","10","0","1","2","74.99","432.94","925.62","925.62","1949.98","0","5","0","0","0","0.22","0","0","0","0","","0","0","","","","","","","","","","","","","","","","","32.9","40","Low stock","63","2026-08-02","2026-07-27","Yes","No","32.9","23.3","2026-07-25","5","0","0","0","10","unassigned","N","","",""
"2026-07-28","SATIN-IVORY-KING","X003EKFNXD","B0BG225D1J","DECOLURE Satin Bed Sheets - 4 Piece Luxury Silky King Size Bedding Set - Softer Than Silk, Wrinkle-Free with 15” Deep Pocket Fitted Sheet, Perfect for Hair & Skin, Gifts for Women (Ivory)","New","299","1","0","217","93","0","0","0","0","USD","24","80","125","166","","33.95","0.0","33.94","0.0","NoRestockExcessActionRequired","","0.0","0","0","0.0","0.48","0.262673","cubic feet","Standard","78.539227","US","gl_home","4372","185","0","14","23","33.94","814.58","2708.48","4228.68","5669.8","2","45","170","0","0","77.33","0","0","0","0","","3","0","26","3.43","0","0.0","0","0.0","0","0.0","0","0.0","0","0.0","0","0.0","0","0.0","199.7","135","Healthy","","","2026-07-27","Yes","No","140.2","199.7","2026-07-25","300","1","2","0","188","unassigned","N","","",""
"2026-07-28","SILK-PILLOWCASE-KING-CORAL-1PCS","X004C9YXBX","B0DBR855WF","DECOLURE 100% Pure Mulberry Silk Pillow Case King Size – Highest Grade 30 Momme 6A+, Luxuriously Soft & Cooling Silk Pillowcase for Hair & Skin, Hypoallergenic, Breathable, Hidden Zipper (Coral)","New","143","0","0","144","0","0","0","0","0","USD","3","6","10","27","","54.95","0.0","54.95","0.0","NoExcessInventory","","0.0","0","0","0.43","0.35","0.031164","cubic feet","Standard","4.456452","US","gl_home","217093","366","0","95","68","54.95","164.85","329.7","529.5","1397.77","1","143","0","0","0","3.19","0","0","0","0","","1","0","","","","","","","","","","","","","","","","","1112.3","12","Healthy","","","2026-07-27","Yes","No","1112.3","187.4","2026-07-25","143","1","0","0","366","unassigned","N","","",""
"2026-07-28","LINEN-CURTAIN-52x63-IVORY-2-PCS","X004NSU7JP","B0F63B8T3G","DECOLURE Linen Blackout Curtains - SunShield 63 Inches Long Black Out Curtains for Living Room and Bedroom Windows - Luxury Faux Linen, 2 Panels Set, Ultra Durable - 63 Length x 52 in (Ivory)","New","32","0","0","0","2","0","32","0","0","USD","1","1","1","1","Low traffic","27.99","0.0","27.99","0.0","Lower price","","0.0","0","0","1686.84","0.0","0.199952","cubic feet","Standard","6.398464","US","gl_home","456744","366","32","128","416","13.99","13.99","13.99","13.99","13.99","0","0","0","6","26","42.45","0","0","0","0","","0","0","2","0.2","0","0.0","0","0.0","0","0.0","0","0.0","18","21.24","14","19.32","0","0.0","","1","Excess","","","","","","","","2026-07-25","32","0","0","0","366","unassigned","N","","",""
"2026-07-28","SATIN-STRIPE-TWIN-GOLD--6-PCS","X003UOC11P","B0C7K5TSRR","DECOLURE Satin Bed Sheets - 4 Piece Luxury Silky Twin Size Bedding Set - Softer Than Silk, Wrinkle-Free with 15” Deep Pocket Fitted Sheet, Perfect for Hair & Skin, Gifts for Women (Striped Gold)","New","55","0","0","1","30","0","24","0","0","USD","0","1","4","5","","26.95","0.0","25.16","0.0","Edit listing","","0.0","0","0","1453.42","0.09","0.102665","cubic feet","Standard","5.646575","US","gl_home","15592","366","55","220","143","25.16","0.0","26.55","109.0","136.95","0","1","0","0","24","20.46","0","0","0","0","","0","0","0","0.0","0","0.0","0","0.0","0","0.0","0","0.0","12","7.27","12","8.5","0","0.0","1651.0","3","Excess","","","2026-07-27","Yes","No","1651.0","1021.8","2026-07-25","55","0","0","0","366","unassigned","N","","",""
"2026-07-28","BAMBOO-FULL-BLACK","X003TONHMN","B0BZPYZ1XY","DECOLURE 100% Viscose Derived from Bamboo Sheets Full Size - Luxury 4 Pc Naturally Cooling Sheets, Ultra Soft Bed Set - Deep 17"" Pockets, Durable Double Stitching, Oeko Tex Standard (Black)","New","95","1","0","36","0","62","0","0","0","USD","5","20","53","75","","69.99","0.0","62.99","0.0","NoRestockExcessActionRequired","","0.0","0","0","0.0","0.62","0.243274","cubic feet","Standard","23.11103","US","gl_home","9485","231","0","19","16","69.99","318.95","1259.64","3447.69","4884.78","0","36","0","62","0","48.68","0","0","0","0","","1","0","0","0.0","2","0.49","60","21.84","0","0.0","0","0.0","0","0.0","0","0.0","0","0.0","134.4","43","Healthy","","","2026-07-27","Yes","No","130.8","134.4","2026-07-25","96","1","0","0","233","unassigned","N","","",""
"2026-07-28","BAMBOO-KING-PURPLE-6PCS","X00438TOC1","B0CQ328N9Z","DECOLURE 100% Viscose Derived from Bamboo Sheets King Size - Luxury 6 Pc Naturally Cooling Sheets, Ultra Soft Bed Set - Deep 17"" Pockets, Durable Double Stitching, Oeko Tex Standard (Purple)","New","149","7","0","21","5","135","0","0","0","USD","16","53","129","176","","89.99","0.0","75.99","0.0","NoRestockExcessActionRequired","","0.0","0","0","0.0","0.72","0.360118","cubic feet","Standard","53.657582","US","gl_home","9357","123","0","11","11","75.99","1219.84","4252.07","10391.91","14348.44","6","12","3","135","0","83.41","0","0","0","0","","2","0","1","0.18","134","48.25","0","0.0","0","0.0","0","0.0","0","0.0","0","0.0","0","0.0","127.2","74","Healthy","","","2026-07-27","Yes","No","90.4","127.2","2026-07-25","156","2","0","0","125","unassigned","N","","",""
"2026-07-28","BAMBOO-KING-BLACK","X003TOCG7P","B0BZPZ2L1R","DECOLURE 100% Viscose Derived from Bamboo Sheets King Size - Luxury 4 Pc Naturally Cooling Sheets, Ultra Soft Bed Set - Deep 17"" Pockets, Durable Double Stitching, Oeko Tex Standard (Black)","New","344","7","0","361","0","0","0","0","0","USD","16","98","203","314","","84.99","0.0","84.98","60.31","NoRestockExcessActionRequired","","0.0","0","0","0.0","1.19","0.286931","cubic feet","Standard","98.704264","US","gl_home","9485","199","0","14","14","84.99","1339.71","7780.76","15843.48","24508.11","170","191","0","0","0","68.36","12","0","0","12","","17","0","","","","","","","","","","","","","","","","","107.3","117","Healthy","","","2026-07-27","Yes","No","107.3","76.1","2026-07-25","363","16","1","0","211","unassigned","N","","",""
"2026-07-28","SATIN-GOLD-FULL","X002O5XX6N","B08KR9PWK1","DECOLURE Satin Bed Sheets - 4 Piece Luxury Silky Full Size Bedding Set - Softer Than Silk, Wrinkle-Free with 15” Deep Pocket Fitted Sheet, Perfect for Hair & Skin, Gifts for Women (Gold)","New","14","1","0","18","0","0","0","0","0","USD","3","12","31","42","","29.95","0.0","29.94","0.0","CreateShippingPlan","","0.0","0","0","0.0","1.89","0.18577","cubic feet","Standard","2.60078","US","gl_home","4372","29","0","4","4","29.94","89.82","359.37","925.42","1258.23","0","13","5","0","0","1.68","0","0","0","0","","0","0","","","","","","","","","","","","","","","","","101.1","28","Low stock","40","2026-08-04","2026-07-27","Yes","No","101.1","99.5","2026-07-25","15","0","0","0","29","unassigned","N","","",""
"2026-07-28","SL-QUILT-SET-TWIN-BLACK","X004R3MZUF","B0FGZMX1XV","SLEEPHORIA Twin Quilt Bedding Set - Cloud Soft All-Season Bedspread 2 PC w/Sham, Bed Quilt Twin Size Coverlet - Oversized, Light Weight, Ultra Durable, Easy Care - 68 x 86 in (Black)","New","25","0","0","0","0","0","26","0","0","USD","0","5","5","7","","33.99","0.0","30.59","0.0","NoRestockExcessActionRequired","","0.0","0","0","3803.83","0.23","0.568755","cubic feet","Oversize","14.218875","US","gl_home","97758","366","25","20","46","30.59","0.0","142.75","142.75","210.73","0","0","0","26","0","89.57","0","0","0","0","","0","0","0","0.0","0","0.0","0","0.0","0","0.0","12","38.9","14","46.98","0","0.0","0","0.0","383.1","4","Excess","","","2026-07-27","Yes","No","158.2","383.1","2026-07-25","25","0","0","0","366","unassigned","N","","",""
"2026-07-28","SL-BOHO-BLANKET-MOSAIC-60x80-1-PC","X004ZA3I3X","B0GGTVBWN8","SLEEPHORIA 100% Uzbek Cotton Boho Throw Blanket - Heavyweight Cotton Throw Blanket for Bed - Reversible Woven Vintage Floral Decorative for Couch Sofa - Soft Bohemian 60"" x 80"" (Mosaic)","","0","0","0","10","0","0","0","0","0","USD","","","","","","0.0","0.0","0.0","0.0","NoRestockExcessActionRequired","","","0","0","","0.0","0.453414","cubic feet","Standard","0.0","US","gl_home","","0","0","","","","","","","","0","10","0","0","0","","0","0","0","0","","10","0","","","","","","","","","","","","","","","","","87.7","","","","","2026-07-27","Yes","No","44.5","87.7","2026-07-25","0","0","10","0","73","unassigned","N","","",""
"2026-07-28","WATERPROOF-CHAIR-COVER-BEIGE-4PCS","X004632PSN","B0CY6QPTVJ","Waterproof Dining Chair Covers Set of 4 - 3 Layers Thick Fabric Parsons Chair Slip Covers - Jacquard Kitchen Chair Covers & Stretch Protectors for Dining Room, Restaurant - Removable Washable (Beige)","New","84","0","0","5","3","0","3","0","77","USD","1","33","64","132","","29.99","0.0","29.99","0.0","NoRestockExcessActionRequired","","0.0","0","84","946.4","1.0","0.250497","cubic feet","Standard","21.041748","US","gl_home","622269","366","84","10","8","15.99","29.99","495.67","893.36","1808.68","0","1","4","0","3","165.42","0","0","0","0","","1","0","3","0.38","0","0.0","0","0.0","0","0.0","0","0.0","0","0.0","3","5.19","77","152.38","67.0","8","Excess","","","2026-07-27","Yes","No","50.3","67.0","2026-07-25","84","0","1","0","366","unassigned","N","","",""
"2026-07-28","SL-COOLING-SHEET-KING-NAVY-BLUE","X004OCWRCZ","B0F7M13J7X","SLEEPHORIA Cooling Sheets - BreezeWeave 4 PC King Size Cooling Bed Sheets for Hot Sleepers & Deep, Cool Rest - Cloud Soft, Silky Smooth, 16 in Deep Pocket, Ultra Durable (Navy Blue)","New","92","42","0","140","0","0","0","0","0","USD","16","24","24","95","","69.99","0.0","69.99","0.0","NoRestockExcessActionRequired","","0.0","0","0","0.0","1.71","0.335929","cubic feet","Standard","30.905468","US","gl_home","82219","143","0","15","12","69.99","1152.37","1738.93","1738.93","7226.22","140","0","0","0","0","29.4","0","0","0","0","","1","0","","","","","","","","","","","","","","","","","93.5","42","Healthy","","","2026-07-27","Yes","No","93.5","27.3","2026-07-25","134","1","0","0","144","unassigned","N","","",""
"2026-07-28","SS-SATIN-STRIPED-BLACK-TWIN-3PCS","X004D7EWND","B0DDR3RYKF","SLEEP SANCTUARY Satin Sheets Twin Size – 3 Piece Luxury Silky Bed Set, Softer Than Silk, 15"" Deep Pocket, Cooling & Wrinkle-Free, Moisture-Wicking & Breathable for Hair & Skin (Striped Black)","New","10","0","0","6","7","0","0","0","0","USD","5","7","9","11","","29.95","27.95","25.76","0.0","NoRestockExcessActionRequired","","0.0","0","0","384.71","0.59","0.128822","cubic feet","Standard","1.28822","US","gl_home","8682","41","0","5","11","29.95","128.8","186.32","240.23","302.13","0","0","6","0","0","0.92","0","0","0","0","","0","0","","","","","","","","","","","","","","","","","235.8","6","Healthy","4","2026-08-03","2026-07-27","Yes","No","114.8","235.8","2026-07-25","10","0","0","0","41","unassigned","N","","",""
"2026-07-28","SS-BAMBOO-CREME-QUEEN-6PCS","X004D8VMOJ","B0DDTZCKGQ","SLEEP SANCTUARY 100% Viscose Derived from Bamboo Sheets Queen Size 6pcs – BamBliss Luxury Cooling Sheets for Hot Sleepers - Cloud Soft, 17"" Deep Pocket, Ultra Durable Bed Set (Creme)","New","64","0","0","0","6","3","57","0","0","USD","3","14","30","55","","64.99","0.0","64.99","0.0","NoRestockExcessActionRequired","","0.0","0","0","0.0","0.6","0.325841","cubic feet","Standard","20.853824","US","gl_home","86667","99","0","18","15","64.99","194.97","894.66","1970.9","3602.65","0","0","0","60","0","105.02","0","0","0","0","","2","0","1","0.16","1","0.33","0","0.0","50","88.79","9","16.71","0","0.0","0","0.0","0","0.0","145.8","27","Healthy","","","2026-07-27","Yes","No","143.0","145.8","2026-07-25","64","1","1","0","103","unassigned","N","","",""
"2026-07-28","DC-BAMBOO-FITTED-KING-NAVY-BLUE-1PC","X004VTXWY3","B0FX2SBXKH","DECOLURE 100% Viscose Derived from Bamboo Fitted Sheet | King Size Fitted Sheet Only | Ultra Soft Cooling Sheets for Hot Sleepers, 17"" Deep Pocket w/Corner Straps, Breathable, Oeko-Tex (Navy-Blue)","New","90","2","0","95","0","0","0","0","0","USD","13","33","33","33","","33.95","0.0","33.95","0.0","NoRestockExcessActionRequired","","","0","0","","0.32","0.227149","cubic feet","Standard","20.44341","US","gl_home","40126","49","0","10","35","33.95","439.35","1078.35","1078.35","1078.35","0","0","95","0","0","","0","0","0","0","","0","0","","","","","","","","","","","","","","","","","153.3","81","Healthy","62","2026-08-03","2026-07-27","Yes","No","126.2","153.3","2026-07-25","92","0","0","0","49","unassigned","N","","",""
"2026-07-28","SATIN-FITTED-QUEEN-GREY","X004CC2WDL","B0DBW19GXY","DECOLURE Satin Fitted Sheet Queen Size (1 PC) – Luxuriously Smooth & Softer Than Silk Bed Sheets w/ 15 Inch Deep Pocket Hypoallergenic Wrinkle Free, Secure Snug Fit, Elastic Corner Straps (Grey)","New","537","5","0","6","9","550","0","0","0","USD","27","176","349","487","","17.95","0.0","17.94","17.04","NoRestockExcessActionRequired","","0.0","0","0","183.91","0.59","0.221637","cubic feet","Standard","119.019069","US","gl_home","9976","188","375","12","14","17.94","484.41","2961.66","5590.25","8015.31","2","1","3","550","0","191.71","0","0","0","0","","4","0","5","0.55","546","120.93","0","0.0","0","0.0","0","0.0","0","0.0","0","0.0","0","0.0","146.2","211","Excess","","","2026-07-27","No","No","81.5","146.2","2026-07-25","542","2","2","0","190","unassigned","N","","",""
"2026-07-28","SS-SATIN-STRIPED-GREY-FULL-4PCS","X004D7A36N","B0DDRKF8FG","SLEEP SANCTUARY Satin Sheets Full Size – 4 Piece Luxury Silky Bed Set, Softer Than Silk, 15"" Deep Pocket, Cooling & Wrinkle-Free, Moisture-Wicking & Breathable for Hair & Skin (Striped Grey)","New","7","0","0","0","0","1","0","0","6","USD","4","8","9","14","","31.95","29.95","25.76","0.0","CreateShippingPlan","","0.0","0","0","316.43","0.95","0.217996","cubic feet","Standard","1.525972","US","gl_home","8682","31","0","3","6","31.95","106.04","230.65","267.6","427.35","0","0","0","1","0","11.5","0","0","0","0","","0","0","1","0.11","0","0.0","0","0.0","0","0.0","0","0.0","0","0.0","0","0.0","6","10.33","97.8","12","Low stock","15","2026-08-01","2026-07-27","Yes","No","44.3","97.8","2026-07-25","7","0","0","0","31","unassigned","N","","",""
"2026-07-28","SL-COOLING-SHEET-FULL-CREAM","X004OCYRUZ","B0F7LX3RH7","SLEEPHORIA Cooling Sheets - BreezeWeave 4 PC Full Size Cooling Bed Sheets for Hot Sleepers & Deep, Cool Rest - Cloud Soft, Silky Smooth, 16 in Deep Pocket, Ultra Durable (Cream)","New","26","0","0","2","25","0","0","0","0","USD","2","9","13","25","","59.99","0.0","59.99","0.0","NoRestockExcessActionRequired","","0.0","0","0","0.78","0.64","0.274425","cubic feet","Standard","7.13505","US","gl_home","82219","133","0","11","13","59.99","121.98","533.76","765.57","1489.45","0","2","0","0","0","4.76","0","0","0","0","","1","0","","","","","","","","","","","","","","","","","135.2","11","Healthy","","","2026-07-27","Yes","No","105.6","135.2","2026-07-25","26","1","0","0","136","unassigned","N","","",""
"2026-07-28","SILK-PILLOWCASE-KING-GREY-1PCS","X004C9YXBN","B0DBR73C9R","DECOLURE 100% Pure Mulberry Silk Pillow Case King Size – Highest Grade 30 Momme 6A+, Luxuriously Soft & Cooling Silk Pillowcase for Hair & Skin, Hypoallergenic, Breathable, Hidden Zipper (Grey)","New","155","2","0","154","7","0","0","0","0","USD","2","9","28","50","","54.95","0.0","54.95","0.0","NoExcessInventory","","0.0","0","0","0.0","0.35","0.038906","cubic feet","Standard","6.03043","US","gl_home","217093","366","0","68","40","54.95","109.9","483.55","1491.35","2637.29","2","0","152","0","0","4.26","0","0","0","0","","5","0","","","","","","","","","","","","","","","","","404.9","27","Healthy","","","2026-07-27","Yes","No","404.9","274.4","2026-07-25","157","2","3","0","366","unassigned","N","","",""
"2026-07-28","SL-COOLING-SHEET-KING-WHITE","X004OD4N03","B0F7LX5ZQN","SLEEPHORIA Cooling Sheets - BreezeWeave 4 PC King Size Cooling Bed Sheets for Hot Sleepers & Deep, Cool Rest - Cloud Soft, Silky Smooth, 16 in Deep Pocket, Ultra Durable (White)","New","220","547","0","774","0","0","0","0","0","USD","22","35","36","41","","76.99","0.0","76.99","0.0","Edit listing","","0.0","0","0","3564.33","0.19","0.323996","cubic feet","Standard","71.27912","US","gl_home","82219","366","0","66","185","76.99","1693.78","2694.65","2771.64","3156.59","774","0","0","0","0","191.88","366","0","366","0","","1","0","","","","","","","","","","","","","","","","","240.1","33","Healthy","","","2026-07-27","No","No","240.1","199.1","2026-07-25","1133","1","0","0","366","unassigned","N","","",""
"2026-07-28","SL-COOLING-SHEET-QUEEN-NAVY-BLUE","X004OD4IP3","B0F7LYNN5W","SLEEPHORIA Cooling Sheets - BreezeWeave 4 PC Queen Size Cooling Bed Sheets for Hot Sleepers & Deep, Cool Rest - Cloud Soft, Silky Smooth, 16 in Deep Pocket, Ultra Durable (Navy Blue)","New","163","406","0","566","0","0","0","0","0","USD","5","20","20","20","","64.99","0.0","64.99","0.0","NoRestockExcessActionRequired","","0.0","0","0","249.38","0.13","0.297641","cubic feet","Standard","48.515483","US","gl_home","82219","366","0","33","109","55.24","324.95","1299.8","1299.8","1299.8","566","0","0","0","0","119.15","5","0","0","5","","3","0","","","","","","","","","","","","","","","","","210.2","45","Healthy","","","2026-07-27","Yes","No","210.2","210.2","2026-07-25","574","3","0","0","366","unassigned","N","","",""
"2026-07-28","BAMBOO-CALIFKING-BURGUNDY-6PCS","X004386WNZ","B0CQ33QVZK","DECOLURE 100% Viscose Derived from Bamboo Sheets California King Size - Luxury 6 Pc Naturally Cooling Sheets, Ultra Soft Bed Set - Deep 17"" Pockets, Double Stitching, Oeko Tex Standard (Burgundy)","New","51","0","0","53","0","0","0","0","0","USD","0","3","3","3","","114.99","0.0","103.49","0.0","NoRestockExcessActionRequired","","","0","0","","0.16","0.369067","cubic feet","Standard","18.822417","US","gl_home","9357","242","0","68","221","103.49","0.0","255.81","255.81","255.81","44","9","0","0","0","","0","0","0","0","","1","0","","","","","","","","","","","","","","","","","497.0","19","Healthy","","","2026-07-27","Yes","No","485.0","497.0","2026-07-25","51","0","1","0","249","unassigned","N","","",""
"2026-07-28","SATIN-WHITE-QUEEN","X002O64ILL","B08KRXDWNN","DECOLURE Satin Bed Sheets - 4 Piece Luxury Silky Queen Size Bedding Set - Softer Than Silk, Wrinkle-Free with 15” Deep Pocket Fitted Sheet, Perfect for Hair & Skin, Gifts for Women (White)","New","493","48","0","564","0","0","0","0","0","USD","60","196","374","519","","31.95","0.0","30.35","0.0","NoRestockExcessActionRequired","","0.0","0","0","0.0","0.96","0.220294","cubic feet","Standard","108.604942","US","gl_home","4372","126","0","12","15","30.35","1832.2","6111.26","11739.24","16393.59","240","117","207","0","0","130.55","126","0","126","0","","12","0","","","","","","","","","","","","","","","","","98.8","168","Healthy","","","2026-07-27","No","No","91.6","98.8","2026-07-25","667","2","10","0","127","unassigned","N","","",""
"2026-07-28","SL-CLG-COMF-PINK/BEIGE-QUEEN","X004OD9213","B0F7M5KWRR","SLEEPHORIA Cooling Comforter - BreezeWeave Cooling Blanket Queen Size for Hot Sleepers & Deep Rest - Cloud Soft, Breathable, Ultra Durable, Easy Care, Reversible - 90 x 90 in (Pink & Beige)","New","58","0","0","59","0","0","0","0","0","USD","5","18","39","41","","64.99","0.0","59.99","0.0","NoExcessInventory","","0.0","0","0","0.0","0.74","0.712833","cubic feet","Standard","41.344314","US","gl_home","67231","138","0","12","18","59.99","299.95","1076.82","2355.61","2475.59","0","24","35","0","0","39.48","0","0","0","0","","2","0","","","","","","","","","","","","","","","","","127.5","14","Healthy","","","2026-07-27","Yes","No","102.8","127.5","2026-07-25","58","2","0","0","140","unassigned","N","","",""
"2026-07-28","BAMBOO-TWIN-OLIVE-6PCS","X004386X7Z","B0CQ2ZVMJJ","DECOLURE 100% Viscose Derived from Bamboo Sheets Twin Size - Luxury 4 Pc Naturally Cooling Sheets, Ultra Soft Bed Set - Deep 17"" Pockets, Durable Double Stitching, Oeko Tex Standard (Olive)","New","47","3","0","30","0","3","17","0","0","USD","0","7","13","28","","64.99","0.0","64.98","0.0","NoRestockExcessActionRequired","","58.4","23","0","55.65","0.65","0.18449","cubic feet","Standard","8.67103","US","gl_home","9357","265","35","26","21","64.98","0.0","448.43","833.37","1791.22","18","12","0","20","0","46.69","0","0","0","0","","0","0","0","0.0","2","0.36","0","0.0","1","1.01","17","17.88","0","0.0","0","0.0","0","0.0","212.4","16","Excess","","","2026-07-27","Yes","No","212.4","129.7","2026-07-25","50","0","0","0","265","unassigned","N","","",""
"2026-07-28","SATIN-TWIN-PINK","X002J0NEK3","B0839LVHL1","DECOLURE Satin Bed Sheets - 3 Piece Luxury Silky Twin Size Bedding Set - Softer Than Silk, Wrinkle-Free with 15” Deep Pocket Fitted Sheet, Perfect for Hair & Skin, Gifts for Women (Pink)","New","62","89","0","153","0","0","0","0","0","USD","3","10","23","31","","27.95","0.0","23.76","0.0","NoRestockExcessActionRequired","","0.0","0","0","0.0","0.52","0.177452","cubic feet","Standard","11.002024","US","gl_home","4372","346","0","27","28","23.76","71.28","266.93","658.28","879.0","144","9","0","0","0","18.35","6","0","0","6","","4","0","","","","","","","","","","","","","","","","","135.0","37","Healthy","","","2026-07-27","Yes","No","135.0","65.9","2026-07-25","157","4","0","0","359","unassigned","N","","",""
"2026-07-28","SL-COOLING-SHEET-QUEEN-SAGE-GREEN","X004OCYS63","B0F7LZFZCH","SLEEPHORIA Cooling Sheets - BreezeWeave 4 PC Queen Size Cooling Bed Sheets for Hot Sleepers & Deep, Cool Rest - Cloud Soft, Silky Smooth, 16 in Deep Pocket, Ultra Durable (Sage Green)","New","107","134","0","241","0","0","0","0","0","USD","6","12","12","14","","64.99","0.0","64.99","0.0","NoRestockExcessActionRequired","","0.0","0","0","0.0","0.21","0.296986","cubic feet","Standard","31.777502","US","gl_home","82219","366","0","35","99","64.99","389.94","779.88","779.88","909.86","241","0","0","0","0","48.8","0","0","0","0","","3","0","","","","","","","","","","","","","","","","","169.8","32","Healthy","","","2026-07-27","Yes","No","169.8","142.2","2026-07-25","241","3","0","0","366","unassigned","N","","",""
"2026-07-28","SATIN-4PCS-KING-RED","X004C9USB7","B0DBQVGKTV","DECOLURE Satin Bed Sheets - 4 Piece Luxury Silky King Size Bedding Set - Softer Than Silk, Wrinkle-Free with 15” Deep Pocket Fitted Sheet, Perfect for Hair & Skin, Gifts for Women (Red)","New","497","6","0","220","283","0","0","0","0","USD","28","150","300","462","","33.95","0.0","32.25","0.0","NoRestockExcessActionRequired","","0.0","0","0","0.0","0.69","0.261378","cubic feet","Standard","129.904866","US","gl_home","4372","83","0","13","13","32.25","911.5","4980.04","9956.69","15480.68","6","85","129","0","0","80.79","0","0","0","0","","7","1","","","","","","","","","","","","","","","","","132.1","198","Healthy","","","2026-07-27","No","No","101.9","132.1","2026-07-25","503","5","2","0","84","unassigned","N","","",""
"2026-07-28","BAMBOO-KING-WHITE","X002O4Z4HP","B08KQHRDDG","DECOLURE 100% Viscose Derived from Bamboo Sheets King Size - Luxury 4 Pc Naturally Cooling Sheets, Ultra Soft Bed Set - Deep 17"" Pockets, Durable Double Stitching, Oeko Tex Standard (White)","New","148","717","0","901","0","0","0","0","0","USD","100","323","677","1134","","84.99","0.0","79.98","0.0","CreateShippingPlan","","0.0","0","0","0.0","2.52","0.330018","cubic feet","Standard","48.842664","US","gl_home","9485","101","0","1","1","84.99","7717.57","25399.66","53477.96","88302.53","901","0","0","0","0","172.78","0","0","0","0","","22","2","","","","","","","","","","","","","","","","","35.9","282","Healthy","","","2026-07-27","No","No","35.9","25.5","2026-07-25","865","17","5","0","104","unassigned","N","","",""
"2026-07-28","SL-COOLING-FITTED-FULL-WHITE","X004OD9SFD","B0F7M5XJFG","SLEEPHORIA Cooling Fitted Sheet Full Size - 1 PC BreezeWeave Cooling Sheets for Hot Sleepers & Cool Rest w/ 16 in Deep Pocket - Corner Straps, Cloud Soft, Ultra Durable - 52 x 72 in (White)","","0","0","0","3","0","0","0","0","0","USD","0","52","108","134","","0.0","0.0","0.0","0.0","CreateShippingPlan","","","0","0","","1.83","0.137143","cubic feet","Standard","0.0","US","gl_home","26032","0","0","0","0","29.99","0.0","1455.48","3021.52","3754.26","2","1","0","0","0","","0","0","0","0","","2","0","","","","","","","","","","","","","","","","","48.9","46","Out of stock","92","2026-07-28","2026-07-27","Yes","No","9.1","48.9","2026-07-25","0","0","2","0","3","unassigned","N","","",""
"2026-07-28","BAMBOO-FULL-CHARCOAL","X003TO84H1","B0BZQ19QT6","DECOLURE 100% Viscose Derived from Bamboo Sheets Full Size - Luxury 4 Pc Naturally Cooling Sheets, Ultra Soft Bed Set - Deep 17"" Pockets, Durable Double Stitching, Oeko Tex Standard (Charcoal)","New","37","0","0","41","0","0","0","0","0","USD","1","8","25","39","","69.99","0.0","69.98","0.0","CreateShippingPlan","","0.0","0","0","0.0","0.85","0.25039","cubic feet","Standard","9.26443","US","gl_home","9485","104","0","18","12","69.99","69.98","538.76","1711.55","2703.54","1","24","16","0","0","6.43","0","0","0","0","","7","0","","","","","","","","","","","","","","","","","189.4","34","Healthy","24","2026-08-04","2026-07-27","Yes","No","189.4","98.5","2026-07-25","37","7","0","0","119","unassigned","N","","",""
"2026-07-28","BM-CREAM-QUEEN-4PCS","X004CNM4RJ","B0DCK54DQP","DECOLURE Cooling Sheets Queen Set 4pcs - Luxurious & Ultra-Soft Cooling Bed Sheets Queen Size for Hot Sleepers - Comfortable Bamboo Viscose Microfiber Queen Bed Sheets Set Cooling (Cream-01)","New","144","0","0","23","13","90","18","0","0","USD","","","","","Low traffic","37.95","0.0","37.95","0.0","Create removal order","","0.0","0","0","7769.15","0.0","0.226982","cubic feet","Standard","32.685408","US","gl_home","","","144","","","37.95","","","","","11","8","4","108","0","91.7","0","0","0","0","108","0","0","8","0.91","8","1.81","48","16.32","52","64.33","0","0.0","0","0.0","0","0.0","0","0.0","","","Excess","","","","","","","","2026-07-25","144","0","0","0","","unassigned","N","","",""
"2026-07-28","SILK-PILLOWCASE-QUEEN-SILVER GREY-1PCS","X004C9TDLX","B0DBRB2B8J","DECOLURE 100% Pure Mulberry Silk Pillow Case Queen Size – Highest Grade 30 Momme 6A+, Luxuriously Soft & Cooling Silk Pillowcase for Hair & Skin, Hypoallergenic, Breathable, Hidden Zipper (Silver)","New","142","2","0","3","7","135","0","0","0","USD","4","11","20","37","","49.95","0.0","49.95","0.0","NoExcessInventory","","0.0","0","0","0.0","0.24","0.038316","cubic feet","Standard","5.440872","US","gl_home","217093","366","0","51","49","49.95","177.8","516.45","952.5","1747.2","0","0","3","135","0","9.89","0","0","0","0","","0","0","4","0.08","90","3.46","45","2.58","0","0.0","0","0.0","0","0.0","0","0.0","0","0.0","378.3","18","Healthy","","","2026-07-27","Yes","No","378.3","370.3","2026-07-25","144","0","0","0","366","unassigned","N","","",""
"2026-07-28","BM-FULL-WHITE","X003VHUJGZ","B0C9LSHCH5","DECOLURE Cooling Sheets Full Set 4pcs - Luxurious & Ultra-Soft Full Size Cooling Sheets for Hot Sleepers - Comfortable Bamboo Viscose Microfiber Full Cooling Bed Sheets w/Deep Pockets (White)","New","42","0","0","0","0","0","0","42","0","USD","1","2","10","14","","35.95","0.0","32.36","0.0","NoRestockExcessActionRequired","","0.0","0","0","2799.59","0.29","0.216043","cubic feet","Standard","9.073806","US","gl_home","71718","366","42","84","39","32.36","32.36","68.31","350.51","495.45","0","0","0","0","0","68.9","0","0","0","0","","0","0","0","0.0","0","0.0","0","0.0","0","0.0","0","0.0","0","0.0","42","62.59","0","0.0","654.5","6","Excess","","","2026-07-27","Yes","No","654.5","295.1","2026-07-25","42","0","0","0","366","unassigned","N","","",""
"2026-07-28","SATIN-FITTED-KING-GREY","X004CBTTLZ","B0DBVY6P25","DECOLURE Satin Fitted Sheet King Size (1 PC) – Luxuriously Smooth & Softer Than Silk Bed Sheets w/ 15 Inch Deep Pocket Hypoallergenic Wrinkle Free, Secure Snug Fit, Elastic Corner Straps (Grey)","New","111","22","0","111","2","29","0","0","0","USD","23","142","265","354","","18.95","0.0","18.94","0.0","CreateShippingPlan","","0.0","0","0","0.0","1.34","0.169749","cubic feet","Standard","18.842139","US","gl_home","9976","36","0","3","4","18.94","435.62","2667.83","4981.08","6747.63","106","4","1","29","0","77.25","0","0","0","0","","3","0","1","0.08","3","0.51","26","6.61","0","0.0","0","0.0","0","0.0","0","0.0","0","0.0","63.9","148","Low stock","261","2026-08-04","2026-07-27","No","No","25.9","63.9","2026-07-25","133","1","2","0","37","unassigned","N","","",""
"2026-07-28","BAMBOO-QUEEN-CHARCOAL-6PCS","X00438NSA5","B0CQ33C286","DECOLURE 100% Viscose Derived from Bamboo Sheets Queen Size - Luxury 6 Pc Naturally Cooling Sheets, Ultra Soft Bed Set - Deep 17"" Pockets, Durable Double Stitching, Oeko Tex Standard (Charcoal)","New","92","134","0","246","0","0","0","0","0","USD","21","67","104","116","","84.99","0.0","84.99","0.0","CreateShippingPlan","","","0","0","","1.04","0.271464","cubic feet","Standard","24.974688","US","gl_home","9357","149","0","5","11","84.99","1725.16","5380.07","8223.45","9147.08","162","84","0","0","0","","7","6","0","1","","5","1","","","","","","","","","","","","","","","","","59.6","77","Healthy","","","2026-07-27","Yes","No","59.6","56.9","2026-07-25","233","3","2","0","161","unassigned","N","","",""
"2026-07-28","SATIN-3PC-TWIN-SAGE GREEN","X0042WV2HD","B0CQRYL8Z4","DECOLURE Satin Bed Sheets - 3 Piece Luxury Silky Twin Size Bedding Set - Softer Than Silk, Wrinkle-Free with 15” Deep Pocket Fitted Sheet, Perfect for Hair & Skin, Gifts for Women (Sage Green)","New","101","0","0","1","90","12","0","0","0","USD","7","11","19","24","","25.95","0.0","25.95","0.0","Edit listing","","0.0","0","0","1878.56","0.2","0.185172","cubic feet","Standard","18.702372","US","gl_home","4372","366","94","36","54","25.95","183.64","292.64","516.24","663.79","1","0","0","12","0","20.97","0","0","0","0","","1","0","78","7.21","6","1.12","0","0.0","0","0.0","0","0.0","0","0.0","0","0.0","0","0.0","497.8","22","Excess","","","2026-07-27","Yes","No","362.9","497.8","2026-07-25","101","1","0","0","366","unassigned","N","","",""
"2026-07-28","SATIN-FITTED-KING-BLACK","X004CC2VYL","B0DBW13VVR","DECOLURE Satin Fitted Sheet King Size (1 PC) – Luxuriously Smooth & Softer Than Silk Bed Sheets w/ 15 Inch Deep Pocket Hypoallergenic Wrinkle Free, Secure Snug Fit, Elastic Corner Straps (Black)","New","119","82","0","214","0","0","0","0","0","USD","31","68","153","330","","19.95","0.0","19.94","18.75","CreateShippingPlan","","0.0","0","0","0.0","2.43","0.182531","cubic feet","Standard","21.721189","US","gl_home","9976","55","0","7","4","19.94","618.18","1353.24","3048.99","6700.14","214","0","0","0","0","16.77","0","0","0","0","","26","0","","","","","","","","","","","","","","","","","43.6","211","Low stock","237","2026-08-04","2026-07-27","No","No","43.6","26.3","2026-07-25","201","24","2","0","63","unassigned","N","","",""
"2026-07-28","SS-SATIN-GREY-TWIN-3PCS","X004D7HE5V","B0DDRDYFFX","SLEEP SANCTUARY Satin Sheets Twin Size – 3 Piece Luxury Silky Bed Set, Softer Than Silk, 15"" Deep Pocket, Cooling & Wrinkle-Free, Moisture-Wicking & Breathable for Hair & Skin (Grey)","New","44","1","0","1","24","7","14","0","0","USD","3","7","9","17","","37.95","0.0","23.96","0.0","NoRestockExcessActionRequired","","28.75","31","0","1777.75","0.34","0.224311","cubic feet","Standard","9.869684","US","gl_home","8682","282","43","25","33","37.95","74.88","188.7","228.84","468.44","1","0","0","21","0","27.55","0","0","0","0","","0","0","24","2.68","7","1.57","0","0.0","0","0.0","14","17.89","0","0.0","0","0.0","0","0.0","281.1","14","Excess","","","2026-07-27","Yes","No","187.9","281.1","2026-07-25","45","0","0","0","282","unassigned","N","","",""
"2026-07-28","BAMBOO-KING-CREME-6PCS","X00438NP17","B0CQ33KG5X","DECOLURE 100% Viscose Derived from Bamboo Sheets King Size - Luxury 6 Pc Naturally Cooling Sheets, Ultra Soft Bed Set - Deep 17"" Pockets, Durable Double Stitching, Oeko Tex Standard (Creme)","New","305","5","0","322","0","0","0","0","0","USD","37","149","307","461","","89.99","0.0","89.98","0.0","CreateShippingPlan","","0.0","0","0","0.0","2.04","0.3636","cubic feet","Standard","110.898","US","gl_home","9357","100","0","8","8","89.98","3329.32","13322.28","27257.44","40998.8","237","85","0","0","0","71.43","0","0","0","0","","7","0","","","","","","","","","","","","","","","","","73.7","96","Healthy","","","2026-07-27","No","No","73.7","40.7","2026-07-25","310","5","2","0","103","unassigned","N","","",""
"2026-07-28","BAMBOO-QUEEN-BURGUNDY-6PCS","X00438YMQ9","B0CQ2ZWSN7","DECOLURE 100% Viscose Derived from Bamboo Sheets Queen Size - Luxury 6 Pc Naturally Cooling Sheets, Ultra Soft Bed Set - Deep 17"" Pockets, Durable Double Stitching, Oeko Tex Standard (Burgundy)","New","164","54","0","230","0","0","0","0","0","USD","22","61","102","149","","84.99","0.0","84.98","0.0","CreateShippingPlan","","0.0","0","0","0.0","1.05","0.269629","cubic feet","Standard","44.219156","US","gl_home","9357","128","0","11","14","84.98","1829.6","5124.2","8578.79","12565.32","210","20","0","0","0","77.03","6","0","0","6","","10","0","","","","","","","","","","","","","","","","","106.7","98","Healthy","","","2026-07-27","No","No","106.7","58.3","2026-07-25","224","8","2","0","132","unassigned","N","","",""
"2026-07-28","SS-BAMBOO-OLIVE-TWIN-4PCS","X004D8Q09B","B0DDTY7F93","SLEEP SANCTUARY 100% Viscose Derived from Bamboo Sheets Twin Size 4pcs – BamBliss Luxury Cooling Sheets for Hot Sleepers - Cloud Soft, 17"" Deep Pocket, Ultra Durable Bed Set (Olive)","New","20","0","0","0","0","0","21","0","0","USD","0","2","3","4","","54.99","0.0","54.99","0.0","Edit listing","","0.0","0","0","1188.41","0.17","0.202365","cubic feet","Standard","4.0473","US","gl_home","86667","366","20","40","65","54.99","0.0","109.98","171.97","226.96","0","0","0","21","0","25.59","0","0","0","0","","0","0","0","0.0","0","0.0","0","0.0","6","6.62","15","17.29","0","0.0","0","0.0","0","0.0","518.3","3","Excess","","","2026-07-27","Yes","No","325.0","518.3","2026-07-25","20","0","0","0","366","unassigned","N","","",""
"2026-07-28","BM-QUEEN-GRAPHITE-GREY","X003VHQEH3","B0C9LQWPC7","DECOLURE Cooling Sheets Queen Set 4pcs - Luxurious & Ultra-Soft Cooling Bed Sheets Queen Size for Hot Sleepers - Comfortable Bamboo Viscose Microfiber Queen Bed Sheets Set Cooling (Graphite)","","0","0","0","16","0","0","0","0","0","USD","27","197","415","514","","0.0","0.0","37.94","0.0","CreateShippingPlan","","","0","0","","1.66","0.211327","cubic feet","Standard","0.0","US","gl_home","71718","0","0","0","0","37.94","1024.43","7411.33","15610.33","19344.48","13","3","0","0","0","","0","0","0","0","","6","0","","","","","","","","","","","","","","","","","54.0","88","Out of stock","166","2026-07-28","2026-07-27","No","No","13.2","54.0","2026-07-25","0","2","4","0","1","unassigned","N","","",""
"2026-07-28","DC-BAMBOO-FITTED-QUEEN-CREME-1PC","X004W87P5P","B0FX2V6R29","DECOLURE 100% Viscose Derived from Bamboo Fitted Sheet | Queen Size Fitted Sheet Only | Ultra Soft Cooling Sheets for Hot Sleepers, 17"" Deep Pocket w/Corner Straps, Breathable, Oeko-Tex (Creme)","New","128","0","0","128","0","0","0","0","0","USD","6","11","11","11","","31.95","0.0","31.95","0.0","Edit listing","","","0","0","","0.1","0.228037","cubic feet","Standard","29.188736","US","gl_home","40126","244","0","46","151","31.95","189.7","343.45","343.45","343.45","0","0","128","0","0","","0","0","0","0","","4","0","","","","","","","","","","","","","","","","","924.1","39","Healthy","","","2026-07-27","Yes","No","423.4","924.1","2026-07-25","128","4","0","0","253","unassigned","N","","",""
"2026-07-28","SL-COOLING-FITTED-CAL-KING-GRAPHITE","X004OD83SB","B0F7M5L5TP","SLEEPHORIA Cooling Fitted Sheet Calfornia King Size - 1 PC BreezeWeave Cooling Sheets for Hot Sleepers & Cool Rest w/ 16 in Deep Pocket - Corner Straps, Cloud Soft - 69 x 81 in (Graphite)","New","26","0","0","1","0","0","25","0","0","USD","4","16","27","37","","37.99","0.0","35.99","0.0","Create Outlet deal","","19.49","2","0","1020.49","0.8","0.164183","cubic feet","Standard","4.268758","US","gl_home","26032","66","0","6","9","37.99","141.96","551.84","939.03","1283.93","0","0","1","0","25","31.6","0","0","0","0","","0","0","0","0.0","0","0.0","0","0.0","0","0.0","0","0.0","0","0.0","25","28.31","0","0.0","115.5","16","Healthy","","","2026-07-27","Yes","No","60.1","115.5","2026-07-25","26","0","0","0","66","unassigned","N","","",""
"2026-07-28","SATIN-FITTED-FULL-RED","X004CBP9NR","B0DBW3YBV4","DECOLURE Satin Fitted Sheet Full Size (1 PC) – Luxuriously Smooth & Softer Than Silk Bed Sheets w/ 15 Inch Deep Pocket Hypoallergenic Wrinkle Free, Secure Snug Fit, Elastic Corner Straps (Red)","New","184","1","0","22","173","0","0","0","0","USD","4","20","41","70","","17.95","0.0","17.94","0.0","NoRestockExcessActionRequired","","0.0","0","0","0.0","0.31","0.145511","cubic feet","Standard","26.774024","US","gl_home","9976","196","0","36","34","17.94","70.77","356.06","727.91","1258.46","20","2","0","0","0","23.73","0","0","0","0","","8","0","72","5.24","0","0.0","0","0.0","0","0.0","0","0.0","0","0.0","0","0.0","0","0.0","291.6","74","Healthy","","","2026-07-27","Yes","No","265.0","291.6","2026-07-25","185","6","2","0","206","unassigned","N","","",""
"2026-07-28","SS-SATIN-LAVENDER-KING-4PCS","X004D7K90X","B0DDRFLD2F","SLEEP SANCTUARY Satin Sheets King Size – 4 Piece Luxury Silky Bed Set, Softer Than Silk, 15"" Deep Pocket, Cooling & Wrinkle-Free, Moisture-Wicking & Breathable for Hair & Skin (Lavender)","New","196","0","0","56","67","13","57","5","0","USD","11","29","44","60","","35.95","33.95","29.36","0.0","NoRestockExcessActionRequired","","0.0","0","0","2418.26","0.29","0.283226","cubic feet","Standard","55.512296","US","gl_home","8682","302","183","27","42","35.95","331.96","950.32","1453.62","2044.82","1","25","30","68","2","195.88","0","0","0","0","","2","0","1","0.14","0","0.0","1","0.42","36","55.57","31","50.04","0","0.0","7","13.68","0","0.0","325.3","47","Excess","","","2026-07-27","Yes","No","208.0","325.3","2026-07-25","196","0","2","0","305","unassigned","N","","",""
"2026-07-28","WATERPROOF-CHAIR-COVER-CHOCOLATE-6PCS","X00462RZ6B","B0CY63VCW1","Waterproof Dining Chair Covers Set of 6 - 3 Layers Thick Fabric Parsons Chair Slip Covers - Jacquard Kitchen Chair Covers & Stretch Protectors Dining Room, Restaurant - Removable Washable (Chocolate)","New","46","0","0","1","3","1","4","3","35","USD","0","8","21","27","","39.99","0.0","39.99","0.0","NoRestockExcessActionRequired","","0.0","0","0","1045.79","0.44","0.336724","cubic feet","Standard","15.489304","US","gl_home","622269","355","46","23","22","39.99","0.0","219.67","548.29","726.23","0","0","1","3","2","116.75","0","0","0","0","","1","0","1","0.17","0","0.0","1","0.51","0","0.0","1","1.92","2","3.97","1","2.32","38","101.08","202.0","6","Excess","","","2026-07-27","Yes","No","121.2","202.0","2026-07-25","46","1","0","0","366","unassigned","N","","",""
"2026-07-28","SL-CLG-PC-DARK-GREY-QUEEN-2PCS","X004OCMDLP","B0F7LMHRL9","SLEEPHORIA Cooling Pillow Cases - BreezeWeave Queen Size Set of 2 Pillowcases for Hot Sleepers & Cool, Deep Rest - Cloud Soft, Silky Smooth, Ultra Durable, Easy Care, Hidden Zipper (Dark Grey)","New","80","32","0","121","0","0","0","0","0","USD","18","83","178","205","","19.99","0.0","17.99","0.0","GoToRestock","","0.0","0","0","0.0","1.84","0.07201","cubic feet","Standard","5.7608","US","gl_home","122466","59","0","3","5","19.99","321.82","1468.97","3123.62","3639.35","3","118","0","0","0","5.65","0","0","0","0","","3","0","","","","","","","","","","","","","","","","","66.4","55","Healthy","","","2026-07-27","Yes","No","45.5","66.4","2026-07-25","112","3","0","0","61","unassigned","N","","",""
"2026-07-28","SATIN-4PC-QUEEN-DARK GREEN","X0042VNO8T","B0CQRWGHJN","DECOLURE Satin Bed Sheets - 4 Piece Luxury Silky Queen Size Bedding Set - Softer Than Silk, Wrinkle-Free with 15” Deep Pocket Fitted Sheet, Perfect for Hair & Skin, Gifts for Women (Dark Green)","New","154","37","0","202","0","0","0","0","0","USD","12","82","154","198","","31.95","0.0","31.95","0.0","NoRestockExcessActionRequired","","0.0","0","0","0.0","1.36","0.246969","cubic feet","Standard","38.033226","US","gl_home","4372","97","0","7","10","31.95","383.4","2571.42","4829.62","6289.42","201","1","0","0","0","31.96","0","0","0","0","","14","0","","","","","","","","","","","","","","","","","50.5","106","Healthy","79","2026-08-04","2026-07-27","Yes","No","50.3","50.5","2026-07-25","191","12","2","0","103","unassigned","N","","",""
"2026-07-28","SS-SATIN-BURNT-ORANGE-QUEEN-4PCS","X004D7A205","B0DDRB8PG4","SLEEP SANCTUARY Satin Sheets Queen Size – 4 Piece Luxury Silky Bed Set, Softer Than Silk, 15"" Deep Pocket, Cooling & Wrinkle-Free, Moisture-Wicking & Breathable for Hair & Skin (Burnt Orange)","New","16","0","0","0","3","1","5","13","0","USD","8","17","26","45","","33.95","31.95","27.56","0.0","CreateShippingPlan","","0.0","0","0","0.0","1.01","0.305092","cubic feet","Standard","4.881472","US","gl_home","8682","24","0","3","4","31.95","232.48","531.25","844.8","1497.85","0","0","0","3","3","23.57","0","0","0","0","","1","0","3","0.46","1","0.31","0","0.0","0","0.0","0","0.0","3","5.4","15","31.6","0","0.0","91.8","31","Low stock","46","2026-08-04","2026-07-27","Yes","No","63.9","91.8","2026-07-25","16","1","0","0","25","unassigned","N","","",""
"2026-07-28","SILK-PILLOWCASE-STANDARD-SILVERGREY-1PC","X004CA0O79","B0DBR9B5ZX","DECOLURE 100% Pure Mulberry Silk Pillow Case Standard Size – Highest Grade 30 Momme 6A+, Luxuriously Soft & Cooling Silk Pillowcase for Hair & Skin, Hypoallergenic, Breathable, Hidden Zipper (Silver)","New","250","1","0","0","7","5","65","176","0","USD","3","11","21","33","","44.95","0.0","44.95","0.0","NoExcessInventory","","0.0","0","0","51.38","0.12","0.029581","cubic feet","Standard","7.39525","US","gl_home","217093","366","0","90","98","44.95","134.85","489.95","927.99","1475.11","0","0","0","15","55","52.62","0","0","0","0","","1","0","3","0.04","2","0.06","2","0.09","0","0.0","4","0.67","12","2.09","225","67.5","0","0.0","714.9","25","Healthy","","","2026-07-27","Yes","No","708.9","714.9","2026-07-25","251","0","1","0","366","unassigned","N","","",""
"2026-07-28","LINEN-CURTAIN-52x63-LIGHT-BEIGE-2-PCS","X004NSXUAX","B0F63DDNWT","DECOLURE Linen Blackout Curtains - SunShield 63 Inches Long Black Out Curtains for Living Room and Bedroom Windows - Luxury Faux Linen, 2 Panels Set, Ultra Durable - 63 Length x 52 in (Light Beige)","New","43","0","0","0","0","0","43","0","0","USD","0","1","2","2","Low traffic","27.99","0.0","27.99","0.0","Advertise listing","","0.0","0","0","2596.36","0.05","0.199952","cubic feet","Standard","8.597936","US","gl_home","456744","366","43","172","279","27.99","0.0","27.99","55.98","55.98","0","0","0","0","43","63.69","0","0","0","0","","0","0","0","0.0","0","0.0","0","0.0","0","0.0","0","0.0","8","9.44","35","48.3","0","0.0","1989.5","3","Excess","","","2026-07-27","Yes","No","1297.0","1989.5","2026-07-25","43","0","0","0","366","unassigned","N","","",""
"2026-07-28","SL-COOLING-FITTED-FULL-COOL-GREY","X004OD3CQT","B0F7M4H352","SLEEPHORIA Cooling Fitted Sheet Full Size - 1 PC BreezeWeave Cooling Sheets for Hot Sleepers & Cool Rest w/ 16 in Deep Pocket - Corner Straps, Cloud Soft, Ultra Durable - 52 x 72 in (Cool Grey)","New","40","12","0","55","0","0","0","0","0","USD","4","5","5","5","","31.99","0.0","27.99","0.0","NoRestockExcessActionRequired","","0.0","0","0","0.0","0.42","0.135743","cubic feet","Standard","5.42972","US","gl_home","26032","92","0","32","104","27.99","126.96","159.95","159.95","159.95","55","0","0","0","0","9.75","0","0","0","0","","3","0","","","","","","","","","","","","","","","","","130.8","31","Healthy","","","2026-07-27","Yes","No","130.8","93.6","2026-07-25","52","3","0","0","98","unassigned","N","","",""
"2026-07-28","LINEN-CURTAIN-52x84-LIGHT-GREY-2-PCS","X004NSHJZZ","B0F63BJSHF","DECOLURE Linen Blackout Curtains - SunShield 84 Inches Long Black Out Curtains for Living Room and Bedroom Windows - Luxury Faux Linen, 2 Panels Set, Ultra Durable - 84 Length x 52 in (Light Grey)","New","117","0","0","0","0","0","117","0","0","USD","0","0","0","0","Low traffic","29.99","0.0","29.99","0.0","Advertise listing","","0.0","0","0","7187.14","0.0","0.229473","cubic feet","Standard","26.848341","US","gl_home","456744","366","117","","","29.99","0.0","0.0","0.0","0.0","0","0","0","0","117","194.72","0","0","0","0","","0","0","0","0.0","0","0.0","0","0.0","0","0.0","0","0.0","40","54.15","77","121.88","0","0.0","","3","Excess","","","","","","","","2026-07-25","117","0","0","0","366","unassigned","N","","",""
"2026-07-28","SATIN-FULL-PINK-6PCS","X003UMGFVJ","B0C7FQTJYM","DECOLURE Satin Bed Sheets - 6 Piece Luxury Silky Full Size Bedding Set - Softer Than Silk, Wrinkle-Free with 15” Deep Pocket Fitted Sheet, Perfect for Hair & Skin, Gifts for Women (Pink)","New","67","0","0","18","0","0","51","0","0","USD","4","9","19","21","","27.95","0.0","27.95","0.0","NoRestockExcessActionRequired","","0.0","0","0","3438.3","0.28","0.193258","cubic feet","Standard","12.948286","US","gl_home","15592","366","67","29","41","27.95","115.8","265.55","560.55","644.45","0","18","0","51","0","82.83","0","0","0","0","","0","0","0","0.0","0","0.0","0","0.0","0","0.0","51","56.18","0","0.0","0","0.0","0","0.0","340.3","16","Excess","","","2026-07-27","Yes","No","245.9","340.3","2026-07-25","67","0","0","0","366","unassigned","N","","",""
"2026-07-28","BAMBOO-TWIN-LIGHTBLUE-6PCS","X00438TZW5","B0CQ31CJPJ","DECOLURE 100% Viscose Derived from Bamboo Sheets Twin Size - Luxury 4 Pc Naturally Cooling Sheets, Ultra Soft Bed Set - Deep 17"" Pockets, Durable Double Stitching, Oeko Tex Standard (Light Blue)","New","15","0","0","17","0","0","0","0","0","USD","1","6","29","43","","64.99","0.0","64.99","0.0","CreateShippingPlan","","0.0","0","0","0.0","1.81","0.183191","cubic feet","Standard","2.747865","US","gl_home","9357","49","0","10","4","64.99","64.99","383.42","1850.15","2872.01","17","0","0","0","0","1.14","0","0","0","0","","1","0","","","","","","","","","","","","","","","","","49.0","25","Low stock","28","2026-08-04","2026-07-27","Yes","No","49.0","34.9","2026-07-25","15","1","0","0","52","unassigned","N","","",""
"2026-07-28","SS-SATIN-SEA-TEAL-KING-4PCS","X004D7A0I9","B0DDRL7H2W","SLEEP SANCTUARY Satin Sheets King Size – 4 Piece Luxury Silky Bed Set, Softer Than Silk, 15"" Deep Pocket, Cooling & Wrinkle-Free, Moisture-Wicking & Breathable for Hair & Skin (Sea Teal)","New","138","24","0","31","45","22","73","0","0","USD","16","43","66","84","","35.95","33.95","29.36","0.0","NoRestockExcessActionRequired","","0.0","0","0","1277.8","0.41","0.359881","cubic feet","Standard","49.663578","US","gl_home","8682","189","139","12","21","35.95","485.94","1406.3","2175.63","2830.73","30","0","1","95","0","240.15","0","0","0","0","","12","0","19","3.42","3","1.08","12","6.48","30","58.84","49","100.51","0","0.0","0","0.0","0","0.0","220.9","62","Excess","","","2026-07-27","Yes","No","121.6","220.9","2026-07-25","162","11","1","0","205","unassigned","N","","",""
"2026-07-28","BAMBOO-QUEEN-LIGHTGREY-6PCS","X00438SWVZ","B0CQ33K3TL","DECOLURE 100% Viscose Derived from Bamboo Sheets Queen Size - Luxury 6 Pc Naturally Cooling Sheets, Ultra Soft Bed Set - Deep 17"" Pockets, Durable Double Stitching, Oeko Tex Standard (Light Grey)","New","351","27","0","12","18","369","0","0","0","USD","33","122","286","419","","84.99","0.0","71.24","0.0","NoRestockExcessActionRequired","","0.0","0","0","0.0","0.65","0.29388","cubic feet","Standard","103.15188","US","gl_home","9357","165","0","11","10","71.24","2350.92","9024.18","21389.17","31492.84","6","0","6","369","0","134.5","0","0","0","0","","7","0","188","27.62","183","53.73","0","0.0","0","0.0","0","0.0","0","0.0","0","0.0","0","0.0","125.4","163","Healthy","","","2026-07-27","No","No","73.3","125.4","2026-07-25","378","3","4","0","169","unassigned","N","","",""
"2026-07-28","SS-SATIN-RED-KING-4PCS","X004D7A0C5","B0DDRP3R3F","SLEEP SANCTUARY Satin Sheets King Size – 4 Piece Luxury Silky Bed Set, Softer Than Silk, 15"" Deep Pocket, Cooling & Wrinkle-Free, Moisture-Wicking & Breathable for Hair & Skin (Red)","New","333","6","0","1","42","295","0","0","0","USD","10","29","49","86","","35.95","33.95","29.36","0.0","NoRestockExcessActionRequired","","0.0","0","0","199.01","0.23","0.281037","cubic feet","Standard","93.585321","US","gl_home","8682","254","141","45","50","33.95","296.6","940.15","1651.96","2998.11","0","0","1","295","0","146.66","0","0","0","0","","2","0","3","0.42","295","82.86","0","0.0","0","0.0","0","0.0","0","0.0","0","0.0","0","0.0","399.5","128","Excess","","","2026-07-27","Yes","No","399.5","396.9","2026-07-25","339","2","0","0","256","unassigned","N","","",""
"2026-07-28","SATIN-FITTED-QUEEN-NAVY-BLUE","X004CBP8LP","B0DBVZYXY9","DECOLURE Satin Fitted Sheet Queen Size (1 PC) – Luxuriously Smooth & Softer Than Silk Bed Sheets w/ 15 Inch Deep Pocket Hypoallergenic Wrinkle Free, Secure Snug Fit, Elastic Corner Straps (Navy Blue)","New","45","60","0","113","0","0","0","0","0","USD","17","27","30","86","","17.95","0.0","17.95","0.0","CreateShippingPlan","","0.0","0","0","0.0","2.02","0.142273","cubic feet","Standard","6.402285","US","gl_home","9976","70","0","9","9","17.95","305.15","524.62","602.47","1601.67","113","0","0","0","0","11.01","21","20","0","1","","5","0","","","","","","","","","","","","","","","","","56.2","58","Healthy","","","2026-07-27","Yes","No","56.2","22.3","2026-07-25","126","4","1","0","90","unassigned","N","","",""
"2026-07-28","SILK-PILLOWCASE-STANDARD-GREY-1PCS","X004C9YW4L","B0DBR948NX","DECOLURE 100% Pure Mulberry Silk Pillow Case Standard Size – Highest Grade 30 Momme 6A+, Luxuriously Soft & Cooling Silk Pillowcase for Hair & Skin, Hypoallergenic, Breathable, Hidden Zipper (Grey)","New","56","0","0","3","3","53","0","0","0","USD","4","19","29","43","","44.95","0.0","44.95","0.0","NoExcessInventory","","0.0","0","0","0.0","0.51","0.038108","cubic feet","Standard","2.134048","US","gl_home","217093","104","0","11","16","44.95","179.8","847.3","1325.52","1917.2","0","0","3","53","0","3.04","0","0","0","0","","2","0","6","0.11","47","1.8","0","0.0","0","0.0","0","0.0","0","0.0","0","0.0","0","0.0","163.8","26","Healthy","","","2026-07-27","Yes","No","103.7","163.8","2026-07-25","56","2","0","0","108","unassigned","N","","",""
"2026-07-28","SS-SATIN-LAVENDER-FULL-4PCS","X004D7A0VV","B0DDRFR2FS","SLEEP SANCTUARY Satin Sheets Full Size – 4 Piece Luxury Silky Bed Set, Softer Than Silk, 15"" Deep Pocket, Cooling & Wrinkle-Free, Moisture-Wicking & Breathable for Hair & Skin (Lavender)","New","134","0","0","0","55","35","41","5","0","USD","3","11","17","20","","31.95","29.95","25.76","0.0","Edit listing","","0.0","0","0","4177.27","0.13","0.249425","cubic feet","Standard","33.42295","US","gl_home","8682","366","106","48","87","31.95","83.47","319.92","510.23","606.08","0","0","0","72","4","112.57","0","0","0","0","","3","0","49","6.11","4","1.0","12","4.49","44","59.84","6","8.53","2","2.94","7","12.05","0","0.0","618.6","25","Excess","","","2026-07-27","Yes","No","435.0","618.6","2026-07-25","134","3","0","0","366","unassigned","N","","",""
"2026-07-28","WELCOME-SIGN-FRONT-PORCH-BROWN","X004HY4OHB","B0DQ84FD76","DECOLURE Welcome Sign for Front Porch - Tall Solid Wood Porch Door Sign with 10 Magnetic Seasonal & Holiday Pieces, Rustic Farmhouse Outdoor Decor for Year Round Welcoming Entryway (Porch Brown)","New","92","0","0","1","0","0","0","30","61","USD","1","2","8","14","Low traffic","32.95","0.0","32.95","0.0","Create Outlet deal","","30.36","2","0","9041.21","0.14","0.353824","cubic feet","Oversize","32.551808","US","gl_home","736020","366","88","184","85","32.95","32.95","65.9","257.01","481.71","0","1","0","0","0","311.19","0","0","0","0","","0","0","0","0.0","0","0.0","0","0.0","0","0.0","0","0.0","0","0.0","0","0.0","91","254.37","2811.0","1","Excess","","","2026-07-27","Yes","No","2811.0","594.4","2026-07-25","92","0","0","0","366","unassigned","N","","",""
"2026-07-28","SATIN-FITTED-TWIN-PURPLE","X004CBP97D","B0DBW1M6RR","DECOLURE Satin Fitted Sheet Twin Size (1 PC) – Luxuriously Smooth & Softer Than Silk Bed Sheets w/ 15 Inch Deep Pocket Hypoallergenic Wrinkle Free, Secure Snug Fit, Elastic Corner Straps (Purple)","New","114","95","0","100","0","61","49","0","0","USD","4","14","22","38","","16.95","0.0","16.94","0.0","NoRestockExcessActionRequired","","0.0","0","0","703.97","0.25","0.108526","cubic feet","Standard","12.371964","US","gl_home","9976","366","133","32","39","16.94","67.76","237.26","374.15","643.45","100","0","0","110","0","77.1","0","0","0","0","","1","0","0","0.0","0","0.0","40","6.52","70","41.39","0","0.0","0","0.0","0","0.0","0","0.0","294.4","31","Excess","","","2026-07-27","Yes","No","267.4","294.4","2026-07-25","209","1","0","0","366","unassigned","N","","",""
"2026-07-28","SS-BAMBOO-SAGE-GREEN-TWIN-4PCS","X004D8Q2RV","B0DDTZLDHH","SLEEP SANCTUARY 100% Viscose Derived from Bamboo Sheets Twin Size 4pcs – BamBliss Luxury Cooling Sheets for Hot Sleepers - Cloud Soft, 17"" Deep Pocket, Ultra Durable Bed Set (Sage Green)","New","16","1","0","2","0","0","15","0","0","USD","0","1","7","10","","54.99","0.0","54.99","0.0","NoRestockExcessActionRequired","","0.0","0","0","1306.87","0.49","0.202365","cubic feet","Standard","3.23784","US","gl_home","86667","283","17","64","20","54.99","0.0","54.99","380.93","545.9","1","0","1","15","0","20.55","0","0","0","0","","0","0","0","0.0","0","0.0","0","0.0","6","6.62","9","10.37","0","0.0","0","0.0","0","0.0","486.0","5","Excess","","","2026-07-27","Yes","No","486.0","185.3","2026-07-25","17","0","0","0","283","unassigned","N","","",""
"2026-07-28","SATIN-FITTED-KING-LAVENDER","X004CBXMWR","B0DBW1FPBT","DECOLURE Satin Fitted Sheet King Size (1 PC) – Luxuriously Smooth & Softer Than Silk Bed Sheets w/ 15 Inch Deep Pocket Hypoallergenic Wrinkle Free, Secure Snug Fit, Elastic Corner Straps (Lavender)","New","160","0","0","65","17","83","0","0","0","USD","7","23","42","86","","19.95","0.0","19.94","15.59","NoRestockExcessActionRequired","","0.0","0","0","96.64","0.54","0.169239","cubic feet","Standard","27.07824","US","gl_home","9976","301","111","28","24","19.94","137.59","454.78","822.46","1640.51","61","3","1","83","0","89.69","1","0","0","1","","2","0","0","0.0","0","0.0","80","20.28","3","2.76","0","0.0","0","0.0","0","0.0","0","0.0","210.6","38","Excess","","","2026-07-27","Yes","No","210.6","166.4","2026-07-25","161","1","1","0","304","unassigned","N","","",""
"2026-07-28","BM-CALKING-CGREY","X003VHUJOR","B0C9LXDSJ1","DECOLURE Cooling Bed Sheets Cal-King Set 4pcs - Luxurious & Soft California King Size Cooling Sheets for Hot Sleepers - Comfy & Cool California King Bamboo Viscose Microfiber Sheets (Cool Grey)","","0","0","0","0","2","4","0","0","0","USD","0","9","17","38","","0.0","0.0","0.0","0.0","NoRestockExcessActionRequired","","","0","0","","1.7","0.244927","cubic feet","Standard","0.0","US","gl_home","","366","0","21","16","39.95","0.0","353.55","673.15","1521.1","0","0","0","4","0","","48","0","48","0","","0","0","0","0.0","4","0.98","0","0.0","0","0.0","0","0.0","0","0.0","0","0.0","0","0.0","42.7","14","Out of stock","","","2026-07-27","Yes","No","18.6","42.7","2026-07-25","48","0","0","0","366","unassigned","N","","",""
"2026-07-28","SL-COOLING-SHEET-QUEEN-LIGHT-PINK","X004OD0TER","B0F7LX64VV","SLEEPHORIA Cooling Sheets - BreezeWeave 4 PC Queen Size Cooling Bed Sheets for Hot Sleepers & Deep, Cool Rest - Cloud Soft, Silky Smooth, 16 in Deep Pocket, Ultra Durable (Light Pink)","New","98","72","0","173","0","0","0","0","0","USD","3","15","18","19","","64.99","0.0","64.99","0.0","NoRestockExcessActionRequired","","0.0","0","0","0.0","0.43","0.295969","cubic feet","Standard","29.004962","US","gl_home","82219","344","0","26","67","64.99","194.97","974.85","1169.82","1234.81","173","0","0","0","0","33.59","0","0","0","0","","0","0","","","","","","","","","","","","","","","","","101.0","28","Healthy","","","2026-07-27","Yes","No","101.0","96.4","2026-07-25","170","0","0","0","344","unassigned","N","","",""
"2026-07-28","SATIN-4PC-TWIN-BABY BLUE","X004BS2KSX","B0D9QTQGSJ","DECOLURE Satin Bed Sheets - 4 Piece Luxury Silky Twin Size Bedding Set - Softer Than Silk, Wrinkle-Free with 15” Deep Pocket Fitted Sheet, Perfect for Hair & Skin, Gifts for Women (Baby Blue)","New","41","0","0","36","5","0","0","0","0","USD","2","6","14","17","","27.95","0.0","26.96","0.0","NoRestockExcessActionRequired","","0.0","0","0","1108.44","0.47","0.102665","cubic feet","Standard","4.209265","US","gl_home","15592","366","41","27","31","26.96","54.91","171.2","394.31","478.16","0","24","12","0","0","3.37","0","0","0","0","","0","0","","","","","","","","","","","","","","","","","197.7","9","Excess","","","2026-07-27","Yes","No","148.1","197.7","2026-07-25","41","0","0","0","366","unassigned","N","","",""
"2026-07-28","SL-COOLING-SHEET-FULL-SAGE-GREEN","X004OD1AD1","B0F7LX9P4H","SLEEPHORIA Cooling Sheets - BreezeWeave 4 PC Full Size Cooling Bed Sheets for Hot Sleepers & Deep, Cool Rest - Cloud Soft, Silky Smooth, 16 in Deep Pocket, Ultra Durable (Sage Green)","New","61","36","0","97","0","0","0","0","0","USD","2","6","6","11","","59.99","0.0","59.99","0.0","NoRestockExcessActionRequired","","0.0","0","0","348.86","0.43","0.274673","cubic feet","Standard","16.755053","US","gl_home","82219","366","0","40","72","59.99","119.98","360.94","360.94","665.89","97","0","0","0","0","21.26","0","0","0","0","","0","0","","","","","","","","","","","","","","","","","205.4","15","Healthy","","","2026-07-27","Yes","No","205.4","105.8","2026-07-25","97","0","0","0","366","unassigned","N","","",""
"2026-07-28","DC-BAMBOO-FITTED-KING-BURGUNDY-1PC","X004VUM6IP","B0FX2RGLBW","DECOLURE 100% Viscose Derived from Bamboo Fitted Sheet | King Size Fitted Sheet Only | Ultra Soft Cooling Sheets for Hot Sleepers, 17"" Deep Pocket w/Corner Straps, Breathable, Oeko-Tex (Burgundy)","New","71","2","0","76","0","0","0","0","0","USD","3","24","27","27","","33.95","0.0","33.95","0.0","NoRestockExcessActionRequired","","","0","0","","0.34","0.227894","cubic feet","Standard","16.180474","US","gl_home","40126","107","0","11","34","33.95","101.85","758.8","848.65","848.65","0","0","76","0","0","","0","0","0","0","","0","0","","","","","","","","","","","","","","","","","128.8","39","Healthy","","","2026-07-27","Yes","No","120.6","128.8","2026-07-25","73","0","0","0","107","unassigned","N","","",""
"2026-07-28","SL-COOLING-FITTED-QUEEN-MIDNIGHT-BLACK","X004OD920T","B0F7M35CHR","SLEEPHORIA Cooling Fitted Sheet Queen Size - 1 PC BreezeWeave Cooling Sheets for Hot Sleepers & Cool Rest w/ 16 in Deep Pocket - Corner Straps, Cloud Soft, Ultra Durable - 57 x 77 in (Midnight Black)","New","108","60","0","175","0","0","0","0","0","USD","13","32","33","99","","33.99","0.0","31.99","0.0","NoExcessInventory","","0.0","0","0","0.0","1.58","0.147931","cubic feet","Standard","15.976548","US","gl_home","26032","94","0","13","14","33.99","415.87","1051.68","1086.67","3066.01","175","0","0","0","0","44.12","0","0","0","0","","4","0","","","","","","","","","","","","","","","","","69.4","90","Healthy","","","2026-07-27","Yes","No","69.4","31.9","2026-07-25","168","3","1","0","98","unassigned","N","","",""
"2026-07-28","LINEN-CURTAIN-52x72-LIGHT-GREY-2-PCS","X004NSXDMN","B0F6366HKN","DECOLURE Linen Blackout Curtains - SunShield 72 Inches Long Black Out Curtains for Living Room and Bedroom Windows - Luxury Faux Linen, 2 Panels Set, Ultra Durable - 72 Length x 52 in (Light Grey)","New","44","1","0","2","0","0","44","0","0","USD","3","3","5","5","Low traffic","28.99","0.0","28.99","0.0","Improve keywords","","0.0","0","0","2393.76","0.09","0.199952","cubic feet","Standard","8.797888","US","gl_home","456744","366","45","58","114","28.99","86.97","86.97","144.95","144.95","2","0","0","0","44","65.13","0","0","0","0","","0","0","0","0.0","0","0.0","0","0.0","0","0.0","0","0.0","16","18.88","28","38.64","0","0.0","","3","Excess","","","","","","","2131.0","2026-07-25","45","0","0","0","366","unassigned","N","","",""
"2026-07-28","BAMBOO-CALIFKING-SAGE GREEN","X0040HMSKF","B0CLKCVLRG","DECOLURE 100% Viscose Derived from Bamboo Sheets California King Size - Luxury 4 Pc Naturally Cooling Sheets, Ultra Soft Bed Set - Deep 17"" Pockets, Double Stitching, Oeko Tex Standard (Sage Green)","New","17","0","0","20","0","0","0","0","0","USD","3","13","26","45","","84.99","0.0","84.99","0.0","CreateShippingPlan","","0.0","0","0","0.0","2.14","0.293952","cubic feet","Standard","4.997184","US","gl_home","9485","61","0","5","4","84.99","241.22","1038.27","2034.64","3461.26","20","0","0","0","0","2.85","0","0","0","0","","0","0","","","","","","","","","","","","","","","","","39.4","24","Low stock","25","2026-08-04","2026-07-27","Yes","No","39.4","38.6","2026-07-25","17","0","0","0","61","unassigned","N","","",""
"2026-07-28","BAMBOO-QUEEN-NAVYBLUE","X002O5111H","B08KQKKRNC","DECOLURE 100% Viscose Derived from Bamboo Sheets Queen Size - Luxury 4 Pc Naturally Cooling Sheets, Ultra Soft Bed Set - Deep 17"" Pockets, Durable Double Stitching, Oeko Tex Standard (Navy Blue)","New","351","18","0","369","0","0","0","0","0","USD","21","88","169","241","","79.99","0.0","75.99","0.0","NoRestockExcessActionRequired","","0.0","0","0","0.0","0.94","0.257423","cubic feet","Standard","90.355473","US","gl_home","9485","185","0","18","21","79.99","1583.79","6732.32","12769.93","18136.2","187","124","58","0","0","65.44","48","0","30","18","","3","0","","","","","","","","","","","","","","","","","126.9","74","Healthy","","","2026-07-27","No","No","126.9","99.4","2026-07-25","417","3","0","0","188","unassigned","N","","",""
"2026-07-28","SATIN-FITTED-FULL-BABY-BLUE","X004CC2USX","B0DBVZV66D","DECOLURE Satin Fitted Sheet Full Size (1 PC) – Luxuriously Smooth & Softer Than Silk Bed Sheets w/ 15 Inch Deep Pocket Hypoallergenic Wrinkle Free, Secure Snug Fit, Elastic Corner Straps (Baby Blue)","New","123","1","0","5","22","60","43","0","0","USD","15","34","63","88","","17.95","0.0","17.94","0.0","NoRestockExcessActionRequired","","0.0","0","0","0.0","0.48","0.142791","cubic feet","Standard","17.563293","US","gl_home","9976","134","0","14","18","17.94","269.1","609.25","1125.3","1578.25","1","2","2","103","0","73.29","0","0","0","0","","2","0","0","0.0","0","0.0","20","4.29","83","64.59","0","0.0","0","0.0","0","0.0","0","0.0","190.9","47","Healthy","","","2026-07-27","Yes","No","150.0","190.9","2026-07-25","124","1","1","0","136","unassigned","N","","",""
"2026-07-28","LINEN-CURTAIN-52x120-LIGHT-BEIGE-2-PCS","X004NSMXYR","B0F6367NPF","DECOLURE Linen Blackout Curtains - SunShield 120 Inches Long Black Out Curtains for Living Room and Bedroom Windows - Luxury Faux Linen, 2 Panels Set, Ultra Durable - 120 Length x 52 in (Light Beige)","New","21","0","0","2","1","0","18","0","0","USD","0","0","0","19","Low traffic","39.99","0.0","39.99","0.0","NoRestockExcessActionRequired","","27.71","2","0","1109.07","0.75","0.199952","cubic feet","Standard","4.198992","US","gl_home","456744","366","21","","14","39.99","0.0","0.0","0.0","607.05","0","0","2","0","18","22.83","0","0","0","0","","0","0","1","0.1","0","0.0","0","0.0","0","0.0","0","0.0","16","18.88","2","2.76","0","0.0","","4","Excess","","","","","","","107.5","2026-07-25","21","0","0","0","366","unassigned","N","","",""
"2026-07-28","SL-COOLING-FITTED-CAL-KING-CREAM","X004OD2QTD","B0F7M6TPFY","SLEEPHORIA Cooling Fitted Sheet Calfornia King Size - 1 PC BreezeWeave Cooling Sheets for Hot Sleepers & Cool Rest w/ 16 in Deep Pocket - Corner Straps, Cloud Soft - 69 x 81 in (Cream)","New","27","0","0","3","0","0","24","0","0","USD","1","7","13","16","","37.99","0.0","35.99","0.0","Create Outlet deal","","19.49","2","0","1421.32","0.46","0.144256","cubic feet","Standard","3.894912","US","gl_home","26032","126","27","15","21","35.99","35.99","241.93","455.87","557.84","1","1","1","0","24","28.3","0","0","0","0","","0","0","0","0.0","0","0.0","0","0.0","0","0.0","0","0.0","2","1.7","22","21.95","0","0.0","198.0","10","Excess","","","2026-07-27","Yes","No","126.7","198.0","2026-07-25","27","0","0","0","126","unassigned","N","","",""
"2026-07-28","SL-BOHO-BLANKET-BOUQUET-60x80-1-PC","X004ZA1K3X","B0GGTFFB8R","SLEEPHORIA 100% Uzbek Cotton Boho Throw Blanket - Heavyweight Cotton Throw Blanket for Bed - Reversible Woven Vintage Floral Decorative for Couch Sofa - Soft Bohemian 60"" x 80"" (Bouquet)","New","963","1","0","962","0","0","0","0","0","USD","","","","","Low traffic","34.99","0.0","34.99","0.0","Advertise listing","","","0","0","","0.0","0.444121","cubic feet","Standard","427.688523","US","gl_home","","366","0","","","34.99","","","","","0","385","577","0","0","","0","0","0","0","","4","2","","","","","","","","","","","","","","","","","2026.1","","","","","2026-07-27","Yes","No","995.1","2026.1","2026-07-25","964","4","0","0","366","unassigned","N","","",""
"2026-07-28","SS-SLEEP-MASK-VELCRO-STRAP-PINK","X004NF5UOF","B0F4XR5RWT","SLEEP SANCTUARY 100% Pure Mulberry Silk Sleep Mask - 22 Momme Light Blocking Hook & Loop Silk Eye Mask for Sleeping - Secure Fit for Side Sleepers, Women & Men - Cloud Soft (Pink)","New","206","0","0","6","6","0","0","195","0","USD","0","17","33","51","Low traffic","17.99","0.0","17.99","0.0","Create Outlet deal","","13.47","2","0","1991.93","0.22","0.048354","cubic feet","Standard","9.960924","US","gl_drugstore","226928","366","168","48","52","17.99","0.0","287.83","561.27","902.37","4","0","2","0","0","72.74","0","0","0","0","","0","0","2","0.05","0","0.0","0","0.0","0","0.0","0","0.0","0","0.0","195","65.04","0","0.0","403.6","30","Excess","","","2026-07-27","Yes","No","333.4","403.6","2026-07-25","206","0","0","0","366","unassigned","N","","",""
"2026-07-28","SILK-PILLOWCASE-QUEEN-CORAL-1PCS","X004C9YWJL","B0DBR771WD","DECOLURE 100% Pure Mulberry Silk Pillow Case Queen Size – Highest Grade 30 Momme 6A+, Luxuriously Soft & Cooling Silk Pillowcase for Hair & Skin, Hypoallergenic, Breathable, Hidden Zipper (Coral)","New","107","0","0","0","3","104","0","0","0","USD","0","6","18","27","","49.95","0.0","49.95","0.0","NoExcessInventory","","0.0","0","0","0.0","0.22","0.029329","cubic feet","Standard","3.138203","US","gl_home","217093","366","0","71","51","49.95","0.0","289.7","882.18","1281.73","0","0","0","104","0","5.78","0","0","0","0","","0","0","0","0.0","60","1.76","44","1.93","0","0.0","0","0.0","0","0.0","0","0.0","0","0.0","466.4","16","Healthy","","","2026-07-27","Yes","No","466.4","386.2","2026-07-25","107","0","0","0","366","unassigned","N","","",""
"2026-07-28","SILK-PILLOWCASE-STANDARD-CORAL-1PCS","X004CA56I1","B0DBRS4FDL","DECOLURE 100% Pure Mulberry Silk Pillow Case Standard Size – Highest Grade 30 Momme 6A+, Luxuriously Soft & Cooling Silk Pillowcase for Hair & Skin, Hypoallergenic, Breathable, Hidden Zipper (Coral)","New","64","0","0","3","4","58","0","0","0","USD","3","17","32","58","","44.95","0.0","44.95","0.0","NoExcessInventory","","0.0","0","0","0.0","0.62","0.029581","cubic feet","Standard","1.893184","US","gl_home","217093","141","0","15","14","44.95","124.85","739.65","1412.23","2532.94","1","2","0","58","0","2.88","0","0","0","0","","0","0","2","0.03","56","1.67","0","0.0","0","0.0","0","0.0","0","0.0","0","0.0","0","0.0","143.2","22","Healthy","","","2026-07-27","Yes","No","119.9","143.2","2026-07-25","64","0","0","0","141","unassigned","N","","",""
"2026-07-28","LINEN-CURTAIN-52x84-LINEN-2-PCS","X004NSWUK9","B0F634PV4T","DECOLURE Linen Blackout Curtains - SunShield 84 Inches Long Black Out Curtains for Living Room and Bedroom Windows - Luxury Faux Linen, 2 Panels Set, Ultra Durable - 84 Length x 52 in (Linen)","New","123","0","0","0","1","0","123","0","0","USD","0","1","1","1","Low traffic","29.99","0.0","29.99","0.0","Advertise listing","","0.0","0","0","8076.49","0.01","0.224494","cubic feet","Standard","27.612762","US","gl_home","456744","366","123","492","1599","29.99","0.0","29.99","29.99","29.99","0","0","0","1","122","199.06","0","0","0","0","","1","0","1","0.11","0","0.0","0","0.0","0","0.0","0","0.0","41","54.3","82","127.04","0","0.0","11210.0","5","Excess","","","2026-07-27","Yes","No","3737.0","11210.0","2026-07-25","123","1","0","0","366","unassigned","N","","",""
"2026-07-28","SL-QUILT-SET-KING-IVORY","X004R3N1GH","B0FGZQDBY6","SLEEPHORIA King Quilt Bedding Set - Cloud Soft All-Season Bedspread 3 PC w/Shams, Bed Quilt King Size Coverlet - Oversized, Light Weight, Ultra Durable, Easy Care - 106 x 96 in (Ivory)","New","203","0","0","2","0","1","203","0","0","USD","1","8","12","12","","39.99","0.0","39.98","0.0","Edit listing","","37.84","52","0","39957.9","0.06","0.740993","cubic feet","Oversize","150.421579","US","gl_home","97758","366","203","101","219","39.98","39.99","263.92","422.68","422.68","1","0","1","204","0","923.86","0","0","0","0","","0","0","1","0.37","0","0.0","0","0.0","0","0.0","203","857.39","0","0.0","0","0.0","0","0.0","1599.9","5","Excess","","","2026-07-27","Yes","No","689.2","1599.9","2026-07-25","203","0","0","0","366","unassigned","N","","",""
"2026-07-28","LINEN-CURTAIN-52x84-BEIGE-2-PCS","X004NSHKZ9","B0F6353F1D","DECOLURE Linen Blackout Curtains - SunShield 84 Inches Long Black Out Curtains for Living Room and Bedroom Windows - Luxury Faux Linen, 2 Panels Set, Ultra Durable - 84 Length x 52 in (Beige)","New","148","0","0","1","0","0","148","0","0","USD","0","1","2","2","Low traffic","29.99","0.0","29.99","0.0","Advertise listing","","25.59","40","0","10087.49","0.01","0.241682","cubic feet","Standard","35.768936","US","gl_home","456744","366","148","592","962","29.99","0.0","29.99","59.98","59.98","1","0","0","0","148","259.39","0","0","0","0","","0","0","0","0.0","0","0.0","0","0.0","0","0.0","0","0.0","30","42.79","118","196.82","0","0.0","6740.0","4","Excess","","","2026-07-27","Yes","No","4480.0","6740.0","2026-07-25","148","0","0","0","366","unassigned","N","","",""
"2026-07-28","BAMBOO-FULL-NAVYBLUE","X002O53Z1B","B08KQL2JT8","DECOLURE 100% Viscose Derived from Bamboo Sheets Full Size - Luxury 4 Pc Naturally Cooling Sheets, Ultra Soft Bed Set - Deep 17"" Pockets, Durable Double Stitching, Oeko Tex Standard (Navy Blue)","New","44","4","0","50","0","0","0","0","0","USD","7","21","58","90","","69.99","0.0","69.98","0.0","CreateShippingPlan","","0.0","0","0","0.0","1.49","0.24136","cubic feet","Standard","10.61984","US","gl_home","9485","71","0","8","6","69.99","489.87","1416.12","3739.13","5816.49","50","0","0","0","0","6.41","0","0","0","0","","1","0","","","","","","","","","","","","","","","","","61.2","41","Healthy","35","2026-08-04","2026-07-27","Yes","No","61.2","44.1","2026-07-25","48","0","1","0","73","unassigned","N","","",""
"2026-07-28","SATIN-4PC-TWIN-BURNT ORANGE","X004BS2KNX","B0D9QSQ8W7","DECOLURE Satin Bed Sheets - 4 Piece Luxury Silky Twin Size Bedding Set - Softer Than Silk, Wrinkle-Free with 15” Deep Pocket Fitted Sheet, Perfect for Hair & Skin, Gifts for Women (Burnt Orange)","New","34","0","0","0","6","0","28","0","0","USD","1","4","5","5","","31.95","0.0","25.16","0.0","Edit listing","","0.0","0","0","950.21","0.13","0.102665","cubic feet","Standard","3.49061","US","gl_home","15592","366","34","34","88","25.16","34.95","116.48","140.24","140.24","0","0","0","28","0","19.16","0","0","0","0","","0","0","0","0.0","0","0.0","0","0.0","0","0.0","12","7.02","16","9.7","0","0.0","0","0.0","685.0","3","Excess","","","2026-07-27","Yes","No","271.8","685.0","2026-07-25","34","0","0","0","366","unassigned","N","","",""
"2026-07-28","SS-BAMBOO-LIGHT-OLIVE-TWIN-4PCS","X004D8TQVF","B0DDTVSFDH","SLEEP SANCTUARY 100% Viscose Derived from Bamboo Sheets Twin Size 4pcs – BamBliss Luxury Cooling Sheets for Hot Sleepers - Cloud Soft, 17"" Deep Pocket, Ultra Durable Bed Set (Light Olive)","New","24","0","0","0","0","1","23","0","0","USD","2","3","3","6","","54.99","0.0","54.99","0.0","Edit listing","","0.0","0","0","1367.11","0.22","0.202365","cubic feet","Standard","4.85676","US","gl_home","86667","366","24","32","52","54.99","109.98","164.97","164.97","344.94","0","0","0","24","0","30.72","0","0","0","0","","0","0","0","0.0","0","0.0","0","0.0","7","7.72","17","19.59","0","0.0","0","0.0","0","0.0","408.8","3","Excess","","","2026-07-27","Yes","No","262.3","408.8","2026-07-25","24","0","0","0","366","unassigned","N","","",""
"2026-07-28","SILK-PILLOWCASE-KING-SILVER GREY-1PCS","X004C9YSJZ","B0DBRL13MZ","DECOLURE 100% Pure Mulberry Silk Pillow Case King Size – Highest Grade 30 Momme 6A+, Luxuriously Soft & Cooling Silk Pillowcase for Hair & Skin, Hypoallergenic, Breathable, Hidden Zipper (Silver Grey)","New","465","1","0","2","1","374","89","0","0","USD","1","9","24","40","","54.95","0.0","54.95","0.0","Create Outlet deal","","35.99","2","0","4132.64","0.08","0.031363","cubic feet","Standard","14.583795","US","gl_home","217093","366","308","206","151","54.95","54.95","486.3","1215.55","2020.99","1","0","1","380","83","41.06","0","0","0","0","","2","0","0","0.0","374","11.7","0","0.0","1","0.17","1","0.18","5","0.93","82","24.6","0","0.0","1285.3","16","Excess","","","2026-07-27","Yes","No","1285.3","1063.4","2026-07-25","466","2","0","0","366","unassigned","N","","",""
"2026-07-28","SATIN-4PC-FULL-NAVY BLUE","X0042WYU9F","B0CQRYGLY3","DECOLURE Satin Bed Sheets - 4 Piece Luxury Silky Full Size Bedding Set - Softer Than Silk, Wrinkle-Free with 15” Deep Pocket Fitted Sheet, Perfect for Hair & Skin, Gifts for Women (Navy Blue)","New","111","18","0","85","52","0","0","0","0","USD","12","36","67","98","","29.95","0.0","29.94","0.0","NoRestockExcessActionRequired","","0.0","0","0","0.0","0.64","0.20837","cubic feet","Standard","23.12907","US","gl_home","4372","126","0","12","14","29.94","359.28","1066.4","1966.26","2900.14","48","12","25","0","0","28.67","0","0","0","0","","6","0","34","3.54","0","0.0","0","0.0","0","0.0","0","0.0","0","0.0","0","0.0","0","0.0","119.7","58","Healthy","","","2026-07-27","Yes","No","93.8","119.7","2026-07-25","129","4","2","0","130","unassigned","N","","",""
"2026-07-28","SS-SATIN-SEA-TEAL-FULL-4PCS","X004D7HG81","B0DDRDR4F8","SLEEP SANCTUARY Satin Sheets Full Size – 4 Piece Luxury Silky Bed Set, Softer Than Silk, 15"" Deep Pocket, Cooling & Wrinkle-Free, Moisture-Wicking & Breathable for Hair & Skin (Sea Teal)","New","63","0","0","0","2","0","15","48","0","USD","3","9","12","16","","31.95","29.95","25.76","0.0","NoRestockExcessActionRequired","","0.0","0","0","3643.2","0.22","0.225349","cubic feet","Standard","14.196987","US","gl_home","8682","366","62","28","51","31.95","77.28","259.41","356.87","484.67","0","0","0","1","14","104.6","0","0","0","0","","3","0","2","0.22","0","0.0","0","0.0","1","1.23","0","0.0","0","0.0","62","96.37","0","0.0","388.7","9","Excess","","","2026-07-27","Yes","No","198.9","388.7","2026-07-25","63","1","2","0","366","unassigned","N","","",""
"2026-07-28","SATIN-STRIPE-KING-PURPLE--6-PCS","X003UODIKX","B0C7KGGWS8","DECOLURE Satin Bed Sheets - 6 Piece Luxury Silky King Size Bedding Set - Softer Than Silk, Wrinkle-Free with 15” Deep Pocket Fitted Sheet, Perfect for Hair & Skin, Gifts for Women (Striped Purple)","New","24","1","0","29","0","0","0","0","0","USD","6","27","59","74","","32.95","0.0","32.95","0.0","CreateShippingPlan","","0.0","0","0","0.0","1.28","0.298769","cubic feet","Standard","7.170456","US","gl_home","15592","32","0","3","4","32.95","199.7","902.45","1968.45","2517.7","1","7","21","0","0","10.18","0","0","0","0","","1","0","","","","","","","","","","","","","","","","","77.4","43","Low stock","69","2026-08-04","2026-07-27","Yes","No","39.5","77.4","2026-07-25","25","0","1","0","34","unassigned","N","","",""
"2026-07-28","SATIN-STRIPE-TWIN-PURPLE--6-PCS","X003UO39JD","B0C7K6YWWL","DECOLURE Satin Bed Sheets - 4 Piece Luxury Silky Twin Size Bedding Set - Softer Than Silk, Wrinkle-Free with 15” Deep Pocket Fitted Sheet, Perfect for Hair & Skin, Gifts for Women (Striped Purple)","New","47","0","0","0","30","12","5","0","0","USD","0","3","8","10","","27.95","0.0","27.94","0.0","Edit listing","","0.0","0","0","1980.07","0.19","0.171308","cubic feet","Standard","8.051476","US","gl_home","15592","366","47","62","61","27.94","0.0","82.45","220.8","281.7","0","0","0","12","5","12.83","0","0","0","0","","0","0","24","2.06","0","0.0","0","0.0","0","0.0","0","0.0","5","5.05","0","0.0","0","0.0","474.3","4","Excess","","","2026-07-27","Yes","No","474.3","467.1","2026-07-25","47","0","0","0","366","unassigned","N","","",""
"2026-07-28","SATIN-FITTED-FULL-STONE-GREY","X004CBXJ07","B0DBVZZZ7B","DECOLURE Satin Fitted Sheet Full Size (1 PC) – Luxuriously Smooth & Softer Than Silk Bed Sheets w/ 15 Inch Deep Pocket Hypoallergenic Wrinkle Free, Secure Snug Fit, Elastic Corner Straps (Stone Grey)","New","78","2","0","1","2","45","33","0","0","USD","5","27","44","74","","17.95","0.0","17.94","0.0","NoRestockExcessActionRequired","","0.0","0","0","0.0","0.65","0.136898","cubic feet","Standard","10.678044","US","gl_home","9976","120","0","11","13","17.94","89.7","481.88","774.43","1312.76","1","0","0","78","0","46.99","0","0","0","0","","1","0","1","0.07","2","0.27","21","4.31","55","41.04","0","0.0","0","0.0","0","0.0","0","0.0","138.9","48","Healthy","16","2026-08-04","2026-07-27","Yes","No","100.5","138.9","2026-07-25","80","1","0","0","121","unassigned","N","","",""
"2026-07-28","SATIN-STRIPE-TWIN-BLACK--6-PCS","X003UODI0D","B0C7K6WTJ1","DECOLURE Satin Bed Sheets - 4 Piece Luxury Silky Twin Size Bedding Set - Softer Than Silk, Wrinkle-Free with 15” Deep Pocket Fitted Sheet, Perfect for Hair & Skin, Gifts for Women (Striped Black)","New","14","0","0","0","0","1","0","0","13","USD","0","6","7","8","","26.95","0.0","26.95","0.0","NoRestockExcessActionRequired","","0.0","0","0","803.05","0.42","0.207634","cubic feet","Standard","2.906876","US","gl_home","15592","290","14","9","22","26.95","0.0","166.29","194.24","227.19","0","0","0","1","0","23.65","0","0","0","0","","0","0","0","0.0","0","0.0","1","0.31","0","0.0","0","0.0","0","0.0","0","0.0","13","21.32","211.9","4","Excess","","","2026-07-27","Yes","No","76.8","211.9","2026-07-25","14","0","0","0","290","unassigned","N","","",""
"2026-07-28","BAMBOO-KING-LIGHTBLUE-6PCS","X00438TKAR","B0CQ31X65Y","DECOLURE 100% Viscose Derived from Bamboo Sheets King Size - Luxury 6 Pc Naturally Cooling Sheets, Ultra Soft Bed Set - Deep 17"" Pockets, Durable Double Stitching, Oeko Tex Standard (Light Blue)","New","387","176","0","578","0","0","0","0","0","USD","14","91","103","252","","89.99","0.0","89.99","0.0","NoRestockExcessActionRequired","","0.0","0","0","0.0","1.1","0.364464","cubic feet","Standard","141.047568","US","gl_home","9357","225","0","17","19","89.99","1212.85","7772.56","8786.47","21690.98","578","0","0","0","0","131.44","0","0","0","0","","8","0","","","","","","","","","","","","","","","","","101.0","237","Healthy","","","2026-07-27","Yes","No","101.0","47.9","2026-07-25","563","6","2","0","227","unassigned","N","","",""
"2026-07-28","SS-SATIN-CHAMPAGNE-KING-4PCS","X004D7A20F","B0DDRB7NTZ","SLEEP SANCTUARY Satin Sheets King Size – 4 Piece Luxury Silky Bed Set, Softer Than Silk, 15"" Deep Pocket, Cooling & Wrinkle-Free, Moisture-Wicking & Breathable for Hair & Skin (Champagne)","New","130","0","0","32","26","19","25","29","0","USD","5","14","23","36","","35.95","33.95","29.36","21.5","NoRestockExcessActionRequired","","0.0","0","0","1309.94","0.27","0.298333","cubic feet","Standard","38.78329","US","gl_home","8682","366","78","37","46","35.95","149.8","469.76","771.74","1247.09","2","12","18","43","1","198.89","0","0","0","0","","0","0","0","0.0","0","0.0","0","0.0","43","69.94","0","0.0","1","1.76","29","59.7","0","0.0","337.2","29","Excess","","","2026-07-27","Yes","No","276.6","337.2","2026-07-25","130","0","0","0","366","unassigned","N","","",""
"2026-07-28","BM-QUEEN-SAGE-GREEN","X0045A9LP7","B0CWHXCW71","DECOLURE Cooling Sheets Queen Set 4pcs - Luxurious & Ultra-Soft Cooling Bed Sheets Queen Size for Hot Sleepers - Comfortable Bamboo Viscose Microfiber Queen Bed Sheets Set Cooling (Sage Green)","","0","0","0","1","0","0","0","0","0","USD","0","16","65","94","","0.0","0.0","0.0","0.0","CreateShippingPlan","","","0","0","","2.11","0.211922","cubic feet","Standard","0.0","US","gl_home","","0","0","0","0","37.95","0.0","601.5","2442.05","3555.6","0","1","0","0","0","","0","0","0","0","","0","0","","","","","","","","","","","","","","","","","43.6","18","Out of stock","25","2026-07-27","2026-07-27","Yes","No","5.2","43.6","2026-07-25","0","0","0","0","0","unassigned","N","","",""
"2026-07-28","DC-BAMBOO-FITTED-QUEEN-GREY-1PC","X004W8DRIJ","B0FX2SSTZ2","DECOLURE 100% Viscose Derived from Bamboo Fitted Sheet | Queen Size Fitted Sheet Only | Ultra Soft Cooling Sheets for Hot Sleepers, 17"" Deep Pocket w/Corner Straps, Breathable, Oeko-Tex (Grey)","New","180","16","0","202","0","0","0","0","0","USD","5","26","27","27","","31.95","0.0","31.95","0.0","Edit listing","","","0","0","","0.15","0.227933","cubic feet","Standard","41.02794","US","gl_home","40126","209","0","27","86","31.95","159.75","784.7","812.65","812.65","0","0","202","0","0","","0","0","0","0","","3","0","","","","","","","","","","","","","","","","","261.4","87","Healthy","","","2026-07-27","Yes","No","227.6","261.4","2026-07-25","196","2","1","0","212","unassigned","N","","",""
"2026-07-28","BAMBOO-QUEEN-TAUPE-6PCS","X004387KAJ","B0CQ33198K","DECOLURE 100% Viscose Derived from Bamboo Sheets Queen Size - Luxury 6 Pc Naturally Cooling Sheets, Ultra Soft Bed Set - Deep 17"" Pockets, Durable Double Stitching, Oeko Tex Standard (Taupe)","New","385","97","0","493","0","0","0","0","0","USD","24","121","181","273","","84.99","0.0","84.98","0.0","NoRestockExcessActionRequired","","0.0","0","0","0.0","1.14","0.25241","cubic feet","Standard","97.17785","US","gl_home","9357","226","0","15","22","84.98","1924.64","9868.84","14688.88","22052.96","242","251","0","0","0","82.83","89","0","54","35","","4","1","","","","","","","","","","","","","","","","","98.0","238","Healthy","","","2026-07-27","No","No","98.0","61.0","2026-07-25","571","1","3","0","227","unassigned","N","","",""
"2026-07-28","SL-QUILT-SET-KING-SAGE-GREEN","X004R3WEYH","B0FGZDYS73","SLEEPHORIA King Quilt Bedding Set - Cloud Soft All-Season Bedspread 3 PC w/Shams, Bed Quilt King Size Coverlet - Oversized, Light Weight, Ultra Durable, Easy Care - 106 x 96 in (Sage Green)","New","129","0","0","1","0","4","127","0","0","USD","4","12","15","18","","38.99","0.0","35.09","0.0","Edit listing","","0.0","0","0","24308.61","0.12","0.708623","cubic feet","Oversize","91.412367","US","gl_home","97758","366","129","43","93","35.09","144.26","414.98","508.55","625.52","1","0","0","131","0","552.34","0","0","0","0","","1","0","2","0.71","2","1.42","0","0.0","0","0.0","127","512.99","0","0.0","0","0.0","0","0.0","767.8","8","Excess","","","2026-07-27","Yes","No","319.5","767.8","2026-07-25","129","0","1","0","366","unassigned","N","","",""
"2026-07-28","SATIN-STRIPE-QUEEN-RED--6-PCS","X003UOAM93","B0C7KBHV72","DECOLURE Satin Bed Sheets - 6 Piece Luxury Silky Queen Size Bedding Set - Softer Than Silk, Wrinkle-Free with 15” Deep Pocket Fitted Sheet, Perfect for Hair & Skin, Gifts for Women (Striped Red)","New","86","14","0","31","2","76","0","0","0","USD","5","22","43","60","","30.95","0.0","30.95","0.0","NoRestockExcessActionRequired","","0.0","0","0","551.96","0.48","0.216474","cubic feet","Standard","18.616764","US","gl_home","15592","212","57","15","18","30.95","155.75","694.1","1352.25","1986.4","31","0","0","76","0","70.25","0","0","0","0","","2","0","0","0.0","54","11.7","6","1.95","16","18.88","0","0.0","0","0.0","0","0.0","0","0.0","182.6","29","Excess","","","2026-07-27","Yes","No","119.2","182.6","2026-07-25","100","1","1","0","216","unassigned","N","","",""
"2026-07-28","BAMBOO-CALIFKING-LIGHTOLIVE-6PCS","X00438U399","B0CQ31V52K","DECOLURE 100% Viscose Derived from Bamboo Sheets California King Size - Luxury 6 Pc Naturally Cooling Sheets, Ultra Soft Bed Set - Deep 17"" Pockets, Double Stitching, Oeko Tex Standard (Light Olive)","New","16","0","0","17","0","0","0","0","0","USD","4","9","19","36","","89.99","0.0","89.99","0.0","CreateShippingPlan","","0.0","0","0","0.0","1.84","0.337466","cubic feet","Standard","5.399456","US","gl_home","9357","74","0","7","5","89.99","350.46","790.41","1641.29","3118.12","12","5","0","0","0","6.6","0","0","0","0","","1","0","","","","","","","","","","","","","","","","","75.8","17","Low stock","14","2026-08-04","2026-07-27","Yes","No","75.8","41.1","2026-07-25","16","0","1","0","78","unassigned","N","","",""
"2026-07-28","SATIN-STONEGREY-FULL","X003EKDAHT","B0BG23H2QY","DECOLURE Satin Bed Sheets - 4 Piece Luxury Silky Full Size Bedding Set - Softer Than Silk, Wrinkle-Free with 15” Deep Pocket Fitted Sheet, Perfect for Hair & Skin, Gifts for Women (Stone Grey)","New","175","1","0","5","173","4","0","0","0","USD","8","42","87","116","","26.95","0.0","26.95","0.0","NoRestockExcessActionRequired","","0.0","0","0","0.0","0.48","0.173501","cubic feet","Standard","30.362675","US","gl_home","4372","148","0","16","19","26.95","217.1","1223.64","2545.11","3401.84","0","1","4","4","0","26.43","0","0","0","0","","3","0","89","7.71","0","0.0","0","0.0","0","0.0","0","0.0","0","0.0","0","0.0","0","0.0","211.4","59","Healthy","","","2026-07-27","Yes","No","172.0","211.4","2026-07-25","176","1","2","0","150","unassigned","N","","",""
"2026-07-28","SATIN-6PC-FULL-BURNT ORANGE","X004BS2KT7","B0D9QRNBSH","DECOLURE Satin Bed Sheets - 6 Piece Luxury Silky Full Size Bedding Set - Softer Than Silk, Wrinkle-Free with 15” Deep Pocket Fitted Sheet, Perfect for Hair & Skin, Gifts for Women (Burnt Orange)","New","3","0","0","0","1","0","0","3","0","USD","0","1","6","9","","28.95","0.0","28.95","0.0","CreateShippingPlan","","0.0","0","0","146.19","1.12","0.154324","cubic feet","Standard","0.462972","US","gl_home","15592","30","0","12","4","28.95","0.0","29.95","187.7","277.55","0","0","0","0","0","2.45","0","0","0","0","","0","0","0","0.0","0","0.0","0","0.0","0","0.0","0","0.0","0","0.0","3","3.19","0","0.0","136.0","5","Low stock","5","2026-08-03","2026-07-27","Yes","No","136.0","69.7","2026-07-25","3","0","0","0","30","unassigned","N","","",""
"2026-07-28","SATIN-RED-TWIN","X002O624ML","B08KR7V6TL","DECOLURE Satin Bed Sheets - 3 Piece Luxury Silky Twin Size Bedding Set - Softer Than Silk, Wrinkle-Free with 15” Deep Pocket Fitted Sheet, Perfect for Hair & Skin, Gifts for Women (Red)","New","53","1","0","0","12","18","25","0","0","USD","2","8","19","25","","24.95","0.0","24.95","0.0","NoRestockExcessActionRequired","","0.0","0","0","2.3","0.36","0.186957","cubic feet","Standard","9.908721","US","gl_home","4372","146","0","26","27","24.95","49.9","217.6","525.05","722.41","0","0","0","43","0","34.26","0","0","0","0","","0","0","12","1.12","18","3.36","0","0.0","0","0.0","25","26.66","0","0.0","0","0.0","0","0.0","271.9","26","Healthy","","","2026-07-27","Yes","No","226.0","271.9","2026-07-25","54","0","0","0","146","unassigned","N","","",""
"2026-07-28","SL-CLG-PC-LIGHT-GREY-KING-2PCS","X004OCE561","B0F7LM5KWC","SLEEPHORIA Cooling Pillow Cases - BreezeWeave King Size Set of 2 Pillowcases for Hot Sleepers & Cool, Deep Rest - Cloud Soft, Silky Smooth, Ultra Durable, Easy Care, Hidden Zipper (Light Grey)","New","168","0","0","172","0","0","0","0","0","USD","4","37","82","124","","21.99","0.0","19.99","0.0","NoExcessInventory","","0.0","0","0","0.0","1.04","0.072301","cubic feet","Standard","12.146568","US","gl_home","122466","164","0","18","17","19.99","79.96","736.63","1623.18","2492.76","0","144","28","0","0","8.34","0","0","0","0","","1","0","","","","","","","","","","","","","","","","","126.6","52","Healthy","","","2026-07-27","Yes","No","126.6","103.9","2026-07-25","168","0","1","0","166","unassigned","N","","",""
"2026-07-28","SS-SATIN-WHITE-FULL-4PCS","X004D7A39P","B0DDRH7S7L","SLEEP SANCTUARY Satin Sheets Full Size – 4 Piece Luxury Silky Bed Set, Softer Than Silk, 15"" Deep Pocket, Cooling & Wrinkle-Free, Moisture-Wicking & Breathable for Hair & Skin (White)","New","41","1","0","0","46","0","0","0","0","USD","7","29","43","60","","31.95","29.95","25.76","0.0","NoRestockExcessActionRequired","","0.0","0","0","0.0","0.73","0.187898","cubic feet","Standard","7.703818","US","gl_home","8682","44","0","5","8","31.95","186.32","860.5","1288.63","1839.78","0","0","0","0","0","4.84","0","0","0","0","","2","0","","","","","","","","","","","","","","","","","120.7","42","Healthy","48","2026-08-04","2026-07-27","Yes","No","59.5","120.7","2026-07-25","42","1","1","0","47","unassigned","N","","",""
"2026-07-28","SS-BAMBOO-MIDGREY-TWIN-4PCS","X004D8Q59B","B0DDTZR3SH","SLEEP SANCTUARY 100% Viscose Derived from Bamboo Sheets Twin Size 4pcs – BamBliss Luxury Cooling Sheets for Hot Sleepers - Cloud Soft, 17"" Deep Pocket, Ultra Durable Bed Set (Midgrey)","New","21","0","0","0","0","0","21","0","0","USD","0","2","2","2","","61.99","0.0","61.99","0.0","Edit listing","","47.0","52","0","1300.8","0.09","0.202365","cubic feet","Standard","4.249665","US","gl_home","86667","366","21","42","136","61.99","0.0","109.98","109.98","109.98","0","0","0","21","0","26.88","0","0","0","0","","0","0","0","0.0","0","0.0","0","0.0","6","6.61","15","17.31","0","0.0","0","0.0","0","0.0","672.7","3","Excess","","","2026-07-27","Yes","No","319.0","672.7","2026-07-25","21","0","0","0","366","unassigned","N","","",""
"2026-07-28","SATIN-FITTED-TWIN-NAVY-BLUE","X004CBT25D","B0DBW1ZHFR","DECOLURE Satin Fitted Sheet Twin Size (1 PC) – Luxuriously Smooth & Softer Than Silk Bed Sheets w/ 15 Inch Deep Pocket Hypoallergenic Wrinkle Free, Secure Snug Fit, Elastic Corner Straps (Navy Blue)","New","174","0","0","162","5","10","0","0","0","USD","6","24","42","53","","16.95","0.0","16.94","0.0","NoRestockExcessActionRequired","","0.0","0","0","173.91","0.36","0.118346","cubic feet","Standard","20.592204","US","gl_home","9976","366","66","29","42","16.94","101.64","403.33","704.73","940.18","2","80","80","10","0","32.62","0","0","0","0","","1","0","3","0.18","1","0.12","9","1.61","0","0.0","0","0.0","0","0.0","0","0.0","0","0.0","251.6","33","Excess","","","2026-07-27","Yes","No","234.5","251.6","2026-07-25","174","0","1","0","366","unassigned","N","","",""
"2026-07-28","SATIN-FITTED-FULL-DARK-GREEN","X004CC2WQN","B0DBVXG561","DECOLURE Satin Fitted Sheet Full Size (1 PC) – Luxuriously Smooth & Softer Than Silk Bed Sheets w/ 15 Inch Deep Pocket Hypoallergenic Wrinkle Free, Secure Snug Fit, Elastic Corner Straps (Dark Green)","New","190","0","0","1","0","81","109","0","0","USD","10","21","35","48","","17.95","0.0","17.94","0.0","NoRestockExcessActionRequired","","0.0","0","0","1365.03","0.22","0.127296","cubic feet","Standard","24.18624","US","gl_home","9976","366","177","36","51","17.94","179.4","374.95","613.02","844.14","0","0","1","190","0","116.46","0","0","0","0","","0","0","0","0.0","0","0.0","60","11.46","130","90.19","0","0.0","0","0.0","0","0.0","0","0.0","418.7","15","Excess","","","2026-07-27","Yes","No","253.5","418.7","2026-07-25","190","0","0","0","366","unassigned","N","","",""
"2026-07-28","SL-CLG-PC-BLUE-STANDARD-2PCS","X004OCKZ3N","B0F7LHWD2N","SLEEPHORIA Cooling Pillow Cases - BreezeWeave Standard Size Set of 2 Pillowcases for Hot Sleepers & Cool, Deep Rest - Cloud Soft, Silky Smooth, Ultra Durable, Easy Care, Hidden Zipper (Blue)","New","80","1","0","10","5","71","0","0","0","USD","15","90","178","224","","18.99","0.0","16.99","0.0","GoToRestock","","0.0","0","0","0.0","1.05","0.070094","cubic feet","Standard","5.60752","US","gl_home","122466","29","0","3","4","16.99","254.85","1523.15","2996.17","3785.21","1","1","8","71","0","5.49","0","0","0","0","","2","0","72","2.55","0","0.0","0","0.0","0","0.0","0","0.0","0","0.0","0","0.0","0","0.0","87.6","70","Healthy","48","2026-08-04","2026-07-27","No","No","39.3","87.6","2026-07-25","81","1","1","0","30","unassigned","N","","",""
"2026-07-28","SL-QUILT-SET-QUEEN-LIGHT-GREY","X004R3N53V","B0FGZMSDC8","SLEEPHORIA Queen Quilt Bedding Set - Cloud Soft All-Season Bedspread 3 PC w/Shams, Bed Quilt Queen Size Coverlet - Oversized, Light Weight, Ultra Durable, Easy Care - 90 x 96 in (Light Grey)","New","436","1","0","1","2","5","433","0","0","USD","3","6","7","8","","36.99","0.0","36.98","0.0","Edit listing","","0.0","0","0","76897.2","0.02","0.661948","cubic feet","Oversize","288.609328","US","gl_home","97758","366","437","290","708","33.29","110.95","214.52","256.51","293.5","1","0","0","438","0","1768.77","0","0","0","0","","1","0","2","0.66","2","1.32","1","0.99","0","0.0","433","1633.75","0","0.0","0","0.0","0","0.0","5757.6","10","Excess","","","2026-07-27","Yes","No","3330.8","5757.6","2026-07-25","437","1","0","0","366","unassigned","N","","",""
"2026-07-28","SS-SATIN-DARK-GREEN-KING-4PCS","X004D7A30J","B0DDR6921L","SLEEP SANCTUARY Satin Sheets King Size – 4 Piece Luxury Silky Bed Set, Softer Than Silk, 15"" Deep Pocket, Cooling & Wrinkle-Free, Moisture-Wicking & Breathable for Hair & Skin (Dark Green)","New","336","7","0","272","25","39","9","0","0","USD","8","27","62","81","","36.95","0.0","28.41","0.0","Edit listing","","33.0","39","0","1316.73","0.28","0.287372","cubic feet","Standard","96.556992","US","gl_home","8682","366","270","49","53","36.95","241.82","857.14","2079.06","2763.11","1","150","121","48","0","243.53","0","0","0","0","","0","0","0","0.0","1","0.29","13","5.6","34","53.26","0","0.0","0","0.0","0","0.0","0","0.0","349.9","70","Excess","","","2026-07-27","Yes","No","349.9","334.8","2026-07-25","343","0","0","0","366","unassigned","N","","",""
"2026-07-28","SS-SATIN-DARK-GREEN-QUEEN-4PCS","X004D7A3JP","B0DDRGZYZD","SLEEP SANCTUARY Satin Sheets Queen Size – 4 Piece Luxury Silky Bed Set, Softer Than Silk, 15"" Deep Pocket, Cooling & Wrinkle-Free, Moisture-Wicking & Breathable for Hair & Skin (Dark Green)","New","14","0","0","2","1","5","11","0","0","USD","11","33","56","92","","33.95","31.95","27.56","26.18","CreateShippingPlan","","0.0","0","0","0.0","1.45","0.261031","cubic feet","Standard","3.654434","US","gl_home","8682","11","0","1","1","33.95","312.16","1021.75","1801.86","3032.06","1","0","1","16","0","3.88","0","0","0","0","","2","0","1","0.13","3","0.78","1","0.39","1","1.42","11","16.38","0","0.0","0","0.0","0","0.0","60.6","70","Low stock","120","2026-08-04","2026-07-27","Yes","No","34.9","60.6","2026-07-25","14","0","2","0","14","unassigned","N","","",""
"2026-07-28","SATIN-FITTED-QUEEN-LAVENDER","X004CBP7KH","B0DBW47GVH","DECOLURE Satin Fitted Sheet Queen Size (1 PC) – Luxuriously Smooth & Softer Than Silk Bed Sheets w/ 15 Inch Deep Pocket Hypoallergenic Wrinkle Free, Secure Snug Fit, Elastic Corner Straps (Lavender)","New","213","1","0","217","0","0","0","0","0","USD","15","55","103","161","","17.95","0.0","17.94","0.0","NoRestockExcessActionRequired","","0.0","0","0","0.0","0.8","0.164521","cubic feet","Standard","35.042973","US","gl_home","9976","183","0","15","17","17.94","269.1","976.29","1829.69","2920.45","21","101","95","0","0","22.58","0","0","0","0","","12","0","","","","","","","","","","","","","","","","","138.1","105","Healthy","","","2026-07-27","Yes","No","138.1","109.2","2026-07-25","214","10","2","0","195","unassigned","N","","",""
"2026-07-28","SL-COOLING-FITTED-TWIN-BEIGE","X004OD83UJ","B0F7M2XVCN","SLEEPHORIA Cooling Fitted Sheet Twin Size - 1 PC BreezeWeave Cooling Sheets for Hot Sleepers & Cool Rest w/ 16 in Deep Pocket - Corner Straps, Cloud Soft, Ultra Durable - 37 x 72 in (Beige)","","0","0","0","0","0","0","7","0","0","USD","0","0","2","12","","0.0","0.0","0.0","0.0","CreateShippingPlan","","","0","0","","1.09","0.115405","cubic feet","Standard","0.0","US","gl_home","","0","0","","0","28.99","0.0","0.0","57.98","315.88","0","0","0","7","0","","0","0","0","0","","0","0","0","0.0","0","0.0","0","0.0","7","4.4","0","0.0","0","0.0","0","0.0","0","0.0","","1","Out of stock","1","2026-07-28","","","","","66.9","2026-07-25","0","0","0","0","0","unassigned","N","","",""
"2026-07-28","SS-BAMBOO-GREY-FULL-6PCS","X004D8TNAT","B0DDTYWKG7","SLEEP SANCTUARY 100% Viscose Derived from Bamboo Sheets Full 6pcs – BamBliss Luxury Cooling Sheets for Hot Sleepers - Cloud Soft, 17"" Deep Pocket, Ultra Durable Bed Set (Grey)","New","38","0","0","0","0","0","38","0","0","USD","0","1","2","5","","59.99","0.0","59.99","0.0","NoRestockExcessActionRequired","","0.0","0","0","2913.69","0.12","0.286718","cubic feet","Standard","10.895284","US","gl_home","86667","260","37","152","98","59.99","0.0","59.99","126.98","296.95","0","0","0","38","0","68.84","0","0","0","0","","0","0","0","0.0","0","0.0","0","0.0","12","18.76","26","42.5","0","0.0","0","0.0","0","0.0","1157.0","7","Excess","","","2026-07-27","Yes","No","1157.0","716.4","2026-07-25","38","0","0","0","260","unassigned","N","","",""
"2026-07-28","SATIN-4PC-FULL-DARK GREEN","X0042WV34P","B0CQRX2Z2G","DECOLURE Satin Bed Sheets - 4 Piece Luxury Silky Full Size Bedding Set - Softer Than Silk, Wrinkle-Free with 15” Deep Pocket Fitted Sheet, Perfect for Hair & Skin, Gifts for Women (Dark Green)","New","135","0","0","7","33","20","78","0","0","USD","7","25","46","60","","25.95","0.0","25.95","0.0","NoRestockExcessActionRequired","","0.0","0","0","351.42","0.35","0.219955","cubic feet","Standard","29.693925","US","gl_home","4372","225","63","21","29","25.95","189.15","720.91","1332.34","1774.14","1","3","3","98","0","117.91","0","0","0","0","","1","0","30","3.3","19","4.18","0","0.0","49","58.76","30","37.6","0","0.0","0","0.0","0","0.0","259.0","44","Excess","","","2026-07-27","Yes","No","178.9","259.0","2026-07-25","135","1","0","0","227","unassigned","N","","",""
"2026-07-28","SS-SATIN-IVORY-FULL-4PCS","X004D7LWW7","B0DDRNZ8YM","SLEEP SANCTUARY Satin Sheets Full Size – 4 Piece Luxury Silky Bed Set, Softer Than Silk, 15"" Deep Pocket, Cooling & Wrinkle-Free, Moisture-Wicking & Breathable for Hair & Skin (Ivory)","New","62","0","0","0","0","1","54","8","0","USD","0","3","6","6","","31.95","29.95","25.76","0.0","NoRestockExcessActionRequired","","0.0","0","0","3721.89","0.09","0.282881","cubic feet","Standard","17.538622","US","gl_home","8682","366","62","82","134","29.95","0.0","92.66","186.12","186.12","0","0","0","55","0","112.26","0","0","0","0","","0","0","0","0.0","1","0.28","0","0.0","0","0.0","54","87.05","0","0.0","8","15.61","0","0.0","869.0","13","Excess","","","2026-07-27","Yes","No","483.0","869.0","2026-07-25","62","0","0","0","366","unassigned","N","","",""
"2026-07-28","PURPLE-SATIN-SET-6PCS","X003VHOEP7","B0C9LSVFPR","DECOLURE Satin Bed Sheets - 6 Piece Luxury Silky Queen Size Bedding Set - Softer Than Silk, Wrinkle-Free with 15” Deep Pocket Fitted Sheet, Perfect for Hair & Skin, Gifts for Women (Purple)","New","41","42","0","83","0","0","0","0","0","USD","6","27","41","62","","31.95","0.0","31.95","0.0","CreateShippingPlan","","0.0","0","0","0.0","1.84","0.214187","cubic feet","Standard","8.781667","US","gl_home","15592","101","0","6","8","31.95","191.7","861.05","1300.55","1965.5","83","0","0","0","0","11.6","0","0","0","0","","1","0","","","","","","","","","","","","","","","","","47.0","63","Healthy","41","2026-08-04","2026-07-27","Yes","No","47.0","31.1","2026-07-25","83","1","0","0","102","unassigned","N","","",""
"2026-07-28","SS-SATIN-TAUPE-KING-4PCS","X004D7A2NH","B0DDRF1Z4N","SLEEP SANCTUARY Satin Sheets King Size – 4 Piece Luxury Silky Bed Set, Softer Than Silk, 15"" Deep Pocket, Cooling & Wrinkle-Free, Moisture-Wicking & Breathable for Hair & Skin (Taupe)","New","83","91","0","147","30","0","0","0","0","USD","9","20","38","63","","35.95","33.95","29.36","0.0","NoRestockExcessActionRequired","","0.0","0","0","2497.63","0.58","0.323186","cubic feet","Standard","26.824438","US","gl_home","8682","359","122","16","17","35.95","270.24","636.96","1241.73","2148.48","134","0","13","0","0","152.13","0","0","0","0","","2","0","4","0.64","0","0.0","0","0.0","0","0.0","0","0.0","0","0.0","0","0.0","0","0.0","140.5","32","Excess","","","2026-07-27","Yes","No","140.5","134.6","2026-07-25","174","1","1","0","366","unassigned","N","","",""
"2026-07-28","BAMBOO-QUEEN-LIGHTOLIVE","X003TOCG8T","B0BZQ19Z44","DECOLURE 100% Viscose Derived from Bamboo Sheets Queen Size - Luxury 4 Pc Naturally Cooling Sheets, Ultra Soft Bed Set - Deep 17"" Pockets, Durable Double Stitching, Oeko Tex Standard (Light Olive)","New","163","0","0","165","0","0","0","0","0","USD","6","28","50","66","","79.99","0.0","79.99","0.0","NoRestockExcessActionRequired","","0.0","0","0","6.91","0.46","0.277961","cubic feet","Standard","45.307643","US","gl_home","9485","255","0","23","32","79.99","479.94","2133.49","3520.25","4567.96","1","60","104","0","0","41.4","0","0","0","0","","0","0","","","","","","","","","","","","","","","","","165.6","44","Healthy","","","2026-07-27","Yes","No","137.0","165.6","2026-07-25","163","0","0","0","255","unassigned","N","","",""
"2026-07-28","BAMBOO-TWIN-WHITE","X002O5110D","B08KQKBM4Q","DECOLURE 100% Viscose Derived from Bamboo Sheets Twin Size - Luxury 3 Pc Naturally Cooling Sheets, Ultra Soft Bed Set - Deep 17"" Pockets, Durable Double Stitching, Oeko Tex Standard (White)","","0","0","0","1","0","0","0","0","0","USD","0","28","117","137","","0.0","0.0","59.99","0.0","CreateShippingPlan","","","0","0","","2.2","0.2061","cubic feet","Standard","0.0","US","gl_home","9485","44","0","7","5","59.99","0.0","1654.72","7364.96","8558.71","1","0","0","0","0","","54","0","54","0","","0","0","","","","","","","","","","","","","","","","","44.1","89","Out of stock","121","2026-08-03","2026-07-27","Yes","No","6.7","44.1","2026-07-25","54","0","0","0","44","unassigned","N","","",""
"2026-07-28","SL-QUILT-SET-QUEEN-SAGE-GREEN","X004R3WF23","B0FGZZRZML","SLEEPHORIA Queen Quilt Bedding Set - Cloud Soft All-Season Bedspread 3 PC w/Shams, Bed Quilt Queen Size Coverlet - Oversized, Light Weight, Ultra Durable, Easy Care - 90 x 96 in (Sage Green)","New","151","0","0","0","1","6","147","0","0","USD","2","4","4","4","","36.99","0.0","33.29","0.0","Edit listing","","0.0","0","0","28195.5","0.03","0.704337","cubic feet","Oversize","106.354887","US","gl_home","97758","366","151","151","490","33.29","70.28","144.26","144.26","144.26","0","0","0","153","0","634.22","0","0","0","0","","1","0","5","1.76","1","0.7","1","1.06","1","3.84","146","586.13","0","0.0","0","0.0","0","0.0","1595.0","3","Excess","","","2026-07-27","Yes","No","1177.5","1595.0","2026-07-25","151","0","1","0","366","unassigned","N","","",""
"2026-07-28","SS-SATIN-STRIPED-PINK-FULL-4PCS","X004D7HE2T","B0DDRKMZ6G","SLEEP SANCTUARY Satin Sheets Full Size – 4 Piece Luxury Silky Bed Set, Softer Than Silk, 15"" Deep Pocket, Cooling & Wrinkle-Free, Moisture-Wicking & Breathable for Hair & Skin (Striped Pink)","New","23","0","0","0","0","23","0","0","0","USD","7","12","16","16","","31.95","29.95","25.76","0.0","NoRestockExcessActionRequired","","0.0","0","0","832.49","0.43","0.154324","cubic feet","Standard","3.549452","US","gl_home","8682","111","22","7","18","31.95","183.32","327.1","460.51","460.51","0","0","0","23","0","6.0","0","0","0","0","","0","0","1","0.08","22","3.38","0","0.0","0","0.0","0","0.0","0","0.0","0","0.0","0","0.0","215.8","11","Excess","","","2026-07-27","Yes","No","84.6","215.8","2026-07-25","23","0","0","0","111","unassigned","N","","",""
"2026-07-28","BAMBOO-QUEEN-GREY","X002O4Z16T","B08KQ5VVRV","DECOLURE 100% Viscose Derived from Bamboo Sheets Queen Size - Luxury 4 Pc Naturally Cooling Sheets, Ultra Soft Bed Set - Deep 17"" Pockets, Durable Double Stitching, Oeko Tex Standard (Grey)","New","136","12","0","158","0","0","0","0","0","USD","21","80","165","259","","79.99","0.0","74.99","0.0","CreateShippingPlan","","0.0","0","0","0.0","1.92","0.242925","cubic feet","Standard","33.0378","US","gl_home","9485","100","0","8","8","79.99","1575.79","6032.83","12173.56","19207.45","158","0","0","0","0","22.1","36","0","36","0","","2","1","","","","","","","","","","","","","","","","","72.8","116","Healthy","48","2026-08-04","2026-07-27","No","No","72.8","32.3","2026-07-25","184","0","2","0","101","unassigned","N","","",""
"2026-07-28","BAMBOO-QUEEN-WHITE","X002O53Z43","B08KQJGM74","DECOLURE 100% Viscose Derived from Bamboo Sheets Queen Size - Luxury 4 Pc Naturally Cooling Sheets, Ultra Soft Bed Set - Deep 17"" Pockets, Durable Double Stitching, Oeko Tex Standard (White)","New","260","37","0","314","0","0","0","0","0","USD","66","224","453","613","","79.99","0.0","74.98","0.0","CreateShippingPlan","","0.0","0","0","0.0","2.59","0.274414","cubic feet","Standard","71.34764","US","gl_home","9485","67","0","7","8","79.99","4792.77","17033.58","34421.07","45844.52","172","142","0","0","0","43.7","144","0","144","0","","11","0","","","","","","","","","","","","","","","","","56.6","197","Healthy","","","2026-07-27","No","No","56.6","39.0","2026-07-25","441","8","3","0","69","unassigned","N","","",""
"2026-07-28","SS-SATIN-PINK-KING-4PCS","X004D7EW8X","B0DDQQB8VY","SLEEP SANCTUARY Satin Sheets King Size – 4 Piece Luxury Silky Bed Set, Softer Than Silk, 15"" Deep Pocket, Cooling & Wrinkle-Free, Moisture-Wicking & Breathable for Hair & Skin (Pink)","New","41","0","0","0","0","2","0","42","0","USD","11","23","34","50","","35.95","33.95","23.96","0.0","NoRestockExcessActionRequired","","0.0","0","0","6.77","0.67","0.317989","cubic feet","Standard","13.037549","US","gl_home","8682","36","0","7","10","29.95","269.56","593.05","912.54","1391.74","0","0","0","2","0","85.76","0","0","0","0","","4","0","0","0.0","2","0.64","0","0.0","0","0.0","0","0.0","0","0.0","42","92.14","0","0.0","146.4","34","Healthy","33","2026-08-04","2026-07-27","Yes","No","98.5","146.4","2026-07-25","41","3","1","0","42","unassigned","N","","",""
"2026-07-28","SATIN-STONEGREY-FULL-6PCS","X003UMBN0H","B0C7G4HJL5","DECOLURE Satin Bed Sheets - 6 Piece Luxury Silky Full Size Bedding Set - Softer Than Silk, Wrinkle-Free with 15” Deep Pocket Fitted Sheet, Perfect for Hair & Skin, Gifts for Women (Stone Grey)","New","19","0","0","19","0","0","0","0","0","USD","0","6","12","15","","29.95","0.0","29.94","0.0","NoRestockExcessActionRequired","","0.0","0","0","709.18","0.82","0.186207","cubic feet","Standard","3.537933","US","gl_home","15592","366","0","32","42","29.94","0.0","176.7","348.84","471.69","0","6","13","0","0","2.71","30","0","30","0","","0","0","","","","","","","","","","","","","","","","","127.5","8","Healthy","","","2026-07-27","Yes","No","86.3","127.5","2026-07-25","49","0","0","0","366","unassigned","N","","",""
"2026-07-28","SATIN-STRIPE-FULL-GRAY--6-PCS","X003UO3A4H","B0C7K7NCKW","DECOLURE Satin Bed Sheets - 6 Piece Luxury Silky Full Size Bedding Set - Softer Than Silk, Wrinkle-Free with 15” Deep Pocket Fitted Sheet, Perfect for Hair & Skin, Gifts for Women (Striped Grey)","New","61","0","0","0","0","12","49","0","0","USD","5","11","20","21","","27.95","0.0","27.95","26.55","NoRestockExcessActionRequired","","0.0","0","0","5247.43","0.27","0.330379","cubic feet","Standard","20.153119","US","gl_home","15592","366","61","22","37","27.95","141.75","316.95","585.0","621.95","0","0","0","36","25","120.48","0","0","0","0","","1","0","0","0.0","0","0.0","6","2.97","24","43.2","6","11.3","25","48.75","0","0.0","0","0.0","379.3","5","Excess","","","2026-07-27","Yes","No","225.7","379.3","2026-07-25","61","1","0","0","366","unassigned","N","","",""
"2026-07-28","SS-BAMBOO-CREME-TWIN-4PCS","X004D8Q22V","B0DDV13P1G","SLEEP SANCTUARY 100% Viscose Derived from Bamboo Sheets Twin Size 4pcs – BamBliss Luxury Cooling Sheets for Hot Sleepers - Cloud Soft, 17"" Deep Pocket, Ultra Durable Bed Set (Creme)","New","18","1","0","0","0","0","18","0","0","USD","0","1","1","5","","61.99","0.0","61.99","0.0","NoRestockExcessActionRequired","","54.38","52","0","1412.84","0.25","0.202365","cubic feet","Standard","3.64257","US","gl_home","86667","366","19","72","46","61.99","0.0","46.74","46.74","251.7","0","0","0","18","0","24.29","0","0","0","0","","0","0","0","0.0","0","0.0","0","0.0","6","6.61","12","13.84","0","0.0","0","0.0","0","0.0","542.0","3","Excess","","","2026-07-27","Yes","No","542.0","341.6","2026-07-25","19","0","0","0","366","unassigned","N","","",""
"2026-07-28","SS-SATIN-STRIPED-RED-FULL-4PCS","X004D7HFN7","B0DDR9TM21","SLEEP SANCTUARY Satin Sheets Full Size – 4 Piece Luxury Silky Bed Set, Softer Than Silk, 15"" Deep Pocket, Cooling & Wrinkle-Free, Moisture-Wicking & Breathable for Hair & Skin (Striped Red)","New","8","0","0","0","0","0","0","9","0","USD","1","6","10","11","","31.95","29.95","29.95","0.0","NoRestockExcessActionRequired","","0.0","0","0","554.89","0.69","0.251343","cubic feet","Standard","2.010744","US","gl_home","8682","86","0","5","9","29.95","29.95","161.73","295.54","325.49","0","0","0","0","0","17.28","0","0","0","0","","1","0","0","0.0","0","0.0","0","0.0","0","0.0","0","0.0","0","0.0","0","0.0","9","17.87","130.2","9","Low stock","8","2026-08-04","2026-07-27","Yes","No","47.3","130.2","2026-07-25","8","1","0","0","102","unassigned","N","","",""
"2026-07-28","SILK-PILLOWCASE-STANDARD-IVORY-1PCS","X004C9YV65","B0DBR99M41","DECOLURE 100% Pure Mulberry Silk Pillow Case Standard Size – Highest Grade 30 Momme 6A+, Luxuriously Soft & Cooling Silk Pillowcase for Hair & Skin, Hypoallergenic, Breathable, Hidden Zipper (Ivory)","New","347","0","0","9","19","9","16","10","292","USD","2","9","24","45","","44.95","0.0","44.95","0.0","NoExcessInventory","","0.0","0","0","58.84","0.13","0.029329","cubic feet","Standard","10.177163","US","gl_home","217093","366","0","154","100","44.95","89.9","395.55","1038.63","2000.66","2","6","1","13","12","78.89","0","0","0","0","","1","0","3","0.04","5","0.15","2","0.09","0","0.0","0","0.0","4","0.69","15","4.5","299","104.65","738.9","20","Healthy","","","2026-07-27","Yes","No","738.9","695.7","2026-07-25","347","1","0","0","366","unassigned","N","","",""
"2026-07-28","SATIN-FITTED-FULL-BLACK","X004CBP8ID","B0DBVZTM41","DECOLURE Satin Fitted Sheet Full Size (1 PC) – Luxuriously Smooth & Softer Than Silk Bed Sheets w/ 15 Inch Deep Pocket Hypoallergenic Wrinkle Free, Secure Snug Fit, Elastic Corner Straps (Black)","New","108","2","0","5","121","0","0","0","0","USD","34","121","227","338","","17.95","0.0","17.94","0.0","CreateShippingPlan","","0.0","0","0","0.0","1.06","0.109375","cubic feet","Standard","11.8125","US","gl_home","9976","27","0","3","4","17.94","609.99","2165.28","4052.68","6095.13","0","5","0","0","0","5.91","0","0","0","0","","5","0","","","","","","","","","","","","","","","","","79.8","122","Low stock","213","2026-08-04","2026-07-27","No","No","42.8","79.8","2026-07-25","110","1","4","0","28","unassigned","N","","",""
"2026-07-28","SS-BAMBOO-TAUPE-TWIN-4PCS","X004D8UYQ1","B0DDTYZ5R2","SLEEP SANCTUARY 100% Viscose Derived from Bamboo Sheets Twin Size 4pcs – BamBliss Luxury Cooling Sheets for Hot Sleepers - Cloud Soft, 17"" Deep Pocket, Ultra Durable Bed Set (Taupe)","New","19","0","0","0","1","0","18","0","0","USD","0","1","3","5","","54.99","0.0","54.99","0.0","NoRestockExcessActionRequired","","0.0","0","0","1133.48","0.24","0.202365","cubic feet","Standard","3.844935","US","gl_home","86667","366","19","76","49","54.99","0.0","54.99","178.97","288.95","0","0","0","18","0","23.14","0","0","0","0","","0","0","0","0.0","0","0.0","0","0.0","6","6.61","12","13.84","0","0.0","0","0.0","0","0.0","573.0","3","Excess","","","2026-07-27","Yes","No","573.0","385.0","2026-07-25","19","0","0","0","366","unassigned","N","","",""
"2026-07-28","BAMBOO-CALIFKING-NAVYBLUE-6PCS","X00438O8M7","B0CQ311QX3","DECOLURE 100% Viscose Derived from Bamboo Sheets California King Size - Luxury 6 Pc Naturally Cooling Sheets, Ultra Soft Bed Set - Deep 17"" Pockets, Double Stitching, Oeko Tex Standard (Navy Blue)","New","63","1","0","68","0","0","0","0","0","USD","8","14","22","22","","89.99","0.0","80.99","0.0","NoRestockExcessActionRequired","","","0","0","","0.65","0.364199","cubic feet","Standard","22.944537","US","gl_home","9357","150","0","18","37","80.99","646.92","1167.86","1793.28","1793.28","52","16","0","0","0","","0","0","0","0","","6","0","","","","","","","","","","","","","","","","","135.1","35","Healthy","","","2026-07-27","Yes","No","135.1","128.0","2026-07-25","64","2","4","0","168","unassigned","N","","",""
"2026-07-28","SATIN-FITTED-TWIN-ROSEWOOD","X004CBTSZ7","B0DBVY3FF2","DECOLURE Satin Fitted Sheet Twin Size (1 PC) – Luxuriously Smooth & Softer Than Silk Bed Sheets w/ 15 Inch Deep Pocket Hypoallergenic Wrinkle Free, Secure Snug Fit, Elastic Corner Straps (Rosewood)","New","1","1","0","1","0","2","0","0","0","USD","4","14","28","40","","16.95","0.0","16.95","0.0","CreateShippingPlan","","0.0","0","0","0.0","1.69","0.116403","cubic feet","Standard","0.116403","US","gl_home","9976","3","0","0","0","16.95","59.55","219.21","435.69","627.28","1","0","0","2","0","0.23","0","0","0","0","","0","0","0","0.0","0","0.0","2","0.34","0","0.0","0","0.0","0","0.0","0","0.0","0","0.0","50.7","10","Low stock","22","2026-08-04","2026-07-27","Yes","No","17.5","50.7","2026-07-25","2","0","0","0","3","unassigned","N","","",""
"2026-07-28","BAMBOO-FULL-LIGHT PINK","X0040HLH8T","B0CLKDSVCV","DECOLURE 100% Viscose Derived from Bamboo Sheets Full Size - Luxury 4 Pc Naturally Cooling Sheets, Ultra Soft Bed Set - Deep 17"" Pockets, Durable Double Stitching, Oeko Tex Standard (Light Pink)","New","74","0","0","85","0","0","0","0","0","USD","10","54","103","143","","69.99","0.0","64.98","0.0","CreateShippingPlan","","0.0","0","0","0.0","1.74","0.235026","cubic feet","Standard","17.391924","US","gl_home","9485","63","0","5","7","69.99","649.82","3593.26","6856.84","9583.35","50","35","0","0","0","11.21","6","0","0","6","","4","1","","","","","","","","","","","","","","","","","59.7","58","Healthy","51","2026-08-04","2026-07-27","Yes","No","59.7","55.0","2026-07-25","80","3","1","0","66","unassigned","N","","",""
"2026-07-28","SATIN-STRIPE-TWIN-GRAY","X0030KKNXH","B09G6J7WQ8","DECOLURE Satin Bed Sheets - 3 Piece Luxury Silky Twin Size Bedding Set - Softer Than Silk, Wrinkle-Free with 15” Deep Pocket Fitted Sheet, Perfect for Hair & Skin, Gifts for Women (Striped Grey)","New","6","0","0","0","0","0","1","5","0","USD","0","3","6","6","","25.95","0.0","25.95","0.0","NoRestockExcessActionRequired","","0.0","0","0","262.24","0.7","0.142087","cubic feet","Standard","0.852522","US","gl_home","4372","103","6","8","13","25.95","0.0","82.71","163.76","163.76","0","0","0","0","1","7.18","0","0","0","0","","0","0","0","0.0","0","0.0","0","0.0","0","0.0","0","0.0","0","0.0","1","0.98","5","5.62","128.9","5","Excess","2","2026-08-02","2026-07-27","Yes","No","70.7","128.9","2026-07-25","6","0","0","0","103","unassigned","N","","",""
"2026-07-28","SS-BAMBOO-MIDGREY-FULL-6PCS","X004D8TNTF","B0DDTWSK28","SLEEP SANCTUARY 100% Viscose Derived from Bamboo Sheets Full 6pcs – BamBliss Luxury Cooling Sheets for Hot Sleepers - Cloud Soft, 17"" Deep Pocket, Ultra Durable Bed Set (Midgrey)","New","66","0","0","0","0","0","66","0","0","USD","0","3","4","9","","59.99","0.0","59.99","0.0","Edit listing","","0.0","0","0","4586.69","0.13","0.285182","cubic feet","Standard","18.822012","US","gl_home","86667","366","64","88","95","59.99","0.0","179.97","246.96","553.91","0","0","0","66","0","117.8","0","0","0","0","","0","0","0","0.0","0","0.0","0","0.0","18","27.98","48","78.03","0","0.0","0","0.0","0","0.0","695.1","6","Excess","","","2026-07-27","Yes","No","668.7","695.1","2026-07-25","66","0","0","0","366","unassigned","N","","",""
"2026-07-28","SATIN-TWIN-BLUE-6PCS","X003UM8Z85","B0C7FFM7L9","DECOLURE Satin Bed Sheets - 4 Piece Luxury Silky Twin Size Bedding Set - Softer Than Silk, Wrinkle-Free with 15” Deep Pocket Fitted Sheet, Perfect for Hair & Skin, Gifts for Women (Blue)","New","48","0","0","0","36","0","12","0","0","USD","0","5","11","14","","26.95","0.0","25.16","0.0","NoRestockExcessActionRequired","","0.0","0","0","2463.71","0.25","0.210865","cubic feet","Standard","10.12152","US","gl_home","15592","366","48","38","44","25.16","0.0","139.75","306.05","389.9","0","0","0","12","0","20.95","0","0","0","0","","0","0","0","0.0","0","0.0","0","0.0","12","13.8","0","0.0","0","0.0","0","0.0","0","0.0","357.6","11","Excess","","","2026-07-27","Yes","No","253.3","357.6","2026-07-25","48","0","0","0","366","unassigned","N","","",""
"2026-07-28","SS-BAMBOO-TAUPE-FULL-6PCS","X004D8PZ97","B0DDTX7FF7","SLEEP SANCTUARY 100% Viscose Derived from Bamboo Sheets Full 6pcs – BamBliss Luxury Cooling Sheets for Hot Sleepers - Cloud Soft, 17"" Deep Pocket, Ultra Durable Bed Set (Taupe)","New","40","0","0","1","0","3","36","0","0","USD","1","2","3","9","","59.99","0.0","59.99","0.0","NoRestockExcessActionRequired","","0.0","0","0","390.54","0.21","0.28674","cubic feet","Standard","11.4696","US","gl_home","86667","263","37","80","57","59.99","59.99","119.98","186.97","546.91","0","0","1","39","0","65.97","0","0","0","0","","0","0","0","0.0","1","0.29","1","0.43","13","20.31","24","39.2","0","0.0","0","0.0","0","0.0","617.5","9","Excess","","","2026-07-27","Yes","No","617.5","431.1","2026-07-25","40","0","0","0","263","unassigned","N","","",""
"2026-07-28","SATIN-FULL-PINK","X002IU8UR1","B0839L6QG5","DECOLURE Satin Bed Sheets - 4 Piece Luxury Silky Full Size Bedding Set - Softer Than Silk, Wrinkle-Free with 15” Deep Pocket Fitted Sheet, Perfect for Hair & Skin, Gifts for Women (Pink)","New","111","68","0","174","6","0","0","0","0","USD","6","30","77","113","","29.95","0.0","28.45","0.0","NoRestockExcessActionRequired","","0.0","0","0","0.0","0.75","0.195357","cubic feet","Standard","21.684627","US","gl_home","4372","133","0","14","12","28.45","167.92","876.26","2272.13","3366.76","84","18","72","0","0","22.3","0","0","0","0","","1","0","","","","","","","","","","","","","","","","","132.6","85","Healthy","","","2026-07-27","Yes","No","132.6","108.7","2026-07-25","179","1","0","0","134","unassigned","N","","",""
"2026-07-28","SS-SATIN-ROSEWOOD-FULL-4PCS","X004D7A01B","B0DDRNYF9Q","SLEEP SANCTUARY Satin Sheets Full Size – 4 Piece Luxury Silky Bed Set, Softer Than Silk, 15"" Deep Pocket, Cooling & Wrinkle-Free, Moisture-Wicking & Breathable for Hair & Skin (Rosewood)","New","28","1","0","1","2","3","1","1","23","USD","4","12","19","27","","31.95","29.95","25.76","0.0","NoRestockExcessActionRequired","","0.0","0","0","1356.51","0.61","0.242378","cubic feet","Standard","6.786584","US","gl_home","8682","88","0","9","13","31.95","103.04","329.9","550.38","805.98","1","0","0","4","0","50.61","0","0","0","0","","2","0","1","0.12","2","0.48","0","0.0","1","1.32","0","0.0","0","0.0","1","1.67","23","44.03","152.1","22","Healthy","12","2026-08-04","2026-07-27","Yes","No","92.0","152.1","2026-07-25","29","1","1","0","98","unassigned","N","","",""
"2026-07-28","SL-COOLING-SHEET-FULL-LIGHT-BLUE","X004OCYGKB","B0F7LYF4RK","SLEEPHORIA Cooling Sheets - BreezeWeave 4 PC Full Size Cooling Bed Sheets for Hot Sleepers & Deep, Cool Rest - Cloud Soft, Silky Smooth, 16 in Deep Pocket, Ultra Durable (Light Blue)","New","39","30","0","73","0","0","0","0","0","USD","3","6","34","56","","59.99","0.0","59.99","0.0","NoRestockExcessActionRequired","","0.0","0","0","0.0","1.42","0.282075","cubic feet","Standard","11.000925","US","gl_home","82219","123","0","26","9","59.99","179.97","359.94","2021.21","3349.99","73","0","0","0","0","12.67","0","0","0","0","","2","0","","","","","","","","","","","","","","","","","94.4","32","Healthy","","","2026-07-27","Yes","No","94.4","46.3","2026-07-25","69","2","0","0","126","unassigned","N","","",""
"2026-07-28","SL-COOLING-SHEET-FULL-COOL-GREY","X004OD1BQR","B0F7LXB26C","SLEEPHORIA Cooling Sheets - BreezeWeave 4 PC Full Size Cooling Bed Sheets for Hot Sleepers & Deep, Cool Rest - Cloud Soft, Silky Smooth, 16 in Deep Pocket, Ultra Durable (Cool Grey)","New","55","60","0","117","0","0","0","0","0","USD","3","4","39","89","","54.99","0.0","54.99","0.0","CreateShippingPlan","","0.0","0","0","0.0","1.51","0.275852","cubic feet","Standard","15.17186","US","gl_home","82219","120","0","55","8","53.99","164.97","224.96","2149.61","4899.11","117","0","0","0","0","20.26","0","0","0","0","","2","0","","","","","","","","","","","","","","","","","615.5","56","Healthy","","","2026-07-27","Yes","No","615.5","38.4","2026-07-25","115","1","1","0","121","unassigned","N","","",""
"2026-07-28","BAMBOO-QUEEN-TAUPE","X002O510YZ","B08KQJMZ8Q","DECOLURE 100% Viscose Derived from Bamboo Sheets Queen Size - Luxury 4 Pc Naturally Cooling Sheets, Ultra Soft Bed Set - Deep 17"" Pockets, Durable Double Stitching, Oeko Tex Standard (Taupe)","New","135","270","0","408","0","0","0","0","0","USD","6","6","8","123","","107.99","0.0","107.99","0.0","CreateShippingPlan","","","0","0","","0.99","0.252857","cubic feet","Standard","34.135695","US","gl_home","9485","122","0","90","14","107.99","428.91","428.91","535.68","8348.2","408","0","0","0","0","","0","0","0","0","","1","0","","","","","","","","","","","","","","","","","1152.7","150","Healthy","","","2026-07-27","Yes","No","1152.7","28.3","2026-07-25","405","0","1","0","122","unassigned","N","","",""
