snapshot-date,sku,fnsku,asin,product-name,condition,available,pending-removal-quantity,inv-age-0-to-90-days,inv-age-91-to-180-days,inv-age-181-to-270-days,inv-age-271-to-365-days,inv-age-366-to-455-days,inv-age-456-plus-days,currency,units-shipped-t7,units-shipped-t30,units-shipped-t60,units-shipped-t90,alert,your-price,sales-price,lowest-price-new-plus-shipping,lowest-price-used,recommended-action,DEPRECATED healthy-inventory-level,recommended-sales-price,recommended-sale-duration-days,recommended-removal-quantity,estimated-cost-savings-of-recommended-actions,sell-through,item-volume,volume-unit-measurement,storage-type,storage-volume,marketplace,product-group,sales-rank,days-of-supply,estimated-excess-quantity,weeks-of-cover-t30,weeks-of-cover-t90,featuredoffer-price,sales-shipped-last-7-days,sales-shipped-last-30-days,sales-shipped-last-60-days,sales-shipped-last-90-days,inv-age-0-to-30-days,inv-age-31-to-60-days,inv-age-61-to-90-days,inv-age-181-to-330-days,inv-age-331-to-365-days,estimated-storage-cost-next-month,inbound-quantity,inbound-working,inbound-shipped,inbound-received,no-sale-last-6-months,Total Reserved Quantity,unfulfillable-quantity,quantity-to-be-charged-ais-181-210-days,estimated-ais-181-210-days,quantity-to-be-charged-ais-211-240-days,estimated-ais-211-240-days,quantity-to-be-charged-ais-241-270-days,estimated-ais-241-270-days,quantity-to-be-charged-ais-271-300-days,estimated-ais-271-300-days,quantity-to-be-charged-ais-301-330-days,estimated-ais-301-330-days,quantity-to-be-charged-ais-331-365-days,estimated-ais-331-365-days,quantity-to-be-charged-ais-366-455-days,estimated-ais-366-455-days,quantity-to-be-charged-ais-456-plus-days,estimated-ais-456-plus-days,historical-days-of-supply,fba-minimum-inventory-level,fba-inventory-level-health-status,Recommended ship-in quantity,Recommended ship-in date,Last updated date for Historical Days of Supply,Exempted from Low-Inventory-Level fee?,Low-Inventory-Level fee applied in current week?,Short term historical days of supply,Long term historical days of supply,Inventory age snapshot date,Inventory Supply at FBA,Reserved FC Transfer,Reserved FC Processing,Reserved Customer Order,Total Days of Supply (including units from open shipments),supplier,is-seasonal-in-next-3-months,season-name,season-start-date,season-end-date
2026-04-30,BAMBOO-QUEEN-PURPLE,X003TODVH9,B0BZQ3ZGNG,"DECOLURE 100% Viscose Derived from Bamboo Sheets Queen Size - Luxury 4 Pc Naturally Cooling Sheets, Ultra Soft Bed Set - Deep 17"" Pockets, Durable Double Stitching, Oeko Tex Standard (Purple)",New,26,0,27,0,0,0,0,0,USD,3,3,5,37,,99.99,0,99.99,0,CreateShippingPlan,,,0,0,,2.28,0.266028,cubic feet,Standard,6.916728,US,gl_home,11515,36,0,66,17,99.99,216.89,216.89,386.87,2766.55,27,0,0,0,0,,24,24,0,0,,0,0,,,,,,,,,,,,,,,,,207,37,Low stock,11,2026-05-06,2026-04-27,Yes,No,207,22.8,2026-04-27,50,0,0,0,65,unassigned,N,,,
2026-04-30,SL-COOLING-FITTED-KING-WHITE,X004OD8BAV,B0F7M3YQ5R,"SLEEPHORIA Cooling Fitted Sheet King Size - 1 PC BreezeWeave Cooling Sheets for Hot Sleepers & Cool Rest w/ 16 in Deep Pocket - Corner Straps, Cloud Soft, Ultra Durable - 73 x 77 in (White)",,0,0,3,0,0,0,0,0,USD,17,129,232,263,,0,0,32.99,0,CreateShippingPlan,,,0,0,,1.67,0.16356,cubic feet,Standard,0,US,gl_home,33953,0,0,0,0,32.99,564.83,4479.71,7857.68,8632.37,2,1,0,0,0,,0,0,0,0,,4,0,,,,,,,,,,,,,,,,,63.9,122,Out of stock,231,2026-04-30,2026-04-27,No,No,18,63.9,2026-04-27,0,0,2,2,0,unassigned,N,,,
2026-04-30,SATIN-RED-FULL,X002O64ILV,B08KRHBD49,"DECOLURE Satin Bed Sheets - 4 Piece Luxury Silky Full Size Bedding Set - Softer Than Silk, Wrinkle-Free with 15” Deep Pocket Fitted Sheet, Perfect for Hair & Skin, Gifts for Women (Red)",New,89,0,99,0,0,0,0,0,USD,4,27,41,66,,29.95,0,29.95,0,NoRestockExcessActionRequired,,0,0,0,0,0.98,0.219381,cubic feet,Standard,19.524909,US,gl_home,10574,72,0,13,17,28.45,119.8,804.56,1259.86,2008.61,0,99,0,0,0,11.92,0,0,0,0,,6,0,,,,,,,,,,,,,,,,,126.8,70,Healthy,39,2026-05-06,2026-04-27,Yes,No,126.8,76.4,2026-04-27,89,0,6,0,79,unassigned,N,,,
2026-04-30,SATIN-ROSEWOOD-KING-6PCS,X003UMBN11,B0C7FP1L1V,"DECOLURE Satin Bed Sheets - 6 Piece Luxury Silky King Size Bedding Set - Softer Than Silk, Wrinkle-Free with 15” Deep Pocket Fitted Sheet, Perfect for Hair & Skin, Gifts for Women (Rosewood)",New,116,0,11,0,113,0,0,0,USD,5,38,74,115,,31.95,0,31.95,0,NoExcessInventory,,0,0,0,0,0.63,0.233992,cubic feet,Standard,27.143072,US,gl_home,24922,124,0,12,13,31.95,159.75,1213.86,2379.06,3689.01,3,5,3,113,0,38.19,0,0,0,0,,9,0,0,0,113,26.43,0,0,0,0,0,0,0,0,0,0,0,0,144.6,59,Healthy,,,2026-04-27,Yes,No,112,144.6,2026-04-27,118,2,4,3,132,unassigned,N,,,
2026-04-30,BAMBOO-KING-BURGUNDY-NEW,X0043AHR7X,B0CRHYYVZQ,"DECOLURE 100% Viscose Derived from Bamboo Sheets King Size - Luxury 4 Pc Naturally Cooling Sheets, Ultra Soft Bed Set - Deep 17"" Pockets, Durable Double Stitching, Oeko Tex Standard (Burgundy)",New,160,0,180,0,0,0,0,0,USD,20,79,166,280,,84.99,0,84.99,0,NoRestockExcessActionRequired,,0,0,0,0,1.52,0.327007,cubic feet,Standard,52.32112,US,gl_home,11515,156,0,19,18,84.99,1663.46,6484.41,13505.79,22513.13,133,9,38,0,0,49.03,234,120,72,42,,82,0,,,,,,,,,,,,,,,,,55.1,200,Healthy,,,2026-04-27,Yes,No,53.9,55.1,2026-04-27,468,74,8,0,215,unassigned,N,,,
2026-04-30,SATIN-CHAMPAGNE-KING,X003RX7APL,B0BZPXJH4Q,"DECOLURE Satin Bed Sheets - 4 Piece Luxury Silky King Size Bedding Set - Softer Than Silk, Wrinkle-Free with 15” Deep Pocket Fitted Sheet, Perfect for Hair & Skin, Gifts for Women (Champagne)",New,145,0,62,91,0,0,0,0,USD,11,87,155,240,,33.95,0,33.95,0,CreateShippingPlan,,0,0,0,0,0.9,0.253113,cubic feet,Standard,36.701385,US,gl_home,10574,56,0,6,7,33.95,380.25,2710.66,5162.52,7852.14,2,42,18,0,0,19.39,0,0,0,0,,8,0,,,,,,,,,,,,,,,,,104.5,82,Healthy,,,2026-04-27,Yes,No,67.9,104.5,2026-04-27,147,2,6,0,56,unassigned,N,,,
2026-04-30,BM-QUEEN-PINK,X0045ATWR9,B0CWJ2X18T,DECOLURE Cooling Sheets Queen Set 4pcs - Luxurious & Ultra-Soft Cooling Bed Sheets Queen Size for Hot Sleepers - Comfortable Bamboo Viscose Microfiber Queen Bed Sheets Set Cooling (Pink),New,137,0,8,144,0,0,0,0,USD,3,27,64,86,,58.95,0,58.95,0,Create Outlet deal,,27.97,2,0,6727.56,0.43,0.218001,cubic feet,Standard,29.866137,US,gl_home,99235,366,144,20,20,58.95,113.85,1042.65,2446.8,3281.7,1,0,7,0,0,22.22,0,0,0,0,,13,0,,,,,,,,,,,,,,,,,211.4,14,Excess,,,2026-04-27,Yes,No,174.4,211.4,2026-04-27,144,7,6,0,366,unassigned,N,,,
2026-04-30,SL-COOLING-FITTED-QUEEN-WHITE,X004OD09D3,B0F7M5PNCT,"SLEEPHORIA Cooling Fitted Sheet Queen Size - 1 PC BreezeWeave Cooling Sheets for Hot Sleepers & Cool Rest w/ 16 in Deep Pocket - Corner Straps, Cloud Soft, Ultra Durable - 57 x 77 in (White)",New,142,0,3,2,147,0,0,0,USD,24,106,182,205,,29.99,0,29.99,0,NoExcessInventory,,0,0,0,0,0.72,0.149204,cubic feet,Standard,21.186968,US,gl_home,33953,50,0,5,9,29.99,719.76,3336.94,5598.18,6126.95,1,1,1,147,0,105.02,0,0,0,0,,22,0,0,0,0,0,0,0,147,119.54,0,0,0,0,0,0,0,0,143.5,91,Healthy,27,2026-05-07,2026-04-27,Yes,No,67.4,143.5,2026-04-27,152,10,11,1,54,unassigned,N,,,
2026-04-30,SATIN-FITTED-QUEEN-BABY-BLUE,X004CBS4O3,B0DBW19662,"DECOLURE Satin Fitted Sheet Queen Size (1 PC) – Luxuriously Smooth & Softer Than Silk Bed Sheets w/ 15 Inch Deep Pocket Hypoallergenic Wrinkle Free, Secure Snug Fit, Elastic Corner Straps (Baby Blue)",New,216,0,148,78,0,0,0,0,USD,23,75,131,183,,17.95,0,17.95,0,NoRestockExcessActionRequired,,0,0,0,0,0.69,0.161166,cubic feet,Standard,34.811856,US,gl_home,14844,74,0,15,21,17.95,405.85,1332.25,2344.45,3277.85,42,102,4,0,0,22.64,80,80,0,0,,5,0,,,,,,,,,,,,,,,,,130.9,153,Healthy,,,2026-04-27,No,No,98.6,130.9,2026-04-27,297,1,1,3,109,unassigned,N,,,
2026-04-30,SATIN-STRIPE-FULL-WHITE--6-PCS,X003UOAM39,B0C7K2B1Y3,"DECOLURE Satin Bed Sheets - 6 Piece Luxury Silky Full Size Bedding Set - Softer Than Silk, Wrinkle-Free with 15” Deep Pocket Fitted Sheet, Perfect for Hair & Skin, Gifts for Women (Striped White)",New,78,0,1,0,0,60,10,8,USD,1,8,16,18,,29.95,0,29.95,0,Create Outlet deal,,17.47,2,0,3044.02,0.2,0.225745,cubic feet,Standard,17.60811,US,gl_home,24922,366,78,39,56,29.95,29.95,184.7,359.4,419.3,1,0,0,60,0,114.92,0,0,0,0,,0,0,0,0,0,0,0,0,0,0,60,77.2,0,0,10,15.58,8,14.27,476.2,8,Excess,,,2026-04-27,Yes,No,223.9,476.2,2026-04-27,78,0,0,0,366,unassigned,N,,,
2026-04-30,SATIN-FITTED-FULL-ROSEWOOD,X004CBTSGV,B0DBW17KGC,"DECOLURE Satin Fitted Sheet Full Size (1 PC) – Luxuriously Smooth & Softer Than Silk Bed Sheets w/ 15 Inch Deep Pocket Hypoallergenic Wrinkle Free, Secure Snug Fit, Elastic Corner Straps (Rosewood)",New,6,0,0,9,0,0,0,0,USD,4,10,13,21,,17.95,0,17.95,0,CreateShippingPlan,,0,0,0,0,1.08,0.129981,cubic feet,Standard,0.779886,US,gl_home,14844,27,0,2,3,17.95,68.8,170.5,224.35,372.95,0,0,0,0,0,0.38,0,0,0,0,,0,0,,,,,,,,,,,,,,,,,106.2,15,Low stock,19,2026-05-06,2026-04-27,Yes,No,73.5,106.2,2026-04-27,6,0,0,0,27,unassigned,N,,,
2026-04-30,SATIN-TWIN-BLUE,X002IU4AAR,B0839KG4VY,"DECOLURE Satin Bed Sheets - 3 Piece Luxury Silky Twin Size Bedding Set - Softer Than Silk, Wrinkle-Free with 15” Deep Pocket Fitted Sheet, Perfect for Hair & Skin, Gifts for Women (Blue)",New,83,0,25,18,18,22,0,0,USD,0,5,14,24,,36.95,0,36.95,0,NoRestockExcessActionRequired,,0,0,0,0,0.29,0.199042,cubic feet,Standard,16.520486,US,gl_home,10574,283,0,66,44,36.95,0,139.71,391.26,679.16,1,18,6,40,0,30.79,0,0,0,0,,0,0,18,1.8,6,1.2,0,0,0,0,22,24.94,0,0,0,0,0,0,506,20,Healthy,,,2026-04-27,Yes,No,506,317.9,2026-04-27,83,0,0,0,283,unassigned,N,,,
2026-04-30,SATIN-4PC-KING-SAGE GREEN,X0042WN5MX,B0CQRWY3Y7,"DECOLURE Satin Bed Sheets - 4 Piece Luxury Silky King Size Bedding Set - Softer Than Silk, Wrinkle-Free with 15” Deep Pocket Fitted Sheet, Perfect for Hair & Skin, Gifts for Women (Sage Green)",New,104,0,37,11,60,0,0,0,USD,6,61,117,180,,33.95,0,33.95,0,CreateShippingPlan,,0,0,0,0,0.95,0.257489,cubic feet,Standard,26.778856,US,gl_home,10574,57,0,6,7,33.95,203.7,1932.44,3840.99,5939.05,2,2,33,60,0,23.77,0,0,0,0,,2,0,2,0.26,59,15.2,0,0,0,0,0,0,0,0,0,0,0,0,98.1,96,Healthy,113,2026-05-06,2026-04-27,Yes,No,67.4,98.1,2026-04-27,105,1,0,1,57,unassigned,N,,,
2026-04-30,SL-CLG-COMF-PINK/BEIGE-TWIN,X004OD9ZVF,B0F7M32FVR,"SLEEPHORIA Cooling Comforter - BreezeWeave Cooling Blanket Twin Size for Hot Sleepers & Deep Rest - Cloud Soft, Breathable, Ultra Durable, Easy Care, Reversible - 68 x 90 in (Pink & Beige)",New,245,0,105,182,0,0,0,0,USD,3,14,25,27,,54.99,0,54.99,0,Create Outlet deal,,45.49,2,0,23997.08,0.09,0.635656,cubic feet,Standard,155.73572,US,gl_home,285939,366,238,70,117,54.99,164.97,769.86,1374.75,1484.73,0,3,102,0,0,109.49,0,0,0,0,,43,0,,,,,,,,,,,,,,,,,1058.4,14,Excess,,,2026-04-27,Yes,No,740.9,1058.4,2026-04-27,245,0,41,2,366,unassigned,N,,,
2026-04-30,BAMBOO-QUEEN-WHITE-6PCS,X00438KTCP,B0CQ2ZWGNQ,"DECOLURE 100% Viscose Derived from Bamboo Sheets Queen Size - Luxury 6 Pc Naturally Cooling Sheets, Ultra Soft Bed Set - Deep 17"" Pockets, Durable Double Stitching, Oeko Tex Standard (White)",New,507,0,56,301,268,0,0,0,USD,41,349,654,965,,84.99,0,84.99,0,NoRestockExcessActionRequired,,0,0,0,0,0.85,0.31146,cubic feet,Standard,157.91022,US,gl_home,14195,64,0,9,10,84.99,3319.59,26625.26,51520.96,74849.1,12,9,35,268,0,128.03,288,288,0,0,,129,0,407,63.4,88,27.38,0,0,0,0,0,0,0,0,0,0,0,0,108.2,422,Healthy,189,2026-05-07,2026-04-27,No,No,68.2,108.2,2026-04-27,812,17,109,3,129,unassigned,N,,,
2026-04-30,SATIN-SEA-TEAL-FULL,X003EK6BUR,B0BG1Z32KQ,"DECOLURE Satin Bed Sheets - 4 Piece Luxury Silky Full Size Bedding Set - Softer Than Silk, Wrinkle-Free with 15” Deep Pocket Fitted Sheet, Perfect for Hair & Skin, Gifts for Women (Sea Teal)",New,39,0,6,4,36,0,0,0,USD,11,37,54,73,,29.95,0,29.95,0,CreateShippingPlan,,0,0,0,0,0.81,0.191028,cubic feet,Standard,7.450092,US,gl_home,10574,52,0,4,6,28.45,329.45,1085.65,1605.8,2159.35,2,1,3,36,0,7.75,0,0,0,0,,1,0,0,0,36,6.86,0,0,0,0,0,0,0,0,0,0,0,0,109.4,23,Healthy,2,2026-05-06,2026-04-27,Yes,No,61.8,109.4,2026-04-27,40,1,0,0,52,unassigned,N,,,
2026-04-30,SATIN-FITTED-TWIN-BLACK,X004CBT2WV,B0DBVZRL8V,"DECOLURE Satin Fitted Sheet Twin Size (1 PC) – Luxuriously Smooth & Softer Than Silk Bed Sheets w/ 15 Inch Deep Pocket Hypoallergenic Wrinkle Free, Secure Snug Fit, Elastic Corner Straps (Black)",New,255,0,241,39,0,0,0,0,USD,3,21,47,62,,16.95,0,16.95,0,Edit listing,,0,0,0,1007.72,0.32,0.14786,cubic feet,Standard,37.7043,US,gl_home,14844,366,217,48,53,16.95,46.85,335.95,786.65,1048.9,41,200,0,0,0,29.85,0,0,0,0,,24,0,,,,,,,,,,,,,,,,,417.4,42,Excess,,,2026-04-27,Yes,No,417.4,236.2,2026-04-27,275,20,4,0,366,unassigned,N,,,
2026-04-30,BAMBOO-KING-GREY-6PCS,X00438TKIJ,B0CQ32S4ML,"DECOLURE 100% Viscose Derived from Bamboo Sheets King Size - Luxury 6 Pc Naturally Cooling Sheets, Ultra Soft Bed Set - Deep 17"" Pockets, Durable Double Stitching, Oeko Tex Standard (Grey)",New,74,0,20,88,0,0,0,0,USD,16,172,278,431,,89.99,0,89.99,0,CreateShippingPlan,,0,0,0,0,1.27,0.32097,cubic feet,Standard,23.75178,US,gl_home,14195,22,0,1,2,89.99,1341.84,13666.28,23162.3,35422.77,4,5,11,0,0,9.45,0,0,0,0,,26,1,,,,,,,,,,,,,,,,,71.3,145,Low stock,156,2026-05-07,2026-04-27,Yes,No,33.2,71.3,2026-04-27,95,21,4,1,22,unassigned,N,,,
2026-04-30,SL-COOLING-FITTED-QUEEN-BEIGE,X004OCXY0T,B0F7M4HC5F,"SLEEPHORIA Cooling Fitted Sheet Queen Size - 1 PC BreezeWeave Cooling Sheets for Hot Sleepers & Cool Rest w/ 16 in Deep Pocket - Corner Straps, Cloud Soft, Ultra Durable - 57 x 77 in (Beige)",New,47,0,0,0,50,0,0,0,USD,9,38,67,76,,29.99,0,29.99,0,GoToRestock,,0,0,0,0,0.78,0.15096,cubic feet,Standard,7.09512,US,gl_home,33953,64,0,4,8,29.99,269.91,1197.62,2075.33,2282.24,0,0,0,50,0,35.85,0,0,0,0,,0,0,0,0,0,0,1,0.23,49,40.31,0,0,0,0,0,0,0,0,126.3,32,Healthy,10,2026-05-06,2026-04-27,Yes,No,55.4,126.3,2026-04-27,47,0,0,0,64,unassigned,N,,,
2026-04-30,BAMBOO-KING-NAVYBLUE,X002O4Z1AF,B08KQK9WCY,"DECOLURE 100% Viscose Derived from Bamboo Sheets King Size - Luxury 4 Pc Naturally Cooling Sheets, Ultra Soft Bed Set - Deep 17"" Pockets, Durable Double Stitching, Oeko Tex Standard (Navy Blue)",New,106,0,131,0,0,0,0,0,USD,34,144,373,499,,84.99,79.99,79.99,0,CreateShippingPlan,,0,0,0,0,1.9,0.339245,cubic feet,Standard,35.95997,US,gl_home,11515,50,0,7,6,79.99,2623.74,11072.09,27879.1,37602.22,131,0,0,0,0,24.9,150,108,24,18,,49,1,,,,,,,,,,,,,,,,,41.6,226,Low stock,249,2026-05-07,2026-04-27,No,No,17.2,41.6,2026-04-27,300,44,2,3,72,unassigned,N,,,
2026-04-30,SATIN-FITTED-QUEEN-GOLD,X004CC2WKT,B0DBVZZH8S,"DECOLURE Satin Fitted Sheet Queen Size (1 PC) – Luxuriously Smooth & Softer Than Silk Bed Sheets w/ 15 Inch Deep Pocket Hypoallergenic Wrinkle Free, Secure Snug Fit, Elastic Corner Straps (Gold)",New,173,0,6,102,72,0,0,0,USD,9,26,59,78,,17.95,0,17.46,0,NoRestockExcessActionRequired,,0,0,0,34.97,0.34,0.193046,cubic feet,Standard,33.396958,US,gl_home,14844,164,96,42,45,17.46,153.66,458.81,1058.16,1399.21,3,3,0,72,0,32.26,100,100,0,0,,15,0,112,10.82,0,0,0,0,0,0,0,0,0,0,0,0,0,0,271.9,51,Excess,,,2026-04-27,Yes,No,196.8,271.9,2026-04-27,273,0,14,1,346,unassigned,N,,,
2026-04-30,SS-SATIN-STRIPED-RED-QUEEN-4PCS,X004D7LWN1,B0DDR852CS,"SLEEP SANCTUARY Satin Sheets Queen Size – 4 Piece Luxury Silky Bed Set, Softer Than Silk, 15"" Deep Pocket, Cooling & Wrinkle-Free, Moisture-Wicking & Breathable for Hair & Skin (Striped Red)",New,244,0,1,1,0,0,244,0,USD,5,12,19,27,,33.95,0,33.95,0,Edit listing,,13.24,25,0,15783.46,0.1,0.2965,cubic feet,Standard,72.346,US,gl_home,14711,366,233,81,117,33.95,169.75,360.57,583.46,855.06,1,0,0,0,0,538.97,0,0,0,0,,0,0,0,0,0,0,0,0,0,0,0,0,0,0,244,499.2,0,0,935.7,14,Excess,,,2026-04-27,Yes,No,755.2,935.7,2026-04-27,244,0,0,0,366,unassigned,N,,,
2026-04-30,SS-SLEEP-MASK-VELCRO-STRAP-MISTY-BLUE,X004NF5UVX,B0F4XS863Y,"SLEEP SANCTUARY 100% Pure Mulberry Silk Sleep Mask - 22 Momme Light Blocking Hook & Loop Silk Eye Mask for Sleeping - Secure Fit for Side Sleepers, Women & Men - Cloud Soft (Misty Blue)",New,298,0,2,0,1,297,0,0,USD,3,9,19,51,Low traffic,16.99,0,16.99,0,Create Outlet deal,,12.97,2,0,3605.8,0.18,0.048757,cubic feet,Standard,14.529586,US,gl_drugstore,194871,366,289,132,75,16.99,50.97,170.83,340.73,884.41,0,1,1,298,0,94.57,0,0,0,0,,2,0,0,0,0,0,1,0.07,0,0,0,0,297,85.49,0,0,0,0,514.7,8,Excess,,,2026-04-27,Yes,No,514.7,355.4,2026-04-27,298,0,1,1,366,unassigned,N,,,
2026-04-30,SATIN-IVORY-QUEEN-6PCS,X003UM8ZG7,B0C7FMQP5L,"DECOLURE Satin Bed Sheets - 6 Piece Luxury Silky Queen Size Bedding Set - Softer Than Silk, Wrinkle-Free with 15” Deep Pocket Fitted Sheet, Perfect for Hair & Skin, Gifts for Women (Ivory)",New,146,0,2,32,93,20,0,0,USD,4,16,26,30,,31.95,0,31.95,0,Create Outlet deal,,30.06,2,0,801.3,0.18,0.21619,cubic feet,Standard,31.56374,US,gl_home,24922,366,111,36,63,31.95,127.8,459.44,778.94,920.42,1,0,1,97,16,58.74,0,0,0,0,,1,0,4,0.43,88,19.04,1,0.32,2,2.36,0,0,3,3.83,15,22.38,0,0,560.1,18,Excess,,,2026-04-27,Yes,No,337.5,560.1,2026-04-27,146,0,1,0,366,unassigned,N,,,
2026-04-30,SS-BAMBOO-BLACK-CALIFKING-6PCS,X004D8NNBT,B0DDTY8HFR,"SLEEP SANCTUARY 100% Viscose Derived from Bamboo Sheets California King Size 6pcs – BamBliss Luxury Cooling Sheets for Hot Sleepers - Cloud Soft, 17"" Deep Pocket, Ultra Durable Bed Set (Black)",New,14,0,0,0,14,0,0,0,USD,0,3,7,11,,69.99,0,69.99,0,Create Outlet deal,,37.49,2,0,1360.15,0.57,0.302756,cubic feet,Standard,4.238584,US,gl_home,47560,154,14,18,16,69.99,0,209.97,489.93,774.89,0,0,0,14,0,6.65,0,0,0,0,,0,0,4,0.61,10,3.02,0,0,0,0,0,0,0,0,0,0,0,0,161.3,5,Excess,,,2026-04-27,Yes,No,158.7,161.3,2026-04-27,14,0,0,0,154,unassigned,N,,,
2026-04-30,SATIN-STRIPE-TWIN-PURPLE,X0030KQT8Z,B09G6JWVWD,"DECOLURE Satin Bed Sheets - 3 Piece Luxury Silky Twin Size Bedding Set - Softer Than Silk, Wrinkle-Free with 15” Deep Pocket Fitted Sheet, Perfect for Hair & Skin, Gifts for Women (Striped Purple)",New,48,0,0,31,6,0,1,10,USD,0,2,2,2,,42.95,0,42.95,0,Edit listing,,25.16,9,0,1661.1,0.04,0.157266,cubic feet,Standard,7.548768,US,gl_home,10574,366,45,96,312,42.95,0,48.17,48.17,48.17,0,0,0,6,0,19.75,0,0,0,0,,5,0,3,0.24,0,0,3,0.71,0,0,0,0,0,0,1,1.09,10,12.42,1636.3,5,Excess,,,2026-04-27,Yes,No,804,1636.3,2026-04-27,48,0,5,0,366,unassigned,N,,,
2026-04-30,SS-BAMBOO-LIGHT-OLIVE-KING-6PCS,X004D8Q1BN,B0DDV13P1L,"SLEEP SANCTUARY 100% Viscose Derived from Bamboo Sheets King Size 6pcs – BamBliss Luxury Cooling Sheets for Hot Sleepers - Cloud Soft, 17"" Deep Pocket, Ultra Durable Bed Set (Light Olive)",New,72,0,2,5,66,0,0,0,USD,1,11,32,45,,69.99,0,69.99,0,Create Outlet deal,,37.49,2,0,163.34,0.48,0.357788,cubic feet,Standard,25.760736,US,gl_home,47560,229,51,26,20,69.99,69.99,759.89,2229.68,3144.55,0,0,2,66,0,34.96,0,0,0,0,,1,0,24,4.3,42,15.03,0,0,0,0,0,0,0,0,0,0,0,0,192,22,Excess,,,2026-04-27,Yes,No,181.5,192,2026-04-27,73,1,0,0,229,unassigned,N,,,
2026-04-30,SATIN-FITTED-QUEEN-SAGE-GREEN,X004CBP8R9,B0DBW1NX31,"DECOLURE Satin Fitted Sheet Queen Size (1 PC) – Luxuriously Smooth & Softer than Silk Bed Sheets w/ 15 Inch Deep Pocket Hypoallergenic Wrinkle Free, Secure Snug Fit, Elastic Corner Straps (Sage Green)",New,178,0,105,86,13,0,0,0,USD,12,52,95,133,,17.95,0,17.95,0,NoRestockExcessActionRequired,,0,0,0,0,0.57,0.133984,cubic feet,Standard,23.849152,US,gl_home,14844,96,0,21,27,17.95,210.4,918,1695,2377.1,4,100,1,13,0,15.71,100,100,0,0,,28,0,34,2.29,0,0,0,0,0,0,0,0,0,0,0,0,0,0,168.9,115,Healthy,,,2026-04-27,Yes,No,151,168.9,2026-04-27,278,0,27,1,198,unassigned,N,,,
2026-04-30,SATIN-ROSEWOOD-TWIN,X003EKBV2F,B0BG22FCVJ,"DECOLURE Satin Bed Sheets - 3 Piece Luxury Silky Twin Size Bedding Set - Softer Than Silk, Wrinkle-Free with 15” Deep Pocket Fitted Sheet, Perfect for Hair & Skin, Gifts for Women (Rosewood)",New,95,0,1,44,0,52,0,0,USD,2,4,7,14,,27.95,0,27.95,0,Edit listing,,26.56,52,0,803.28,0.13,0.164771,cubic feet,Standard,15.653245,US,gl_home,10574,366,76,95,88,26.55,67.53,123.42,221.27,406.03,1,0,0,52,0,58.18,0,0,0,0,,1,0,0,0,0,0,0,0,0,0,52,48.86,0,0,0,0,0,0,745,11,Excess,,,2026-04-27,Yes,No,745,621.9,2026-04-27,96,1,0,0,366,unassigned,N,,,
2026-04-30,SS-SATIN-BLUE-QUEEN-4PCS,X004D7COYH,B0DDRNW3GF,"SLEEP SANCTUARY Satin Sheets Queen Size – 4 Piece Luxury Silky Bed Set, Softer Than Silk, 15"" Deep Pocket, Cooling & Wrinkle-Free, Moisture-Wicking & Breathable for Hair & Skin (Blue)",New,67,0,50,0,3,17,0,0,USD,5,67,167,180,,33.95,0,33.95,0,CreateShippingPlan,,0,0,0,0,1.18,0.281277,cubic feet,Standard,18.845559,US,gl_home,14711,89,0,4,5,33.95,169.75,1434.81,3582.05,4023.4,20,30,0,20,0,16.79,12,0,6,6,,3,0,1,0.14,0,0,1,0.42,1,1.53,17,27.25,0,0,0,0,0,0,74.6,72,Low stock,60,2026-05-06,2026-04-27,Yes,No,37.9,74.6,2026-04-27,80,1,2,0,92,unassigned,N,,,
2026-04-30,SATIN-TAUPE-TWIN,X003RXOAOF,B0BZPVYJK4,"DECOLURE Satin Bed Sheets - 3 Piece Luxury Silky Twin Size Bedding Set - Softer Than Silk, Wrinkle-Free with 15” Deep Pocket Fitted Sheet, Perfect for Hair & Skin, Gifts for Women (Taupe)",New,82,0,0,0,30,58,0,0,USD,0,0,1,1,Low conversion,27.95,0,27.95,0,Lower price,,24.16,52,0,3290.58,0.01,0.151529,cubic feet,Standard,12.425378,US,gl_home,10574,366,82,,1066,25.46,0,0,29.95,29.95,0,0,0,88,0,78.84,0,0,0,0,,6,0,0,0,0,0,0,0,30,24.8,36,31.08,22,19.66,0,0,0,0,,1,Excess,,,,,,,8018,2026-04-27,82,0,6,0,366,unassigned,N,,,
2026-04-30,SATIN-STONEGREY-QUEEN-6PCS,X003UM8QVL,B0C7FTB8MQ,"DECOLURE Satin Bed Sheets - 6 Piece Luxury Silky Queen Size Bedding Set - Softer Than Silk, Wrinkle-Free with 15” Deep Pocket Fitted Sheet, Perfect for Hair & Skin, Gifts for Women (Stone Grey)",New,458,0,10,5,468,0,0,0,USD,6,39,73,102,,31.95,0,31.95,0,Create Outlet deal,,29.36,2,0,1741.15,0.2,0.27928,cubic feet,Standard,127.91024,US,gl_home,24922,366,341,46,58,31.95,189.7,1084.77,2161.87,3045.92,6,3,1,468,0,210.63,0,0,0,0,,29,0,3,0.42,394,110.09,71,29.74,0,0,0,0,0,0,0,0,0,0,441.7,67,Excess,,,2026-04-27,Yes,No,362.6,441.7,2026-04-27,460,2,26,1,366,unassigned,N,,,
2026-04-30,SATIN-STRIPE-FULL-PURPLE,X0030KQT8F,B09G6K4PXD,"DECOLURE Satin Bed Sheets - 4 Piece Luxury Silky Full Size Bedding Set - Softer Than Silk, Wrinkle-Free with 15” Deep Pocket Fitted Sheet, Perfect for Hair & Skin, Gifts for Women (Striped Purple)",New,68,0,2,30,30,2,0,10,USD,0,3,5,13,,45.95,0,45.95,0,NoRestockExcessActionRequired,,26.96,21,0,358.92,0.17,0.173024,cubic feet,Standard,11.765632,US,gl_home,10574,366,39,90,68,45.95,0,99.87,159.77,397.37,0,1,1,31,1,40.19,0,0,0,0,,6,0,0,0,0,0,0,0,31,29.24,0,0,1,1.02,0,0,10,13.67,756,10,Excess,,,2026-04-27,Yes,No,756,505.3,2026-04-27,68,0,6,0,366,unassigned,N,,,
2026-04-30,BEACH-TOWEL-PT-WAVE-CYAN,X004HYVJNN,B0DQ97GSMF,"DECOLURE Turkish Beach Towel Oversized 39x73 Inch - 100% Turkish Cotton, Quick Dry and Sand Free Beach Towels for Travel - Lightweight, Absorbent & Soft Peshtemal Towel - (Cyan Wave)",New,351,0,1,1,1,0,350,0,USD,0,6,16,18,Low traffic,19.95,0,19.95,0,Advertise listing,,0,0,0,11578.44,0.05,0.135618,cubic feet,Standard,47.601918,US,gl_home,978205,366,351,234,253,19.95,0,119.7,280.3,323.2,0,0,1,1,0,358.29,0,0,0,0,,0,0,1,0.07,0,0,0,0,1,0.74,0,0,0,0,350,327.54,0,0,2136,14,Excess,,,2026-04-27,Yes,No,2136,1919.4,2026-04-27,351,0,0,0,366,unassigned,N,,,
2026-04-30,LINEN-CURTAIN-52x72-NATURAL-2-PCS,X004NSBTC9,B0F637Y2S7,"DECOLURE Linen Blackout Curtains - SunShield 72 Inches Long Black Out Curtains for Living Room and Bedroom Windows - Luxury Faux Linen, 2 Panels Set, Ultra Durable - 72 Length x 52 in (Natural)",New,43,0,2,1,40,0,0,0,USD,0,0,0,0,Low traffic,28.99,0,28.99,0,Advertise listing,,0,0,0,2464.21,0,0.199952,cubic feet,Standard,8.597936,US,gl_home,5761328,366,43,,,28.99,0,0,0,0,0,0,2,40,0,35.91,0,0,0,0,,0,0,0,0,0,0,16,4.8,24,26.16,0,0,0,0,0,0,0,0,,3,Excess,,,,,,,,2026-04-27,43,0,0,0,366,unassigned,N,,,
2026-04-30,SS-SATIN-STRIPED-BLUE-QUEEN-4PCS,X004D7EX8H,B0DDR3M171,"SLEEP SANCTUARY Satin Sheets Queen Size – 4 Piece Luxury Silky Bed Set, Softer Than Silk, 15"" Deep Pocket, Cooling & Wrinkle-Free, Moisture-Wicking & Breathable for Hair & Skin (Striped Blue)",New,93,0,2,2,0,2,89,0,USD,1,5,13,24,,33.95,0,33.95,0,NoRestockExcessActionRequired,,27.62,31,0,3846.73,0.22,0.273642,cubic feet,Standard,25.448706,US,gl_home,14711,366,94,74,50,33.95,33.95,163.39,434.99,810.44,0,0,2,0,2,182.16,0,0,0,0,,1,0,0,0,0,0,0,0,0,0,0,0,2,3.23,89,168.06,0,0,485.5,16,Excess,,,2026-04-27,Yes,No,485.5,412.1,2026-04-27,94,1,0,0,366,unassigned,N,,,
2026-04-30,SS-SATIN-BLUE-FULL-4PCS,X004D7EXHX,B0DDR28N8X,"SLEEP SANCTUARY Satin Sheets Full Size – 4 Piece Luxury Silky Bed Set, Softer Than Silk, 15"" Deep Pocket, Cooling & Wrinkle-Free, Moisture-Wicking & Breathable for Hair & Skin (Blue)",New,47,0,0,2,3,42,0,0,USD,0,0,4,5,Low conversion,31.95,0,31.95,0,Create Outlet deal,,23.76,2,0,3288.69,0.14,0.253515,cubic feet,Standard,11.915205,US,gl_home,14711,366,47,,122,31.95,0,0,133.8,165.75,0,0,0,45,0,68.84,0,0,0,0,,0,0,1,0.13,0,0,3,1.14,0,0,42,60.73,0,0,0,0,0,0,,7,Excess,,,,,,,630.4,2026-04-27,47,0,0,0,366,unassigned,N,,,
2026-04-30,BAMBOO-FULL-MIDGREY,X003TONHOV,B0BZQ43D7W,"DECOLURE 100% Viscose Derived from Bamboo Sheets Full Size - Luxury 4 Pc Naturally Cooling Sheets, Ultra Soft Bed Set - Deep 17"" Pockets, Durable Double Stitching, Oeko Tex Standard (Midgrey)",New,91,0,73,26,0,0,0,0,USD,1,20,53,65,,69.99,0,69.99,0,NoRestockExcessActionRequired,,0,0,0,0,0.57,0.254474,cubic feet,Standard,23.157134,US,gl_home,11515,133,0,27,27,69.99,59.99,1346.19,3533.61,4320.24,13,0,60,0,0,16.7,48,42,6,0,,19,0,,,,,,,,,,,,,,,,,147.2,67,Healthy,,,2026-04-27,Yes,No,124.1,147.2,2026-04-27,151,12,7,0,214,unassigned,N,,,
2026-04-30,BM-TWIN-SAGE-GREEN,X0045AITAP,B0CWJD4D6N,DECOLURE Cooling Bed Sheets Twin Set 3pcs - Luxurious & Ultra-Soft Twin Size Cooling Sheets for Hot Sleepers - Comfortable Cool Bamboo Viscose Microfiber Sheets Twin Size w/Deep Pockets (Sage Green),New,2,0,0,0,1,1,0,0,USD,0,2,2,4,,43.95,0,43.95,0,GoToRestock,,0,0,0,0.08,1,0.161206,cubic feet,Standard,0.322412,US,gl_home,99235,30,0,4,6,43.95,0,67.9,67.9,142.8,0,0,0,2,0,2.02,0,0,0,0,,0,0,0,0,0,0,0,0,1,0.88,1,0.92,0,0,0,0,0,0,83.5,6,Low stock,10,2026-05-02,2026-04-27,Yes,No,34,83.5,2026-04-27,2,0,0,0,30,unassigned,N,,,
2026-04-30,BAMBOO-FULL-CHARCOAL-6PCS,X00438MCQV,B0CQ31ZKNJ,"DECOLURE 100% Viscose Derived from Bamboo Sheets Full Size - Luxury 6 Pc Naturally Cooling Sheets, Ultra Soft Bed Set - Deep 17"" Pockets, Durable Double Stitching, Oeko Tex Standard (Charcoal)",New,70,0,30,0,44,0,0,0,USD,8,21,30,47,,90.99,0,90.99,0,NoRestockExcessActionRequired,,0,0,0,0,0.51,0.246682,cubic feet,Standard,17.26774,US,gl_home,14195,187,0,14,21,90.99,641.67,1504.04,2152.6,3278.43,0,0,30,44,0,21.53,6,6,0,0,,3,0,0,0,44,10.85,0,0,0,0,0,0,0,0,0,0,0,0,180.1,27,Healthy,,,2026-04-27,Yes,No,146.2,180.1,2026-04-27,79,3,0,0,208,unassigned,N,,,
2026-04-30,SS-SATIN-STRIPED-GOLD-QUEEN-4PCS,X004D7K89P,B0DDRB21ZG,"SLEEP SANCTUARY Satin Sheets Queen Size – 4 Piece Luxury Silky Bed Set, Softer Than Silk, 15"" Deep Pocket, Cooling & Wrinkle-Free, Moisture-Wicking & Breathable for Hair & Skin (Striped Gold)",New,8,0,1,3,2,0,2,0,USD,0,5,8,11,,33.95,0,33.95,0,GoToRestock,,0,0,0,0.01,0.73,0.284674,cubic feet,Standard,2.277392,US,gl_home,14711,57,0,6,9,33.95,0,152.8,254.65,358.5,0,0,1,2,0,3.76,0,0,0,0,,0,0,1,0.14,0,0,0,0,1,1.55,0,0,0,0,2,3.93,0,0,123,14,Low stock,17,2026-05-05,2026-04-27,Yes,No,62,123,2026-04-27,8,0,0,0,57,unassigned,N,,,
2026-04-30,SS-SATIN-DARK-GREEN-TWIN-3PCS,X004D7K7FZ,B0DDRDWVK1,"SLEEP SANCTUARY Satin Sheets Twin Size – 3 Piece Luxury Silky Bed Set, Softer Than Silk, 15"" Deep Pocket, Cooling & Wrinkle-Free, Moisture-Wicking & Breathable for Hair & Skin (Dark Green)",New,40,0,0,1,36,0,3,0,USD,2,2,2,2,,34.95,0,34.95,0,Edit listing,,0,0,0,1728.58,0.02,0.156398,cubic feet,Standard,6.25592,US,gl_home,14711,366,40,80,260,34.95,69.9,69.9,69.9,69.9,0,0,0,36,0,13.41,0,0,0,0,,0,0,1,0.08,36,5.64,0,0,0,0,0,0,0,0,3,3.24,0,0,,4,Excess,,,,,,,,2026-04-27,40,0,0,0,366,unassigned,N,,,
2026-04-30,BAMBOO-FULL-CREME,X002O51103,B08KQJ3JSW,"DECOLURE 100% Viscose Derived from Bamboo Sheets Full Size - Luxury 4 Pc Naturally Cooling Sheets, Ultra Soft Bed Set - Deep 17"" Pockets, Durable Double Stitching, Oeko Tex Standard (Creme)",New,102,0,40,73,0,0,0,0,USD,5,25,41,62,,69.99,0,61.74,0,NoRestockExcessActionRequired,,0,0,0,0,0.43,0.222549,cubic feet,Standard,22.699998,US,gl_home,11515,169,0,16,21,61.74,316.95,1665.49,2630.81,3975.83,1,1,38,0,0,14.81,0,0,0,0,,7,0,,,,,,,,,,,,,,,,,187.9,53,Healthy,9,2026-05-07,2026-04-27,Yes,No,159.6,187.9,2026-04-27,102,0,7,0,186,unassigned,N,,,
2026-04-30,SATIN-TWIN-BLUSH PINK,X0041PJHXH,B0CNS85C1K,"DECOLURE Satin Bed Sheets - 3 Piece Luxury Silky Twin Size Bedding Set - Softer Than Silk, Wrinkle-Free with 15” Deep Pocket Fitted Sheet, Perfect for Hair & Skin, Gifts for Women (Blush Pink)",New,39,0,24,15,0,0,0,0,USD,0,14,25,31,,39.95,0,39.95,0,NoRestockExcessActionRequired,,0,0,0,0,0.74,0.177834,cubic feet,Standard,6.935526,US,gl_home,10574,222,0,14,21,39.95,0,391.22,698.67,886.34,18,0,6,0,0,4.36,12,0,6,6,,0,0,,,,,,,,,,,,,,,,,114.5,15,Healthy,,,2026-04-27,Yes,No,65.1,114.5,2026-04-27,51,0,0,0,222,unassigned,N,,,
2026-04-30,SATIN-FITTED-KING-PINK,X004CBP8ZL,B0DBW17V8N,"DECOLURE Satin Fitted Sheet King Size (1 PC) – Luxuriously Smooth & Softer Than Silk Bed Sheets w/ 15 Inch Deep Pocket Hypoallergenic Wrinkle Free, Secure Snug Fit, Elastic Corner Straps (Pink)",New,98,0,0,42,61,0,0,0,USD,8,21,29,45,,19.95,0,12.97,0,NoRestockExcessActionRequired,,0,0,0,203.23,0.34,0.198766,cubic feet,Standard,19.479068,US,gl_home,14844,164,43,37,57,12.97,122.15,378.5,538.1,869.3,0,0,0,61,0,21.59,100,100,0,0,,2,0,60,5.96,20,3.98,1,0.3,0,0,0,0,0,0,0,0,0,0,315.8,27,Excess,,,2026-04-27,Yes,No,263.2,315.8,2026-04-27,198,0,2,0,366,unassigned,N,,,
2026-04-30,SATIN-6PC-FULL-WHITE,X004BUWF31,B0D9R9B1VT,"DECOLURE Satin Bed Sheets - 6 Piece Luxury Silky Full Size Bedding Set - Softer Than Silk, Wrinkle-Free with 15” Deep Pocket Fitted Sheet, Perfect for Hair & Skin, Gifts for Women (White)",New,65,0,1,48,30,0,0,0,USD,2,6,16,22,,29.95,0,29.95,0,Create Outlet deal,,19.47,2,0,2746.83,0.23,0.208541,cubic feet,Standard,13.555165,US,gl_home,24922,366,65,43,38,29.95,59.9,171.73,471.23,652.63,0,0,1,30,0,11.21,0,0,0,0,,17,0,30,3.13,0,0,0,0,0,0,0,0,0,0,0,0,0,0,352.8,5,Excess,,,2026-04-27,Yes,No,293.6,352.8,2026-04-27,66,1,15,1,366,unassigned,N,,,
2026-04-30,BM-KING-SAGE-GREEN,X0045AKL8X,B0CWJ2BG1V,DECOLURE Cooling Bed Sheets King Set 4pcs - Luxurious & Ultra-Soft King Size Cooling Sheets for Hot Sleepers - Comfortable & Cool Bamboo Viscose Microfiber Sheets King Size w/Deep Pockets (Sage Green),New,42,0,1,43,0,0,0,0,USD,13,33,61,68,,39.95,0,39.95,0,Create Outlet deal,,27.97,2,0,2594.36,0.77,0.24866,cubic feet,Standard,10.44372,US,gl_home,99235,264,43,5,8,39.95,519.35,1318.35,2484.95,2764.6,1,0,0,0,0,7.65,0,0,0,0,,1,0,,,,,,,,,,,,,,,,,134.5,7,Excess,,,2026-04-27,Yes,No,72.1,134.5,2026-04-27,43,1,0,0,264,unassigned,N,,,
2026-04-30,SS-BAMBOO-GREY-CALIFKING-6PCS,X004D8TO3F,B0DDTXZX13,"SLEEP SANCTUARY 100% Viscose Derived from Bamboo Sheets California King Size 6pcs – BamBliss Luxury Cooling Sheets for Hot Sleepers - Cloud Soft, 17"" Deep Pocket, Ultra Durable Bed Set (Grey)",New,5,0,0,0,5,0,0,0,USD,2,3,8,12,,69.99,0,69.99,0,Create Outlet deal,,37.49,2,0,529.15,1.08,0.302756,cubic feet,Standard,1.51378,US,gl_home,47560,47,0,6,5,69.99,139.98,209.97,559.92,854.88,0,0,0,5,0,1.99,0,0,0,0,,1,0,4,0.61,1,0.3,0,0,0,0,0,0,0,0,0,0,0,0,83.8,7,Low stock,5,2026-05-04,2026-04-27,Yes,No,64.3,83.8,2026-04-27,5,0,1,0,56,unassigned,N,,,
2026-04-30,SATIN-4PC-QUEEN-LAVENDER,X0042WUZUX,B0CQRXKRPN,"DECOLURE Satin Bed Sheets - 4 Piece Luxury Silky Queen Size Bedding Set - Softer Than Silk, Wrinkle-Free with 15” Deep Pocket Fitted Sheet, Perfect for Hair & Skin, Gifts for Women (Lavender)",New,104,0,110,0,0,0,0,0,USD,6,93,153,228,,31.95,0,31.95,0,CreateShippingPlan,,0,0,0,0,1.64,0.220739,cubic feet,Standard,22.956856,US,gl_home,10574,54,0,4,5,31.95,199.68,2707.82,4694.82,7091.07,9,101,0,0,0,8.63,0,0,0,0,,8,0,,,,,,,,,,,,,,,,,47.3,81,Healthy,35,2026-05-06,2026-04-27,No,No,46.3,47.3,2026-04-27,104,0,6,2,55,unassigned,N,,,
2026-04-30,SL-CLG-COMF-BLUE/DARK-GREY-QUEEN,X004OD3BZV,B0F7M56896,"SLEEPHORIA Cooling Comforter - BreezeWeave Cooling Blanket Queen Size for Hot Sleepers & Deep Rest - Cloud Soft, Breathable, Ultra Durable, Easy Care, Reversible - 90 x 90 in (Blue & Dark Grey)",,0,0,1,0,0,0,0,0,USD,1,2,15,64,,0,0,0,0,NoRestockExcessActionRequired,,,0,0,,3.11,0.711854,cubic feet,Standard,0,US,gl_home,285939,194,0,304,30,74.99,59.99,119.98,899.85,3839.36,0,0,1,0,0,,152,72,80,0,,1,0,,,,,,,,,,,,,,,,,23.2,27,Out of stock,,,2026-04-27,Yes,No,14,23.2,2026-04-27,152,0,0,1,255,unassigned,N,,,
2026-04-30,SL-COOLING-SHEET-TWIN-REGAL-PURPLE,X004OD1CAR,B0F7LXNNGZ,"SLEEPHORIA Cooling Sheets - BreezeWeave 3 PC Twin Size Cooling Bed Sheets for Hot Sleepers & Deep, Cool Rest - Cloud Soft, Silky Smooth, 16 in Deep Pocket, Ultra Durable (Regal Purple)",New,34,0,40,0,0,0,0,0,USD,1,9,14,18,,56.99,0,56.99,0,Create Outlet deal,,27.49,2,0,99.43,0.88,0.213861,cubic feet,Standard,7.271274,US,gl_home,32563,136,0,15,24,56.99,49.99,449.91,699.86,904.82,12,28,0,0,0,4.93,0,0,0,0,,6,0,,,,,,,,,,,,,,,,,146,15,Healthy,,,2026-04-27,Yes,No,146,119.6,2026-04-27,34,0,6,0,168,unassigned,N,,,
2026-04-30,Amazon.Found.B0C9LS8Z18,B0C9LS8Z18,B0C9LS8Z18,DECOLURE Cooling Bed Sheets King Set 4pcs - Luxurious & Ultra-Soft King Size Cooling Sheets for Hot Sleepers - Comfortable & Cool Bamboo Viscose Microfiber Sheets King Size w/Deep Pockets (Purple),New,8,0,0,0,8,0,0,0,USD,,,,,Low conversion,37.95,0,37.95,0,Lower price,,0,0,0,0,1.09,0.241113,cubic feet,Standard,1.928904,US,gl_home,99235,7,0,,,37.95,,,,,0,0,0,8,0,0.47,0,0,0,0,,0,0,8,0.96,0,0,0,0,0,0,0,0,0,0,0,0,0,0,,,,46,2026-05-06,,,,,,2026-04-27,8,0,0,0,7,unassigned,N,,,
2026-04-30,SATIN-STRIPE-QUEEN-PINK,X0030KKNZF,B09G6JSW33,"DECOLURE Satin Bed Sheets - 4 Piece Luxury Silky Queen Size Bedding Set - Softer Than Silk, Wrinkle-Free with 15” Deep Pocket Fitted Sheet, Perfect for Hair & Skin, Gifts for Women (Striped Pink)",New,13,0,15,0,0,0,0,0,USD,4,19,33,62,,31.95,0,31.95,0,NoRestockExcessActionRequired,,0,0,0,0,1.4,0.188554,cubic feet,Standard,2.451202,US,gl_home,10574,366,0,40,40,30.35,107.29,573.74,1038.04,1964.59,1,2,12,0,0,0.59,180,0,180,0,,1,0,,,,,,,,,,,,,,,,,59.2,39,Low stock,,,2026-04-27,Yes,No,37.9,59.2,2026-04-27,193,0,0,1,366,unassigned,N,,,
2026-04-30,SATIN-TAUPE-KING-6PCS,X003UMBN9X,B0C7FNXRJF,"DECOLURE Satin Bed Sheets - 6 Piece Luxury Silky King Size Bedding Set - Softer Than Silk, Wrinkle-Free with 15” Deep Pocket Fitted Sheet, Perfect for Hair & Skin, Gifts for Women (Taupe)",New,73,0,0,1,71,3,0,0,USD,1,18,30,48,,33.95,0,33.95,0,Create Outlet deal,,30.34,20,0,88.77,0.48,0.239925,cubic feet,Standard,17.514525,US,gl_home,24922,366,54,16,19,33.95,33.95,611.03,1029.88,1615.66,0,0,0,74,0,32.75,0,0,0,0,,1,0,0,0,20,4.8,51,18.36,0,0,3,4.1,0,0,0,0,0,0,182,22,Excess,,,2026-04-27,Yes,No,125.5,182,2026-04-27,74,1,0,0,366,unassigned,N,,,
2026-04-30,SATIN-STRIPE-TWIN-BLACK,X0030KP0B7,B09G6H23C3,"DECOLURE Satin Bed Sheets - 3 Piece Luxury Silky Twin Size Bedding Set - Softer Than Silk, Wrinkle-Free with 15” Deep Pocket Fitted Sheet, Perfect for Hair & Skin, Gifts for Women (Striped Black)",New,41,0,0,31,1,0,9,0,USD,0,3,8,12,,40.95,0,40.95,0,NoRestockExcessActionRequired,,24,19,0,1459.07,0.26,0.160275,cubic feet,Standard,6.571275,US,gl_home,10574,366,39,54,44,40.95,0,67.34,197.99,318.52,0,0,0,1,0,14.45,0,0,0,0,,0,0,0,0,0,0,1,0.24,0,0,0,0,0,0,9,9.97,0,0,432.7,7,Excess,,,2026-04-27,Yes,No,432.7,352.4,2026-04-27,41,0,0,0,366,unassigned,N,,,
2026-04-30,LINEN-CURTAIN-52x108-LIGHT-GREY-2-PCS,X004NSXE4F,B0F63BLDMG,"DECOLURE Linen Blackout Curtains - SunShield 108 Inches Long Black Out Curtains for Living Room and Bedroom Windows - Luxury Faux Linen, 2 Panels Set, Ultra Durable - 108 Length x 52 in (Light Grey)",New,33,0,0,0,33,0,0,0,USD,0,0,0,0,Low traffic,32.99,0,32.99,0,Create removal order,,0,0,0,1818.24,0,0.199952,cubic feet,Standard,6.598416,US,gl_home,8148701,366,33,,,32.99,0,0,0,0,0,0,0,33,0,34.27,0,0,0,0,,0,0,0,0,0,0,8,2.4,25,27.25,0,0,0,0,0,0,0,0,,3,Excess,,,,,,,,2026-04-27,33,0,0,0,366,unassigned,N,,,
2026-04-30,SL-CLG-COMF-PINK/BEIGE-KING,X004OD84QH,B0F7M5L5Q9,"SLEEPHORIA Cooling Comforter - BreezeWeave Cooling Blanket King Size for Hot Sleepers & Deep Rest - Cloud Soft, Breathable, Ultra Durable, Easy Care, Reversible - 108 x 90 in (Pink & Beige)",New,0,0,1,0,0,0,0,0,USD,0,3,64,101,,69.99,0,0,0,NoRestockExcessActionRequired,,,0,0,,2.43,0.846699,cubic feet,Standard,0,US,gl_home,285939,236,0,160,15,69.99,0,209.97,4564.36,7141.49,1,0,0,0,0,,120,0,120,0,,1,0,,,,,,,,,,,,,,,,,35.2,20,Out of stock,,,2026-04-27,Yes,No,3.2,35.2,2026-04-27,120,0,0,1,238,unassigned,N,,,
2026-04-30,SATIN-STRIPE-TWIN-BLUE--6-PCS,X003UOCAYD,B0C7JVQWDH,"DECOLURE Satin Bed Sheets - 4 Piece Luxury Silky Twin Size Bedding Set - Softer Than Silk, Wrinkle-Free with 15” Deep Pocket Fitted Sheet, Perfect for Hair & Skin, Gifts for Women (Striped Blue)",New,22,0,0,0,0,22,0,0,USD,0,1,2,3,,27.95,0,27.95,0,Create Outlet deal,,20.96,2,0,786.3,0.13,0.102665,cubic feet,Standard,2.25863,US,gl_home,24922,366,22,88,95,27.95,0,27.95,57.9,85.85,0,0,0,22,0,14.45,0,0,0,0,,0,0,0,0,0,0,0,0,0,0,22,12.89,0,0,0,0,0,0,713.3,3,Excess,,,2026-04-27,Yes,No,686,713.3,2026-04-27,22,0,0,0,366,unassigned,N,,,
2026-04-30,BAMBOO-FULL-LIGHTBLUE,X002O5111R,B08KQJYDCR,"DECOLURE 100% Viscose Derived from Bamboo Sheets Full Size - Luxury 4 Pc Naturally Cooling Sheets, Ultra Soft Bed Set - Deep 17"" Pockets, Durable Double Stitching, Oeko Tex Standard (Light Blue)",New,136,0,167,0,0,0,0,0,USD,5,23,62,80,,69.99,0,64.98,0,NoRestockExcessActionRequired,,0,0,0,0,0.57,0.221454,cubic feet,Standard,30.117744,US,gl_home,11515,323,0,36,33,64.98,324.9,1521.1,4043.07,5194.44,62,6,99,0,0,26.2,71,0,36,35,,68,6,,,,,,,,,,,,,,,,,159.3,45,Healthy,,,2026-04-27,Yes,No,159.3,148.4,2026-04-27,249,42,25,1,366,unassigned,N,,,
2026-04-30,SS-SATIN-PINK-FULL-4PCS,X004D7EW5B,B0DDQZG4MQ,"SLEEP SANCTUARY Satin Sheets Full Size – 4 Piece Luxury Silky Bed Set, Softer Than Silk, 15"" Deep Pocket, Cooling & Wrinkle-Free, Moisture-Wicking & Breathable for Hair & Skin (Pink)",New,98,0,99,0,0,0,0,0,USD,3,12,25,32,,31.95,0,31.95,0,Create Outlet deal,,26.56,2,0,142.5,0.38,0.242639,cubic feet,Standard,23.778622,US,gl_home,14711,366,0,44,54,31.95,95.85,419.37,852.72,1076.37,0,19,80,0,0,16.44,36,0,36,0,,1,0,,,,,,,,,,,,,,,,,267,26,Healthy,,,2026-04-27,Yes,No,267,241.8,2026-04-27,135,1,0,0,366,unassigned,N,,,
2026-04-30,SATIN-FITTED-FULL-LAVENDER,X004CBTTZ1,B0DBW1NXMH,"DECOLURE Satin Fitted Sheet Full Size (1 PC) – Luxuriously Smooth & Softer Than Silk Bed Sheets w/ 15 Inch Deep Pocket Hypoallergenic Wrinkle Free, Secure Snug Fit, Elastic Corner Straps (Lavender)",New,183,0,3,83,99,0,0,0,USD,4,17,27,32,,17.95,0,16.06,0,Edit listing,,0,0,0,1429.72,0.15,0.137461,cubic feet,Standard,25.155363,US,gl_home,14844,366,127,43,74,16.06,63.4,287.75,477.25,572,1,1,1,99,0,25.8,0,0,0,0,,3,0,119,8.18,0,0,0,0,0,0,0,0,0,0,0,0,0,0,660,25,Excess,,,2026-04-27,Yes,No,449.2,660,2026-04-27,183,0,1,2,366,unassigned,N,,,
2026-04-30,BAMBOO-TWIN-LIGHTOLIVE,X003TO84EJ,B0BZQ3XM7P,"DECOLURE 100% Viscose Derived from Bamboo Sheets Twin Size - Luxury 3 Pc Naturally Cooling Sheets, Ultra Soft Bed Set - Deep 17"" Pockets, Durable Double Stitching, Oeko Tex Standard (Light Olive)",New,62,0,0,0,1,0,0,61,USD,1,1,6,7,,85.99,0,49.49,0,Edit listing,,0,0,0,3675.45,0.11,0.200622,cubic feet,Standard,12.438564,US,gl_home,11515,366,62,248,115,49.49,49.49,49.49,307.47,354.21,0,0,0,1,0,105.52,0,0,0,0,,0,0,1,0.1,0,0,0,0,0,0,0,0,0,0,0,0,61,96.62,,6,Excess,,,,,,,981.7,2026-04-27,62,0,0,0,366,unassigned,N,,,
2026-04-30,LINEN-CURTAIN-52x63-BEIGE-2-PCS,X004NSXD1J,B0F6399V8H,"DECOLURE Linen Blackout Curtains - SunShield 63 Inches Long Black Out Curtains for Living Room and Bedroom Windows - Luxury Faux Linen, 2 Panels Set, Ultra Durable - 63 Length x 52 in (Beige)",New,14,0,0,0,14,0,0,0,USD,0,0,0,0,Low traffic,27.99,0,27.99,0,Advertise listing,,0,0,0,798.67,0,0.199952,cubic feet,Standard,2.799328,US,gl_home,6163377,366,14,,,27.99,0,0,0,0,0,0,0,14,0,5.89,0,0,0,0,,0,0,0,0,0,0,14,4.2,0,0,0,0,0,0,0,0,0,0,,3,Excess,,,,,,,,2026-04-27,14,0,0,0,366,unassigned,N,,,
2026-04-30,BAMBOO-FULL-LIGHTGREY,X002O4Z4JD,B08KQJHKFJ,"DECOLURE 100% Viscose Derived from Bamboo Sheets Full Size - Luxury 4 Pc Naturally Cooling Sheets, Ultra Soft Bed Set - Deep 17"" Pockets, Durable Double Stitching, Oeko Tex Standard (Light Grey)",New,61,0,46,42,0,0,0,0,USD,2,17,43,64,,69.99,0,69.98,0,NoRestockExcessActionRequired,,0,0,0,0,0.57,0.218272,cubic feet,Standard,13.314592,US,gl_home,11515,84,0,21,18,69.98,139.96,1144.66,2707.79,4034.04,0,7,39,0,0,8.63,30,30,0,0,,27,1,,,,,,,,,,,,,,,,,187.4,46,Healthy,,,2026-04-27,Yes,No,187.4,157.1,2026-04-27,92,1,26,0,193,unassigned,N,,,
2026-04-30,BAMBOO-FULL-TAUPE,X002O53Z3T,B08KQJBRKM,"DECOLURE 100% Viscose Derived from Bamboo Sheets Full Size - Luxury 4 Pc Naturally Cooling Sheets, Ultra Soft Bed Set - Deep 17"" Pockets, Durable Double Stitching, Oeko Tex Standard (Taupe)",New,28,0,26,6,0,0,0,0,USD,7,27,44,66,,69.99,0,69.98,0,CreateShippingPlan,,0,0,0,0,1.19,0.209799,cubic feet,Standard,5.874372,US,gl_home,11515,136,0,11,14,69.98,456.03,1770.65,2895.78,4210.82,24,2,0,0,0,6.85,48,0,48,0,,27,0,,,,,,,,,,,,,,,,,62.6,56,Low stock,6,2026-05-06,2026-04-27,Yes,No,35.9,62.6,2026-04-27,101,25,0,2,140,unassigned,N,,,
2026-04-30,BAMBOO-TWIN-CREME,X002O4Z173,B08KQKS54Q,"DECOLURE 100% Viscose Derived from Bamboo Sheets Twin Size - Luxury 3 Pc Naturally Cooling Sheets, Ultra Soft Bed Set - Deep 17"" Pockets, Durable Double Stitching, Oeko Tex Standard (Creme)",New,92,0,0,1,100,0,0,0,USD,1,5,15,15,,59.99,0,59.99,0,NoRestockExcessActionRequired,,0,0,0,383.39,0.14,0.174175,cubic feet,Standard,16.0241,US,gl_home,11515,366,75,73,79,59.99,59.99,299.95,875.85,875.85,0,0,0,100,0,30.71,0,0,0,0,,16,0,0,0,43,7.47,57,14.87,0,0,0,0,0,0,0,0,0,0,677.2,19,Excess,,,2026-04-27,Yes,No,677.2,669.5,2026-04-27,92,0,16,0,366,unassigned,N,,,
2026-04-30,SATIN-4PC-QUEEN-SAGE GREEN,X0042VNIFN,B0CQRWSS2D,"DECOLURE Satin Bed Sheets - 4 Piece Luxury Silky Queen Size Bedding Set - Softer Than Silk, Wrinkle-Free with 15” Deep Pocket Fitted Sheet, Perfect for Hair & Skin, Gifts for Women (Sage Green)",New,176,0,168,27,0,0,0,0,USD,7,59,117,168,,31.95,0,31.95,0,NoRestockExcessActionRequired,,0,0,0,0,0.76,0.219949,cubic feet,Standard,38.711024,US,gl_home,10574,108,0,11,13,30.35,232.65,1881.45,3753.5,5437.15,31,89,48,0,0,24.67,0,0,0,0,,25,0,,,,,,,,,,,,,,,,,119.3,96,Healthy,22,2026-05-07,2026-04-27,Yes,No,98.2,119.3,2026-04-27,176,0,24,1,130,unassigned,N,,,
2026-04-30,BAMBOO-QUEEN-BURGUNDY-NEW,X0043AK761,B0CRHZ1CK3,"DECOLURE 100% Viscose Derived from Bamboo Sheets Queen Size - Luxury 4 Pc Naturally Cooling Sheets, Ultra Soft Bed Set - Deep 17"" Pockets, Durable Double Stitching, Oeko Tex Standard (Burgundy)",New,34,0,54,0,0,0,0,0,USD,17,57,207,302,,79.99,74.99,74.99,0,NoRestockExcessActionRequired,,,0,0,,2.21,0.283711,cubic feet,Standard,9.646174,US,gl_home,11515,68,0,19,11,74.99,1259.83,4268.78,14697.18,21759.23,54,0,0,0,0,,240,180,36,24,,50,0,,,,,,,,,,,,,,,,,35.6,170,Low stock,,,2026-04-27,Yes,No,13.7,35.6,2026-04-27,323,49,0,1,158,unassigned,N,,,
2026-04-30,BAMBOO-CALIFKING-PURPLE,X003TOCG8J,B0BZQ5SDNS,"DECOLURE 100% Viscose Derived from Bamboo Sheets California King Size - Luxury 4 Pc Naturally Cooling Sheets, Ultra Soft Bed Set - Deep 17"" Pockets, Double Stitching, Oeko Tex Standard (Purple)",New,20,0,0,6,14,0,0,0,USD,3,10,20,25,,84.99,0,84.99,0,NoRestockExcessActionRequired,,0,0,0,0,0.71,0.289814,cubic feet,Standard,5.79628,US,gl_home,11515,90,0,8,10,84.99,249.97,836.56,1649.48,2046.95,0,0,0,14,0,9.81,0,0,0,0,,0,0,1,0.14,0,0,12,5.19,2,3.16,0,0,0,0,0,0,0,0,126,14,Healthy,6,2026-05-06,2026-04-27,Yes,No,66.7,126,2026-04-27,20,0,0,0,90,unassigned,N,,,
2026-04-30,SS-SATIN-SAGE-GREEN-FULL-4PCS,X004D7HFCN,B0DDRF2M6S,"SLEEP SANCTUARY Satin Sheets Full Size – 4 Piece Luxury Silky Bed Set, Softer Than Silk, 15"" Deep Pocket, Cooling & Wrinkle-Free, Moisture-Wicking & Breathable for Hair & Skin (Sage Green)",New,164,0,1,1,0,164,0,0,USD,3,5,7,10,,31.95,0,31.95,0,Create Outlet deal,,26.56,2,0,11709.84,0.05,0.284382,cubic feet,Standard,46.638648,US,gl_home,14711,366,164,131,213,31.95,95.85,162.56,226.46,322.31,0,0,1,164,0,293.13,0,0,0,0,,7,0,0,0,0,0,0,0,0,0,164,265.78,0,0,0,0,0,0,1766.3,10,Excess,,,2026-04-27,Yes,No,1752,1766.3,2026-04-27,164,0,6,1,366,unassigned,N,,,
2026-04-30,SL-COOLING-FITTED-FULL-COOL-BLUE,X004OD06DV,B0F7M6DPPM,"SLEEPHORIA Cooling Fitted Sheet Full Size - 1 PC BreezeWeave Cooling Sheets for Hot Sleepers & Cool Rest w/ 16 in Deep Pocket - Corner Straps, Cloud Soft, Ultra Durable - 52 x 72 in (Cool Blue)",New,131,0,1,0,120,23,0,0,USD,2,5,13,13,,27.99,0,27.99,0,Create Outlet deal,,14.99,2,0,4404.79,0.09,0.135842,cubic feet,Standard,17.795302,US,gl_home,33953,366,125,104,131,27.99,55.98,145.95,371.87,371.87,1,0,0,143,0,109.01,0,0,0,0,,13,0,0,0,0,0,0,0,143,105.83,0,0,0,0,0,0,0,0,1240.1,,Excess,,,2026-04-27,Yes,No,1095.5,1240.1,2026-04-27,132,1,12,0,366,unassigned,N,,,
2026-04-30,WATERPROOF-CHAIR-COVER-GREY-6PCS,X004631EHV,B0CY6L59XS,"Waterproof Dining Chair Covers Set of 6 - 3 Layers Thick Fabric Parsons Chair Slip Covers - Jacquard Kitchen Chair Covers & Stretch Protectors for Dining Room, Restaurant - Removable Washable (Grey)",New,5,0,2,0,3,0,0,0,USD,2,13,25,35,,39.99,0,39.99,0,GoToRestock,,0,0,0,0,1.53,0.321369,cubic feet,Standard,1.606845,US,gl_home,71038,22,0,1,1,39.99,68.48,394.87,782.87,1092.64,0,1,1,3,0,1.03,0,0,0,0,,0,0,0,0,3,0.96,0,0,0,0,0,0,0,0,0,0,0,0,56.4,26,Low stock,41,2026-05-05,2026-04-27,Yes,No,24,56.4,2026-04-27,5,0,0,0,22,unassigned,N,,,
2026-04-30,BM-FULL-CGREY,X003VHOFSD,B0C9LVTKF7,DECOLURE Cooling Sheets Full Set 4pcs - Luxurious & Ultra-Soft Full Size Cooling Sheets for Hot Sleepers - Comfortable Bamboo Viscose Microfiber Full Cooling Bed Sheets w/Deep Pockets (Cool Grey),New,59,0,2,59,0,0,0,0,USD,4,12,22,28,Low conversion,52.95,0,52.95,0,Create Outlet deal,,17.97,2,0,2978.22,0.37,0.212621,cubic feet,Standard,12.544639,US,gl_home,99235,366,57,19,27,52.95,121.88,365.64,711.14,920.84,1,1,0,0,0,8.86,0,0,0,0,,1,0,,,,,,,,,,,,,,,,,247.6,6,Excess,,,2026-04-27,Yes,No,186.8,247.6,2026-04-27,59,0,1,0,366,unassigned,N,,,
2026-04-30,SL-COOLING-SHEET-TWIN-GRAPHITE,X004OD1CNT,B0F7LZ27F2,"SLEEPHORIA Cooling Sheets - BreezeWeave 3 PC Twin Size Cooling Bed Sheets for Hot Sleepers & Deep, Cool Rest - Cloud Soft, Silky Smooth, 16 in Deep Pocket, Ultra Durable (Graphite)",New,37,0,45,0,0,0,0,0,USD,3,39,79,94,,56.99,0,56.99,0,GoToRestock,,0,0,0,0,1.31,0.229779,cubic feet,Standard,8.501823,US,gl_home,32563,38,0,3,5,56.99,170.97,1970.61,3965.21,4720.06,7,38,0,0,0,3.47,0,0,0,0,,5,0,,,,,,,,,,,,,,,,,77.7,36,Healthy,32,2026-05-06,2026-04-27,Yes,No,46,77.7,2026-04-27,37,0,1,4,42,unassigned,N,,,
2026-04-30,SL-CLG-PC-BLUE-QUEEN-2PCS,X004OCQ0TB,B0F7LJS3N2,"SLEEPHORIA Cooling Pillow Cases - BreezeWeave Queen Size Set of 2 Pillowcases for Hot Sleepers & Cool, Deep Rest - Cloud Soft, Silky Smooth, Ultra Durable, Easy Care, Hidden Zipper (Blue)",New,195,0,1,3,0,195,0,0,USD,7,41,89,111,,17.99,0,17.99,0,NoExcessInventory,,0,0,0,0,0.41,0.069716,cubic feet,Standard,13.59462,US,gl_home,168211,215,0,19,22,17.99,115.93,699.59,1540.11,1919.89,1,0,0,195,0,81.68,0,0,0,0,,3,0,1,0.03,0,0,0,0,96,36.48,99,39.33,0,0,0,0,0,0,224.6,42,Healthy,,,2026-04-27,Yes,No,164.1,224.6,2026-04-27,197,2,1,0,216,unassigned,N,,,
2026-04-30,BAMBOO-KING-GREY,X002O510ZJ,B08KQJQ3C2,"DECOLURE 100% Viscose Derived from Bamboo Sheets King Size - Luxury 4 Pc Naturally Cooling Sheets, Ultra Soft Bed Set - Deep 17"" Pockets, Durable Double Stitching, Oeko Tex Standard (Grey)",New,188,0,98,108,0,0,0,0,USD,24,121,292,393,,84.99,0,84.99,0,NoRestockExcessActionRequired,,0,0,0,0,1.11,0.27908,cubic feet,Standard,52.46704,US,gl_home,11515,82,0,19,19,84.99,1889.76,9361.87,21664.38,29350.87,93,3,2,0,0,34.21,396,396,0,0,,11,1,,,,,,,,,,,,,,,,,76,189,Healthy,,,2026-04-27,No,No,53.9,76,2026-04-27,592,8,2,1,292,unassigned,N,,,
2026-04-30,SS-SATIN-BLUSH-PINK-KING-4PCS,X004D7A075,B0DDR4T2Y6,"SLEEP SANCTUARY Satin Sheets King Size – 4 Piece Luxury Silky Bed Set, Softer Than Silk, 15"" Deep Pocket, Cooling & Wrinkle-Free, Moisture-Wicking & Breathable for Hair & Skin (Blush Pink)",New,366,0,368,0,0,0,0,0,USD,7,22,41,51,,35.95,0,35.95,0,Create Outlet deal,,26.56,2,0,8814.36,0.2,0.284024,cubic feet,Standard,103.952784,US,gl_home,14711,366,0,66,93,35.95,251.65,767.63,1452.68,1818.18,2,216,150,0,0,72.41,0,0,0,0,,13,0,,,,,,,,,,,,,,,,,509.8,37,Healthy,,,2026-04-27,Yes,No,509.8,470.1,2026-04-27,366,0,13,0,366,unassigned,N,,,
2026-04-30,BM-TWIN-CGREY,X003VHUIKH,B0C9LSZTPN,DECOLURE Cooling Bed Sheets Twin Set 3pcs - Luxurious & Ultra-Soft Twin Size Cooling Sheets for Hot Sleepers - Comfortable Cool Bamboo Viscose Microfiber Sheets Twin Size w/Deep Pockets (Cool Grey),New,49,0,0,0,39,2,8,0,USD,2,9,16,18,,43.95,0,43.95,0,Create Outlet deal,,20.47,2,0,430.37,0.3,0.177442,cubic feet,Standard,8.694658,US,gl_home,99235,366,44,21,35,43.95,57.7,229.53,453.7,528.6,0,0,0,41,0,24.1,0,0,0,0,,0,0,0,0,37,6.58,2,0.53,0,0,1,1.01,1,1.05,0,0,8,11.21,317.4,9,Excess,,,2026-04-27,Yes,No,176,317.4,2026-04-27,49,0,0,0,366,unassigned,N,,,
2026-04-30,SL-COOLING-FITTED-TWIN-NAVY-BLUE,X004OD3CUF,B0F7M4R2SS,"SLEEPHORIA Cooling Fitted Sheet Twin Size - 1 PC BreezeWeave Cooling Sheets for Hot Sleepers & Cool Rest w/ 16 in Deep Pocket - Corner Straps, Cloud Soft, Ultra Durable - 37 x 72 in (Navy Blue)",New,6,0,0,0,8,0,0,0,USD,3,14,17,17,,24.99,0,24.99,0,Create Outlet deal,,18.89,2,0,142.52,0.76,0.115405,cubic feet,Standard,0.69243,US,gl_home,33953,26,0,1,4,24.99,74.97,371.86,450.83,450.83,0,0,0,8,0,3.99,0,0,0,0,,0,0,0,0,0,0,0,0,8,5.03,0,0,0,0,0,0,0,0,134.8,,,14,2026-05-06,2026-04-27,Yes,No,35.5,134.8,2026-04-27,6,0,0,0,26,unassigned,N,,,
2026-04-30,SATIN-FITTED-QUEEN-PURPLE,X004CBTTC9,B0DBVZPPJ6,"DECOLURE Satin Fitted Sheet Queen Size (1 PC) – Luxuriously Smooth & Softer Than Silk Bed Sheets w/ 15 Inch Deep Pocket Hypoallergenic Wrinkle Free, Secure Snug Fit, Elastic Corner Straps (Purple)",New,283,0,5,104,220,0,0,0,USD,15,47,81,113,,17.95,0,17.46,0,NoRestockExcessActionRequired,,0,0,0,287.19,0.27,0.182407,cubic feet,Standard,51.621181,US,gl_home,14844,202,97,24,32,17.46,257.29,832.69,1459.99,2034.39,0,4,1,220,0,65.68,0,0,0,0,,74,0,1,0.09,219,39.93,0,0,0,0,0,0,0,0,0,0,0,0,373.3,73,Excess,,,2026-04-27,Yes,No,335.3,373.3,2026-04-27,283,0,73,1,272,unassigned,N,,,
2026-04-30,SL-COOLING-FITTED-TWIN-MIDNIGHT-BLACK,X004OD08ST,B0F7M4VHKW,"SLEEPHORIA Cooling Fitted Sheet Twin Size - 1 PC BreezeWeave Cooling Sheets for Hot Sleepers & Cool Rest w/ 16 in Deep Pocket - Corner Straps, Cloud Soft, Ultra Durable - 37 x 72 in (Midnight Black)",New,25,0,1,0,24,0,0,0,USD,3,8,12,12,,24.99,0,24.99,0,Create Outlet deal,,13.49,2,0,289.29,0.37,0.115405,cubic feet,Standard,2.885125,US,gl_home,33953,127,21,12,27,24.99,74.97,209.92,311.88,311.88,1,0,0,24,0,15.78,0,0,0,0,,0,0,0,0,0,0,2,0.35,22,13.85,0,0,0,0,0,0,0,0,299.6,,Excess,,,2026-04-27,Yes,No,125,299.6,2026-04-27,25,0,0,0,127,unassigned,N,,,
2026-04-30,SL-COOLING-FITTED-KING-NAVY-BLUE,X004OD84XZ,B0F7M5M7G1,"SLEEPHORIA Cooling Fitted Sheet King Size - 1 PC BreezeWeave Cooling Sheets for Hot Sleepers & Cool Rest w/ 16 in Deep Pocket - Corner Straps, Cloud Soft, Ultra Durable - 73 x 77 in (Navy Blue)",New,44,0,0,4,44,0,0,0,USD,16,60,96,96,,32.99,0,32.99,0,GoToRestock,,0,0,0,0,0.86,0.165912,cubic feet,Standard,7.300128,US,gl_home,33953,28,0,2,5,32.99,527.84,2067.4,3265.04,3265.04,0,0,0,44,0,34.81,0,0,0,0,,3,0,3,0.25,0,0,0,0,44,39.78,0,0,0,0,0,0,0,0,122.4,,,37,2026-05-06,2026-04-27,Yes,No,45.1,122.4,2026-04-27,47,3,0,0,28,unassigned,N,,,
2026-04-30,SATIN-FITTED-KING-ROSEWOOD,X004CBTSZR,B0DBVZKXNX,"DECOLURE Satin Fitted Sheet King Size (1 PC) – Luxuriously Smooth & Softer Than Silk Bed Sheets w/ 15 Inch Deep Pocket Hypoallergenic Wrinkle Free, Secure Snug Fit, Elastic Corner Straps (Rosewood)",New,5,0,3,1,11,0,0,0,USD,15,44,74,90,,19.95,0,19.95,0,CreateShippingPlan,,0,0,0,0,1.27,0.191774,cubic feet,Standard,0.95887,US,gl_home,14844,6,0,0,0,19.95,272.25,832.8,1431.3,1756.5,1,1,1,11,0,0.17,0,0,0,0,,2,0,11,1.05,0,0,0,0,0,0,0,0,0,0,0,0,0,0,74.7,55,Low stock,101,2026-05-06,2026-04-27,Yes,No,32.3,74.7,2026-04-27,5,0,1,1,8,unassigned,N,,,
2026-04-30,BAMBOO-TWIN-MIDGREY-6PCS,X00438YOUX,B0CQ31XF3H,"DECOLURE 100% Viscose Derived from Bamboo Sheets Twin Size - Luxury 4 Pc Naturally Cooling Sheets, Ultra Soft Bed Set - Deep 17"" Pockets, Durable Double Stitching, Oeko Tex Standard (Midgrey)",New,90,0,1,31,62,0,0,0,USD,3,21,35,46,,64.99,59.99,59.99,0,NoRestockExcessActionRequired,,0,0,0,0,0.37,0.183191,cubic feet,Standard,16.48719,US,gl_home,14195,181,0,21,32,59.99,179.97,1259.68,2099.54,2803.43,0,1,0,62,0,19.83,24,24,0,0,,3,0,0,0,62,11.37,0,0,0,0,0,0,0,0,0,0,0,0,248,38,Healthy,,,2026-04-27,Yes,No,139.8,248,2026-04-27,114,0,2,1,245,unassigned,N,,,
2026-04-30,BAMBOO-QUEEN-PURPLE-6PCS,X00438PI9J,B0CQ3GXLCJ,"DECOLURE 100% Viscose Derived from Bamboo Sheets Queen Size - Luxury 6 Pc Naturally Cooling Sheets, Ultra Soft Bed Set - Deep 17"" Pockets, Durable Double Stitching, Oeko Tex Standard (Purple)",New,83,0,29,47,25,0,0,0,USD,6,60,105,141,,84.99,0,84.99,0,CreateShippingPlan,,0,0,0,0,0.89,0.260845,cubic feet,Standard,21.650135,US,gl_home,14195,67,0,5,7,84.99,483.47,4458.43,8072.54,10732.18,27,1,1,25,0,22.87,0,0,0,0,,16,0,5,0.65,1,0.26,22,8.62,0,0,0,0,0,0,0,0,0,0,102.6,97,Low stock,105,2026-05-06,2026-04-27,Yes,No,53.5,102.6,2026-04-27,95,12,1,3,70,unassigned,N,,,
2026-04-30,BAMBOO-QUEEN-MIDGREY-6PCS,X00438TR0F,B0CQ31FR3Y,"DECOLURE 100% Viscose Derived from Bamboo Sheets Queen Size - Luxury 6 Pc Naturally Cooling Sheets, Ultra Soft Bed Set - Deep 17"" Pockets, Durable Double Stitching, Oeko Tex Standard (Midgrey)",New,402,0,175,255,0,0,0,0,USD,14,82,144,207,,84.99,0,84.99,0,NoRestockExcessActionRequired,,0,0,0,0,0.46,0.302078,cubic feet,Standard,121.435356,US,gl_home,14195,366,0,24,32,84.99,1167.86,6235.54,11177.42,15853.04,111,2,62,0,0,117.63,108,0,72,36,,105,0,73,11.02,0,0,0,0,0,0,0,0,0,0,0,0,0,0,193.9,157,Healthy,,,2026-04-27,Yes,No,155,193.9,2026-04-27,588,78,26,1,366,unassigned,N,,,
2026-04-30,SL-COOLING-FITTED-CAL-KING-LIGHT-PINK,X004OD8B5B,B0F7M67GT2,"SLEEPHORIA Cooling Fitted Sheet Calfornia King Size - 1 PC BreezeWeave Cooling Sheets for Hot Sleepers & Cool Rest w/ 16 in Deep Pocket - Corner Straps, Cloud Soft - 69 x 81 in (Light Pink)",New,43,0,0,0,45,0,0,0,USD,1,2,3,3,,33.99,0,33.99,0,Create Outlet deal,,17.99,2,0,1915.95,0.06,0.144256,cubic feet,Standard,6.203008,US,gl_home,33953,366,43,86,186,33.99,33.99,69.98,103.97,103.97,0,0,0,45,0,38.13,0,0,0,0,,0,0,0,0,0,0,0,0,45,35.37,0,0,0,0,0,0,0,0,2128,,Excess,,,2026-04-27,Yes,No,1386,2128,2026-04-27,43,0,0,0,366,unassigned,N,,,
2026-04-30,SATIN-CHAMPAGNE-KING-6PCS,X003UMBLTF,B0C7FKZ4VG,"DECOLURE Satin Bed Sheets - 6 Piece Luxury Silky King Size Bedding Set - Softer Than Silk, Wrinkle-Free with 15” Deep Pocket Fitted Sheet, Perfect for Hair & Skin, Gifts for Women (Champagne)",New,59,0,64,0,0,0,0,0,USD,4,32,67,78,,33.95,0,33.95,29.16,NoExcessInventory,,0,0,0,0,0.89,0.246866,cubic feet,Standard,14.565094,US,gl_home,24922,366,0,33,44,33.95,135.8,1086.26,2274.51,2719.96,1,20,43,0,0,8,210,66,144,0,,3,0,,,,,,,,,,,,,,,,,114,35,Healthy,,,2026-04-27,Yes,No,71.3,114,2026-04-27,269,0,3,0,366,unassigned,N,,,
2026-04-30,SATIN-4PC-KING-BABY BLUE,X0042WYTU5,B0CQRYDFC1,"DECOLURE Satin Bed Sheets - 4 Piece Luxury Silky King Size Bedding Set - Softer Than Silk, Wrinkle-Free with 15” Deep Pocket Fitted Sheet, Perfect for Hair & Skin, Gifts for Women (Baby Blue)",New,101,0,97,23,0,0,0,0,USD,31,131,220,311,,33.95,0,33.95,0,CreateShippingPlan,,0,0,0,0,1.06,0.245441,cubic feet,Standard,24.789541,US,gl_home,10574,32,0,3,4,33.95,1052.45,4345.45,7428.45,10491.1,3,62,32,0,0,10.83,0,0,0,0,,20,0,,,,,,,,,,,,,,,,,79.1,135,Low stock,200,2026-05-07,2026-04-27,No,No,42,79.1,2026-04-27,112,11,8,1,35,unassigned,N,,,
2026-04-30,SL-COOLING-FITTED-CAL-KING-REGAL-PURPLE,X004OD83LN,B0F7M2P88B,"SLEEPHORIA Cooling Fitted Sheet Calfornia King Size - 1 PC BreezeWeave Cooling Sheets for Hot Sleepers & Cool Rest w/ 16 in Deep Pocket - Corner Straps, Cloud Soft - 69 x 81 in (Regal Purple)",New,53,0,0,0,48,5,0,0,USD,2,5,7,7,,33.99,0,33.99,0,Create Outlet deal,,17.99,2,0,2465.73,0.12,0.144256,cubic feet,Standard,7.645568,US,gl_home,33953,366,53,42,98,33.99,67.98,175.95,243.93,243.93,0,0,0,53,0,47,0,0,0,0,,0,0,0,0,0,0,0,0,53,41.69,0,0,0,0,0,0,0,0,1052.2,,Excess,,,2026-04-27,Yes,No,563.7,1052.2,2026-04-27,53,0,0,0,366,unassigned,N,,,
2026-04-30,SS-SATIN-BLUE-KING-4PCS,X004D7EWZB,B0DDRBX7CN,"SLEEP SANCTUARY Satin Sheets King Size – 4 Piece Luxury Silky Bed Set, Softer Than Silk, 15"" Deep Pocket, Cooling & Wrinkle-Free, Moisture-Wicking & Breathable for Hair & Skin (Blue)",New,230,0,37,26,80,96,0,0,USD,5,22,38,51,,35.95,0,35.95,33.09,Create Outlet deal,,29.36,2,0,2739.13,0.2,0.276145,cubic feet,Standard,63.51335,US,gl_home,14711,366,211,41,58,35.95,179.75,802.75,1425.95,1893.3,36,1,0,176,0,246.13,0,0,0,0,,13,0,66,9.09,30,8.29,7,2.9,7,10.54,90,141.66,0,0,0,0,0,0,446.9,37,Excess,,,2026-04-27,Yes,No,329.2,446.9,2026-04-27,230,0,13,0,366,unassigned,N,,,
2026-04-30,SL-COOLING-FITTED-FULL-SAGE-GREEN,X004OD9S99,B0F7M3HDB5,"SLEEPHORIA Cooling Fitted Sheet Full Size - 1 PC BreezeWeave Cooling Sheets for Hot Sleepers & Cool Rest w/ 16 in Deep Pocket - Corner Straps, Cloud Soft, Ultra Durable - 52 x 72 in (Sage Green)",New,56,0,0,0,48,9,0,0,USD,1,7,15,15,,27.99,0,27.99,0,Create Outlet deal,,14.99,2,0,1979.07,0.23,0.13639,cubic feet,Standard,7.63784,US,gl_home,33953,272,56,32,48,27.99,27.99,207.93,435.85,435.85,0,0,0,57,0,46.51,0,0,0,0,,0,0,0,0,0,0,0,0,57,42.37,0,0,0,0,0,0,0,0,406.4,,Excess,,,2026-04-27,Yes,No,205.7,406.4,2026-04-27,56,0,0,0,272,unassigned,N,,,
2026-04-30,SATIN-CHAMPAGNE-TWIN,X003RX78IZ,B0BZPVY39R,"DECOLURE Satin Bed Sheets - 3 Piece Luxury Silky Twin Size Bedding Set - Softer Than Silk, Wrinkle-Free with 15” Deep Pocket Fitted Sheet, Perfect for Hair & Skin, Gifts for Women (Champagne)",New,56,0,0,0,36,20,0,0,USD,0,2,4,4,,43.95,0,43.95,0,Edit listing,,25.16,9,0,1479.96,0.07,0.171297,cubic feet,Standard,9.592632,US,gl_home,10574,366,45,112,182,43.95,0,50.32,96.6,96.6,0,0,0,56,0,57.79,0,0,0,0,,0,0,0,0,0,0,0,0,36,33.58,20,19.53,0,0,0,0,0,0,880,8,Excess,,,2026-04-27,Yes,No,566.3,880,2026-04-27,56,0,0,0,366,unassigned,N,,,
2026-04-30,BAMBOO-FULL-BURGUNDY-6PCS,X00438MD8X,B0CQ3199ZV,"DECOLURE 100% Viscose Derived from Bamboo Sheets Full Size - Luxury 6 Pc Naturally Cooling Sheets, Ultra Soft Bed Set - Deep 17"" Pockets, Durable Double Stitching, Oeko Tex Standard (Burgundy)",New,1,0,1,0,0,0,0,0,USD,0,5,22,40,,74.99,0,74.99,0,CreateShippingPlan,,0,0,0,0,2.35,0.269306,cubic feet,Standard,0.269306,US,gl_home,14195,4,0,0,0,74.99,0,374.95,1582.78,2779.43,1,0,0,0,0,0.05,0,0,0,0,,0,0,,,,,,,,,,,,,,,,,38.1,36,Low stock,68,2026-05-02,2026-04-27,Yes,No,9.4,38.1,2026-04-27,1,0,0,0,4,unassigned,N,,,
2026-04-30,BAMBOO-KING-OLIVE-6PCS,X00438QA69,B0CQ2YDPDS,"DECOLURE 100% Viscose Derived from Bamboo Sheets King Size - Luxury 6 Pc Naturally Cooling Sheets, Ultra Soft Bed Set - Deep 17"" Pockets, Durable Double Stitching, Oeko Tex Standard (Olive)",New,29,0,44,21,0,0,0,0,USD,20,76,167,304,,89.99,0,89.99,0,CreateShippingPlan,,0,0,0,0,1.55,0.337955,cubic feet,Standard,9.800695,US,gl_home,14195,22,0,1,1,89.99,1759.8,6649.24,14506.33,25284.96,3,3,38,0,0,8.13,0,0,0,0,,27,0,,,,,,,,,,,,,,,,,59.8,126,Low stock,231,2026-05-07,2026-04-27,Yes,No,43.6,59.8,2026-04-27,55,26,1,0,23,unassigned,N,,,
2026-04-30,SS-SATIN-BURNT-ORANGE-FULL-4PCS,X004D7A377,B0DDQQ83Y4,"SLEEP SANCTUARY Satin Sheets Full Size – 4 Piece Luxury Silky Bed Set, Softer Than Silk, 15"" Deep Pocket, Cooling & Wrinkle-Free, Moisture-Wicking & Breathable for Hair & Skin (Burnt Orange)",New,84,0,0,0,2,36,46,0,USD,0,4,4,4,,31.95,0,31.95,0,Create Outlet deal,,15.64,2,0,5816.42,0.05,0.274477,cubic feet,Standard,23.056068,US,gl_home,14711,366,84,84,273,31.95,0,89.4,89.4,89.4,0,0,0,38,0,156.81,0,0,0,0,,0,0,0,0,1,0.27,1,0.41,0,0,36,56.31,0,0,46,87.11,0,0,1964,9,Excess,,,2026-04-27,Yes,No,644,1964,2026-04-27,84,0,0,0,366,unassigned,N,,,
2026-04-30,BAMBOO-CALIFKING-GREY,X002O4Z4IJ,B08KQJBFFY,"DECOLURE 100% Viscose Derived from Bamboo Sheets California King Size - Luxury 4 Pc Naturally Cooling Sheets, Ultra Soft Bed Set - Deep 17"" Pockets, Double Stitching, Oeko Tex Standard (Grey)",New,7,0,9,0,0,0,0,0,USD,3,3,6,24,,84.99,0,84.99,0,CreateShippingPlan,,,0,0,,2.91,0.284961,cubic feet,Standard,1.994727,US,gl_home,11515,20,0,9,3,84.99,254.97,254.97,494.94,1899.76,9,0,0,0,0,,0,0,0,0,,2,0,,,,,,,,,,,,,,,,,40,15,Low stock,16,2026-05-06,2026-04-27,Yes,No,40,23.3,2026-04-27,7,0,2,0,27,unassigned,N,,,
2026-04-30,SS-SATIN-STONE-GREY-QUEEN-4PCS,X004D7HG45,B0DDQX4176,"SLEEP SANCTUARY Satin Sheets Queen Size – 4 Piece Luxury Silky Bed Set, Softer Than Silk, 15"" Deep Pocket, Cooling & Wrinkle-Free, Moisture-Wicking & Breathable for Hair & Skin (Stone Grey)",New,207,0,137,68,24,0,0,0,USD,23,65,134,190,,33.95,0,33.95,0,NoExcessInventory,,0,0,0,0,0.68,0.284742,cubic feet,Standard,58.941594,US,gl_home,14711,104,0,16,18,33.95,780.85,2254.48,4665.03,6566.23,25,21,91,24,0,41.1,60,60,0,0,,15,0,56,7.97,0,0,0,0,0,0,0,0,0,0,0,0,0,0,146.1,116,Healthy,,,2026-04-27,Yes,No,139.6,146.1,2026-04-27,268,1,13,1,154,unassigned,N,,,
2026-04-30,SATIN-TAUPE-QUEEN-6PCS,X003UM8ZZX,B0C7FK58RV,"DECOLURE Satin Bed Sheets - 6 Piece Luxury Silky Queen Size Bedding Set - Softer Than Silk, Wrinkle-Free with 15” Deep Pocket Fitted Sheet, Perfect for Hair & Skin, Gifts for Women (Taupe)",New,65,0,0,0,66,0,0,0,USD,0,7,14,21,,31.95,0,31.95,0,Create Outlet deal,,19.97,2,0,1014.62,0.29,0.217323,cubic feet,Standard,14.125995,US,gl_home,24922,366,51,37,40,31.95,0,185.04,395.79,606.36,0,0,0,66,0,22.84,0,0,0,0,,1,0,1,0.11,65,14.12,0,0,0,0,0,0,0,0,0,0,0,0,310.3,11,Excess,,,2026-04-27,Yes,No,254.3,310.3,2026-04-27,65,0,1,0,366,unassigned,N,,,
2026-04-30,SATIN-STRIPE-KING-PINK--6-PCS,X003UODIPN,B0C7K2LV1N,"DECOLURE Satin Bed Sheets - 6 Piece Luxury Silky King Size Bedding Set - Softer Than Silk, Wrinkle-Free with 15” Deep Pocket Fitted Sheet, Perfect for Hair & Skin, Gifts for Women (Striped Pink)",,0,0,0,2,0,0,0,0,USD,4,12,19,25,,0,0,33.95,0,CreateShippingPlan,,,0,0,,1.41,0.262859,cubic feet,Standard,0,US,gl_home,24922,0,0,0,0,33.95,135.8,402.08,639.73,855.43,0,0,0,0,0,,0,0,0,0,,1,0,,,,,,,,,,,,,,,,,64,9,Out of stock,14,2026-04-30,2026-04-27,Yes,No,21.3,64,2026-04-27,0,0,1,0,5,unassigned,N,,,
2026-04-30,BAMBOO-TWIN-WHITE-6PCS,X00438U1GT,B0CQ34D2QS,"DECOLURE 100% Viscose Derived from Bamboo Sheets Twin Size - Luxury 4 Pc Naturally Cooling Sheets, Ultra Soft Bed Set - Deep 17"" Pockets, Durable Double Stitching, Oeko Tex Standard (White)",New,7,0,10,0,0,0,0,0,USD,11,47,106,178,,64.99,0,64.99,0,CreateShippingPlan,,0,0,0,0,2.09,0.208256,cubic feet,Standard,1.457792,US,gl_home,14195,13,0,1,0,64.99,714.89,3054.53,6897.94,11114.22,10,0,0,0,0,0.89,6,0,6,0,,13,0,,,,,,,,,,,,,,,,,42.9,95,Low stock,197,2026-05-06,2026-04-27,Yes,No,18.5,42.9,2026-04-27,25,12,1,0,14,unassigned,N,,,
2026-04-30,SATIN-WHITE-QUEEN-6PCS,X003UMBLNB,B0C7FR94LJ,"DECOLURE Satin Bed Sheets - 6 Piece Luxury Silky Queen Size Bedding Set - Softer Than Silk, Wrinkle-Free with 15” Deep Pocket Fitted Sheet, Perfect for Hair & Skin, Gifts for Women (White)",New,71,0,13,69,0,0,0,0,USD,9,24,37,57,,31.95,0,31.95,0,NoExcessInventory,,0,0,0,5.82,0.49,0.226654,cubic feet,Standard,16.092434,US,gl_home,24922,299,0,16,23,31.95,275.55,735.79,1129.7,1797.3,0,0,13,0,0,10.62,30,0,30,0,,8,0,,,,,,,,,,,,,,,,,180.5,25,Healthy,,,2026-04-27,Yes,No,158.1,180.5,2026-04-27,101,0,8,0,330,unassigned,N,,,
2026-04-30,SATIN-4PC-KING-GREY,X0044KSJMT,B0CV4D38W9,"DECOLURE Satin Bed Sheets - 4 Piece Luxury Silky King Size Bedding Set - Softer Than Silk, Wrinkle-Free with 15” Deep Pocket Fitted Sheet, Perfect for Hair & Skin, Gifts for Women (Grey)",New,837,0,117,266,496,0,0,0,USD,21,153,312,459,,33.95,0,33.95,0,NoRestockExcessActionRequired,,0,0,0,0,0.41,0.241507,cubic feet,Standard,202.141359,US,gl_home,10574,366,0,43,47,32.25,712.95,5220.35,10641.28,15664.27,6,8,103,496,0,201.3,834,270,564,0,,52,0,220,26.54,297,71.7,0,0,0,0,0,0,0,0,0,0,0,0,223.2,295,Healthy,,,2026-04-27,No,No,180.7,223.2,2026-04-27,1671,0,51,1,366,unassigned,N,,,
2026-04-30,SATIN-4PC-FULL-BABY BLUE,X0042X0DIB,B0CQRY9WLD,"DECOLURE Satin Bed Sheets - 4 Piece Luxury Silky Full Size Bedding Set - Softer Than Silk, Wrinkle-Free with 15” Deep Pocket Fitted Sheet, Perfect for Hair & Skin, Gifts for Women (Baby Blue)",New,102,0,118,0,0,0,0,0,USD,8,43,63,86,,29.95,0,29.95,0,NoRestockExcessActionRequired,,0,0,0,0,0.74,0.228666,cubic feet,Standard,23.323932,US,gl_home,10574,207,0,17,29,28.45,239.6,1256.66,1930.66,2615.83,44,43,31,0,0,15.73,90,0,78,12,,31,0,,,,,,,,,,,,,,,,,127,64,Healthy,,,2026-04-27,Yes,No,91.3,127,2026-04-27,204,12,19,0,220,unassigned,N,,,
2026-04-30,SATIN-TWIN-BLACK-6PCS,X003UM8ZJT,B0C7F622QD,"DECOLURE Satin Bed Sheets - 4 Piece Luxury Silky Twin Size Bedding Set - Softer Than Silk, Wrinkle-Free with 15” Deep Pocket Fitted Sheet, Perfect for Hair & Skin, Gifts for Women (Black)",New,33,0,30,0,4,0,0,0,USD,0,4,12,19,,27.95,0,27.95,0,NoExcessInventory,,0,0,0,0,0.96,0.158029,cubic feet,Standard,5.214957,US,gl_home,24922,286,0,63,43,27.95,0,111.78,335.38,539.49,30,0,0,4,0,4.23,30,12,6,12,,1,0,4,0.32,0,0,0,0,0,0,0,0,0,0,0,0,0,0,92.3,15,Healthy,,,2026-04-27,Yes,No,92.3,62.4,2026-04-27,64,1,0,0,366,unassigned,N,,,
2026-04-30,SATIN-STRIPE-FULL-RED--6-PCS,X003UO39B1,B0C7JYS2K4,"DECOLURE Satin Bed Sheets - 6 Piece Luxury Silky Full Size Bedding Set - Softer Than Silk, Wrinkle-Free with 15” Deep Pocket Fitted Sheet, Perfect for Hair & Skin, Gifts for Women (Striped Red)",New,11,0,2,0,0,12,0,0,USD,0,17,25,28,,29.95,0,29.95,0,GoToRestock,,0,0,0,0,0.95,0.315226,cubic feet,Standard,3.467486,US,gl_home,24922,50,0,2,5,29.95,0,389.35,575.05,664.9,2,0,0,12,0,15.23,0,0,0,0,,1,0,0,0,0,0,0,0,0,0,12,21.57,0,0,0,0,0,0,93.9,13,Low stock,9,2026-05-07,2026-04-27,Yes,No,25.3,93.9,2026-04-27,11,0,1,0,55,unassigned,N,,,
2026-04-30,SS-SATIN-WHITE-KING-4PCS,X004D7A05R,B0DDQZ6VT4,"SLEEP SANCTUARY Satin Sheets King Size – 4 Piece Luxury Silky Bed Set, Softer Than Silk, 15"" Deep Pocket, Cooling & Wrinkle-Free, Moisture-Wicking & Breathable for Hair & Skin (White)",New,352,0,27,20,41,304,0,0,USD,26,104,217,267,,35.95,0,35.95,0,NoRestockExcessActionRequired,,0,0,0,10.3,0.51,0.27732,cubic feet,Standard,97.61664,US,gl_home,14711,153,0,25,31,35.95,934.7,3388.88,6982.93,8780.43,25,1,1,345,0,455.13,300,300,0,0,,37,0,55,7.62,1,0.28,3,1.25,1,1.51,304,480.43,0,0,0,0,0,0,184.6,146,Healthy,,,2026-04-27,No,No,133.4,184.6,2026-04-27,652,0,36,1,358,unassigned,N,,,
2026-04-30,BAMBOO-TWIN-PURPLE-6PCS,X00438TC6T,B0CQ2YMNV7,"DECOLURE 100% Viscose Derived from Bamboo Sheets Twin Size - Luxury 4 Pc Naturally Cooling Sheets, Ultra Soft Bed Set - Deep 17"" Pockets, Durable Double Stitching, Oeko Tex Standard (Purple)",,0,0,0,0,8,0,0,0,USD,1,5,11,16,,0,0,0,0,CreateShippingPlan,,,0,0,,0.9,0.179298,cubic feet,Standard,0,US,gl_home,13056,0,0,0,0,64.99,64.99,304.95,719.89,1001.94,0,0,0,8,0,,0,0,0,0,,0,0,0,0,8,1.43,0,0,0,0,0,0,0,0,0,0,0,0,74.6,10,Out of stock,19,2026-04-29,2026-04-27,Yes,No,13,74.6,2026-04-27,0,0,0,0,0,unassigned,N,,,
2026-04-30,SATIN-STRIPE-KING-RED--6-PCS,X003UO3A8N,B0C7JYWFP8,"DECOLURE Satin Bed Sheets - 6 Piece Luxury Silky King Size Bedding Set - Softer Than Silk, Wrinkle-Free with 15” Deep Pocket Fitted Sheet, Perfect for Hair & Skin, Gifts for Women (Striped Red)",New,16,0,2,12,3,0,0,0,USD,2,24,40,74,,33.95,0,33.95,0,GoToRestock,,0,0,0,0,1.47,0.246933,cubic feet,Standard,3.950928,US,gl_home,24922,33,0,2,2,33.95,67.9,814.7,1357.9,2584.2,1,1,0,3,0,1.34,0,0,0,0,,1,0,3,0.37,0,0,0,0,0,0,0,0,0,0,0,0,0,0,59.9,31,Low stock,43,2026-05-06,2026-04-27,Yes,No,36.3,59.9,2026-04-27,16,0,1,0,35,unassigned,N,,,
2026-04-30,SATIN-STRIPE-FULL-BLACK--6-PCS,X003UODIF3,B0C7KB53RJ,"DECOLURE Satin Bed Sheets - 6 Piece Luxury Silky Full Size Bedding Set - Softer Than Silk, Wrinkle-Free with 15” Deep Pocket Fitted Sheet, Perfect for Hair & Skin, Gifts for Women (Striped Black)",New,104,0,0,1,103,0,0,0,USD,2,6,7,10,,29.95,0,29.95,0,Create Outlet deal,,22.36,2,0,5478.84,0.09,0.219903,cubic feet,Standard,22.869912,US,gl_home,24922,366,104,69,135,29.95,57.52,172.56,204.51,293.36,0,0,0,103,0,41.14,0,0,0,0,,0,0,0,0,80,17.6,23,7.59,0,0,0,0,0,0,0,0,0,0,1240.5,6,Excess,,,2026-04-27,Yes,No,809,1240.5,2026-04-27,104,0,0,0,366,unassigned,N,,,
2026-04-30,SL-COOLING-SHEET-FULL-GRAPHITE,X004OD0UW3,B0F7LY3ZWB,"SLEEPHORIA Cooling Sheets - BreezeWeave 4 PC Full Size Cooling Bed Sheets for Hot Sleepers & Deep, Cool Rest - Cloud Soft, Silky Smooth, 16 in Deep Pocket, Ultra Durable (Graphite)",New,18,0,23,0,0,0,0,0,USD,7,41,73,87,,54.99,0,54.99,0,GoToRestock,,0,0,0,0,1.94,0.272245,cubic feet,Standard,4.90041,US,gl_home,32563,18,0,1,2,54.99,384.93,2254.59,4014.27,4798.13,12,11,0,0,0,1.63,0,0,0,0,,0,0,,,,,,,,,,,,,,,,,58.1,32,Low stock,46,2026-05-06,2026-04-27,Yes,No,31.6,58.1,2026-04-27,18,0,0,0,18,unassigned,N,,,
2026-04-30,SATIN-KING-BLUE-6PCS,X003UMBLL3,B0C7FBBPL1,"DECOLURE Satin Bed Sheets - 6 Piece Luxury Silky King Size Bedding Set - Softer Than Silk, Wrinkle-Free with 15” Deep Pocket Fitted Sheet, Perfect for Hair & Skin, Gifts for Women (Blue)",New,64,0,1,36,38,0,0,0,USD,8,33,61,84,,33.95,0,33.95,0,NoExcessInventory,,0,0,0,0,0.68,0.25115,cubic feet,Standard,16.0736,US,gl_home,24922,74,0,7,9,33.95,271.6,1120.18,2069.78,2898.63,0,0,1,38,0,11.98,0,0,0,0,,12,0,50,6.3,0,0,0,0,0,0,0,0,0,0,0,0,0,0,138.4,50,Healthy,29,2026-05-07,2026-04-27,Yes,No,87.7,138.4,2026-04-27,64,0,11,1,89,unassigned,N,,,
2026-04-30,WATERPROOF-CHAIR-COVER-BEIGE-6PCS,X00462S3V7,B0CY6TMHVW,"Waterproof Dining Chair Covers Set of 6 - 3 Layers Thick Fabric Parsons Chair Slip Covers - Jacquard Kitchen Chair Covers & Stretch Protectors for Dining Room, Restaurant - Removable Washable (Beige)",New,277,0,0,0,5,3,278,0,USD,3,16,26,37,,41.99,0,41.99,0,Create Outlet deal,,14.99,2,0,22467.26,0.12,0.353185,cubic feet,Standard,97.832245,US,gl_home,71038,366,265,69,97,41.99,89.97,498.34,784.74,1098.13,0,0,0,8,0,736.15,0,0,0,0,,18,0,0,0,2,0.71,1,0.53,4,7.7,0,0,1,2.08,278,677.48,0,0,813.1,15,Excess,,,2026-04-27,Yes,No,522.9,813.1,2026-04-27,279,2,12,4,366,unassigned,N,,,
2026-04-30,BAMBOO-KING-CHARCOAL,X003TODVFB,B0BZPZ588L,"DECOLURE 100% Viscose Derived from Bamboo Sheets King Size - Luxury 4 Pc Naturally Cooling Sheets, Ultra Soft Bed Set - Deep 17"" Pockets, Durable Double Stitching, Oeko Tex Standard (Charcoal)",New,9,0,23,0,0,0,0,0,USD,13,17,18,61,,84.99,0,84.99,0,CreateShippingPlan,,,0,0,,3.09,0.325957,cubic feet,Standard,2.933613,US,gl_home,11515,11,0,24,22,84.99,984.87,1324.83,1409.82,4692.62,23,0,0,0,0,,96,96,0,0,,8,0,,,,,,,,,,,,,,,,,40,47,Low stock,,,2026-04-27,Yes,No,40,11.5,2026-04-27,109,4,3,1,101,unassigned,N,,,
2026-04-30,SL-COOLING-SHEET-TWIN-LIGHT-BLUE,X004OD19AF,B0F7LXS112,"SLEEPHORIA Cooling Sheets - BreezeWeave 3 PC Twin Size Cooling Bed Sheets for Hot Sleepers & Deep, Cool Rest - Cloud Soft, Silky Smooth, 16 in Deep Pocket, Ultra Durable (Light Blue)",New,2,0,0,2,0,0,0,0,USD,4,21,36,53,,56.99,0,56.99,0,GoToRestock,,0,0,0,0,1.78,0.213861,cubic feet,Standard,0.427722,US,gl_home,32563,3,0,0,0,56.99,206.96,1056.79,1806.64,2676.47,0,0,0,0,0,0.08,0,0,0,0,,0,0,,,,,,,,,,,,,,,,,56.3,24,Low stock,38,2026-05-05,2026-04-27,Yes,No,18,56.3,2026-04-27,2,0,0,0,3,unassigned,N,,,
2026-04-30,BAMBOO-CALIFKING-OLIVE,X002O51121,B08KQJZHGC,"DECOLURE 100% Viscose Derived from Bamboo Sheets California King Size - Luxury 4 Pc Naturally Cooling Sheets, Ultra Soft Bed Set - Deep 17"" Pockets, Double Stitching, Oeko Tex Standard (Olive)",,0,0,0,0,2,0,0,0,USD,2,12,41,57,,0,0,0,0,CreateShippingPlan,,,0,0,,1.88,0.303793,cubic feet,Standard,0,US,gl_home,11515,0,0,0,0,84.99,169.98,1003.88,3188.5,4410.15,0,0,0,2,0,,0,0,0,0,,1,0,0,0,2,0.61,0,0,0,0,0,0,0,0,0,0,0,0,50.6,14,Out of stock,26,2026-04-29,2026-04-27,Yes,No,20.5,50.6,2026-04-27,0,0,0,1,1,unassigned,N,,,
2026-04-30,SL-COOLING-FITTED-CAL-KING-COOL-BLUE,X004ODA1YZ,B0F7M5PH28,"SLEEPHORIA Cooling Fitted Sheet Calfornia King Size - 1 PC BreezeWeave Cooling Sheets for Hot Sleepers & Cool Rest w/ 16 in Deep Pocket - Corner Straps, Cloud Soft - 69 x 81 in (Cool Blue)",New,104,0,1,0,85,18,0,0,USD,1,3,5,5,,33.99,0,33.99,0,Create Outlet deal,,17.99,2,0,4792.61,0.05,0.171764,cubic feet,Standard,17.863456,US,gl_home,33953,366,104,138,270,33.99,33.99,105.97,173.95,173.95,1,0,0,103,0,108.04,0,0,0,0,,0,0,1,0.09,0,0,0,0,102,95.52,0,0,0,0,0,0,0,0,2406.8,,Excess,,,2026-04-27,Yes,No,1582,2406.8,2026-04-27,104,0,0,0,366,unassigned,N,,,
2026-04-30,SS-SLEEP-MASK-3D-CONTOURED-PEACOCK-BLUE,X004NF43YN,B0F4XRFWGR,"SLEEP SANCTUARY 100% Pure Mulberry Silk Sleep Mask - 22 Momme Light Blocking 3D Contour Silk Eye Mask for Sleeping - Secure Fit for Side Sleepers, Women & Men - Cloud Soft (Peacock Blue)",New,323,0,6,1,1,315,0,0,USD,0,0,7,19,Low traffic,25.95,0,25.95,0,Create Outlet deal,,12.59,2,0,5668.09,0.06,0.048434,cubic feet,Standard,15.644182,US,gl_drugstore,298197,366,322,,221,25.95,0,0,125.93,341.81,0,1,5,276,40,100.94,0,0,0,0,,4,0,0,0,1,0.05,0,0,1,0.26,0,0,314,89.78,0,0,0,0,4919.5,10,Excess,,,2026-04-27,Yes,No,4919.5,1027.8,2026-04-27,323,0,4,0,366,unassigned,N,,,
2026-04-30,SL-COOLING-SHEET-KING-SAGE-GREEN,X004OCWPQD,B0F7LZCWQW,"SLEEPHORIA Cooling Sheets - BreezeWeave 4 PC King Size Cooling Bed Sheets for Hot Sleepers & Deep, Cool Rest - Cloud Soft, Silky Smooth, 16 in Deep Pocket, Ultra Durable (Sage Green)",New,50,0,54,0,0,0,0,0,USD,11,52,85,100,,77.99,0,77.99,0,GoToRestock,,0,0,0,0,1.61,0.342248,cubic feet,Standard,17.1124,US,gl_home,32563,63,0,3,6,77.99,853.89,3966.48,6448.15,7577,30,24,0,0,0,9.99,0,0,0,0,,1,1,,,,,,,,,,,,,,,,,73.8,32,Healthy,13,2026-05-06,2026-04-27,Yes,No,61.3,73.8,2026-04-27,50,0,0,1,65,unassigned,N,,,
2026-04-30,SS-BAMBOO-SAGE-GREEN-FULL-6PCS,X004D8Q1KJ,B0DDTZ34FW,"SLEEP SANCTUARY 100% Viscose Derived from Bamboo Sheets Full 6pcs – BamBliss Luxury Cooling Sheets for Hot Sleepers - Cloud Soft, 17"" Deep Pocket, Ultra Durable Bed Set (Sage Green)",New,24,0,0,0,25,0,0,0,USD,1,7,15,17,,59.99,0,59.99,0,Create Outlet deal,,32.49,2,0,1824.27,0.49,0.255223,cubic feet,Standard,6.125352,US,gl_home,47560,143,24,13,18,59.99,59.99,419.93,889.85,1014.83,0,0,0,25,0,9.72,0,0,0,0,,0,0,6,0.77,19,4.87,0,0,0,0,0,0,0,0,0,0,0,0,191.4,7,Excess,,,2026-04-27,Yes,No,147.3,191.4,2026-04-27,24,0,0,0,143,unassigned,N,,,
2026-04-30,SATIN-6PC-QUEEN-SAGE GREEN,X004BRRG3N,B0D9QWZJ4P,"DECOLURE Satin Bed Sheets - 6 Piece Luxury Silky Queen Size Bedding Set - Softer Than Silk, Wrinkle-Free with 15” Deep Pocket Fitted Sheet, Perfect for Hair & Skin, Gifts for Women (Sage Green)",New,53,0,7,1,48,0,0,0,USD,5,18,26,36,,31.95,0,31.95,0,Create Outlet deal,,28.66,2,0,74.53,0.48,0.365941,cubic feet,Standard,19.394873,US,gl_home,24922,172,33,11,19,31.95,159.75,571.05,826.65,1173.15,0,0,7,48,0,27.2,0,0,0,0,,1,0,0,0,48,17.57,0,0,0,0,0,0,0,0,0,0,0,0,211.1,23,Excess,,,2026-04-27,Yes,No,126.1,211.1,2026-04-27,53,0,1,0,176,unassigned,N,,,
2026-04-30,SL-CLG-COMF-BLUE/LIGHT-GREY-QUEEN,X004OCXXLJ,B0F7M6XS6X,"SLEEPHORIA Cooling Comforter - BreezeWeave Cooling Blanket Queen Size for Hot Sleepers & Deep Rest - Cloud Soft, Breathable, Ultra Durable, Easy Care, Reversible - 90 x 90 in (Blue & Light Grey)",,0,0,1,0,0,0,0,0,USD,0,3,65,102,,0,0,0,0,CreateShippingPlan,,,0,0,,2.38,0.705868,cubic feet,Standard,0,US,gl_home,285939,82,0,53,5,74.99,0,194.97,3914.35,6062.32,1,0,0,0,0,,40,0,40,0,,1,0,,,,,,,,,,,,,,,,,34.3,26,Out of stock,,,2026-04-27,Yes,No,13,34.3,2026-04-27,40,0,1,0,83,unassigned,N,,,
2026-04-30,BEACH-TOWEL-PT-WAVE-GRAY,X004HYOCP5,B0DQ92K585,"DECOLURE Turkish Beach Towel Oversized 39x73 Inch - 100% Turkish Cotton, Quick Dry and Sand Free Beach Towels for Travel - Lightweight, Absorbent & Soft Peshtemal Towel - (Gray Wave)",New,366,0,0,0,1,40,325,0,USD,1,1,1,1,Low traffic,22.95,0,22.95,0,Advertise listing,,0,0,0,13111.2,0,0.132308,cubic feet,Standard,48.424728,US,gl_home,2014318,366,366,1464,4758,22.95,22.95,22.95,22.95,22.95,0,0,0,1,40,365.04,0,0,0,0,,12,0,0,0,0,0,1,0.2,0,0,0,0,1,0.78,364,332.3,0,0,34109,4,Excess,,,2026-04-27,Yes,No,11369,34109,2026-04-27,366,0,12,0,366,unassigned,N,,,
2026-04-30,BAMBOO-KING-TAUPE,X002O5110X,B08KQJ61T7,"DECOLURE 100% Viscose Derived from Bamboo Sheets King Size - Luxury 4 Pc Naturally Cooling Sheets, Ultra Soft Bed Set - Deep 17"" Pockets, Durable Double Stitching, Oeko Tex Standard (Taupe)",New,0,0,22,0,0,0,0,0,USD,70,93,103,364,,84.99,79.99,79.99,0,CreateShippingPlan,,,0,0,,4.08,0.296763,cubic feet,Standard,0,US,gl_home,11515,37,0,12,10,79.99,5584.97,7424.74,8206.82,28598.67,22,0,0,0,0,,282,168,72,42,,110,0,,,,,,,,,,,,,,,,,21.3,148,Low stock,,,2026-04-27,No,Yes,21.3,15.8,2026-04-27,375,93,11,6,63,unassigned,N,,,
2026-04-30,SATIN-FITTED-QUEEN-PINK,X004CBP7AH,B0DBW47GVG,"DECOLURE Satin Fitted Sheet Queen Size (1 PC) – Luxuriously Smooth & Softer Than Silk Bed Sheets w/ 15 Inch Deep Pocket Hypoallergenic Wrinkle Free, Secure Snug Fit, Elastic Corner Straps (Pink)",New,239,0,2,120,119,0,0,0,USD,13,36,56,80,,17.95,0,17.46,0,NoRestockExcessActionRequired,,0,0,0,320.22,0.26,0.149994,cubic feet,Standard,35.848566,US,gl_home,14844,210,189,26,38,17.46,218.86,643.71,1016.71,1447.51,1,1,0,119,0,37.43,0,0,0,0,,16,0,144,10.85,17,2.55,0,0,0,0,0,0,0,0,0,0,0,0,374.4,74,Excess,,,2026-04-27,Yes,No,272.6,374.4,2026-04-27,239,0,15,1,229,unassigned,N,,,
2026-04-30,SATIN-6PC-FULL-NAVY BLUE,X004BS2KND,B0D9QRCV3S,"DECOLURE Satin Bed Sheets - 6 Piece Luxury Silky Full Size Bedding Set - Softer Than Silk, Wrinkle-Free with 15” Deep Pocket Fitted Sheet, Perfect for Hair & Skin, Gifts for Women (Navy Blue)",New,81,0,0,0,0,82,0,0,USD,1,4,13,19,,36.95,0,36.95,0,Create Outlet deal,,20.96,2,0,3790.99,0.2,0.307885,cubic feet,Standard,24.938685,US,gl_home,24922,366,78,81,55,36.95,36.95,105.88,375.43,537.13,0,0,0,82,0,154.16,0,0,0,0,,3,0,0,0,0,0,0,0,20,33.55,36,63.16,26,47.22,0,0,0,0,1314,9,Excess,,,2026-04-27,Yes,No,1314,526.6,2026-04-27,81,0,3,0,366,unassigned,N,,,
2026-04-30,SATIN-STRIPE-FULL-GOLD--6-PCS,X003UOCB47,B0C7KGFHT7,"DECOLURE Satin Bed Sheets - 6 Piece Luxury Silky Full Size Bedding Set - Softer Than Silk, Wrinkle-Free with 15” Deep Pocket Fitted Sheet, Perfect for Hair & Skin, Gifts for Women (Striped Gold)",New,95,0,1,24,42,35,0,0,USD,0,1,2,3,,29.95,0,29.95,0,Create Outlet deal,,17.97,2,0,6531.72,0.04,0.27386,cubic feet,Standard,26.0167,US,gl_home,24922,366,95,380,411,29.95,0,25.16,55.11,85.06,1,0,0,77,0,126.4,0,0,0,0,,7,0,0,0,0,0,0,0,42,62.71,35,54.65,0,0,0,0,0,0,3067,3,Excess,,,2026-04-27,Yes,No,3067,1873.2,2026-04-27,95,0,7,0,366,unassigned,N,,,
2026-04-30,BM-TWIN-NAVY-BLUE,X003VHOFIN,B0C9LVLJ6S,DECOLURE Cooling Bed Sheets Twin Set 3pcs - Luxurious & Ultra-Soft Twin Size Cooling Sheets for Hot Sleepers - Comfortable Cool Bamboo Viscose Microfiber Sheets Twin Size w/Deep Pockets (Navy),New,65,0,0,65,0,0,0,0,USD,1,3,6,7,Low conversion,40.95,0,40.95,0,Create Outlet deal,,23.76,2,0,2803.08,0.1,0.169239,cubic feet,Standard,11.000535,US,gl_home,99235,366,65,86,120,40.95,33.95,101.85,203.7,237.65,0,0,0,0,0,7.85,0,0,0,0,,4,0,,,,,,,,,,,,,,,,,1095,5,Excess,,,2026-04-27,Yes,No,1059.5,1095,2026-04-27,65,0,4,0,366,unassigned,N,,,
2026-04-30,SATIN-FITTED-TWIN-BABY-BLUE,X004CBT2FD,B0DBVZQZXV,"DECOLURE Satin Fitted Sheet Twin Size (1 PC) – Luxuriously Smooth & Softer Than Silk Bed Sheets w/ 15 Inch Deep Pocket Hypoallergenic Wrinkle Free, Secure Snug Fit, Elastic Corner Straps (Baby Blue)",New,155,0,2,107,46,0,0,0,USD,1,7,17,24,,23.95,0,15.36,0,Edit listing,,0,0,0,2268.33,0.14,0.122904,cubic feet,Standard,19.05012,US,gl_home,14844,366,147,88,83,15.36,15.36,117.06,286.56,405.21,0,2,0,46,0,18.84,0,0,0,0,,0,0,1,0.06,45,5.53,0,0,0,0,0,0,0,0,0,0,0,0,801,20,Excess,,,2026-04-27,Yes,No,801,629,2026-04-27,155,0,0,0,366,unassigned,N,,,
2026-04-30,SATIN-FULL-PURPLE,X002ITT823,B0839LP6TM,"DECOLURE Satin Bed Sheets - 4 Piece Luxury Silky Full Size Bedding Set - Softer Than Silk, Wrinkle-Free with 15” Deep Pocket Fitted Sheet, Perfect for Hair & Skin, Gifts for Women (Purple)",New,34,0,19,3,16,0,0,0,USD,5,28,48,71,,29.95,0,29.95,0,CreateShippingPlan,,0,0,0,0,1.15,0.176759,cubic feet,Standard,6.009806,US,gl_home,10574,53,0,6,8,28.45,149.75,817.6,1438.6,2127.45,18,0,1,16,0,6.5,12,0,6,6,,2,0,1,0.09,16,2.83,0,0,0,0,0,0,0,0,0,0,0,0,81.4,52,Low stock,54,2026-05-06,2026-04-27,Yes,No,44.7,81.4,2026-04-27,46,0,2,0,53,unassigned,N,,,
2026-04-30,SS-BAMBOO-BURGUNDY-CALIFKING-6PCS,X004D8PZPB,B0DDTXNVYK,"SLEEP SANCTUARY 100% Viscose Derived from Bamboo Sheets California King Size 6pcs – BamBliss Luxury Cooling Sheets for Hot Sleepers - Cloud Soft, 17"" Deep Pocket, Ultra Durable Bed Set (Burgundy)",New,1,0,0,1,0,0,0,0,USD,0,3,12,17,,69.99,0,69.99,0,GoToRestock,,0,0,0,0,1.66,0.302756,cubic feet,Standard,0.302756,US,gl_home,47560,6,0,1,0,69.99,0,209.97,839.88,1204.83,0,0,0,0,0,0.05,0,0,0,0,,0,0,,,,,,,,,,,,,,,,,52.1,9,Low stock,13,2026-05-02,2026-04-27,Yes,No,16.8,52.1,2026-04-27,1,0,0,0,6,unassigned,N,,,
2026-04-30,SATIN-FITTED-KING-WHITE,X004CBXJPR,B0DBVZ1Z2R,"DECOLURE Satin Fitted Sheet King Size (1 PC) – Luxuriously Smooth & Softer Than Silk Bed Sheets w/ 15 Inch Deep Pocket Hypoallergenic Wrinkle Free, Secure Snug Fit, Elastic Corner Straps (White)",,0,0,4,0,0,0,0,0,USD,1,69,150,225,,0,0,19.95,0,GoToRestock,,,0,0,,1.97,0.176888,cubic feet,Standard,0,US,gl_home,14844,0,0,0,0,19.95,19.95,1342.55,2954.5,4504.75,4,0,0,0,0,,0,0,0,0,,3,0,,,,,,,,,,,,,,,,,44.9,91,Out of stock,239,2026-05-06,2026-04-27,Yes,No,12.6,44.9,2026-04-27,0,0,0,3,1,unassigned,N,,,
2026-04-30,SS-BAMBOO-OLIVE-FULL-6PCS,X004D8Q5D7,B0DDTY6Y4Q,"SLEEP SANCTUARY 100% Viscose Derived from Bamboo Sheets Full 6pcs – BamBliss Luxury Cooling Sheets for Hot Sleepers - Cloud Soft, 17"" Deep Pocket, Ultra Durable Bed Set (Olive)",New,108,0,0,0,109,0,0,0,USD,2,3,4,11,,59.99,0,59.99,0,Create Outlet deal,,45.49,2,0,8539.51,0.1,0.299004,cubic feet,Standard,32.292432,US,gl_home,47560,366,108,144,127,59.99,119.98,179.97,239.96,639.89,0,0,0,109,0,51.7,0,0,0,0,,0,0,24,3.58,85,25.43,0,0,0,0,0,0,0,0,0,0,0,0,1117,4,Excess,,,2026-04-27,Yes,No,1117,936,2026-04-27,108,0,0,0,366,unassigned,N,,,
2026-04-30,BAMBOO-CALIFKING-CREME-6PCS,X00438F691,B0CQ31X78V,"DECOLURE 100% Viscose Derived from Bamboo Sheets California King Size - Luxury 6 Pc Naturally Cooling Sheets, Ultra Soft Bed Set - Deep 17"" Pockets, Double Stitching, Oeko Tex Standard (Creme)",New,1,0,4,0,0,0,0,0,USD,4,7,39,86,,110.99,0,110.99,0,CreateShippingPlan,,,0,0,,2.84,0.322483,cubic feet,Standard,0.322483,US,gl_home,14195,1,0,0,0,110.99,443.96,724.93,3489.61,7399.14,4,0,0,0,0,,0,0,0,0,,3,0,,,,,,,,,,,,,,,,,28.2,48,Low stock,85,2026-05-07,2026-04-27,Yes,No,19.3,28.2,2026-04-27,1,0,1,2,4,unassigned,N,,,
2026-04-30,SATIN-STRIPE-QUEEN-BLUE,X0030KQXT5,B09G6K8WYQ,"DECOLURE Satin Bed Sheets - 4 Piece Luxury Silky Queen Size Bedding Set - Softer Than Silk, Wrinkle-Free with 15” Deep Pocket Fitted Sheet, Perfect for Hair & Skin, Gifts for Women (Striped Blue)",New,75,0,25,40,25,0,0,0,USD,2,16,35,55,,49.95,0,49.95,0,NoRestockExcessActionRequired,,0,0,0,0,0.52,0.200248,cubic feet,Standard,15.0186,US,gl_home,10574,121,0,32,30,30.35,99.9,531.2,1131.93,1791.83,0,18,7,25,0,9.52,54,54,0,0,,12,0,27,2.7,0,0,0,0,0,0,0,0,0,0,0,0,0,0,178.3,36,Healthy,,,2026-04-27,Yes,No,171.2,178.3,2026-04-27,129,0,12,0,263,unassigned,N,,,
2026-04-30,SL-COOLING-FITTED-TWIN-CREAM,X004OCXZF3,B0F7M3LR2T,"SLEEPHORIA Cooling Fitted Sheet Twin Size - 1 PC BreezeWeave Cooling Sheets for Hot Sleepers & Cool Rest w/ 16 in Deep Pocket - Corner Straps, Cloud Soft, Ultra Durable - 37 x 72 in (Cream)",New,15,0,0,0,16,0,0,0,USD,0,7,8,8,,24.99,0,24.99,0,Create Outlet deal,,13.49,2,0,590.8,0.37,0.115405,cubic feet,Standard,1.731075,US,gl_home,33953,100,16,8,24,24.99,0,188.93,213.92,213.92,0,0,0,16,0,11.35,0,0,0,0,,1,0,0,0,0,0,0,0,16,10.06,0,0,0,0,0,0,0,0,253.6,,Excess,,,2026-04-27,Yes,No,84.7,253.6,2026-04-27,16,1,0,0,100,unassigned,N,,,
2026-04-30,SATIN-STRIPE-FULL-BLUE,X0030KKNZ5,B09G6M7WJ2,"DECOLURE Satin Bed Sheets - 4 Piece Luxury Silky Full Size Bedding Set - Softer Than Silk, Wrinkle-Free with 15” Deep Pocket Fitted Sheet, Perfect for Hair & Skin, Gifts for Women (Striped Blue)",New,12,0,0,0,0,13,0,0,USD,0,5,15,16,,29.95,0,29.95,0,NoRestockExcessActionRequired,,0,0,0,0,0.73,0.287799,cubic feet,Standard,3.453588,US,gl_home,10574,54,0,9,9,28.45,0,149.72,449.22,496.17,0,0,0,13,0,16.66,0,0,0,0,,1,0,0,0,0,0,0,0,0,0,13,21.32,0,0,0,0,0,0,156.1,10,Healthy,8,2026-05-07,2026-04-27,Yes,No,93,156.1,2026-04-27,12,0,0,1,55,unassigned,N,,,
2026-04-30,SL-CLG-PC-LIGHT-GREY-STANDARD-2PCS,X004OCQ02D,B0F7LLM71K,"SLEEPHORIA Cooling Pillow Cases - BreezeWeave Standard Size Set of 2 Pillowcases for Hot Sleepers & Cool, Deep Rest - Cloud Soft, Silky Smooth, Ultra Durable, Easy Care, Hidden Zipper (Light Grey)",New,137,0,7,0,1,144,0,0,USD,20,76,138,183,,16.99,0,16.99,0,NoExcessInventory,,0,0,0,0,0.73,0.073096,cubic feet,Standard,10.014152,US,gl_home,168211,55,0,7,9,16.99,339.8,1291.24,2323.62,3076.17,2,4,1,145,0,54.34,0,0,0,0,,9,0,0,0,0,0,0,0,97,38.65,48,20,0,0,0,0,0,0,135.8,58,Healthy,,,2026-04-27,No,No,80.6,135.8,2026-04-27,142,5,2,2,55,unassigned,N,,,
2026-04-30,SL-COOLING-FITTED-KING-MIDNIGHT-BLACK,X004ODA0CD,B0F7M3CF1Q,"SLEEPHORIA Cooling Fitted Sheet King Size - 1 PC BreezeWeave Cooling Sheets for Hot Sleepers & Cool Rest w/ 16 in Deep Pocket - Corner Straps, Cloud Soft, Ultra Durable - 73 x 77 in (Midnight Black)",,0,0,2,0,0,0,0,0,USD,1,51,112,140,,0,0,0,0,CreateShippingPlan,,,0,0,,1.81,0.157344,cubic feet,Standard,0,US,gl_home,33953,0,0,0,0,32.99,32.99,1782.49,3738.88,4438.6,2,0,0,0,0,,0,0,0,0,,1,0,,,,,,,,,,,,,,,,,51.5,57,Out of stock,110,2026-04-29,2026-04-27,Yes,No,13.2,51.5,2026-04-27,0,0,0,1,0,unassigned,N,,,
2026-04-30,SS-SATIN-STONE-GREY-FULL-4PCS,X004D7K72X,B0DDR97FTJ,"SLEEP SANCTUARY Satin Sheets Full Size – 4 Piece Luxury Silky Bed Set, Softer Than Silk, 15"" Deep Pocket, Cooling & Wrinkle-Free, Moisture-Wicking & Breathable for Hair & Skin (Stone Grey)",New,131,0,48,19,18,47,0,0,USD,3,12,30,49,,31.95,0,31.95,0,Create Outlet deal,,26.56,2,0,241.33,0.38,0.236447,cubic feet,Standard,30.974557,US,gl_home,14711,366,70,43,34,31.95,95.85,395.33,1024.43,1631.48,24,12,12,65,0,94.04,0,0,0,0,,1,0,30,3.54,0,0,0,0,0,0,47,63.36,0,0,0,0,0,0,368.3,26,Excess,,,2026-04-27,Yes,No,368.3,248.1,2026-04-27,131,0,0,1,366,unassigned,N,,,
2026-04-30,SS-SATIN-ROSEWOOD-KING-4PCS,X004D7HFX7,B0DDRM5YW5,"SLEEP SANCTUARY Satin Sheets King Size – 4 Piece Luxury Silky Bed Set, Softer Than Silk, 15"" Deep Pocket, Cooling & Wrinkle-Free, Moisture-Wicking & Breathable for Hair & Skin (Rosewood)",New,170,0,3,11,152,11,0,0,USD,7,35,59,68,,35.95,0,35.95,0,Create Outlet deal,,29.36,2,0,441.38,0.31,0.290265,cubic feet,Standard,49.34505,US,gl_home,14711,285,141,19,32,35.95,251.65,1258.04,2132.84,2456.39,3,0,0,163,0,77.29,0,0,0,0,,10,0,10,1.45,150,43.5,2,0.87,0,0,11,18.2,0,0,0,0,0,0,302.3,48,Excess,,,2026-04-27,Yes,No,175.1,302.3,2026-04-27,170,0,10,0,306,unassigned,N,,,
2026-04-30,LINEN-CURTAIN-52x108-IVORY-2-PCS,X004NSXE4Z,B0F63C8HL2,"DECOLURE Linen Blackout Curtains - SunShield 108 Inches Long Black Out Curtains for Living Room and Bedroom Windows - Luxury Faux Linen, 2 Panels Set, Ultra Durable - 108 Length x 52 in (Ivory)",New,31,0,2,0,29,0,0,0,USD,0,0,0,3,Low traffic,29.99,0,29.99,0,Create Outlet deal,,23.09,2,0,1667.23,0.1,0.199952,cubic feet,Standard,6.198512,US,gl_home,6744736,366,31,,134,29.99,0,0,0,95.97,0,2,0,29,0,23.34,0,0,0,0,,0,0,0,0,0,0,16,4.8,13,14.17,0,0,0,0,0,0,0,0,,3,Excess,,,,,,,922.7,2026-04-27,31,0,0,0,366,unassigned,N,,,
2026-04-30,LINEN-CURTAIN-52x108-LINEN-2-PCS,X004NSU8FD,B0F63B4FNY,"DECOLURE Linen Blackout Curtains - SunShield 108 Inches Long Black Out Curtains for Living Room and Bedroom Windows - Luxury Faux Linen, 2 Panels Set, Ultra Durable - 108 Length x 52 in (Linen)",New,22,0,4,0,18,0,0,0,USD,0,0,0,2,Low traffic,29.99,0,29.99,0,Create Outlet deal,,16.49,2,0,1252.08,0.09,0.199952,cubic feet,Standard,4.398944,US,gl_home,6107631,366,22,,143,29.99,0,0,0,65.98,0,0,4,18,0,10.1,0,0,0,0,,0,0,0,0,0,0,16,4.8,2,2.18,0,0,0,0,0,0,0,0,,3,Excess,,,,,,,965.5,2026-04-27,22,0,0,0,366,unassigned,N,,,
2026-04-30,SS-SATIN-GOLD-QUEEN-4PCS,X004D7HGH7,B0DDRHPKDV,"SLEEP SANCTUARY Satin Sheets Queen Size – 4 Piece Luxury Silky Bed Set, Softer Than Silk, 15"" Deep Pocket, Cooling & Wrinkle-Free, Moisture-Wicking & Breathable for Hair & Skin (Gold)",New,252,0,172,1,1,39,55,0,USD,6,78,165,171,,33.95,0,33.95,0,NoRestockExcessActionRequired,,19.47,19,0,1817.4,0.7,0.272205,cubic feet,Standard,68.59566,US,gl_home,14711,366,361,17,26,33.95,203.7,1730.9,3611.59,3815.29,171,0,1,36,4,282.72,96,0,60,36,,46,0,1,0.14,1,0.27,0,0,1,1.48,34,52.75,3,4.82,56,105.19,0,0,119,63,Excess,,,2026-04-27,Yes,No,70.3,119,2026-04-27,380,32,14,0,366,unassigned,N,,,
2026-04-30,SL-CLG-COMF-LIGHT-GREY/DARK-GREY-TWIN,X004OD845D,B0F7M4N52F,"SLEEPHORIA Cooling Comforter - BreezeWeave Cooling Blanket Twin Size for Hot Sleepers & Deep Rest - Cloud Soft, Breathable, Ultra Durable, Easy Care, Reversible - 68 x 90 in (Light Grey & Dark Grey)",New,32,0,7,0,5,35,0,0,USD,11,43,66,81,,54.99,0,54.99,0,NoExcessInventory,,0,0,0,0,0.84,0.599762,cubic feet,Standard,19.192384,US,gl_home,285939,40,0,8,14,54.99,604.89,2364.57,3629.34,4464.19,3,1,3,40,0,96.63,60,60,0,0,,14,0,0,0,0,0,5,4.5,35,114.4,0,0,0,0,0,0,0,0,113.5,39,Healthy,,,2026-04-27,Yes,No,52.8,113.5,2026-04-27,100,8,5,1,107,unassigned,N,,,
2026-04-30,SL-COOLING-SHEET-CAL-KING-GRAPHITE,X004OD4V7D,B0F7LY8QWF,"SLEEPHORIA Cooling Sheets - BreezeWeave 4 PC California King Size Cooling Bed Sheets for Hot Sleepers & Deep, Cool Rest - Cloud Soft, Silky Smooth, 16 in Deep Pocket, Ultra Durable (Graphite)",New,34,0,38,0,0,0,0,0,USD,6,30,62,78,,79.99,0,79.99,0,GoToRestock,,0,0,0,0,1.65,0.409446,cubic feet,Standard,13.921164,US,gl_home,32563,50,0,4,5,79.99,439.94,2119.7,4359.38,5490.22,21,17,0,0,0,7.88,0,0,0,0,,4,0,,,,,,,,,,,,,,,,,64.5,23,Healthy,8,2026-05-06,2026-04-27,Yes,No,45.7,64.5,2026-04-27,36,2,0,2,53,unassigned,N,,,
2026-04-30,BAMBOO-FULL-WHITE-6PCS,X00438YSYP,B0CQ31Q559,"DECOLURE 100% Viscose Derived from Bamboo Sheets Full Size - Luxury 6 Pc Naturally Cooling Sheets, Ultra Soft Bed Set - Deep 17"" Pockets, Durable Double Stitching, Oeko Tex Standard (White)",New,149,0,155,0,0,0,0,0,USD,12,88,150,237,,74.99,0,74.99,0,CreateShippingPlan,,0,0,0,0,0.99,0.291006,cubic feet,Standard,43.359894,US,gl_home,14195,62,0,6,8,74.99,889.88,6088.12,10585.5,16459.13,5,15,135,0,0,24.73,0,0,0,0,,3,0,,,,,,,,,,,,,,,,,94.3,81,Healthy,,,2026-04-27,No,No,62.4,94.3,2026-04-27,150,1,2,0,63,unassigned,N,,,
2026-04-30,BM-FULL-BEIGE,X0045AO823,B0CWJBHX1G,DECOLURE Cooling Sheets Full Set 4pcs - Luxurious & Ultra-Soft Full Size Cooling Sheets for Hot Sleepers - Comfortable Bamboo Viscose Microfiber Full Cooling Bed Sheets w/Deep Pockets (Beige),New,38,0,0,38,0,0,0,0,USD,0,4,9,13,Low conversion,47.95,0,47.95,0,Create Outlet deal,,22.47,2,0,2456.92,0.29,0.207816,cubic feet,Standard,7.897008,US,gl_home,99235,366,38,38,38,47.95,0,146.85,333.64,458.08,0,0,0,0,0,5.64,0,0,0,0,,0,0,,,,,,,,,,,,,,,,,295.5,3,Excess,,,2026-04-27,Yes,No,295.5,286.1,2026-04-27,38,0,0,0,366,unassigned,N,,,
2026-04-30,SL-COOLING-FITTED-CAL-KING-COOL-GREY,X004OD054L,B0F7M7SVHM,"SLEEPHORIA Cooling Fitted Sheet Calfornia King Size - 1 PC BreezeWeave Cooling Sheets for Hot Sleepers & Cool Rest w/ 16 in Deep Pocket - Corner Straps, Cloud Soft - 69 x 81 in (Cool Grey)",New,124,0,2,0,120,3,0,0,USD,1,5,10,10,,33.99,0,33.99,0,Create Outlet deal,,17.99,2,0,4796.19,0.07,0.161244,cubic feet,Standard,19.994256,US,gl_home,33953,366,121,99,161,33.99,33.99,177.95,351.9,351.9,2,0,0,123,0,112.2,0,0,0,0,,0,0,0,0,0,0,12,2.9,111,97.59,0,0,0,0,0,0,0,0,1296.2,,Excess,,,2026-04-27,Yes,No,628.8,1296.2,2026-04-27,124,0,0,0,366,unassigned,N,,,
2026-04-30,BAMBOO-TWIN-LIGHTGREY,X002O4Z4GV,B08KQK8Z1J,"DECOLURE 100% Viscose Derived from Bamboo Sheets Twin Size - Luxury 3 Pc Naturally Cooling Sheets, Ultra Soft Bed Set - Deep 17"" Pockets, Durable Double Stitching, Oeko Tex Standard (Light Grey)",New,126,0,2,60,43,39,0,0,USD,1,2,18,28,Low conversion,81.99,0,81.99,0,NoRestockExcessActionRequired,,0,0,0,753.73,0.17,0.182284,cubic feet,Standard,22.967784,US,gl_home,11515,366,91,252,58,81.99,46.81,93.22,907.04,1455.94,0,1,1,82,0,45.8,0,0,0,0,,21,0,0,0,26,4.74,16,4.36,7,6.96,33,34.3,0,0,0,0,0,0,4459,19,Excess,,,2026-04-27,Yes,No,4459,445.3,2026-04-27,126,0,21,0,366,unassigned,N,,,
2026-04-30,SATIN-STRIPE-KING-GOLD--6-PCS,X003UO3A15,B0C7KBFK2P,"DECOLURE Satin Bed Sheets - 6 Piece Luxury Silky King Size Bedding Set - Softer Than Silk, Wrinkle-Free with 15” Deep Pocket Fitted Sheet, Perfect for Hair & Skin, Gifts for Women (Striped Gold)",New,65,0,0,42,2,0,25,0,USD,9,28,37,50,,33.95,0,33.95,0,Create Outlet deal,,30.06,2,0,22.53,0.48,0.243655,cubic feet,Standard,15.837575,US,gl_home,24922,199,34,9,16,33.95,304.55,852.02,1155.57,1597.97,0,0,0,2,0,36.79,0,0,0,0,,3,0,0,0,0,0,1,0.37,1,1.33,0,0,0,0,25,42.02,0,0,202,20,Excess,,,2026-04-27,Yes,No,107,202,2026-04-27,65,0,3,0,210,unassigned,N,,,
2026-04-30,SATIN-ROSEWOOD-QUEEN,X003EKH1AV,B0BG21THPM,"DECOLURE Satin Bed Sheets - 4 Piece Luxury Silky Queen Size Bedding Set - Softer Than Silk, Wrinkle-Free with 15” Deep Pocket Fitted Sheet, Perfect for Hair & Skin, Gifts for Women (Rosewood)",New,256,0,281,0,0,0,0,0,USD,14,99,180,310,,31.95,0,31.95,0,NoRestockExcessActionRequired,,0,0,0,0,0.89,0.207092,cubic feet,Standard,53.015552,US,gl_home,10574,98,0,10,10,31.95,447.3,3086.62,5776.57,9830.87,16,21,244,0,0,32.96,0,0,0,0,,20,0,,,,,,,,,,,,,,,,,112.8,94,Healthy,,,2026-04-27,Yes,No,103.7,112.8,2026-04-27,274,18,1,1,99,unassigned,N,,,
2026-04-30,SATIN-FITTED-KING-STONE-GREY,X004CBXM9P,B0DBVYF4DM,"DECOLURE Satin Fitted Sheet King Size (1 PC) – Luxuriously Smooth & Softer Than Silk Bed Sheets w/ 15 Inch Deep Pocket Hypoallergenic Wrinkle Free, Secure Snug Fit, Elastic Corner Straps (Stone Grey)",New,233,0,165,82,17,0,0,0,USD,16,92,157,203,,19.95,0,19.95,0,NoRestockExcessActionRequired,,0,0,0,0,0.71,0.196672,cubic feet,Standard,45.824576,US,gl_home,14844,103,0,11,16,19.95,307.2,1787.4,3084.15,4025.85,63,100,2,17,0,42.98,20,0,20,0,,49,0,37,3.64,0,0,0,0,0,0,0,0,0,0,0,0,0,0,127.3,125,Healthy,,,2026-04-27,Yes,No,94.8,127.3,2026-04-27,294,41,5,3,106,unassigned,N,,,
2026-04-30,BAMBOO-FULL-SAGE GREEN-6PCS,X00438ULSH,B0CQ322XC6,"DECOLURE 100% Viscose Derived from Bamboo Sheets Full Size - Luxury 6 Pc Naturally Cooling Sheets, Ultra Soft Bed Set - Deep 17"" Pockets, Durable Double Stitching, Oeko Tex Standard (Sage Green)",New,134,0,13,133,0,0,0,0,USD,1,18,33,57,,74.99,0,74.99,0,NoRestockExcessActionRequired,,0,0,0,1.9,0.34,0.242639,cubic feet,Standard,32.513626,US,gl_home,14195,366,0,33,34,74.99,74.99,1172.82,2297.26,3892.52,12,1,0,0,0,23.04,18,0,12,6,,19,0,,,,,,,,,,,,,,,,,238.8,36,Healthy,,,2026-04-27,Yes,No,225.3,238.8,2026-04-27,158,6,13,0,366,unassigned,N,,,
2026-04-30,SL-COOLING-FITTED-QUEEN-CREAM,X004OD8B01,B0F7M55274,"SLEEPHORIA Cooling Fitted Sheet Queen Size - 1 PC BreezeWeave Cooling Sheets for Hot Sleepers & Cool Rest w/ 16 in Deep Pocket - Corner Straps, Cloud Soft, Ultra Durable - 57 x 77 in (Cream)",New,70,0,0,0,73,0,0,0,USD,4,20,44,45,,29.99,0,29.99,0,Create Outlet deal,,15.99,2,0,459.96,0.46,0.153739,cubic feet,Standard,10.76173,US,gl_home,33953,181,48,14,20,29.99,119.96,631.8,1365.56,1388.55,0,0,0,73,0,62.22,0,0,0,0,,3,0,0,0,0,0,0,0,73,61.18,0,0,0,0,0,0,0,0,210.1,25,Excess,,,2026-04-27,Yes,No,94.6,210.1,2026-04-27,70,0,2,1,192,unassigned,N,,,
2026-04-30,SATIN-FULL-BLACK,X002J0N82H,B0839LCXBP,"DECOLURE Satin Bed Sheets - 4 Piece Luxury Silky Full Size Bedding Set - Softer Than Silk, Wrinkle-Free with 15” Deep Pocket Fitted Sheet, Perfect for Hair & Skin, Gifts for Women (Black)",New,599,0,646,0,0,0,0,0,USD,37,236,459,656,,29.95,0,29.95,24.18,NoRestockExcessActionRequired,,0,0,0,0,1.11,0.191641,cubic feet,Standard,114.792959,US,gl_home,10574,120,0,14,16,29.95,1108.15,6908.51,13612.21,19378.63,394,216,36,0,0,69.56,240,0,150,90,,87,0,,,,,,,,,,,,,,,,,82.6,339,Healthy,,,2026-04-27,No,No,75.7,82.6,2026-04-27,884,45,41,1,127,unassigned,N,,,
2026-04-30,SS-BAMBOO-LIGHT-PINK-TWIN-4PCS,X004D8I3A5,B0DDTZD7T1,"SLEEP SANCTUARY 100% Viscose Derived from Bamboo Sheets Twin Size 4pcs – BamBliss Luxury Cooling Sheets for Hot Sleepers - Cloud Soft, 17"" Deep Pocket, Ultra Durable Bed Set (Light Pink)",New,23,0,1,4,18,0,0,0,USD,2,4,6,6,,54.99,0,54.99,0,Create Outlet deal,,29.99,2,0,1337.24,0.23,0.202365,cubic feet,Standard,4.654395,US,gl_home,47560,366,23,23,49,54.99,109.98,229.96,339.94,339.94,0,1,0,18,0,6.76,0,0,0,0,,0,0,10,1.01,12,2.43,0,0,0,0,0,0,0,0,0,0,0,0,485,3,Excess,,,2026-04-27,Yes,No,258,485,2026-04-27,23,0,0,0,366,unassigned,N,,,
2026-04-30,SL-COOLING-SHEET-CAL-KING-LIGHT-PINK,X004OD0TQ5,B0F7LZLX1T,"SLEEPHORIA Cooling Sheets - BreezeWeave 4 PC California King Size Cooling Bed Sheets for Hot Sleepers & Deep, Cool Rest - Cloud Soft, Silky Smooth, 16 in Deep Pocket, Ultra Durable (Light Pink)",New,6,0,0,6,0,0,0,0,USD,2,11,21,29,,79.99,0,79.99,0,Create Outlet deal,,54.59,2,0,390.76,1.27,0.324543,cubic feet,Standard,1.947258,US,gl_home,32563,55,0,2,2,79.99,149.98,779.89,1479.79,2047.71,0,0,0,0,0,1.32,0,0,0,0,,0,0,,,,,,,,,,,,,,,,,75,9,Low stock,8,2026-05-05,2026-04-27,Yes,No,33.4,75,2026-04-27,6,0,0,0,55,unassigned,N,,,
2026-04-30,SATIN-QUEEN-PINK,X002J0JDR1,B0839LQG4C,"DECOLURE Satin Bed Sheets - 4 Piece Luxury Silky Queen Size Bedding Set - Softer Than Silk, Wrinkle-Free with 15” Deep Pocket Fitted Sheet, Perfect for Hair & Skin, Gifts for Women (Pink)",New,532,0,565,0,0,0,0,0,USD,20,95,191,291,,31.95,0,31.95,0,NoRestockExcessActionRequired,,0,0,0,0,0.71,0.220942,cubic feet,Standard,117.541144,US,gl_home,10574,217,0,28,30,31.95,643.28,3035.03,6100.63,9318.05,316,90,159,0,0,81.01,150,0,102,48,,83,0,,,,,,,,,,,,,,,,,132.1,213,Healthy,,,2026-04-27,Yes,No,132.1,125.5,2026-04-27,725,43,40,0,224,unassigned,N,,,
2026-04-30,SS-SATIN-SAGE-GREEN-KING-4PCS,X004D7EWCT,B0DDRFDBSP,"SLEEP SANCTUARY Satin Sheets King Size – 4 Piece Luxury Silky Bed Set, Softer Than Silk, 15"" Deep Pocket, Cooling & Wrinkle-Free, Moisture-Wicking & Breathable for Hair & Skin (Sage Green)",New,154,0,0,0,100,62,0,0,USD,3,20,36,47,,35.95,0,35.95,0,Create Outlet deal,,28.66,2,0,1663.02,0.24,0.369673,cubic feet,Standard,56.929642,US,gl_home,14711,366,143,30,42,35.95,107.85,718.91,1294.11,1689.56,0,0,0,162,0,177.12,0,0,0,0,,12,0,1,0.18,98,36.26,1,0.55,0,0,62,130.65,0,0,0,0,0,0,380.5,32,Excess,,,2026-04-27,Yes,No,266.7,380.5,2026-04-27,154,0,12,0,366,unassigned,N,,,
2026-04-30,SL-QUILT-SET-QUEEN-WHITE,X004R3HFQ9,B0FGZLXXSJ,"SLEEPHORIA Queen Quilt Bedding Set - Cloud Soft All-Season Bedspread 3 PC w/Shams, Bed Quilt Queen Size Coverlet - Oversized, Light Weight, Ultra Durable, Easy Care - 90 x 96 in (White)",New,406,0,0,1,404,0,0,0,USD,0,1,2,3,Low traffic,36.99,0,36.99,0,Create Outlet deal,,23.19,2,0,78430.91,0.01,0.774586,cubic feet,Oversize,314.481916,US,gl_home,3195577,366,406,1624,1759,26.99,0,28.99,55.98,82.97,0,0,0,404,0,474.09,0,0,0,0,,0,0,0,0,404,312.96,0,0,0,0,0,0,0,0,0,0,0,0,12247.3,3,Excess,,,2026-04-27,Yes,No,12199,12247.3,2026-04-27,406,0,0,0,366,unassigned,N,,,
2026-04-30,SL-COOLING-SHEET-FULL-BEIGE,X004OCWPHR,B0F7LYBQYF,"SLEEPHORIA Cooling Sheets - BreezeWeave 4 PC Full Size Cooling Bed Sheets for Hot Sleepers & Deep, Cool Rest - Cloud Soft, Silky Smooth, 16 in Deep Pocket, Ultra Durable (Beige)",New,35,0,39,0,0,0,0,0,USD,4,26,40,44,,54.99,0,54.99,0,NoExcessInventory,,0,0,0,0,1.19,0.280005,cubic feet,Standard,9.800175,US,gl_home,32563,86,0,5,10,54.99,219.96,1429.74,2199.6,2433.56,12,27,0,0,0,6.25,0,0,0,0,,1,0,,,,,,,,,,,,,,,,,93.2,19,Healthy,,,2026-04-27,Yes,No,53.4,93.2,2026-04-27,35,0,1,0,89,unassigned,N,,,
2026-04-30,SILK-PILLOWCASE-QUEEN-WHITE-1PCS,X004C9YVOH,B0DBRBSH2R,"DECOLURE 100% Pure Mulberry Silk Pillow Case Queen Size – Highest Grade 30 Momme 6A+, Luxuriously Soft & Cooling Silk Pillowcase for Hair & Skin, Hypoallergenic, Breathable, Hidden Zipper (White)",New,198,0,8,195,0,0,0,0,USD,5,18,54,76,,49.95,0,49.95,0,NoExcessInventory,,0,0,0,0,0.3,0.029581,cubic feet,Standard,5.857038,US,gl_home,181216,310,0,44,33,49.95,193.75,875.46,2590.86,3620.44,1,0,7,0,0,4.03,0,0,0,0,,13,0,,,,,,,,,,,,,,,,,335.1,47,Healthy,,,2026-04-27,Yes,No,335.1,280.5,2026-04-27,199,1,9,3,330,unassigned,N,,,
2026-04-30,SS-BAMBOO-LIGHT-OLIVE-FULL-6PCS,X004D8TO67,B0DDTZ2Z31,"SLEEP SANCTUARY 100% Viscose Derived from Bamboo Sheets Full 6pcs – BamBliss Luxury Cooling Sheets for Hot Sleepers - Cloud Soft, 17"" Deep Pocket, Ultra Durable Bed Set (Light Olive)",New,25,0,0,0,25,0,0,0,USD,0,2,2,3,,59.99,0,59.99,0,Create Outlet deal,,32.49,2,0,2095.6,0.11,0.255223,cubic feet,Standard,6.380575,US,gl_home,47560,366,25,50,108,59.99,0,119.98,119.98,184.97,0,0,0,25,0,10.16,0,0,0,0,,0,0,6,0.77,19,4.86,0,0,0,0,0,0,0,0,0,0,0,0,804.7,3,Excess,,,2026-04-27,Yes,No,389,804.7,2026-04-27,25,0,0,0,366,unassigned,N,,,
2026-04-30,SS-SATIN-NAVY-BLUE-KING-4PCS,X004D7K6MJ,B0DDR5K4JT,"SLEEP SANCTUARY Satin Sheets King Size – 4 Piece Luxury Silky Bed Set, Softer Than Silk, 15"" Deep Pocket, Cooling & Wrinkle-Free, Moisture-Wicking & Breathable for Hair & Skin (Navy Blue)",New,191,0,55,61,76,0,0,0,USD,8,40,81,107,,35.95,0,35.95,0,NoExcessInventory,,0,0,0,28.67,0.5,0.265353,cubic feet,Standard,50.682423,US,gl_home,14711,215,0,30,37,35.95,287.6,1409.36,2876.31,3918.01,55,0,0,76,0,57.65,114,114,0,0,,2,0,124,16.46,0,0,0,0,0,0,0,0,0,0,0,0,0,0,187.1,68,Healthy,,,2026-04-27,Yes,No,141.7,187.1,2026-04-27,306,1,1,0,366,unassigned,N,,,
2026-04-30,SATIN-STRIPE-TWIN-GOLD,X0030KQXRH,B09G6K2WSF,"DECOLURE Satin Bed Sheets - 3 Piece Luxury Silky Twin Size Bedding Set - Softer Than Silk, Wrinkle-Free with 15” Deep Pocket Fitted Sheet, Perfect for Hair & Skin, Gifts for Women (Striped Gold)",New,59,0,0,0,1,0,0,58,USD,0,0,2,4,Low conversion,27.95,0,27.95,0,Lower price,,0,0,0,2694.29,0.08,0.16841,cubic feet,Standard,9.93619,US,gl_home,10574,366,59,,191,26.55,0,0,44.98,110.88,0,0,0,1,0,84.28,0,0,0,0,,1,0,0,0,0,0,1,0.25,0,0,0,0,0,0,0,0,58,77.14,,3,Excess,,,,,,,1844,2026-04-27,59,0,1,0,366,unassigned,N,,,
2026-04-30,BAMBOO-KING-LIGHTOLIVE-6PCS,X00438N8PZ,B0CQ2YVZ18,"DECOLURE 100% Viscose Derived from Bamboo Sheets King Size - Luxury 6 Pc Naturally Cooling Sheets, Ultra Soft Bed Set - Deep 17"" Pockets, Durable Double Stitching, Oeko Tex Standard (Light Olive)",New,59,0,6,63,0,0,0,0,USD,8,58,105,169,,89.99,0,89.99,0,NoRestockExcessActionRequired,,0,0,0,0,1.11,0.363297,cubic feet,Standard,21.434523,US,gl_home,14195,112,0,23,26,89.99,705.92,4602.42,8577.95,13524.31,2,3,1,0,0,11.83,284,204,80,0,,9,0,,,,,,,,,,,,,,,,,82.7,95,Low stock,,,2026-04-27,Yes,No,50.4,82.7,2026-04-27,350,7,1,1,329,unassigned,N,,,
2026-04-30,SATIN-4PCS-FULL-STRIPE-PINK,X004C9SYWH,B0DBQZWWHB,"DECOLURE Satin Bed Sheets - 4 Piece Luxury Silky Full Size Bedding Set - Softer Than Silk, Wrinkle-Free with 15” Deep Pocket Fitted Sheet, Perfect for Hair & Skin, Gifts for Women (Striped Pink)",New,27,0,0,6,2,20,0,0,USD,0,3,7,14,,29.95,0,29.95,0,NoRestockExcessActionRequired,,0,0,0,0,0.41,0.27149,cubic feet,Standard,7.33023,US,gl_home,10574,78,0,36,25,29.95,0,89.82,219.62,415.8,0,0,0,22,0,31.94,0,0,0,0,,0,0,2,0.27,0,0,0,0,0,0,20,30.96,0,0,0,0,0,0,218.7,14,Healthy,,,2026-04-27,Yes,No,177.4,218.7,2026-04-27,27,0,0,0,78,unassigned,N,,,
2026-04-30,LINEN-CURTAIN-52x120-LIGHT-GREY-2-PCS,X004NSWYSH,B0F639STF9,"DECOLURE Linen Blackout Curtains - SunShield 120 Inches Long Black Out Curtains for Living Room and Bedroom Windows - Luxury Faux Linen, 2 Panels Set, Ultra Durable - 120 Length x 52 in (Light Grey)",New,46,0,0,0,46,0,0,0,USD,0,0,0,0,Low traffic,34.99,0,34.99,0,Create removal order,,0,0,0,2913.05,0,0.199952,cubic feet,Standard,9.197792,US,gl_home,8148702,366,46,,,34.99,0,0,0,0,0,0,0,46,0,37.65,0,0,0,0,,1,0,0,0,0,0,24,7.2,22,23.98,0,0,0,0,0,0,0,0,,2,Excess,,,,,,,,2026-04-27,46,0,1,0,366,unassigned,N,,,
2026-04-30,SL-COOLING-FITTED-KING-LIGHT-GREY,X004OD05P5,B0F7M6BF7C,"SLEEPHORIA Cooling Fitted Sheet King Size - 1 PC BreezeWeave Cooling Sheets for Hot Sleepers & Cool Rest w/ 16 in Deep Pocket - Corner Straps, Cloud Soft, Ultra Durable - 73 x 77 in (Light Grey)",,0,0,1,0,0,0,0,0,USD,4,72,134,134,,0,0,0,0,CreateShippingPlan,,,0,0,,1.57,0.166833,cubic feet,Standard,0,US,gl_home,33953,0,0,0,0,32.99,131.96,2511.28,4594.66,4594.66,1,0,0,0,0,,0,0,0,0,,0,0,,,,,,,,,,,,,,,,,63.9,,,151,2026-04-29,2026-04-27,Yes,No,11.7,63.9,2026-04-27,0,0,0,0,0,unassigned,N,,,
2026-04-30,SATIN-FITTED-TWIN-SEA-TEAL,X004CBTTLP,B0DBW1M1HX,"DECOLURE Satin Fitted Sheet Twin Size (1 PC) – Luxuriously Smooth & Softer Than Silk Bed Sheets w/ 15 Inch Deep Pocket Hypoallergenic Wrinkle Free, Secure Snug Fit, Elastic Corner Straps (Sea Teal)",New,21,0,0,0,0,23,0,0,USD,1,8,13,17,,16.95,0,16.95,0,NoRestockExcessActionRequired,,0,0,0,0.83,0.49,0.112377,cubic feet,Standard,2.359917,US,gl_home,14844,56,0,10,16,16.95,16.95,159.6,244.35,312.15,0,0,0,23,0,15.15,0,0,0,0,,2,0,0,0,0,0,0,0,0,0,1,0.64,22,14.58,0,0,0,0,159,20,Healthy,14,2026-05-06,2026-04-27,Yes,No,83,159,2026-04-27,22,1,1,0,56,unassigned,N,,,
2026-04-30,SL-COOLING-SHEET-TWIN-CREAM,X004OCYGX3,B0F7M1ZY15,"SLEEPHORIA Cooling Sheets - BreezeWeave 3 PC Twin Size Cooling Bed Sheets for Hot Sleepers & Deep, Cool Rest - Cloud Soft, Silky Smooth, 16 in Deep Pocket, Ultra Durable (Cream)",New,50,0,50,0,0,0,0,0,USD,0,2,4,4,,49.99,0,49.99,0,Create Outlet deal,,38.49,2,0,2560.3,0.17,0.213861,cubic feet,Standard,10.69305,US,gl_home,32563,366,0,100,162,49.99,0,104.98,204.96,204.96,6,44,0,0,0,7.64,0,0,0,0,,0,0,,,,,,,,,,,,,,,,,754,5,Healthy,,,2026-04-27,Yes,No,754,617,2026-04-27,50,0,0,0,366,unassigned,N,,,
2026-04-30,LINEN-CURTAIN-52x84-NATURAL-2-PCS,X004NSWXX3,B0F639CWS1,"DECOLURE Linen Blackout Curtains - SunShield 84 Inches Long Black Out Curtains for Living Room and Bedroom Windows - Luxury Faux Linen, 2 Panels Set, Ultra Durable - 84 Length x 52 in (Natural)",New,127,0,3,3,121,0,0,0,USD,0,0,0,0,Low traffic,29.99,0,29.99,0,Advertise listing,,0,0,0,8239.95,0,0.231283,cubic feet,Standard,29.372941,US,gl_home,4235398,366,127,,,29.99,0,0,0,0,0,0,3,121,0,145.72,0,0,0,0,,1,0,0,0,0,0,30,10.41,91,114.66,0,0,0,0,0,0,0,0,,3,Excess,,,,,,,,2026-04-27,127,0,1,0,366,unassigned,N,,,
2026-04-30,BAMBOO-FULL-BURGUNDY-NEW,X0043AK2Q1,B0CRHYS5KT,"DECOLURE 100% Viscose Derived from Bamboo Sheets Full Size - Luxury 4 Pc Naturally Cooling Sheets, Ultra Soft Bed Set - Deep 17"" Pockets, Durable Double Stitching, Oeko Tex Standard (Burgundy)",New,5,0,7,0,0,0,0,0,USD,5,8,21,34,,69.99,0,64.98,0,CreateShippingPlan,,0,0,0,0,2.19,0.235332,cubic feet,Standard,1.17666,US,gl_home,11515,58,0,5,4,64.98,331.68,595.65,1483.27,2322.94,7,0,0,0,0,2.21,6,0,6,0,,15,0,,,,,,,,,,,,,,,,,35.1,25,Low stock,21,2026-05-07,2026-04-27,Yes,No,18.3,35.1,2026-04-27,23,12,2,1,68,unassigned,N,,,
2026-04-30,SATIN-3PC-TWIN-DARK GREEN,X0042X0DTP,B0CQRY5N4Q,"DECOLURE Satin Bed Sheets - 3 Piece Luxury Silky Twin Size Bedding Set - Softer Than Silk, Wrinkle-Free with 15” Deep Pocket Fitted Sheet, Perfect for Hair & Skin, Gifts for Women (Dark Green)",New,83,0,1,0,67,16,0,0,USD,0,3,9,18,,27.95,0,27.95,0,Edit listing,,26.42,35,0,396.29,0.2,0.187394,cubic feet,Standard,15.553702,US,gl_home,10574,366,58,110,59,26.55,0,83.83,258.53,504.48,0,1,0,83,0,37.09,0,0,0,0,,1,0,0,0,66,12.37,1,0.28,0,0,13,13.88,3,3.32,0,0,0,0,639.8,20,Excess,,,2026-04-27,Yes,No,639.8,428.8,2026-04-27,83,0,0,1,366,unassigned,N,,,
2026-04-30,SATIN-FITTED-TWIN-LAVENDER,X004CBH9ZX,B0DBVZ9JMT,"DECOLURE Satin Fitted Sheet Twin Size (1 PC) – Luxuriously Smooth & Softer Than Silk Bed Sheets w/ 15 Inch Deep Pocket Hypoallergenic Wrinkle Free, Secure Snug Fit, Elastic Corner Straps (Lavender)",New,69,0,0,40,30,0,0,0,USD,0,7,17,21,,23.95,0,23.95,0,NoRestockExcessActionRequired,,0,0,0,462.65,0.25,0.113577,cubic feet,Standard,7.836813,US,gl_home,14844,219,48,50,55,15.36,0,116.92,286.42,354.22,0,0,0,30,0,8.13,20,20,0,0,,1,0,50,2.84,0,0,0,0,0,0,0,0,0,0,0,0,0,0,273.4,22,Excess,,,2026-04-27,Yes,No,223.8,273.4,2026-04-27,89,0,1,0,321,unassigned,N,,,
2026-04-30,SATIN-STRIPE-TWIN-PINK--6-PCS,X003UOAMCP,B0C7KB2CR6,"DECOLURE Satin Bed Sheets - 4 Piece Luxury Silky Twin Size Bedding Set - Softer Than Silk, Wrinkle-Free with 15” Deep Pocket Fitted Sheet, Perfect for Hair & Skin, Gifts for Women (Striped Pink)",New,10,0,0,1,9,0,0,0,USD,0,4,6,6,,27.95,0,27.95,0,Create Outlet deal,,19.55,2,0,320.04,0.42,0.102665,cubic feet,Standard,1.02665,US,gl_home,24922,117,10,22,47,27.95,0,111.77,174.67,174.67,0,0,0,9,0,5.75,12,12,0,0,,0,0,0,0,0,0,0,0,9,5.04,0,0,0,0,0,0,0,0,217.8,3,Excess,,,2026-04-27,Yes,No,70,217.8,2026-04-27,22,0,0,0,312,unassigned,N,,,
2026-04-30,SATIN-KING-BLUSH PINK,X0041PJH5P,B0CNS9KLZR,"DECOLURE Satin Bed Sheets - 4 Piece Luxury Silky King Size Bedding Set - Softer Than Silk, Wrinkle-Free with 15” Deep Pocket Fitted Sheet, Perfect for Hair & Skin, Gifts for Women (Blush Pink)",New,54,0,71,0,0,0,0,0,USD,10,51,103,168,,33.95,0,33.95,0,CreateShippingPlan,,0,0,0,0,1.44,0.28149,cubic feet,Standard,15.20046,US,gl_home,10574,46,0,4,4,33.95,339.5,1583.84,3386.94,5446.08,1,55,15,0,0,5.46,0,0,0,0,,20,0,,,,,,,,,,,,,,,,,67,40,Healthy,,,2026-04-27,Yes,No,54.9,67,2026-04-27,54,0,19,1,54,unassigned,N,,,
2026-04-30,LINEN-CURTAIN-52x120-LINEN-2-PCS,X004NSHEYL,B0F639N2R5,"DECOLURE Linen Blackout Curtains - SunShield 120 Inches Long Black Out Curtains for Living Room and Bedroom Windows - Luxury Faux Linen, 2 Panels Set, Ultra Durable - 120 Length x 52 in (Linen)",New,38,0,1,0,39,6,0,0,USD,0,0,0,0,Low traffic,34.99,0,34.99,0,Create removal order,,0,0,0,2433.99,0,0.199952,cubic feet,Standard,7.598176,US,gl_home,,366,38,,,34.99,0,0,0,0,0,0,1,45,0,39.33,0,0,0,0,,9,0,0,0,0,0,8,2.4,37,40.33,0,0,0,0,0,0,0,0,,1,Excess,,,,,,,,2026-04-27,38,0,9,0,366,unassigned,N,,,
2026-04-30,SL-CLG-PC-BLUE-KING-2PCS,X004OCMDGF,B0F7LLMXSR,"SLEEPHORIA Cooling Pillow Cases - BreezeWeave King Size Set of 2 Pillowcases for Hot Sleepers & Cool, Deep Rest - Cloud Soft, Silky Smooth, Ultra Durable, Easy Care, Hidden Zipper (Blue)",New,53,0,1,53,0,0,0,0,USD,4,27,59,79,,28.99,0,28.99,0,NoExcessInventory,,0,0,0,0,0.81,0.064555,cubic feet,Standard,3.421415,US,gl_home,168211,60,0,32,36,28.99,86.96,530.73,1134.41,1518.21,0,1,0,0,0,2.24,168,168,0,0,,2,1,,,,,,,,,,,,,,,,,112.4,32,Healthy,,,2026-04-27,Yes,No,81.3,112.4,2026-04-27,222,1,1,0,308,unassigned,N,,,
2026-04-30,SL-QUILT-SET-TWIN-IVORY,X004R3N4UP,B0FGZXM8LZ,"SLEEPHORIA Twin Quilt Bedding Set - Cloud Soft All-Season Bedspread 2 PC w/Sham, Bed Quilt Twin Size Coverlet - Oversized, Light Weight, Ultra Durable, Easy Care - 68 x 86 in (Ivory)",New,40,0,0,0,40,0,0,0,USD,0,0,0,0,Low traffic,33.99,0,33.99,0,Lower price,,25.99,52,0,5579.52,0,0.543933,cubic feet,Oversize,21.75732,US,gl_home,5279618,366,40,,,25.99,0,0,0,0,0,0,0,40,0,38,0,0,0,0,,0,0,0,0,21,11.42,19,15.5,0,0,0,0,0,0,0,0,0,0,,3,Excess,,,,,,,,2026-04-27,40,0,0,0,366,unassigned,N,,,
2026-04-30,BAMBOO-QUEEN-OLIVE,X002O4Z19L,B08KQJRSW6,"DECOLURE 100% Viscose Derived from Bamboo Sheets Queen Size - Luxury 4 Pc Naturally Cooling Sheets, Ultra Soft Bed Set - Deep 17"" Pockets, Durable Double Stitching, Oeko Tex Standard (Olive)",New,371,0,4,341,122,0,0,0,USD,23,93,179,244,,79.99,0,67.99,0,NoRestockExcessActionRequired,,0,0,0,0,0.39,0.26649,cubic feet,Standard,98.86779,US,gl_home,11515,213,0,15,19,67.99,1597.2,6632.2,13045.55,17645.9,0,2,2,122,0,111.26,0,0,0,0,,96,0,441,58.77,0,0,0,0,0,0,0,0,0,0,0,0,0,0,235.2,54,Healthy,,,2026-04-27,No,No,182.6,235.2,2026-04-27,373,2,94,0,270,unassigned,N,,,
2026-04-30,SS-BAMBOO-LIGHT-GREY-KING-6PCS,X004D8TPCF,B0DDTX24QR,"SLEEP SANCTUARY 100% Viscose Derived from Bamboo Sheets King Size 6pcs – BamBliss Luxury Cooling Sheets for Hot Sleepers - Cloud Soft, 17"" Deep Pocket, Ultra Durable Bed Set (Light Grey)",New,134,0,9,1,130,0,0,0,USD,6,26,92,141,,69.99,0,69.99,0,NoExcessInventory,,0,0,0,0,0.66,0.362587,cubic feet,Standard,48.586658,US,gl_home,47560,145,0,20,12,69.99,419.94,1809.74,6409.08,9863.59,4,5,0,130,0,59.96,0,0,0,0,,13,0,65,11.79,65,23.57,0,0,0,0,0,0,0,0,0,0,0,0,167,49,Healthy,,,2026-04-27,Yes,No,167,136.1,2026-04-27,134,0,13,0,159,unassigned,N,,,
2026-04-30,BM-FULL-LIGHT-BLUE,X0045ANM9X,B0CWJ4W1WP,DECOLURE Cooling Sheets Full Set 4pcs - Luxurious & Ultra-Soft Full Size Cooling Sheets for Hot Sleepers - Comfortable Bamboo Viscose Microfiber Full Cooling Bed Sheets w/Deep Pockets (Light Blue),New,39,0,0,40,0,0,0,0,USD,2,5,9,18,,46.95,0,46.95,0,Create Outlet deal,,32.86,2,0,2191.87,0.34,0.213182,cubic feet,Standard,8.314098,US,gl_home,99235,366,39,31,28,46.95,82.9,190.75,334.55,658.1,0,0,0,0,0,5.94,0,0,0,0,,5,0,,,,,,,,,,,,,,,,,288,5,Excess,,,2026-04-27,Yes,No,288,267.7,2026-04-27,39,0,5,0,366,unassigned,N,,,
2026-04-30,SATIN-GOLD-TWIN,X002O5X15L,B08KR9THFG,"DECOLURE Satin Bed Sheets - 3 Piece Luxury Silky Twin Size Bedding Set - Softer Than Silk, Wrinkle-Free with 15” Deep Pocket Fitted Sheet, Perfect for Hair & Skin, Gifts for Women (Gold)",New,31,0,31,1,0,0,0,0,USD,0,4,8,11,,27.95,0,27.95,0,NoRestockExcessActionRequired,,0,0,0,0,0.54,0.187912,cubic feet,Standard,5.825272,US,gl_home,10574,111,0,31,36,26.55,0,110.4,240.2,324.05,0,30,1,0,0,3.98,0,0,0,0,,1,0,,,,,,,,,,,,,,,,,171.8,15,Healthy,,,2026-04-27,Yes,No,171.8,149,2026-04-27,32,1,0,0,111,unassigned,N,,,
2026-04-30,SATIN-4PC-TWIN-BLUSH PINK,X004BS2KQ5,B0D9QQ99HB,"DECOLURE Satin Bed Sheets - 4 Piece Luxury Silky Twin Size Bedding Set - Softer Than Silk, Wrinkle-Free with 15” Deep Pocket Fitted Sheet, Perfect for Hair & Skin, Gifts for Women (Blush Pink)",New,82,0,79,3,0,0,0,0,USD,0,0,0,4,Low conversion,34.95,0,34.95,0,Create Outlet deal,,19.56,2,0,3352.01,0.07,0.1651,cubic feet,Standard,13.5382,US,gl_home,24922,366,82,,266,34.95,0,0,0,111.8,0,36,43,0,0,9.68,0,0,0,0,,5,0,,,,,,,,,,,,,,,,,,4,Excess,,,,,,,1574.5,2026-04-27,82,0,5,0,366,unassigned,N,,,
2026-04-30,BM-FULL-R-PURPLE,X003VHUG59,B0C9LV5QYP,DECOLURE Cooling Sheets Full Set 4pcs - Luxurious & Ultra-Soft Full Size Cooling Sheets for Hot Sleepers - Comfortable Bamboo Viscose Microfiber Full Cooling Bed Sheets w/Deep Pockets (Purple),New,7,0,1,0,6,0,0,0,USD,3,11,16,21,,35.95,0,35.95,0,GoToRestock,,0,0,0,0,1.1,0.256609,cubic feet,Standard,1.796263,US,gl_home,99235,21,0,2,4,35.95,104.25,402.65,585.7,763.65,0,0,1,6,0,2.02,0,0,0,0,,0,0,0,0,6,1.55,0,0,0,0,0,0,0,0,0,0,0,0,78,20,Low stock,30,2026-05-06,2026-04-27,Yes,No,38,78,2026-04-27,7,0,0,0,21,unassigned,N,,,
2026-04-30,SL-CLG-PC-WHITE-KING-2PCS,X004OCT4JJ,B0F7LLBQH3,"SLEEPHORIA Cooling Pillow Cases - BreezeWeave King Size Set of 2 Pillowcases for Hot Sleepers & Cool, Deep Rest - Cloud Soft, Silky Smooth, Ultra Durable, Easy Care, Hidden Zipper (White)",,0,0,1,0,0,0,0,0,USD,1,21,83,138,,0,0,0,0,CreateShippingPlan,,,0,0,,2.37,0.069153,cubic feet,Standard,0,US,gl_home,168211,0,0,0,0,19.99,19.99,419.79,1659.17,2686.62,1,0,0,0,0,,0,0,0,0,,1,0,,,,,,,,,,,,,,,,,35.7,22,Out of stock,36,2026-04-27,2026-04-27,Yes,No,10,35.7,2026-04-27,0,0,0,1,4,unassigned,N,,,
2026-04-30,SATIN-QUEEN-BLUE,X002J0JE9D,B0839L4HWH,"DECOLURE Satin Bed Sheets - 4 Piece Luxury Silky Queen Size Bedding Set - Softer Than Silk, Wrinkle-Free with 15” Deep Pocket Fitted Sheet, Perfect for Hair & Skin, Gifts for Women (Blue)",New,94,0,6,26,66,0,0,0,USD,10,90,155,255,,31.95,0,31.95,0,CreateShippingPlan,,0,0,0,0,1.13,0.227537,cubic feet,Standard,21.388478,US,gl_home,10574,33,0,4,4,31.95,319.5,2883.86,5079.61,8274.61,1,1,4,66,0,11.74,0,0,0,0,,3,0,3,0.34,64,14.62,0,0,0,0,0,0,0,0,0,0,0,0,78.2,141,Low stock,244,2026-05-07,2026-04-27,Yes,No,44.5,78.2,2026-04-27,96,2,0,1,33,unassigned,N,,,
2026-04-30,SS-SLEEP-MASK-VELCRO-STRAP-BLACK,X004NF916X,B0F4XQ7L8Q,"SLEEP SANCTUARY 100% Pure Mulberry Silk Sleep Mask - 22 Momme Light Blocking Hook & Loop Silk Eye Mask for Sleeping - Secure Fit for Side Sleepers, Women & Men - Cloud Soft (Black)",New,267,0,5,2,1,261,0,0,USD,3,16,30,94,Low traffic,17.95,0,17.95,0,Create Outlet deal,,12.97,2,0,2649.72,0.31,0.048757,cubic feet,Standard,13.018119,US,gl_drugstore,194871,366,235,66,36,17.95,53.85,287.2,548.74,1636.1,0,1,4,262,0,82.47,0,0,0,0,,0,0,1,0.02,0,0,0,0,0,0,0,0,261,75.12,0,0,0,0,377.1,16,Excess,,,2026-04-27,Yes,No,377.1,224.2,2026-04-27,267,0,0,0,366,unassigned,N,,,
2026-04-30,BAMBOO-FULL-NAVYBLUE-6PCS,X00438T2KF,B0CQ2ZSDMN,"DECOLURE 100% Viscose Derived from Bamboo Sheets Full Size - Luxury 6 Pc Naturally Cooling Sheets, Ultra Soft Bed Set - Deep 17"" Pockets, Durable Double Stitching, Oeko Tex Standard (Navy Blue)",New,26,0,2,38,0,0,0,0,USD,4,16,28,73,,74.99,0,74.99,0,CreateShippingPlan,,0,0,0,0,0.99,0.251308,cubic feet,Standard,6.534008,US,gl_home,14195,48,0,6,4,74.99,263.98,1127.64,1895.01,4931.06,0,1,1,0,0,4.21,0,0,0,0,,17,0,,,,,,,,,,,,,,,,,126.7,45,Low stock,52,2026-05-07,2026-04-27,Yes,No,126.7,90.7,2026-04-27,26,0,16,1,75,unassigned,N,,,
2026-04-30,SATIN-4PCS-QUEEN-STONE-GREY,X004CX9OR7,B0DD4JMGXN,"DECOLURE Satin Bed Sheets - 4 Piece Luxury Silky Queen Size Bedding Set - Softer Than Silk, Wrinkle-Free with 15” Deep Pocket Fitted Sheet, Perfect for Hair & Skin, Gifts for Women (Stone Grey)",New,1147,0,445,89,719,0,0,0,USD,12,98,201,308,,31.95,0,31.95,0,NoRestockExcessActionRequired,,0,0,0,223.08,0.24,0.282578,cubic feet,Standard,324.116966,US,gl_home,10574,366,0,59,61,30.35,383.4,3077.9,6368.75,9797.25,1,31,413,719,0,357.45,300,300,0,0,,116,0,164,23.15,570,161.13,0,0,0,0,0,0,0,0,0,0,0,0,400.8,275,Healthy,,,2026-04-27,Yes,No,372.4,400.8,2026-04-27,1447,0,116,0,366,unassigned,N,,,
2026-04-30,SATIN-WHITE-TWIN,X002O5XX6X,B08KRS1K6H,"DECOLURE Satin Bed Sheets - 3 Piece Luxury Silky Twin Size Bedding Set - Softer Than Silk, Wrinkle-Free with 15” Deep Pocket Fitted Sheet, Perfect for Hair & Skin, Gifts for Women (White)",New,68,0,0,9,62,0,0,0,USD,2,10,17,24,,27.95,0,27.95,0,NoRestockExcessActionRequired,,24,24,0,116.77,0.26,0.185364,cubic feet,Standard,12.604752,US,gl_home,10574,232,52,27,36,27.95,44.7,257.07,422.04,617.69,0,0,0,62,0,19.32,0,0,0,0,,3,0,19,1.75,50,9.29,0,0,0,0,0,0,0,0,0,0,0,0,335.5,19,Excess,,,2026-04-27,Yes,No,290.3,335.5,2026-04-27,71,3,0,0,232,unassigned,N,,,
2026-04-30,SL-COOLING-FITTED-CAL-KING-NAVY-BLUE,X004ODA2EJ,B0F7M4FY81,"SLEEPHORIA Cooling Fitted Sheet Calfornia King Size - 1 PC BreezeWeave Cooling Sheets for Hot Sleepers & Cool Rest w/ 16 in Deep Pocket - Corner Straps, Cloud Soft - 69 x 81 in (Navy Blue)",New,46,0,0,0,46,0,0,0,USD,0,2,2,2,,33.99,0,33.99,0,Create Outlet deal,,17.99,2,0,2213.86,0.04,0.144256,cubic feet,Standard,6.635776,US,gl_home,33953,366,46,92,299,33.99,0,71.98,71.98,71.98,0,0,0,46,0,40.79,0,0,0,0,,0,0,0,0,0,0,0,0,46,36.22,0,0,0,0,0,0,0,0,2144,,Excess,,,2026-04-27,Yes,No,704,2144,2026-04-27,46,0,0,0,366,unassigned,N,,,
2026-04-30,SS-BAMBOO-WHITE-TWIN-4PCS,X004D8TRNR,B0DDTZ2DRM,"SLEEP SANCTUARY 100% Viscose Derived from Bamboo Sheets Twin Size 4pcs – BamBliss Luxury Cooling Sheets for Hot Sleepers - Cloud Soft, 17"" Deep Pocket, Ultra Durable Bed Set (White)",New,4,0,0,2,2,0,0,0,USD,2,13,14,19,,54.99,0,54.99,0,Create Outlet deal,,41.99,2,0,4.05,1.23,0.202365,cubic feet,Standard,0.80946,US,gl_home,47560,15,0,1,2,54.99,104.98,694.87,749.86,1029.81,0,0,0,2,0,0.39,0,0,0,0,,0,0,2,0.2,0,0,0,0,0,0,0,0,0,0,0,0,0,0,88.8,8,Low stock,10,2026-05-04,2026-04-27,Yes,No,30.1,88.8,2026-04-27,4,0,0,0,15,unassigned,N,,,
2026-04-30,SATIN-4PC-TWIN-NAVY BLUE,X004BS2KPV,B0D9QSYXL8,"DECOLURE Satin Bed Sheets - 4 Piece Luxury Silky Twin Size Bedding Set - Softer Than Silk, Wrinkle-Free with 15” Deep Pocket Fitted Sheet, Perfect for Hair & Skin, Gifts for Women (Navy Blue)",New,46,0,1,0,30,15,0,0,USD,1,1,5,10,Low conversion,27.95,0,27.95,0,Create Outlet deal,,19.56,2,0,2755.58,0.2,0.251125,cubic feet,Standard,11.55175,US,gl_home,24922,366,46,184,59,27.95,27.95,27.95,128.83,268.58,0,0,1,45,0,32.31,0,0,0,0,,0,0,24,3.02,6,1.51,0,0,0,0,7,10.02,8,11.84,0,0,0,0,1406,3,Excess,,,2026-04-27,Yes,No,1406,444.9,2026-04-27,46,0,0,0,366,unassigned,N,,,
2026-04-30,BAMBOO-FULL-GREY-6PCS,X00438KTN9,B0CQ328B82,"DECOLURE 100% Viscose Derived from Bamboo Sheets Full Size - Luxury 6 Pc Naturally Cooling Sheets, Ultra Soft Bed Set - Deep 17"" Pockets, Durable Double Stitching, Oeko Tex Standard (Grey)",New,7,0,0,9,0,0,0,0,USD,0,19,34,54,,74.99,0,74.99,0,CreateShippingPlan,,0,0,0,0,1.31,0.255977,cubic feet,Standard,1.791839,US,gl_home,14195,13,0,1,1,74.99,0,1252.6,2345.45,3690.25,0,0,0,0,0,0.32,0,0,0,0,,2,0,,,,,,,,,,,,,,,,,58.3,37,Low stock,66,2026-05-06,2026-04-27,Yes,No,23.3,58.3,2026-04-27,7,0,0,2,16,unassigned,N,,,
2026-04-30,BAMBOO-TWIN-BURGUNDY-NEW,X0043AK1LR,B0CRHX3LKM,"DECOLURE 100% Viscose Derived from Bamboo Sheets Twin Size - Luxury 3 Pc Naturally Cooling Sheets, Ultra Soft Bed Set - Deep 17"" Pockets, Durable Double Stitching, Oeko Tex Standard (Burgundy)",New,148,0,61,2,71,35,0,0,USD,3,4,16,30,,86.99,0,49.49,0,Edit listing,,0,0,0,3953.66,0.17,0.224731,cubic feet,Standard,33.260188,US,gl_home,11515,366,133,148,64,49.49,154.78,206.75,860.15,1645.01,1,0,60,106,0,77.82,0,0,0,0,,20,0,12,1.35,35,7.86,24,8.09,6,7.34,29,37.13,0,0,0,0,0,0,5156,18,Excess,,,2026-04-27,Yes,No,5156,611.7,2026-04-27,162,14,6,0,366,unassigned,N,,,
2026-04-30,SATIN-RED-KING-6PCS,X003UMBNAR,B0C7FKF7J1,"DECOLURE Satin Bed Sheets - 6 Piece Luxury Silky King Size Bedding Set - Softer Than Silk, Wrinkle-Free with 15” Deep Pocket Fitted Sheet, Perfect for Hair & Skin, Gifts for Women (Red)",New,10,0,11,0,0,0,0,0,USD,6,6,7,9,,33.95,0,33.95,0,NoRestockExcessActionRequired,,,0,0,,2.25,0.240537,cubic feet,Standard,2.40537,US,gl_home,24922,69,0,34,75,33.95,199.03,199.03,250.98,318.88,11,0,0,0,0,,42,0,36,6,,1,0,,,,,,,,,,,,,,,,,20.6,24,Low stock,,,2026-04-27,Yes,No,17.7,20.6,2026-04-27,52,0,1,0,70,unassigned,N,,,
2026-04-30,SL-COOLING-SHEET-FULL-WHITE,X004OD19WN,B0F7LYFZ5Y,"SLEEPHORIA Cooling Sheets - BreezeWeave 4 PC Full Size Cooling Bed Sheets for Hot Sleepers & Deep, Cool Rest - Cloud Soft, Silky Smooth, 16 in Deep Pocket, Ultra Durable (White)",New,106,0,102,18,0,0,0,0,USD,4,19,34,45,,60.99,0,60.99,0,NoExcessInventory,,0,0,0,32.35,0.48,0.281632,cubic feet,Standard,29.852992,US,gl_home,32563,366,0,22,30,60.99,225.96,1075.81,1950.66,2601.55,12,90,0,0,0,20.55,0,0,0,0,,13,0,,,,,,,,,,,,,,,,,214.2,15,Healthy,,,2026-04-27,Yes,No,214.2,213,2026-04-27,106,0,13,0,366,unassigned,N,,,
2026-04-30,SS-SATIN-BLACK-TWIN-3PCS,X004D7K7TL,B0DDRCSW2N,"SLEEP SANCTUARY Satin Sheets Twin Size – 3 Piece Luxury Silky Bed Set, Softer Than Silk, 15"" Deep Pocket, Cooling & Wrinkle-Free, Moisture-Wicking & Breathable for Hair & Skin (Black)",New,68,0,69,0,0,0,0,0,USD,3,19,42,56,,29.95,0,29.95,0,NoExcessInventory,,0,0,0,0,0.84,0.208015,cubic feet,Standard,14.14502,US,gl_home,14711,130,0,14,15,29.95,95.85,628.98,1347.83,1767.13,0,23,46,0,0,8.73,0,0,0,0,,1,0,,,,,,,,,,,,,,,,,129.9,39,Healthy,7,2026-05-04,2026-04-27,Yes,No,113.2,129.9,2026-04-27,68,0,0,1,132,unassigned,N,,,
2026-04-30,SS-SATIN-BLUE-TWIN-3PCS,X004D7EWRT,B0DDR3QB2L,"SLEEP SANCTUARY Satin Sheets Twin Size – 3 Piece Luxury Silky Bed Set, Softer Than Silk, 15"" Deep Pocket, Cooling & Wrinkle-Free, Moisture-Wicking & Breathable for Hair & Skin (Blue)",New,67,0,31,0,6,31,0,0,USD,1,1,1,1,Low conversion,34.95,0,34.95,0,Lower price,,0,0,0,3574.07,0,0.21313,cubic feet,Standard,14.27971,US,gl_home,14711,366,67,268,871,34.95,34.95,34.95,34.95,34.95,0,0,31,37,0,47.18,0,0,0,0,,0,0,6,0.64,0,0,0,0,0,0,31,37.65,0,0,0,0,0,0,,4,Excess,,,,,,,,2026-04-27,67,0,0,0,366,unassigned,N,,,
2026-04-30,SATIN-4PCS-KING-SEA-TEAL,X004C9TX6X,B0DBQZ1MMF,"DECOLURE Satin Bed Sheets - 4 Piece Luxury Silky King Size Bedding Set - Softer Than Silk, Wrinkle-Free with 15” Deep Pocket Fitted Sheet, Perfect for Hair & Skin, Gifts for Women (Sea Teal)",New,275,0,8,0,304,0,0,0,USD,17,63,85,88,,33.95,0,33.95,0,NoRestockExcessActionRequired,,0,0,0,3452.91,0.22,0.264314,cubic feet,Standard,72.68635,US,gl_home,10574,171,210,17,40,32.25,593.73,2334.14,3325.18,3457.15,1,0,7,304,0,124.86,0,0,0,0,,42,0,0,0,304,80.35,0,0,0,0,0,0,0,0,0,0,0,0,431,80,Excess,,,2026-04-27,Yes,No,167.8,431,2026-04-27,294,19,23,0,194,unassigned,N,,,
2026-04-30,SATIN-STRIPE-TWIN-PINK,X0030KP0BH,B09G6KRX7T,"DECOLURE Satin Bed Sheets - 3 Piece Luxury Silky Twin Size Bedding Set - Softer Than Silk, Wrinkle-Free with 15” Deep Pocket Fitted Sheet, Perfect for Hair & Skin, Gifts for Women (Striped Pink)",New,25,0,24,2,0,0,0,0,USD,1,5,8,14,,39.95,0,39.95,21.19,NoRestockExcessActionRequired,,27.94,7,0,75.5,0.52,0.139143,cubic feet,Standard,3.478575,US,gl_home,10574,180,15,20,23,39.95,18.61,142.38,225.89,384.28,0,0,24,0,0,2.31,0,0,0,0,,0,0,,,,,,,,,,,,,,,,,216.7,9,Excess,,,2026-04-27,Yes,No,170.2,216.7,2026-04-27,25,0,0,0,180,unassigned,N,,,
2026-04-30,SL-COOLING-SHEET-QUEEN-COOL-GREY,X004OCWKNB,B0F7LX9RP3,"SLEEPHORIA Cooling Sheets - BreezeWeave 4 PC Queen Size Cooling Bed Sheets for Hot Sleepers & Deep, Cool Rest - Cloud Soft, Silky Smooth, 16 in Deep Pocket, Ultra Durable (Cool Grey)",New,270,0,316,0,0,0,0,0,USD,26,100,183,223,,64.99,0,64.99,0,NoExcessInventory,,0,0,0,0,0.96,0.301737,cubic feet,Standard,81.46899,US,gl_home,32563,121,0,10,15,64.99,1684.74,6479,11863.17,14518.77,89,227,0,0,0,52.8,0,0,0,0,,38,0,,,,,,,,,,,,,,,,,116.1,116,Healthy,,,2026-04-27,No,No,116.1,113.8,2026-04-27,271,1,34,3,141,unassigned,N,,,
2026-04-30,SATIN-STRIPE-FULL-GRAY,X0030KQT7L,B09G6J1HVY,"DECOLURE Satin Bed Sheets - 4 Piece Luxury Silky Full Size Bedding Set - Softer Than Silk, Wrinkle-Free with 15” Deep Pocket Fitted Sheet, Perfect for Hair & Skin, Gifts for Women (Striped Grey)",New,57,0,0,0,60,0,0,0,USD,2,11,16,24,,29.95,0,29.95,0,NoRestockExcessActionRequired,,0,0,0,8.42,0.32,0.174429,cubic feet,Standard,9.942453,US,gl_home,10574,197,0,20,30,28.45,59.9,348.41,536.16,769.76,0,0,0,60,0,57.08,0,0,0,0,,1,0,0,0,0,0,2,0.52,58,55.13,0,0,0,0,0,0,0,0,365.9,20,Healthy,,,2026-04-27,Yes,No,281.3,365.9,2026-04-27,58,1,0,0,197,unassigned,N,,,
2026-04-30,SL-COOLING-SHEET-KING-CREAM,X004OCWL21,B0F7LXS4FK,"SLEEPHORIA Cooling Sheets - BreezeWeave 4 PC King Size Cooling Bed Sheets for Hot Sleepers & Deep, Cool Rest - Cloud Soft, Silky Smooth, 16 in Deep Pocket, Ultra Durable (Cream)",New,36,0,62,0,0,0,0,0,USD,16,93,133,143,,77.99,0,77.99,0,GoToRestock,,0,0,0,0,1.99,0.330029,cubic feet,Standard,11.881044,US,gl_home,32563,42,0,1,3,77.99,1238.84,7059.07,10029.67,10770.57,49,13,0,0,0,9.64,0,0,0,0,,19,2,,,,,,,,,,,,,,,,,60.5,40,Healthy,22,2026-05-06,2026-04-27,No,No,36.3,60.5,2026-04-27,52,16,2,1,45,unassigned,N,,,
2026-04-30,BAMBOO-FULL-PURPLE,X003TOCG9D,B0BZPY4PXY,"DECOLURE 100% Viscose Derived from Bamboo Sheets Full Size - Luxury 4 Pc Naturally Cooling Sheets, Ultra Soft Bed Set - Deep 17"" Pockets, Durable Double Stitching, Oeko Tex Standard (Purple)",New,159,0,0,100,81,3,0,0,USD,2,9,24,35,,69.99,0,69.98,0,NoRestockExcessActionRequired,,0,0,0,104.15,0.17,0.280157,cubic feet,Standard,44.544963,US,gl_home,11515,366,0,70,59,69.98,129.97,599.9,1595.48,2310.37,0,0,0,84,0,57.84,0,0,0,0,,27,0,139,19.46,1,0.28,13,5.46,28,42.74,0,0,0,0,0,0,0,0,531.9,28,Healthy,,,2026-04-27,Yes,No,448.5,531.9,2026-04-27,160,1,26,0,366,unassigned,N,,,
2026-04-30,SATIN-FITTED-QUEEN-SEA-TEAL,X004CBTTDX,B0DBW1NVHF,"DECOLURE Satin Fitted Sheet Queen Size (1 PC) – Luxuriously Smooth & Softer Than Silk Bed Sheets w/ 15 Inch Deep Pocket Hypoallergenic Wrinkle Free, Secure Snug Fit, Elastic Corner Straps (Sea Teal)",New,163,0,2,4,141,43,0,0,USD,23,67,126,151,,17.95,0,17.95,0,NoRestockExcessActionRequired,,0,0,0,0,0.52,0.174516,cubic feet,Standard,28.446108,US,gl_home,14844,82,0,9,14,17.95,400.85,1184.65,2248.7,2697.45,0,1,1,184,0,51.05,0,0,0,0,,22,0,121,10.57,20,3.49,0,0,1,0.95,42,41.77,0,0,0,0,0,0,186.3,97,Healthy,21,2026-05-06,2026-04-27,Yes,No,120.7,186.3,2026-04-27,183,20,0,2,83,unassigned,N,,,
2026-04-30,SATIN-WHITE-KING-6PCS,X003UM8ZK3,B0C7F5VMC8,"DECOLURE Satin Bed Sheets - 6 Piece Luxury Silky King Size Bedding Set - Softer Than Silk, Wrinkle-Free with 15” Deep Pocket Fitted Sheet, Perfect for Hair & Skin, Gifts for Women (White)",New,57,0,3,45,14,0,0,0,USD,10,46,70,111,,33.95,0,33.95,0,NoExcessInventory,,0,0,0,0,0.9,0.267969,cubic feet,Standard,15.274233,US,gl_home,24922,92,0,8,10,33.95,339.5,1592.95,2407.75,3785.43,0,2,1,14,0,11.83,36,36,0,0,,4,0,28,3.74,0,0,0,0,0,0,0,0,0,0,0,0,0,0,103.8,27,Healthy,,,2026-04-27,Yes,No,63.7,103.8,2026-04-27,95,2,1,1,165,unassigned,N,,,
2026-04-30,SATIN-FULL-GREY,X002IU8VWF,B0839LMS13,"DECOLURE Satin Bed Sheets - 4 Piece Luxury Silky Full Size Bedding Set - Softer Than Silk, Wrinkle-Free with 15” Deep Pocket Fitted Sheet, Perfect for Hair & Skin, Gifts for Women (Grey)",New,367,0,194,35,161,0,0,0,USD,6,44,78,122,,29.95,0,29.95,0,NoRestockExcessActionRequired,,0,0,0,0,0.32,0.189768,cubic feet,Standard,69.644856,US,gl_home,10574,304,0,46,54,27.16,179.7,1236.89,2263.49,3519.91,15,103,76,161,0,67.98,144,138,0,6,,25,1,31,2.94,132,25.07,0,0,0,0,0,0,0,0,0,0,0,0,295.4,89,Healthy,,,2026-04-27,Yes,No,281.3,295.4,2026-04-27,517,6,18,1,366,unassigned,N,,,
2026-04-30,BM-FULL-MIDNIGHT-BLACK,X003VHUJXX,B0C9LTQ5YV,DECOLURE Cooling Sheets Full Set 4pcs - Luxurious & Ultra-Soft Full Size Cooling Sheets for Hot Sleepers - Comfortable Bamboo Viscose Microfiber Full Cooling Bed Sheets w/Deep Pockets (Midnight Black),New,41,0,0,42,0,0,0,0,USD,1,8,22,28,,52.95,0,52.95,0,NoExcessInventory,,0,0,0,10.69,0.48,0.213947,cubic feet,Standard,8.771827,US,gl_home,99235,216,0,20,19,52.95,28.76,303.61,802.17,1017.87,0,0,0,0,0,5.93,0,0,0,0,,2,0,,,,,,,,,,,,,,,,,178.9,14,Healthy,,,2026-04-27,Yes,No,177.5,178.9,2026-04-27,42,1,1,0,220,unassigned,N,,,
2026-04-30,SS-SATIN-STRIPED-PURPLE-FULL-4PCS,X004D7EXC3,B0DDQXMHHQ,"SLEEP SANCTUARY Satin Sheets Full Size – 4 Piece Luxury Silky Bed Set, Softer Than Silk, 15"" Deep Pocket, Cooling & Wrinkle-Free, Moisture-Wicking & Breathable for Hair & Skin (Striped Purple)",New,27,0,24,9,0,0,0,0,USD,1,2,2,3,,31.95,0,31.95,0,Create Outlet deal,,23.76,2,0,1009.07,0.12,0.154324,cubic feet,Standard,4.166748,US,gl_home,14711,366,27,54,117,31.95,33.95,62.71,62.71,94.66,0,18,6,0,0,2.98,0,0,0,0,,6,0,,,,,,,,,,,,,,,,,789,,Excess,,,2026-04-27,Yes,No,498,789,2026-04-27,27,0,6,0,366,unassigned,N,,,
2026-04-30,SATIN-TAUPE-KING,X003RX78J9,B0BZPVZKVS,,New,151,0,2,3,51,63,34,0,USD,3,19,43,71,Low traffic,33.95,0,33.95,0,NoRestockExcessActionRequired,,31.01,14,0,103.23,0.39,0.233647,cubic feet,Standard,35.280697,US,gl_home,,254,94,31,27,33.95,98.45,602.28,1404.23,2277.95,1,0,1,62,52,172.94,0,0,0,0,,1,0,1,0.12,50,11.68,0,0,0,0,2,2.66,9,12.4,86,138.63,0,0,306.6,40,Excess,,,2026-04-27,Yes,No,306.6,256.9,2026-04-27,152,1,0,0,254,unassigned,N,,,
2026-04-30,SATIN-6PC-KING-BLUSH PINK,X004BS2KQP,B0D9QSG9LD,"DECOLURE Satin Bed Sheets - 6 Piece Luxury Silky King Size Bedding Set - Softer Than Silk, Wrinkle-Free with 15” Deep Pocket Fitted Sheet, Perfect for Hair & Skin, Gifts for Women (Blush Pink)",New,119,0,1,2,135,0,0,0,USD,1,18,36,51,,33.95,0,33.95,0,Create Outlet deal,,30.06,2,0,1209.79,0.31,0.454522,cubic feet,Standard,54.088118,US,gl_home,24922,366,80,34,39,33.95,33.95,610.99,1222.09,1740.34,1,0,0,135,0,178.69,36,36,0,0,,7,0,30,6.82,30,13.63,0,0,75,185.79,0,0,0,0,0,0,0,0,285,20,Excess,,,2026-04-27,Yes,No,198.9,285,2026-04-27,155,0,6,1,366,unassigned,N,,,
2026-04-30,SILK-PILLOWCASE-KING-IVORY-1PCS,X004C9TD3L,B0DBR716DJ,"DECOLURE 100% Pure Mulberry Silk Pillow Case King Size – Highest Grade 30 Momme 6A+, Luxuriously Soft & Cooling Silk Pillowcase for Hair & Skin, Hypoallergenic, Breathable, Hidden Zipper (Ivory)",New,3,0,3,0,0,0,0,0,USD,2,20,42,65,,70.99,0,70.99,0,GoToRestock,,0,0,0,0,1.86,0.031363,cubic feet,Standard,0.094089,US,gl_home,181216,6,0,0,0,70.99,99.9,1057,2122.9,3287.75,0,2,1,0,0,0.03,0,0,0,0,,0,0,,,,,,,,,,,,,,,,,46,24,Low stock,37,2026-05-02,2026-04-27,Yes,No,18.4,46,2026-04-27,3,0,0,0,6,unassigned,N,,,
2026-04-30,SL-COOLING-FITTED-TWIN-COOL-GREY,X004OD3C41,B0F7M4HC57,"SLEEPHORIA Cooling Fitted Sheet Twin Size - 1 PC BreezeWeave Cooling Sheets for Hot Sleepers & Cool Rest w/ 16 in Deep Pocket - Corner Straps, Cloud Soft, Ultra Durable - 37 x 72 in (Cool Grey)",New,26,0,0,0,30,0,0,0,USD,5,26,41,41,,24.99,0,24.99,0,NoExcessInventory,,0,0,0,0,0.66,0.124038,cubic feet,Standard,3.224988,US,gl_home,33953,36,0,4,8,24.99,124.95,691.74,1072.59,1072.59,0,0,0,30,0,15.6,0,0,0,0,,2,1,0,0,0,0,0,0,30,20.27,0,0,0,0,0,0,0,0,147.6,,,29,2026-05-06,2026-04-27,Yes,No,54.5,147.6,2026-04-27,27,1,0,1,37,unassigned,N,,,
2026-04-30,SS-BAMBOO-NAVY-BLUE-QUEEN-6PCS,X004D8NLIJ,B0DDTZL244,"SLEEP SANCTUARY 100% Viscose Derived from Bamboo Sheets Queen Size 6pcs – BamBliss Luxury Cooling Sheets for Hot Sleepers - Cloud Soft, 17"" Deep Pocket, Ultra Durable Bed Set (Navy Blue)",New,91,0,1,12,81,0,0,0,USD,2,25,47,63,,64.99,0,64.99,0,NoExcessInventory,,0,0,0,0,0.49,0.321684,cubic feet,Standard,29.273244,US,gl_home,47560,144,0,14,18,64.99,124.98,1619.75,3049.53,4099.37,0,0,1,81,0,38.51,0,0,0,0,,0,0,48,7.7,45,14.47,0,0,0,0,0,0,0,0,0,0,0,0,180.1,30,Healthy,,,2026-04-27,Yes,No,118,180.1,2026-04-27,91,0,0,0,144,unassigned,N,,,
2026-04-30,SL-COOLING-FITTED-QUEEN-REGAL-PURPLE,X004OD83TF,B0F7M5V4JC,"SLEEPHORIA Cooling Fitted Sheet Queen Size - 1 PC BreezeWeave Cooling Sheets for Hot Sleepers & Cool Rest w/ 16 in Deep Pocket - Corner Straps, Cloud Soft, Ultra Durable - 57 x 77 in (Regal Purple)",New,106,0,2,0,122,0,0,0,USD,6,28,51,54,,29.99,0,29.99,0,Create Outlet deal,,15.99,2,0,565.12,0.34,0.259411,cubic feet,Standard,27.497566,US,gl_home,33953,147,62,15,25,29.99,179.94,883.72,1577.49,1646.46,0,0,2,122,0,181.86,0,0,0,0,,16,0,0,0,0,0,0,0,122,172.48,0,0,0,0,0,0,0,0,280.4,41,Excess,,,2026-04-27,Yes,No,153.2,280.4,2026-04-27,121,15,0,1,148,unassigned,N,,,
2026-04-30,BAMBOO-KING-LIGHTGREY,X002O5112L,B08KQJ3M9N,"DECOLURE 100% Viscose Derived from Bamboo Sheets King Size - Luxury 4 Pc Naturally Cooling Sheets, Ultra Soft Bed Set - Deep 17"" Pockets, Durable Double Stitching, Oeko Tex Standard (Light Grey)",New,267,0,13,278,0,0,0,0,USD,41,209,415,531,,84.99,0,84.99,0,NoRestockExcessActionRequired,,0,0,0,0,0.89,0.32734,cubic feet,Standard,87.39978,US,gl_home,11515,68,0,7,10,84.99,3057.19,15424.26,30839.36,39806.69,6,3,4,0,0,63.14,150,150,0,0,,13,0,106,17.3,0,0,0,0,0,0,0,0,0,0,0,0,0,0,103.3,225,Healthy,96,2026-05-06,2026-04-27,No,No,60.6,103.3,2026-04-27,423,6,3,4,110,unassigned,N,,,
2026-04-30,BEACH-TOWEL-PT-DIAMOND-CYAN,X004HYSSRN,B0DQ8NHCYM,"DECOLURE Turkish Beach Towel Oversized 39x73 Inch - 100% Turkish Cotton, Quick Dry and Sand Free Beach Towels for Travel - Lightweight, Absorbent & Soft Peshtemal Towel - (Cyan Diamond)",New,400,0,0,0,0,31,369,0,USD,0,1,1,1,Low traffic,22.95,0,22.95,0,Create Outlet deal,,11.47,2,0,13588.67,0,0.124809,cubic feet,Standard,49.9236,US,gl_home,3272769,366,400,1600,5200,22.95,0,22.95,22.95,22.95,0,0,0,0,31,378.96,0,0,0,0,,0,0,0,0,0,0,0,0,0,0,0,0,1,0.74,399,343.62,0,0,36076,5,Excess,,,2026-04-27,Yes,No,12016,36076,2026-04-27,400,0,0,0,366,unassigned,N,,,
2026-04-30,SATIN-FITTED-KING-IVORY,X004CC2WJZ,B0DBW2G5JS,"DECOLURE Satin Fitted Sheet King Size (1 PC) – Luxuriously Smooth & Softer Than Silk Bed Sheets w/ 15 Inch Deep Pocket Hypoallergenic Wrinkle Free, Secure Snug Fit, Elastic Corner Straps (Ivory)",New,121,0,2,86,36,0,0,0,USD,6,49,91,128,,19.95,0,19.95,0,NoRestockExcessActionRequired,,0,0,0,0,0.66,0.186151,cubic feet,Standard,22.524271,US,gl_home,14844,78,0,9,12,19.95,111.7,945.55,1781.45,2549.6,1,1,0,36,0,20.77,0,0,0,0,,5,0,76,7.07,0,0,0,0,0,0,0,0,0,0,0,0,0,0,146.4,72,Healthy,24,2026-05-06,2026-04-27,Yes,No,99.9,146.4,2026-04-27,122,1,3,1,82,unassigned,N,,,
2026-04-30,SATIN-IVORY-KING-6PCS,X003UMBMYJ,B0C7FFMKP8,"DECOLURE Satin Bed Sheets - 6 Piece Luxury Silky King Size Bedding Set - Softer Than Silk, Wrinkle-Free with 15” Deep Pocket Fitted Sheet, Perfect for Hair & Skin, Gifts for Women (Ivory)",New,209,0,5,1,207,0,0,0,USD,5,15,37,58,,33.95,0,33.95,31.45,Create Outlet deal,,31.46,2,0,582.51,0.22,0.262354,cubic feet,Standard,54.831986,US,gl_home,24922,366,154,55,46,33.95,169.75,509.17,1267.07,1980.02,1,3,1,207,0,88.1,0,0,0,0,,28,0,2,0.26,200,52.45,5,1.96,0,0,0,0,0,0,0,0,0,0,467.2,29,Excess,,,2026-04-27,Yes,No,467.2,414.8,2026-04-27,209,0,28,0,366,unassigned,N,,,
2026-04-30,SATIN-FITTED-FULL-PURPLE,X004CBH9PN,B0DBVZGV7Y,"DECOLURE Satin Fitted Sheet Full Size (1 PC) – Luxuriously Smooth & Softer Than Silk Bed Sheets w/ 15 Inch Deep Pocket Hypoallergenic Wrinkle Free, Secure Snug Fit, Elastic Corner Straps (Purple)",New,132,0,0,60,73,0,0,0,USD,2,9,29,42,,17.95,0,17.95,0,NoRestockExcessActionRequired,,0,0,0,243.93,0.28,0.113689,cubic feet,Standard,15.006948,US,gl_home,14844,301,115,58,40,17.95,35.9,157.35,516.35,754.7,0,0,0,73,0,15.47,0,0,0,0,,1,0,93,5.29,0,0,0,0,0,0,0,0,0,0,0,0,0,0,460.6,27,Excess,,,2026-04-27,Yes,No,460.6,312.7,2026-04-27,132,0,1,0,304,unassigned,N,,,
2026-04-30,BAMBOO-TWIN-BLACK,X003TONHN7,B0BZPZN1GV,"DECOLURE 100% Viscose Derived from Bamboo Sheets Twin Size - Luxury 3 Pc Naturally Cooling Sheets, Ultra Soft Bed Set - Deep 17"" Pockets, Durable Double Stitching, Oeko Tex Standard (Black)",New,11,0,19,0,0,0,0,0,USD,5,13,20,32,,59.99,0,59.99,0,CreateShippingPlan,,0,0,0,0,1.27,0.198463,cubic feet,Standard,2.183093,US,gl_home,11515,48,0,7,9,59.99,299.95,767.22,1200.52,1885.61,19,0,0,0,0,2.04,12,12,0,0,,6,0,,,,,,,,,,,,,,,,,60.4,27,Low stock,20,2026-05-06,2026-04-27,Yes,No,41.2,60.4,2026-04-27,29,6,0,0,78,unassigned,N,,,
2026-04-30,SATIN-6PC-FULL-SAGE GREEN,X004BS2KQF,B0D9QVPJ4C,"DECOLURE Satin Bed Sheets - 6 Piece Luxury Silky Full Size Bedding Set - Softer Than Silk, Wrinkle-Free with 15” Deep Pocket Fitted Sheet, Perfect for Hair & Skin, Gifts for Women (Sage Green)",New,44,0,0,0,0,57,0,0,USD,2,15,25,27,,29.95,0,29.95,0,Create Outlet deal,,25.86,2,0,524.27,0.39,0.297617,cubic feet,Standard,13.095148,US,gl_home,24922,294,45,11,21,29.95,59.9,356.43,555.11,605.35,0,0,0,57,0,80.23,0,0,0,0,,12,0,0,0,0,0,0,0,10,16.22,32,54.3,15,26.35,0,0,0,0,244,12,Excess,,,2026-04-27,Yes,No,89.7,244,2026-04-27,46,2,10,0,366,unassigned,N,,,
2026-04-30,BAMBOO-FULL-LIGHTOLIVE,X003TO84FD,B0BZPZPGDC,"DECOLURE 100% Viscose Derived from Bamboo Sheets Full Size - Luxury 4 Pc Naturally Cooling Sheets, Ultra Soft Bed Set - Deep 17"" Pockets, Durable Double Stitching, Oeko Tex Standard (Light Olive)",New,157,0,2,42,20,2,3,90,USD,1,4,10,16,,90.99,0,90.99,0,Edit listing,,0,0,0,5416.31,0.1,0.242455,cubic feet,Standard,38.065435,US,gl_home,11515,366,133,157,127,90.99,90.99,270.93,623.48,1018.42,1,0,1,22,0,212.78,0,0,0,0,,3,0,60,7.25,0,0,0,0,2,2.64,2,2.76,0,0,2,3.34,91,174.33,1223.5,20,Excess,,,2026-04-27,Yes,No,1223.5,890.3,2026-04-27,158,1,2,0,366,unassigned,N,,,
2026-04-30,SATIN-6PC-KING-LAVENDER,X004BS2KNN,B0D9QRRTN7,"DECOLURE Satin Bed Sheets - 6 Piece Luxury Silky King Size Bedding Set - Softer Than Silk, Wrinkle-Free with 15” Deep Pocket Fitted Sheet, Perfect for Hair & Skin, Gifts for Women (Lavender)",New,17,0,0,19,0,0,0,0,USD,1,14,30,39,,33.95,0,33.95,0,GoToRestock,,0,0,0,0,0.84,0.408429,cubic feet,Standard,6.943293,US,gl_home,24922,46,0,4,5,33.95,33.95,475.21,1018.41,1341.96,0,0,0,0,0,2.98,0,0,0,0,,1,0,,,,,,,,,,,,,,,,,93.7,27,Low stock,38,2026-05-07,2026-04-27,Yes,No,42.5,93.7,2026-04-27,17,0,1,0,49,unassigned,N,,,
2026-04-30,LINEN-CURTAIN-52x96-BEIGE-2-PCS,X004NSWZ0J,B0F638G1PV,"DECOLURE Linen Blackout Curtains - SunShield 96 Inches Long Black Out Curtains for Living Room and Bedroom Windows - Luxury Faux Linen, 2 Panels Set, Ultra Durable - 96 Length x 52 in (Beige)",New,100,0,0,0,118,0,0,0,USD,0,0,0,0,Low traffic,31.99,0,31.99,0,Create removal order,,0,0,0,7048.52,0,0.267167,cubic feet,Standard,26.7167,US,gl_home,6818425,366,100,,,31.99,0,0,0,0,0,0,0,118,0,135.84,0,0,0,0,,18,0,0,0,0,0,27,10.82,91,132.51,0,0,0,0,0,0,0,0,,3,Excess,,,,,,,,2026-04-27,100,0,18,0,366,unassigned,N,,,
2026-04-30,SATIN-FITTED-TWIN-BLUSH-PINK,X004CBXM0T,B0DBVZMMPN,"DECOLURE Satin Fitted Sheet Twin Size (1 PC) – Luxuriously Smooth & Softer Than Silk Bed Sheets w/ 15 Inch Deep Pocket Hypoallergenic Wrinkle Free, Secure Snug Fit, Elastic Corner Straps (Blush Pink)",New,150,0,0,63,90,0,0,0,USD,1,3,12,18,,16.95,0,16.06,0,Edit listing,,0,0,0,2545.32,0.11,0.083333,cubic feet,Standard,12.49995,US,gl_home,14844,366,139,200,108,16.06,16.95,47.26,205.81,307.51,0,0,0,90,0,13.65,0,0,0,0,,6,0,110,4.6,0,0,0,0,0,0,0,0,0,0,0,0,0,0,951.4,13,Excess,,,2026-04-27,Yes,No,951.4,605.2,2026-04-27,153,3,3,0,366,unassigned,N,,,
2026-04-30,BM-CALKING-PINK,X0045ANMAR,B0CWJ19HT3,DECOLURE Cooling Bed Sheets Cal-King Set 4pcs - Luxurious & Soft California King Size Cooling Sheets for Hot Sleepers - Comfy & Cool California King Bamboo Viscose Microfiber Sheets (Pink),New,79,0,0,80,0,0,0,0,USD,1,7,15,19,Low conversion,49.95,0,49.95,0,Lower price,,0,0,0,5085.54,0.21,0.233082,cubic feet,Standard,18.413478,US,gl_home,99235,366,79,45,54,49.95,41.69,288.53,620.83,788.09,0,0,0,0,0,13.17,0,0,0,0,,1,0,,,,,,,,,,,,,,,,,456.9,5,Excess,,,2026-04-27,Yes,No,313.4,456.9,2026-04-27,79,0,0,1,366,unassigned,N,,,
2026-04-30,BM-TWIN-WHITE,X003VHUJH9,B0C9LVNKHG,DECOLURE Cooling Bed Sheets Twin Set 3pcs - Luxurious & Ultra-Soft Twin Size Cooling Sheets for Hot Sleepers - Comfortable Cool Bamboo Viscose Microfiber Sheets Twin Size w/Deep Pockets (White),New,95,0,0,73,24,3,2,5,USD,0,1,3,6,Low conversion,39.95,0,39.95,0,Create Outlet deal,,23.76,2,0,6540.67,0.05,0.266574,cubic feet,Standard,25.32453,US,gl_home,99235,366,95,380,205,39.95,0,33.95,101.85,203.7,0,0,0,27,0,30.59,0,0,0,0,,12,0,96,12.79,0,0,0,0,2,2.91,0,0,1,1.57,2,3.68,5,10.53,3231,5,Excess,,,2026-04-27,Yes,No,3231,1635.8,2026-04-27,95,0,12,0,366,unassigned,N,,,
2026-04-30,WATERPROOF-CHAIR-COVER-BLACK-4PCS,X00462S2DL,B0CY6MJBWN,"Waterproof Dining Chair Covers Set of 4 - 3 Layers Thick Fabric Parsons Chair Slip Covers - Jacquard Kitchen Chair Covers & Stretch Protectors for Dining Room, Restaurant - Removable Washable (Black)",New,91,0,4,18,36,16,40,0,USD,5,26,35,48,,29.99,0,29.99,0,Create Outlet deal,,15.99,2,0,853.7,0.33,0.279051,cubic feet,Standard,25.393641,US,gl_home,71038,61,0,14,24,29.99,109.95,498.24,666.15,960.02,3,0,1,42,10,175.68,0,0,0,0,,22,0,13,1.82,2,0.56,1,0.42,37,56.27,2,3.18,0,0,50,96.28,0,0,284.6,41,Healthy,,,2026-04-27,Yes,No,154,284.6,2026-04-27,112,21,1,0,62,unassigned,N,,,
2026-04-30,BAMBOO-FULL-LIGHTGREY-6PCS,X00438MCVB,B0CQ32VM8N,"DECOLURE 100% Viscose Derived from Bamboo Sheets Full Size - Luxury 6 Pc Naturally Cooling Sheets, Ultra Soft Bed Set - Deep 17"" Pockets, Durable Double Stitching, Oeko Tex Standard (Light Grey)",New,205,0,2,74,137,0,0,0,USD,3,16,23,58,,74.99,0,74.99,0,NoRestockExcessActionRequired,,0,0,0,358.32,0.24,0.262047,cubic feet,Standard,53.719635,US,gl_home,14195,366,146,51,45,74.99,224.97,1149.34,1598.43,3933.58,0,0,2,137,0,76.64,0,0,0,0,,11,0,97,12.7,84,21.98,29,11.39,0,0,0,0,0,0,0,0,0,0,420,41,Excess,,,2026-04-27,Yes,No,420,367.2,2026-04-27,205,0,11,0,366,unassigned,N,,,
2026-04-30,SS-SATIN-GOLD-TWIN-3PCS,X004D7A1YH,B0DDR15FTY,"SLEEP SANCTUARY Satin Sheets Twin Size – 3 Piece Luxury Silky Bed Set, Softer Than Silk, 15"" Deep Pocket, Cooling & Wrinkle-Free, Moisture-Wicking & Breathable for Hair & Skin (Gold)",New,24,0,0,1,2,0,21,0,USD,0,0,2,3,Low conversion,27.95,0,27.95,0,Create Outlet deal,,24.46,2,0,952.21,0.12,0.128822,cubic feet,Standard,3.091728,US,gl_home,14711,366,24,,104,27.95,0,0,62.9,97.85,0,0,0,2,0,21.58,0,0,0,0,,0,0,1,0.06,0,0,0,0,1,0.7,0,0,0,0,21,18.68,0,0,,4,Excess,,,,,,,764,2026-04-27,24,0,0,0,366,unassigned,N,,,
2026-04-30,SATIN-STRIPE-FULL-BLUE--6-PCS,X003UO39FH,B0C7K6CKLC,"DECOLURE Satin Bed Sheets - 6 Piece Luxury Silky Full Size Bedding Set - Softer Than Silk, Wrinkle-Free with 15” Deep Pocket Fitted Sheet, Perfect for Hair & Skin, Gifts for Women (Striped Blue)",New,64,0,0,0,48,23,0,0,USD,0,3,8,9,,29.95,0,29.95,0,Create Outlet deal,,18.47,2,0,4992.87,0.12,0.301279,cubic feet,Standard,19.281856,US,gl_home,24922,366,64,85,92,29.95,0,85.76,227.33,264.28,0,0,0,71,0,119.97,0,0,0,0,,7,0,0,0,0,0,0,0,48,78.82,23,39.51,0,0,0,0,0,0,691.7,7,Excess,,,2026-04-27,Yes,No,434.6,691.7,2026-04-27,64,0,6,1,366,unassigned,N,,,
2026-04-30,LINEN-CURTAIN-52x63-LIGHT-GREY-2-PCS,X004NSXCPB,B0F639KHTY,"DECOLURE Linen Blackout Curtains - SunShield 63 Inches Long Black Out Curtains for Living Room and Bedroom Windows - Luxury Faux Linen, 2 Panels Set, Ultra Durable - 63 Length x 52 in (Light Grey)",New,46,0,0,0,46,0,0,0,USD,0,0,0,0,Low traffic,27.99,0,27.99,0,Create removal order,,0,0,0,2810.09,0,0.199952,cubic feet,Standard,9.197792,US,gl_home,8071990,366,46,,,27.99,0,0,0,0,0,0,0,46,0,48.37,0,0,0,0,,0,0,0,0,0,0,9,2.7,37,40.33,0,0,0,0,0,0,0,0,,3,Excess,,,,,,,,2026-04-27,46,0,0,0,366,unassigned,N,,,
2026-04-30,BAMBOO-QUEEN-BLACK-6PCS,X00438TNN1,B0CQ31CZTJ,"DECOLURE 100% Viscose Derived from Bamboo Sheets Queen Size - Luxury 6 Pc Naturally Cooling Sheets, Ultra Soft Bed Set - Deep 17"" Pockets, Durable Double Stitching, Oeko Tex Standard (Black)",New,56,0,70,0,0,0,0,0,USD,17,24,66,171,,84.99,0,84.99,0,GoToRestock,,0,0,0,0,2.46,0.301884,cubic feet,Standard,16.905504,US,gl_home,14195,112,0,21,9,84.99,1384.83,1959.76,5395.59,13459.54,70,0,0,0,0,23.02,72,0,48,24,,67,0,,,,,,,,,,,,,,,,,36.9,111,Healthy,10,2026-05-07,2026-04-27,Yes,No,36.9,23.1,2026-04-27,192,64,2,1,113,unassigned,N,,,
2026-04-30,SS-SATIN-STRIPED-GOLD-FULL-4PCS,X004D7COIX,B0DDR7G7Z8,"SLEEP SANCTUARY Satin Sheets Full Size – 4 Piece Luxury Silky Bed Set, Softer Than Silk, 15"" Deep Pocket, Cooling & Wrinkle-Free, Moisture-Wicking & Breathable for Hair & Skin (Striped Gold)",New,45,0,30,12,0,0,3,0,USD,0,1,2,2,,31.95,0,31.95,0,Create Outlet deal,,18.97,2,0,1665.31,0.05,0.154324,cubic feet,Standard,6.94458,US,gl_home,14711,366,45,180,292,31.95,0,37.95,75.9,75.9,0,0,30,0,0,8.15,0,0,0,0,,0,0,0,0,0,0,0,0,0,0,0,0,0,0,3,3.19,0,0,1972,4,Excess,,,2026-04-27,Yes,No,1370,1972,2026-04-27,45,0,0,0,366,unassigned,N,,,
2026-04-30,BAMBOO-KING-BLACK-6PCS,X00438F4ED,B0CQ331L15,"DECOLURE 100% Viscose Derived from Bamboo Sheets King Size - Luxury 6 Pc Naturally Cooling Sheets, Ultra Soft Bed Set - Deep 17"" Pockets, Durable Double Stitching, Oeko Tex Standard (Black)",New,22,0,25,0,0,0,0,0,USD,19,58,204,362,,89.99,0,89.99,0,CreateShippingPlan,,0,0,0,0,4.12,0.36852,cubic feet,Standard,8.10744,US,gl_home,14195,33,0,4,2,89.99,1609.81,4994.42,17627.96,30857.38,25,0,0,0,0,9.23,40,0,24,16,,34,0,,,,,,,,,,,,,,,,,24.1,176,Low stock,255,2026-05-07,2026-04-27,Yes,No,8.9,24.1,2026-04-27,94,32,1,1,33,unassigned,N,,,
2026-04-30,SS-BAMBOO-BLACK-FULL-6PCS,X004D8I4A9,B0DDTYX8VX,"SLEEP SANCTUARY 100% Viscose Derived from Bamboo Sheets Full 6pcs – BamBliss Luxury Cooling Sheets for Hot Sleepers - Cloud Soft, 17"" Deep Pocket, Ultra Durable Bed Set (Black)",New,54,0,0,8,46,0,0,0,USD,0,6,11,22,,59.99,0,59.99,0,Create Outlet deal,,32.49,2,0,1495.64,0.35,0.293438,cubic feet,Standard,15.845652,US,gl_home,47560,298,50,36,31,59.99,0,359.94,659.89,1334.78,0,0,0,46,0,23.1,0,0,0,0,,0,0,18,2.64,34,9.99,0,0,0,0,0,0,0,0,0,0,0,0,250.7,13,Excess,,,2026-04-27,Yes,No,245.6,250.7,2026-04-27,54,0,0,0,298,unassigned,N,,,
2026-04-30,SS-SATIN-ROSEWOOD-QUEEN-4PCS,X004D7A20P,B0DDR5VW96,"SLEEP SANCTUARY Satin Sheets Queen Size – 4 Piece Luxury Silky Bed Set, Softer Than Silk, 15"" Deep Pocket, Cooling & Wrinkle-Free, Moisture-Wicking & Breathable for Hair & Skin (Rosewood)",New,77,0,56,15,9,0,0,0,USD,10,29,63,88,,33.95,0,33.95,0,NoExcessInventory,,0,0,0,0,0.83,0.348306,cubic feet,Standard,26.819562,US,gl_home,14711,89,0,10,11,33.95,339.5,947.26,2107.56,2956.31,1,31,24,9,0,15.5,0,0,0,0,,0,0,16,2.77,0,0,0,0,0,0,0,0,0,0,0,0,0,0,116,57,Healthy,29,2026-05-06,2026-04-27,Yes,No,115,116,2026-04-27,77,0,0,0,89,unassigned,N,,,
2026-04-30,SATIN-FITTED-FULL-IVORY,X004CBVFA3,B0DBW2GW4S,"DECOLURE Satin Fitted Sheet Full Size (1 PC) – Luxuriously Smooth & Softer Than Silk Bed Sheets w/ 15 Inch Deep Pocket Hypoallergenic Wrinkle Free, Secure Snug Fit, Elastic Corner Straps (Ivory)",New,150,0,3,41,108,0,0,0,USD,3,11,21,34,,17.95,0,16.06,0,NoRestockExcessActionRequired,,0,0,0,479.92,0.18,0.131541,cubic feet,Standard,19.73115,US,gl_home,14844,366,134,54,57,16.06,48.18,191.78,371.28,616.63,1,0,2,108,0,21.99,0,0,0,0,,3,0,128,8.49,0,0,0,0,0,0,0,0,0,0,0,0,0,0,548,26,Excess,,,2026-04-27,Yes,No,483.3,548,2026-04-27,151,1,2,0,366,unassigned,N,,,
2026-04-30,SATIN-FITTED-TWIN-PINK,X004CBXMQX,B0DBW2HDDZ,"DECOLURE Satin Fitted Sheet Twin Size (1 PC) – Luxuriously Smooth & Softer Than Silk Bed Sheets w/ 15 Inch Deep Pocket Hypoallergenic Wrinkle Free, Secure Snug Fit, Elastic Corner Straps (Pink)",New,181,0,0,61,120,2,0,0,USD,2,5,8,17,,16.95,0,16.06,0,Edit listing,,0,0,0,4812.6,0.08,0.139978,cubic feet,Standard,25.336018,US,gl_home,14844,366,165,144,138,16.06,32.28,93.25,144.1,296.65,0,0,0,122,0,29.23,0,0,0,0,,4,0,121,8.47,20,2.8,0,0,0,0,0,0,2,1.65,0,0,0,0,1886.7,13,Excess,,,2026-04-27,Yes,No,1886.7,1165.3,2026-04-27,181,0,3,1,366,unassigned,N,,,
2026-04-30,SATIN-STRIPE-QUEEN-RED,X0030KKNX7,B09G6KCTXW,"DECOLURE Satin Bed Sheets - 4 Piece Luxury Silky Queen Size Bedding Set - Softer Than Silk, Wrinkle-Free with 15” Deep Pocket Fitted Sheet, Perfect for Hair & Skin, Gifts for Women (Striped Red)",New,65,0,15,55,0,0,0,0,USD,4,32,55,87,,31.95,0,31.95,0,NoRestockExcessActionRequired,,0,0,0,0,0.81,0.171125,cubic feet,Standard,11.123125,US,gl_home,10574,115,0,8,9,31.95,124.6,993.67,1743.52,2741.92,13,0,2,0,0,6.79,0,0,0,0,,3,0,,,,,,,,,,,,,,,,,113.5,32,Healthy,,,2026-04-27,Yes,No,68.1,113.5,2026-04-27,68,3,0,0,115,unassigned,N,,,
2026-04-30,SATIN-6PC-FULL-BLUSH PINK,X004BS2KRT,B0D9QT3LWG,"DECOLURE Satin Bed Sheets - 6 Piece Luxury Silky Full Size Bedding Set - Softer Than Silk, Wrinkle-Free with 15” Deep Pocket Fitted Sheet, Perfect for Hair & Skin, Gifts for Women (Blush Pink)",New,82,0,6,14,74,0,0,0,USD,2,4,7,11,,29.95,0,29.95,0,Create Outlet deal,,26.56,2,0,3452.48,0.11,0.284121,cubic feet,Standard,23.297922,US,gl_home,24922,366,82,82,96,29.95,56.33,116.22,214.07,333.87,0,0,6,74,0,28.18,0,0,0,0,,12,0,48,6.81,32,9.07,0,0,0,0,0,0,0,0,0,0,0,0,902.9,7,Excess,,,2026-04-27,Yes,No,722.5,902.9,2026-04-27,82,0,12,0,366,unassigned,N,,,
2026-04-30,SL-COOLING-SHEET-QUEEN-CREAM,X004OD4MV3,B0F7LWK826,"SLEEPHORIA Cooling Sheets - BreezeWeave 4 PC Queen Size Cooling Bed Sheets for Hot Sleepers & Deep, Cool Rest - Cloud Soft, Silky Smooth, 16 in Deep Pocket, Ultra Durable (Cream)",New,26,0,1,58,0,0,0,0,USD,15,48,76,89,,64.99,0,64.99,0,GoToRestock,,0,0,0,0,0.75,0.298002,cubic feet,Standard,7.748052,US,gl_home,32563,45,0,2,3,64.99,974.85,3119.52,4974.24,5834.11,0,1,0,0,0,7.28,0,0,0,0,,31,0,,,,,,,,,,,,,,,,,129.5,26,Healthy,2,2026-05-06,2026-04-27,Yes,No,65.8,129.5,2026-04-27,44,18,10,3,57,unassigned,N,,,
2026-04-30,SS-SATIN-PINK-TWIN-3PCS,X004D7K7PZ,B0DDRC2CDX,"SLEEP SANCTUARY Satin Sheets Twin Size – 3 Piece Luxury Silky Bed Set, Softer Than Silk, 15"" Deep Pocket, Cooling & Wrinkle-Free, Moisture-Wicking & Breathable for Hair & Skin (Pink)",New,58,0,54,11,0,0,0,0,USD,2,8,11,13,,29.95,0,29.95,0,Create Outlet deal,,24.46,2,0,3017.69,0.18,0.247896,cubic feet,Standard,14.377968,US,gl_home,14711,366,58,29,58,29.95,59.9,239.57,329.42,389.32,0,0,54,0,0,10.37,0,0,0,0,,21,0,,,,,,,,,,,,,,,,,689.5,11,Excess,,,2026-04-27,Yes,No,420.3,689.5,2026-04-27,59,1,20,0,366,unassigned,N,,,
2026-04-30,SATIN-QUEEN-BLACK-6-PCS,X003UMHETV,B0C7FX1GFS,"DECOLURE Satin Bed Sheets - 6 Piece Luxury Silky Queen Size Bedding Set - Softer Than Silk, Wrinkle-Free with 15” Deep Pocket Fitted Sheet, Perfect for Hair & Skin, Gifts for Women (Black)",New,12,0,22,0,0,0,0,0,USD,25,79,187,301,,29.95,0,29.95,0,GoToRestock,,0,0,0,0,1.82,0.279671,cubic feet,Standard,3.356052,US,gl_home,24922,89,0,11,9,29.95,748.75,2365.69,5654.29,9068.59,22,0,0,0,0,0.65,216,0,216,0,,6,0,,,,,,,,,,,,,,,,,38.5,126,Low stock,73,2026-05-07,2026-04-27,Yes,No,13.8,38.5,2026-04-27,229,1,2,3,90,unassigned,N,,,
2026-04-30,SS-BAMBOO-SAGE-GREEN-QUEEN-6PCS,X004D8X8PZ,B0DDTYMBWR,"SLEEP SANCTUARY 100% Viscose Derived from Bamboo Sheets Queen Size 6pcs – BamBliss Luxury Cooling Sheets for Hot Sleepers - Cloud Soft, 17"" Deep Pocket, Ultra Durable Bed Set (Sage Green)",New,97,0,1,2,93,0,0,0,USD,7,29,52,69,,64.99,0,64.99,0,NoExcessInventory,,0,0,0,0,0.51,0.325183,cubic feet,Standard,31.542751,US,gl_home,47560,131,0,13,18,64.99,454.93,1879.71,3374.48,4489.31,1,0,0,93,0,43.13,0,0,0,0,,1,0,36,5.86,57,18.57,0,0,0,0,0,0,0,0,0,0,0,0,191.4,33,Healthy,,,2026-04-27,Yes,No,117.4,191.4,2026-04-27,97,0,1,0,132,unassigned,N,,,
2026-04-30,SATIN-4PC-KING-BURNT ORANGE,X0042WN26R,B0CQRXP69H,"DECOLURE Satin Bed Sheets - 4 Piece Luxury Silky King Size Bedding Set - Softer Than Silk, Wrinkle-Free with 15” Deep Pocket Fitted Sheet, Perfect for Hair & Skin, Gifts for Women (Burnt Orange)",New,46,0,1,0,50,0,0,0,USD,7,31,55,98,,33.95,0,33.95,0,CreateShippingPlan,,0,0,0,0,0.98,0.283249,cubic feet,Standard,13.029454,US,gl_home,10574,53,0,5,6,32.25,237.65,1052.29,1902.09,3327.94,1,0,0,50,0,17.48,0,0,0,0,,3,0,0,0,50,14.17,0,0,0,0,0,0,0,0,0,0,0,0,93.6,31,Healthy,25,2026-05-07,2026-04-27,Yes,No,73.5,93.6,2026-04-27,48,2,1,0,53,unassigned,N,,,
2026-04-30,BAMBOO-TWIN-SAGE GREEN,X0040HMSN7,B0CLKBT95K,"DECOLURE 100% Viscose Derived from Bamboo Sheets Twin Size - Luxury 3 Pc Naturally Cooling Sheets, Ultra Soft Bed Set - Deep 17"" Pockets, Durable Double Stitching, Oeko Tex Standard (Sage Green)",New,66,0,16,42,14,0,0,0,USD,0,0,20,24,Low conversion,87.99,0,53.99,29.84,NoRestockExcessActionRequired,,0,0,0,65.05,0.33,0.199754,cubic feet,Standard,13.183764,US,gl_home,11515,342,16,,39,53.99,0,0,1130.55,1350.51,13,2,1,14,0,16.75,6,6,0,0,,6,0,30,3,2,0.4,12,3.6,0,0,0,0,0,0,0,0,0,0,,21,Excess,,,,,,,265.8,2026-04-27,78,6,0,0,366,unassigned,N,,,
2026-04-30,BAMBOO-CALIFKING-TAUPE,X002O4Z4J3,B08KQJTLZP,"DECOLURE 100% Viscose Derived from Bamboo Sheets California King Size - Luxury 4 Pc Naturally Cooling Sheets, Ultra Soft Bed Set - Deep 17"" Pockets, Double Stitching, Oeko Tex Standard (Taupe)",New,6,0,19,0,0,0,0,0,USD,13,14,14,34,,84.99,0,84.99,0,NoRestockExcessActionRequired,,,0,0,,2.67,0.290769,cubic feet,Standard,1.744614,US,gl_home,11515,65,0,30,41,84.99,1035.83,1120.82,1120.82,2715.62,19,0,0,0,0,,102,36,66,0,,1,0,,,,,,,,,,,,,,,,,31,27,Low stock,,,2026-04-27,Yes,No,31,12.1,2026-04-27,108,0,0,1,107,unassigned,N,,,
2026-04-30,SATIN-4PC-TWIN-DARK GREEN,X004BS2KOH,B0D9QRPTXQ,"DECOLURE Satin Bed Sheets - 4 Piece Luxury Silky Twin Size Bedding Set - Softer Than Silk, Wrinkle-Free with 15” Deep Pocket Fitted Sheet, Perfect for Hair & Skin, Gifts for Women (Dark Green)",New,31,0,0,14,0,18,0,0,USD,1,2,2,2,,36.95,0,36.95,0,Create Outlet deal,,19.56,2,0,1384.65,0.03,0.162244,cubic feet,Standard,5.029564,US,gl_home,24922,366,31,62,201,36.95,36.95,62.11,62.11,62.11,0,0,0,18,0,19.66,0,0,0,0,,0,0,0,0,0,0,0,0,0,0,6,5.54,12,11.5,0,0,0,0,2960,3,Excess,,,2026-04-27,Yes,No,980,2960,2026-04-27,31,0,0,0,366,unassigned,N,,,
2026-04-30,SS-SATIN-STRIPED-PINK-TWIN-3PCS,X004D7LY9N,B0DDQX418B,"SLEEP SANCTUARY Satin Sheets Twin Size – 3 Piece Luxury Silky Bed Set, Softer Than Silk, 15"" Deep Pocket, Cooling & Wrinkle-Free, Moisture-Wicking & Breathable for Hair & Skin (Striped Pink)",New,47,0,36,0,0,11,0,0,USD,1,1,2,4,,29.95,0,29.95,0,Create Outlet deal,,22.36,2,0,1800.8,0.11,0.143214,cubic feet,Standard,6.731058,US,gl_home,14711,366,47,188,152,29.95,29.95,29.95,61.9,121.8,0,18,18,1,10,15.45,0,0,0,0,,0,0,0,0,0,0,0,0,0,0,1,0.82,0,0,10,9.88,0,0,1438,4,Excess,,,2026-04-27,Yes,No,1438,806.3,2026-04-27,47,0,0,0,366,unassigned,N,,,
2026-04-30,SL-CLG-COMF-MINT-GREEN/DARK-GREY-TWIN,X004OD84XF,B0F7M7C4ZC,"SLEEPHORIA Cooling Comforter - BreezeWeave Cooling Blanket Twin Size for Hot Sleepers & Deep Rest - Cloud Soft, Breathable, Ultra Durable, Easy Care, Reversible - 68 x 90 in (Mint Green & Dark Grey)",New,202,0,87,185,0,0,0,0,USD,3,32,47,49,,54.99,0,54.99,0,Create Outlet deal,,38.49,2,0,15677.15,0.18,0.606992,cubic feet,Standard,122.612384,US,gl_home,285939,366,203,25,53,54.99,164.97,1759.68,2584.53,2694.51,2,1,84,0,0,89.35,0,0,0,0,,69,0,,,,,,,,,,,,,,,,,557.9,30,Excess,,,2026-04-27,Yes,No,278.8,557.9,2026-04-27,210,8,61,0,366,unassigned,N,,,
2026-04-30,SATIN-ROSEWOOD-QUEEN-6PCS,X003UM8ZNZ,B0C7FMCXBV,"DECOLURE Satin Bed Sheets - 6 Piece Luxury Silky Queen Size Bedding Set - Softer Than Silk, Wrinkle-Free with 15” Deep Pocket Fitted Sheet, Perfect for Hair & Skin, Gifts for Women (Rosewood)",New,152,0,10,6,102,13,1,22,USD,7,42,68,87,,31.95,0,31.95,0,NoExcessInventory,,0,0,0,0,0.43,0.216356,cubic feet,Standard,32.886112,US,gl_home,24922,166,0,14,22,31.95,223.65,1151.07,1996.17,2611.59,2,6,2,115,0,75.01,0,0,0,0,,3,0,0,0,100,21.63,1,0.32,1,1.18,12,14.8,1,1.28,1,1.49,22,37.6,200.7,67,Healthy,,,2026-04-27,Yes,No,126.3,200.7,2026-04-27,153,1,1,1,169,unassigned,N,,,
2026-04-30,SATIN-FITTED-KING-NAVY-BLUE,X004CBVDDR,B0DBW336HD,"DECOLURE Satin Fitted Sheet King Size (1 PC) – Luxuriously Smooth & Softer Than Silk Bed Sheets w/ 15 Inch Deep Pocket Hypoallergenic Wrinkle Free, Secure Snug Fit, Elastic Corner Straps (Navy Blue)",New,201,0,2,45,183,0,0,0,USD,12,35,74,98,,19.95,0,18.16,0,NoRestockExcessActionRequired,,0,0,0,53.2,0.34,0.205663,cubic feet,Standard,41.338263,US,gl_home,14844,164,111,22,26,18.16,226.66,683.71,1461.76,1964.56,0,1,1,183,0,53.89,0,0,0,0,,9,0,81,8.33,123,25.28,0,0,0,0,0,0,0,0,0,0,0,0,277.9,73,Excess,,,2026-04-27,Yes,No,208.6,277.9,2026-04-27,201,0,7,2,173,unassigned,N,,,
2026-04-30,SS-BAMBOO-LIGHT-GREY-CALIFKING-6PCS,X004D8Q12H,B0DDTYRRKS,"SLEEP SANCTUARY 100% Viscose Derived from Bamboo Sheets California King Size 6pcs – BamBliss Luxury Cooling Sheets for Hot Sleepers - Cloud Soft, 17"" Deep Pocket, Ultra Durable Bed Set (Light Grey)",New,5,0,1,1,3,0,0,0,USD,0,2,8,15,,69.99,0,69.99,0,Create Outlet deal,,37.49,2,0,526.75,1.36,0.302756,cubic feet,Standard,1.51378,US,gl_home,47560,45,0,10,4,69.99,0,139.98,559.92,1059.85,0,0,1,3,0,1.53,0,0,0,0,,0,0,3,0.45,0,0,0,0,0,0,0,0,0,0,0,0,0,0,95,6,Low stock,5,2026-05-05,2026-04-27,Yes,No,95,64.3,2026-04-27,5,0,0,0,45,unassigned,N,,,
2026-04-30,SATIN-4PC-TWIN-LAVENDER,X004BS2KO7,B0D9QTXKQ8,"DECOLURE Satin Bed Sheets - 4 Piece Luxury Silky Twin Size Bedding Set - Softer Than Silk, Wrinkle-Free with 15” Deep Pocket Fitted Sheet, Perfect for Hair & Skin, Gifts for Women (Lavender)",New,24,0,0,1,23,0,0,0,USD,0,2,3,5,,27.95,0,27.95,0,Create Outlet deal,,18.47,2,0,871.83,0.19,0.154324,cubic feet,Standard,3.703776,US,gl_home,24922,366,24,48,62,27.95,0,55.89,92.84,144.42,0,0,0,23,0,6.11,0,0,0,0,,0,0,1,0.08,23,3.54,0,0,0,0,0,0,0,0,0,0,0,0,474.6,4,Excess,,,2026-04-27,Yes,No,377.5,474.6,2026-04-27,24,0,0,0,366,unassigned,N,,,
2026-04-30,SL-COOLING-SHEET-FULL-NAVY-BLUE,X004OD0T6P,B0F7LZFKS7,"SLEEPHORIA Cooling Sheets - BreezeWeave 4 PC Full Size Cooling Bed Sheets for Hot Sleepers & Deep, Cool Rest - Cloud Soft, Silky Smooth, 16 in Deep Pocket, Ultra Durable (Navy Blue)",New,23,0,33,0,0,0,0,0,USD,8,35,67,67,,54.99,0,54.99,0,GoToRestock,,0,0,0,0,2.83,0.280668,cubic feet,Standard,6.455364,US,gl_home,32563,33,0,2,4,54.99,439.92,1984.65,3744.33,3744.33,19,14,0,0,0,2.8,0,0,0,0,,10,0,,,,,,,,,,,,,,,,,51.8,26,Low stock,21,2026-05-06,2026-04-27,Yes,No,43.4,51.8,2026-04-27,24,1,9,0,44,unassigned,N,,,
2026-04-30,SS-BAMBOO-MIDGREY-KING-6PCS,X004D8Q5BT,B0DDTZ7XW3,"SLEEP SANCTUARY 100% Viscose Derived from Bamboo Sheets King Size 6pcs – BamBliss Luxury Cooling Sheets for Hot Sleepers - Cloud Soft, 17"" Deep Pocket, Ultra Durable Bed Set (Midgrey)",New,151,0,2,3,156,0,0,0,USD,6,31,72,99,,70.99,0,70.99,0,NoExcessInventory,,0,0,0,0,0.47,0.362058,cubic feet,Standard,54.670758,US,gl_home,47560,197,0,19,19,70.99,424.94,2174.69,5014.28,6908.01,0,2,0,156,0,75.56,0,0,0,0,,7,0,53,9.57,104,37.66,0,0,0,0,0,0,0,0,0,0,0,0,193.5,39,Healthy,,,2026-04-27,Yes,No,153,193.5,2026-04-27,152,1,5,1,205,unassigned,N,,,
2026-04-30,SS-SATIN-BLUSH-PINK-QUEEN-4PCS,X004D7A1WJ,B0DDR1H4YM,"SLEEP SANCTUARY Satin Sheets Queen Size – 4 Piece Luxury Silky Bed Set, Softer Than Silk, 15"" Deep Pocket, Cooling & Wrinkle-Free, Moisture-Wicking & Breathable for Hair & Skin (Blush Pink)",New,108,0,61,2,3,43,0,0,USD,5,21,48,64,,33.95,0,33.95,0,NoExcessInventory,,0,0,0,0,0.54,0.293199,cubic feet,Standard,31.665492,US,gl_home,14711,366,0,48,51,33.95,169.75,754.88,1731.53,2274.73,1,18,42,46,0,79.62,144,0,144,0,,0,0,1,0.15,0,0,2,0.88,1,1.6,42,70.17,0,0,0,0,0,0,177.8,36,Healthy,,,2026-04-27,Yes,No,177.8,164.5,2026-04-27,252,0,0,0,366,unassigned,N,,,
2026-04-30,SATIN-SEA-TEAL-FULL-6PCS,X003UM8Z9J,B0C7FW4Q1C,"DECOLURE Satin Bed Sheets - 6 Piece Luxury Silky Full Size Bedding Set - Softer Than Silk, Wrinkle-Free with 15” Deep Pocket Fitted Sheet, Perfect for Hair & Skin, Gifts for Women (Sea Teal)",New,39,0,0,12,28,0,0,0,USD,3,13,20,31,,29.95,0,29.95,0,NoExcessInventory,,0,0,0,4.37,0.55,0.196781,cubic feet,Standard,7.674459,US,gl_home,24922,366,0,24,33,29.95,89.85,394.31,613.96,943.41,0,0,0,28,0,8.16,42,0,42,0,,1,0,34,3.36,0,0,0,0,0,0,0,0,0,0,0,0,0,0,176.2,17,Healthy,,,2026-04-27,Yes,No,145.7,176.2,2026-04-27,82,1,0,0,366,unassigned,N,,,
2026-04-30,SS-SLEEP-MASK-3D-CONTOURED-BLACK,X004NEYHLD,B0F4XS1FWJ,"SLEEP SANCTUARY 100% Pure Mulberry Silk Sleep Mask - 22 Momme Light Blocking 3D Contour Silk Eye Mask for Sleeping - Secure Fit for Side Sleepers, Women & Men - Cloud Soft (Black)",New,279,0,19,1,1,261,0,0,USD,1,7,22,44,Low traffic,17.95,0,17.95,0,Create Outlet deal,,17.46,2,0,3645.14,0.16,0.05356,cubic feet,Standard,14.94324,US,gl_drugstore,298197,366,264,159,82,17.95,17.95,125.65,394.9,804.44,4,3,12,262,0,90.67,0,0,0,0,,17,0,0,0,1,0.05,0,0,0,0,0,0,261,82.51,0,0,0,0,989.4,8,Excess,,,2026-04-27,Yes,No,989.4,470.9,2026-04-27,279,0,17,0,366,unassigned,N,,,
2026-04-30,SL-COOLING-FITTED-CAL-KING-WHITE,X004OD9Z9R,B0F7M57Q9T,"SLEEPHORIA Cooling Fitted Sheet Calfornia King Size - 1 PC BreezeWeave Cooling Sheets for Hot Sleepers & Cool Rest w/ 16 in Deep Pocket - Corner Straps, Cloud Soft - 69 x 81 in (White)",New,92,0,1,0,84,19,0,0,USD,2,10,17,17,,33.99,0,33.99,0,Create Outlet deal,,17.99,2,0,3803.49,0.15,0.172261,cubic feet,Standard,15.848012,US,gl_home,33953,366,80,36,70,33.99,67.98,355.9,597.83,597.83,1,0,0,103,0,94.99,0,0,0,0,,12,0,0,0,0,0,0,0,103,96.73,0,0,0,0,0,0,0,0,746.4,,Excess,,,2026-04-27,Yes,No,409.5,746.4,2026-04-27,92,0,12,0,366,unassigned,N,,,
2026-04-30,SL-COOLING-SHEET-QUEEN-LIGHT-BLUE,X004OCYGPB,B0F7LZR5DF,"SLEEPHORIA Cooling Sheets - BreezeWeave 4 PC Queen Size Cooling Bed Sheets for Hot Sleepers & Deep, Cool Rest - Cloud Soft, Silky Smooth, 16 in Deep Pocket, Ultra Durable (Light Blue)",,0,0,4,0,0,0,0,0,USD,23,125,211,264,,0,0,64.99,0,CreateShippingPlan,,,0,0,,2.56,0.296593,cubic feet,Standard,0,US,gl_home,32563,0,0,0,0,64.99,1494.77,8123.75,13747.89,17187.36,4,0,0,0,0,,0,0,0,0,,0,0,,,,,,,,,,,,,,,,,43.6,78,Out of stock,150,2026-04-29,2026-04-27,No,No,18.6,43.6,2026-04-27,0,0,0,0,0,unassigned,N,,,
2026-04-30,SS-BAMBOO-CREME-FULL-6PCS,X004D8Q4Y7,B0DDTZ9ZW9,"SLEEP SANCTUARY 100% Viscose Derived from Bamboo Sheets Full 6pcs – BamBliss Luxury Cooling Sheets for Hot Sleepers - Cloud Soft, 17"" Deep Pocket, Ultra Durable Bed Set (Creme)",New,110,0,1,4,106,0,0,0,USD,2,7,10,17,,59.99,0,59.99,0,Create Outlet deal,,32.49,2,0,7178.11,0.15,0.296999,cubic feet,Standard,32.66989,US,gl_home,47560,366,107,62,84,59.99,119.98,419.93,599.9,1029.83,0,1,0,106,0,50.41,0,0,0,0,,0,0,24,3.57,83,24.66,0,0,0,0,0,0,0,0,0,0,0,0,598.5,9,Excess,,,2026-04-27,Yes,No,382.2,598.5,2026-04-27,110,0,0,0,366,unassigned,N,,,
2026-04-30,SL-COOLING-FITTED-KING-CREAM,X004OD08MP,B0F7M6BCNH,"SLEEPHORIA Cooling Fitted Sheet King Size - 1 PC BreezeWeave Cooling Sheets for Hot Sleepers & Cool Rest w/ 16 in Deep Pocket - Corner Straps, Cloud Soft, Ultra Durable - 73 x 77 in (Cream)",New,69,0,1,0,82,0,0,0,USD,7,39,50,50,,32.99,0,32.99,0,NoExcessInventory,,0,0,0,0,0.43,0.158006,cubic feet,Standard,10.902414,US,gl_home,33953,72,0,7,17,32.99,230.93,1350.61,1715.5,1715.5,1,0,0,82,0,59.89,0,0,0,0,,14,0,0,0,0,0,0,0,82,70.6,0,0,0,0,0,0,0,0,223.3,,,,,2026-04-27,Yes,No,80.3,223.3,2026-04-27,70,1,12,1,86,unassigned,N,,,
2026-04-30,SS-BAMBOO-NAVY-BLUE-KING-6PCS,X004D8Q1AJ,B0DDTXJJCS,"SLEEP SANCTUARY 100% Viscose Derived from Bamboo Sheets King Size 6pcs – BamBliss Luxury Cooling Sheets for Hot Sleepers - Cloud Soft, 17"" Deep Pocket, Ultra Durable Bed Set (Navy Blue)",New,133,0,3,0,132,0,0,0,USD,5,34,63,104,,69.99,0,69.99,0,NoExcessInventory,,0,0,0,0,0.56,0.35991,cubic feet,Standard,47.86803,US,gl_home,47560,156,0,15,16,69.99,349.95,2343.66,4373.37,7247.96,0,2,1,132,0,64.88,0,0,0,0,,1,0,49,8.82,83,29.88,0,0,0,0,0,0,0,0,0,0,0,0,162.5,48,Healthy,,,2026-04-27,Yes,No,132,162.5,2026-04-27,133,0,1,0,158,unassigned,N,,,
2026-04-30,BAMBOO-QUEEN-CREME,X002O53Z0R,B08KQK91X7,"DECOLURE 100% Viscose Derived from Bamboo Sheets Queen Size - Luxury 4 Pc Naturally Cooling Sheets, Ultra Soft Bed Set - Deep 17"" Pockets, Durable Double Stitching, Oeko Tex Standard (Creme)",New,38,0,100,0,0,0,0,0,USD,29,121,320,431,,79.99,0,79.99,0,NoRestockExcessActionRequired,,0,0,0,0,1.45,0.268417,cubic feet,Standard,10.199846,US,gl_home,11515,26,0,17,16,79.99,2179.71,9143.2,23083.5,31231.89,5,14,81,0,0,7.46,498,498,0,0,,53,0,,,,,,,,,,,,,,,,,64.2,120,Low stock,,,2026-04-27,No,No,43.1,64.2,2026-04-27,580,44,7,2,175,unassigned,N,,,
2026-04-30,SATIN-FITTED-KING-DARK-GREEN,X004CBXTRF,B0DBVYYWX3,"DECOLURE Satin Fitted Sheet King Size (1 PC) – Luxuriously Smooth & Softer Than Silk Bed Sheets w/ 15 Inch Deep Pocket Hypoallergenic Wrinkle Free, Secure Snug Fit, Elastic Corner Straps (Dark Green)",New,80,0,2,62,22,0,0,0,USD,7,35,59,74,,19.95,0,19.95,0,NoRestockExcessActionRequired,,0,0,0,0,0.57,0.195561,cubic feet,Standard,15.64488,US,gl_home,14844,74,0,18,28,19.95,139.65,689.35,1168.15,1485.4,0,1,1,22,0,13.48,80,80,0,0,,2,0,42,4.11,0,0,0,0,0,0,0,0,0,0,0,0,0,0,161.8,51,Healthy,,,2026-04-27,Yes,No,91.1,161.8,2026-04-27,161,1,0,1,189,unassigned,N,,,
2026-04-30,SS-BAMBOO-NAVY-BLUE-TWIN-4PCS,X004D8Q4NX,B0DDTZ4C2J,"SLEEP SANCTUARY 100% Viscose Derived from Bamboo Sheets Twin Size 4pcs – BamBliss Luxury Cooling Sheets for Hot Sleepers - Cloud Soft, 17"" Deep Pocket, Ultra Durable Bed Set (Navy Blue)",New,19,0,0,2,18,0,0,0,USD,0,0,2,2,Low conversion,54.99,0,54.99,0,Create Outlet deal,,41.99,2,0,1147.55,0.09,0.202365,cubic feet,Standard,3.844935,US,gl_home,47560,366,19,,123,54.99,0,0,119.98,119.98,0,0,0,18,0,5.77,0,0,0,0,,1,0,8,0.8,12,2.42,0,0,0,0,0,0,0,0,0,0,0,0,,3,Excess,,,,,,,982.5,2026-04-27,19,0,1,0,366,unassigned,N,,,
2026-04-30,SL-COOLING-SHEET-QUEEN-REGAL-PURPLE,X004OCWKNL,B0F7LY4DSG,"SLEEPHORIA Cooling Sheets - BreezeWeave 4 PC Queen Size Cooling Bed Sheets for Hot Sleepers & Deep, Cool Rest - Cloud Soft, Silky Smooth, 16 in Deep Pocket, Ultra Durable (Regal Purple)",,0,0,1,0,0,0,0,0,USD,7,74,147,194,,0,0,0,0,CreateShippingPlan,,,0,0,,1.84,0.320047,cubic feet,Standard,0,US,gl_home,32563,0,0,0,0,64.99,454.93,4809.26,9611.53,12666.06,1,0,0,0,0,,0,0,0,0,,0,0,,,,,,,,,,,,,,,,,50.5,70,Out of stock,138,2026-04-29,2026-04-27,Yes,No,14.4,50.5,2026-04-27,0,0,0,0,0,unassigned,N,,,
2026-04-30,BM-CALKING-SAGE-GREEN,X0045AO819,B0CWJ4HG7W,DECOLURE Cooling Bed Sheets Cal-King Set 4pcs - Luxurious & Soft California King Size Cooling Sheets for Hot Sleepers - Comfy & Cool California King Bamboo Viscose Microfiber Sheets (Sage Green),New,72,0,0,74,0,0,0,0,USD,2,5,9,13,,39.95,0,39.95,0,Create Outlet deal,,24.97,2,0,4149.87,0.15,0.233915,cubic feet,Standard,16.84188,US,gl_home,99235,366,72,57,72,39.95,59.9,159.75,309.55,437.35,0,0,0,0,0,12.04,0,0,0,0,,1,0,,,,,,,,,,,,,,,,,613.6,4,Excess,,,2026-04-27,Yes,No,581.8,613.6,2026-04-27,72,0,1,0,366,unassigned,N,,,
2026-04-30,WATERPROOF-CHAIR-COVER-WINE-RED-4PCS,X004631JIZ,B0CY6Q9G59,"Waterproof Dining Chair Covers Set of 4 - 3 Layers Thick Fabric Parsons Chair Slip Covers - Jacquard Kitchen Chair Covers & Stretch Protectors Dining Room, Restaurant - Removable Washable (Wine Red)",New,75,0,2,0,1,2,71,0,USD,5,10,14,18,,31.99,0,31.99,0,Create Outlet deal,,15.99,2,0,3597.51,0.21,0.329908,cubic feet,Standard,24.7431,US,gl_home,71038,194,75,30,54,31.99,133.95,268.9,344.86,425.82,0,1,1,3,0,178.42,0,0,0,0,,1,0,0,0,0,0,0,0,2,3.6,1,1.88,0,0,71,161.64,0,0,498,16,Excess,,,2026-04-27,Yes,No,498,462.4,2026-04-27,75,0,1,0,201,unassigned,N,,,
2026-04-30,LINEN-CURTAIN-52x96-LIGHT-BEIGE-2-PCS,X004NSHDQF,B0F639YZ3D,"DECOLURE Linen Blackout Curtains - SunShield 96 Inches Long Black Out Curtains for Living Room and Bedroom Windows - Luxury Faux Linen, 2 Panels Set, Ultra Durable - 96 Length x 52 in (Light Beige)",New,69,0,0,0,78,0,0,0,USD,0,0,0,1,Low traffic,31.99,0,31.99,0,Create Outlet deal,,14.49,2,0,5269.17,0.06,0.271391,cubic feet,Standard,18.725979,US,gl_home,5035241,366,69,,897,31.99,0,0,0,28.99,0,0,0,78,0,86.27,0,0,0,0,,2,0,0,0,0,0,27,11.01,51,75.43,0,0,0,0,0,0,0,0,,3,Excess,,,,,,,1443.2,2026-04-27,69,0,2,0,366,unassigned,N,,,
2026-04-30,LINEN-CURTAIN-52x90-IVORY-2-PCS,X004NSXDMD,B0F639VT23,"DECOLURE Linen Blackout Curtains - SunShield 90 Inches Long Black Out Curtains for Living Room and Bedroom Windows - Luxury Faux Linen, 2 Panels Set, Ultra Durable - 90 Length x 52 in (Ivory)",New,40,0,0,0,40,0,0,0,USD,,,,,Low traffic,31.99,0,31.99,0,Create removal order,,0,0,0,2061.09,0,0.199952,cubic feet,Standard,7.99808,US,gl_home,,,40,,,31.99,,,,,0,0,0,40,0,41.78,0,0,0,0,40,0,0,0,0,0,0,8,2.4,32,34.88,0,0,0,0,0,0,0,0,,,Excess,,,,,,,,2026-04-27,40,0,0,0,,unassigned,N,,,
2026-04-30,SATIN-FITTED-TWIN-IVORY,X004CBT2XP,B0DBW6FW27,"DECOLURE Satin Fitted Sheet Twin Size (1 PC) – Luxuriously Smooth & Softer Than Silk Bed Sheets w/ 15 Inch Deep Pocket Hypoallergenic Wrinkle Free, Secure Snug Fit, Elastic Corner Straps (Ivory)",New,65,0,0,63,3,24,0,0,USD,1,6,13,18,,23.95,0,10.97,0,NoRestockExcessActionRequired,,0,0,0,372.36,0.17,0.130499,cubic feet,Standard,8.482435,US,gl_home,14844,198,43,43,46,10.97,10.97,94.13,204.83,294.58,0,0,0,27,0,6.31,0,0,0,0,,24,0,2,0.13,0,0,0,0,2,1.42,0,0,24,18.48,0,0,0,0,534.6,16,Excess,,,2026-04-27,Yes,No,402.9,534.6,2026-04-27,66,1,21,2,313,unassigned,N,,,
2026-04-30,SATIN-CHAMPAGNE-FULL,X003RX7APB,B0BZPYNXPB,"DECOLURE Satin Bed Sheets - 4 Piece Luxury Silky Full Size Bedding Set - Softer Than Silk, Wrinkle-Free with 15” Deep Pocket Fitted Sheet, Perfect for Hair & Skin, Gifts for Women (Champagne)",New,98,0,1,7,3,4,30,57,USD,2,13,46,59,,29.95,0,29.95,0,NoRestockExcessActionRequired,,0,0,0,0,0.44,0.189827,cubic feet,Standard,18.603046,US,gl_home,10574,219,0,39,28,29.95,59.9,385.08,1303.43,1685.28,0,1,0,5,2,125.81,30,0,30,0,,4,0,1,0.09,1,0.19,0,0,1,1.03,0,0,3,3.36,31,40.61,57,85.5,344.7,29,Healthy,,,2026-04-27,Yes,No,253.5,344.7,2026-04-27,132,4,0,0,219,unassigned,N,,,
2026-04-30,LINEN-CURTAIN-52x90-NATURAL-2-PCS,X004NSU7QD,B0F639T5K2,"DECOLURE Linen Blackout Curtains - SunShield 90 Inches Long Black Out Curtains for Living Room and Bedroom Windows - Luxury Faux Linen, 2 Panels Set, Ultra Durable - 90 Length x 52 in (Natural)",New,25,0,1,0,30,0,0,0,USD,0,0,1,1,Low traffic,31.99,0,31.99,0,Create Outlet deal,,15.99,2,0,1580.55,0.03,0.232704,cubic feet,Standard,5.8176,US,gl_home,5272582,366,25,,325,31.99,0,0,31.99,31.99,0,1,0,30,0,23.5,0,0,0,0,,6,0,0,0,0,0,12,4.2,18,22.85,0,0,0,0,0,0,0,0,,3,Excess,,,,,,,2825,2026-04-27,25,0,6,0,366,unassigned,N,,,
2026-04-30,SS-SATIN-BABY-BLUE-QUEEN-4PCS,X004D7K9C1,B0DDRFM554,"SLEEP SANCTUARY Satin Sheets Queen Size – 4 Piece Luxury Silky Bed Set, Softer Than Silk, 15"" Deep Pocket, Cooling & Wrinkle-Free, Moisture-Wicking & Breathable for Hair & Skin (Baby Blue)",New,113,0,108,12,0,0,0,0,USD,14,52,108,143,,33.95,0,33.95,29.73,NoExcessInventory,,0,0,0,0,0.93,0.319041,cubic feet,Standard,36.051633,US,gl_home,14711,75,0,8,10,33.95,475.3,1765.21,3684.41,4872.66,8,51,49,0,0,20.49,0,0,0,0,,2,0,1,0.16,0,0,0,0,0,0,0,0,0,0,0,0,0,0,104.6,97,Healthy,70,2026-05-06,2026-04-27,Yes,No,81.2,104.6,2026-04-27,113,0,1,1,76,unassigned,N,,,
2026-04-30,SATIN-3PC-TWIN-NAVY BLUE,X0042VL7JH,B0CQRZ6KRR,"DECOLURE Satin Bed Sheets - 3 Piece Luxury Silky Twin Size Bedding Set - Softer Than Silk, Wrinkle-Free with 15” Deep Pocket Fitted Sheet, Perfect for Hair & Skin, Gifts for Women (Navy Blue)",New,100,0,50,51,7,0,0,0,USD,2,16,23,36,,27.95,0,27.95,0,NoRestockExcessActionRequired,,0,0,0,0,0.3,0.185385,cubic feet,Standard,18.5385,US,gl_home,10574,225,0,25,36,23.76,55.9,400.37,612.02,962.8,0,0,50,7,0,12.46,0,0,0,0,,7,0,9,0.83,0,0,0,0,0,0,0,0,0,0,0,0,0,0,287.4,25,Healthy,,,2026-04-27,Yes,No,247.4,287.4,2026-04-27,100,0,7,0,239,unassigned,N,,,
2026-04-30,CHAIR MAT-MODERN BLACK,X0043CNZJF,B0CRM28D2Y,"DECOLURE Office Chair Mat for Hardwood Floor, 36""x48"", Computer Desk Chair Mat for Hard Floor, Desk Rug for Home, Noise Reducing Rolling Chair Mat, Smooth Anti-Slip Floor Protector (Modern Black)",New,222,0,0,0,0,0,0,222,USD,,,,,Low traffic,38.95,0,38.95,0,Create removal order,,0,0,0,16030.91,0,0.255208,cubic feet,Oversize,56.656176,US,gl_office_product,1122916,366,222,,,38.95,,,,,0,0,0,0,0,475.27,0,0,0,0,,0,0,0,0,0,0,0,0,0,0,0,0,0,0,0,0,222,447.59,,1,Excess,,,,,,,,2026-04-27,222,0,0,0,366,unassigned,N,,,
2026-04-30,SATIN-4PC-KING-LAVENDER,X0042WNOFL,B0CQRX1Q8Z,"DECOLURE Satin Bed Sheets - 4 Piece Luxury Silky King Size Bedding Set - Softer Than Silk, Wrinkle-Free with 15” Deep Pocket Fitted Sheet, Perfect for Hair & Skin, Gifts for Women (Lavender)",New,7,0,12,0,0,0,0,0,USD,5,57,101,166,,33.95,0,33.95,0,CreateShippingPlan,,0,0,0,0,1.79,0.261105,cubic feet,Standard,1.827735,US,gl_home,10574,5,0,0,0,33.95,169.75,1739.89,3317.94,5350.63,1,11,0,0,0,0.33,0,0,0,0,,3,0,,,,,,,,,,,,,,,,,45,64,Low stock,130,2026-05-07,2026-04-27,Yes,No,21.5,45,2026-04-27,7,0,3,0,7,unassigned,N,,,
2026-04-30,SATIN-KING-PURPLE,X002J0NE3F,B0839LKZV9,"DECOLURE Satin Bed Sheets - 4 Piece Luxury Silky King Size Bedding Set - Softer Than Silk, Wrinkle-Free with 15” Deep Pocket Fitted Sheet, Perfect for Hair & Skin, Gifts for Women (Purple)",New,150,0,8,3,142,0,0,0,USD,11,74,169,250,,33.95,0,33.95,0,CreateShippingPlan,,0,0,0,0,0.89,0.236339,cubic feet,Standard,35.45085,US,gl_home,10574,55,0,8,7,32.25,373.45,2439.36,5715.61,8406.06,4,0,4,142,0,44.45,0,0,0,0,,5,0,0,0,142,33.6,0,0,0,0,0,0,0,0,0,0,0,0,103.3,99,Healthy,113,2026-05-06,2026-04-27,Yes,No,73.6,103.3,2026-04-27,151,1,4,0,56,unassigned,N,,,
2026-04-30,BM-CALKING-LIGHT-GREY,X0045AL8PX,B0CWJ4HG9Q,DECOLURE Cooling Bed Sheets Cal-King Set 4pcs - Luxurious & Soft California King Size Cooling Sheets for Hot Sleepers - Comfy & Cool California King Bamboo Viscose Microfiber Sheets (Light Grey),New,3,0,0,0,0,0,1,2,USD,5,17,28,37,,39.95,0,39.95,0,GoToRestock,,0,0,0,0,1.56,0.246064,cubic feet,Standard,0.738192,US,gl_home,99235,13,0,0,1,39.95,191.75,633.15,1046.6,1368.15,0,0,0,0,0,2.92,0,0,0,0,,0,0,0,0,0,0,0,0,0,0,0,0,0,0,1,1.7,2,3.89,68.9,13,Low stock,26,2026-05-04,2026-04-27,Yes,No,25.2,68.9,2026-04-27,3,0,0,0,13,unassigned,N,,,
2026-04-30,BAMBOO-QUEEN-SAGE GREEN-6PCS,X00438NUNP,B0CQ3CDRTN,"DECOLURE 100% Viscose Derived from Bamboo Sheets Queen Size - Luxury 6 Pc Naturally Cooling Sheets, Ultra Soft Bed Set - Deep 17"" Pockets, Durable Double Stitching, Oeko Tex Standard (Sage Green)",New,413,0,15,451,0,0,0,0,USD,17,126,210,309,,84.99,0,84.99,0,NoRestockExcessActionRequired,,0,0,0,0,0.49,0.261943,cubic feet,Standard,108.182459,US,gl_home,14195,145,0,13,17,84.99,1404.83,9462.49,16494.15,23923.16,4,4,7,0,0,73.39,0,0,0,0,,45,0,,,,,,,,,,,,,,,,,183,189,Healthy,1,2026-05-07,2026-04-27,No,No,125.7,183,2026-04-27,432,19,24,2,159,unassigned,N,,,
2026-04-30,SS-BAMBOO-WHITE-CALIFKING-6PCS,X004D8Q4NN,B0DDTX22QM,"SLEEP SANCTUARY 100% Viscose Derived from Bamboo Sheets California King Size 6pcs – BamBliss Luxury Cooling Sheets for Hot Sleepers - Cloud Soft, 17"" Deep Pocket, Ultra Durable Bed Set (White)",New,0,0,1,0,0,0,0,0,USD,3,14,35,57,,69.99,0,0,0,CreateShippingPlan,,0,0,0,0,2.08,0.371275,cubic feet,Standard,0,US,gl_home,47560,2,0,0,0,69.99,209.97,979.86,2449.65,3994.43,0,1,0,0,0,0.07,0,0,0,0,,1,0,,,,,,,,,,,,,,,,,44.9,16,Low stock,30,2026-05-05,2026-04-27,Yes,No,19.7,44.9,2026-04-27,1,1,0,0,2,unassigned,N,,,
2026-04-30,SS-BAMBOO-CHARCOAL-KING-6PCS,X004D8I42R,B0DDTY7F8M,"SLEEP SANCTUARY 100% Viscose Derived from Bamboo Sheets King Size 6pcs – BamBliss Luxury Cooling Sheets for Hot Sleepers - Cloud Soft, 17"" Deep Pocket, Ultra Durable Bed Set (Charcoal)",New,25,0,1,0,28,0,0,0,USD,5,28,47,73,,69.99,0,69.99,0,GoToRestock,,0,0,0,0,1.1,0.357235,cubic feet,Standard,8.930875,US,gl_home,47560,35,0,3,4,69.99,339.95,1939.72,3269.53,5104.27,1,0,0,28,0,7.34,0,0,0,0,,2,0,28,5.01,0,0,0,0,0,0,0,0,0,0,0,0,0,0,86.2,20,Healthy,14,2026-05-07,2026-04-27,Yes,No,51.1,86.2,2026-04-27,25,0,1,1,38,unassigned,N,,,
2026-04-30,LINEN-CURTAIN-52x108-BEIGE-2-PCS,X004NSMYWD,B0F6371Q67,"DECOLURE Linen Blackout Curtains - SunShield 108 Inches Long Black Out Curtains for Living Room and Bedroom Windows - Luxury Faux Linen, 2 Panels Set, Ultra Durable - 108 Length x 52 in (Beige)",New,25,0,0,0,25,0,0,0,USD,,,,,Low traffic,32.99,0,32.99,0,Create removal order,,0,0,0,1285.95,0,0.199952,cubic feet,Standard,4.9988,US,gl_home,,,25,,,32.99,,,,,0,0,0,25,0,18.13,0,0,0,0,25,1,0,0,0,0,0,16,4.8,9,9.81,0,0,0,0,0,0,0,0,,,Excess,,,,,,,,2026-04-27,25,0,1,0,,unassigned,N,,,
2026-04-30,SL-COOLING-FITTED-FULL-CREAM,X004OD84UD,B0F7M664QG,"SLEEPHORIA Cooling Fitted Sheet Full Size - 1 PC BreezeWeave Cooling Sheets for Hot Sleepers & Cool Rest w/ 16 in Deep Pocket - Corner Straps, Cloud Soft, Ultra Durable - 52 x 72 in (Cream)",New,60,0,0,0,48,15,0,0,USD,1,5,9,9,,27.99,0,27.99,0,Create Outlet deal,,20.99,2,0,2247.47,0.13,0.138,cubic feet,Standard,8.28,US,gl_home,33953,366,61,48,86,27.99,27.99,147.95,261.91,261.91,0,0,0,63,0,52.6,0,0,0,0,,2,0,0,0,0,0,0,0,63,47.36,0,0,0,0,0,0,0,0,695.9,,Excess,,,2026-04-27,Yes,No,329,695.9,2026-04-27,62,2,0,0,366,unassigned,N,,,
2026-04-30,SL-CLG-COMF-BLUE/LIGHT-GREY-TWIN,X004OD03Q1,B0F7M5S7FT,"SLEEPHORIA Cooling Comforter - BreezeWeave Cooling Blanket Twin Size for Hot Sleepers & Deep Rest - Cloud Soft, Breathable, Ultra Durable, Easy Care, Reversible - 68 x 90 in (Blue & Light Grey)",,0,0,0,0,0,1,0,0,USD,0,3,20,27,,0,0,0,0,NoRestockExcessActionRequired,,,0,0,,1.89,0.624086,cubic feet,Standard,0,US,gl_home,,266,0,80,28,54.99,0,164.97,1094.8,1474.73,0,0,0,1,0,,60,0,60,0,,0,0,0,0,0,0,0,0,1,3.4,0,0,0,0,0,0,0,0,47.1,14,Out of stock,,,2026-04-27,Yes,No,5.3,47.1,2026-04-27,60,0,0,0,266,unassigned,N,,,
2026-04-30,SL-QUILT-SET-KING-LIGHT-GREY,X004R3N4JV,B0FGZ6PCS1,"SLEEPHORIA King Quilt Bedding Set - Cloud Soft All-Season Bedspread 3 PC w/Shams, Bed Quilt King Size Coverlet - Oversized, Light Weight, Ultra Durable, Easy Care - 106 x 96 in (Light Grey)",New,465,0,1,13,449,0,0,0,USD,0,0,0,0,Low traffic,39.99,0,39.99,0,Lower price,,30.99,52,0,84798.52,0,0.729089,cubic feet,Oversize,339.026385,US,gl_home,4583081,366,465,,,30.99,0,0,0,0,0,0,1,449,0,501.02,0,0,0,0,,0,1,2,0.73,449,327.37,0,0,0,0,0,0,0,0,0,0,0,0,,3,Excess,,,,,,,,2026-04-27,465,0,0,0,366,unassigned,N,,,
2026-04-30,BM-QUEEN-NAVY-BLUE,X003VHUJM9,B0C9LS5H2T,DECOLURE Cooling Sheets Queen Set 4pcs - Luxurious & Ultra-Soft Cooling Bed Sheets Queen Size for Hot Sleepers - Comfortable Bamboo Viscose Microfiber Queen Bed Sheets Set Cooling (Navy),New,27,0,1,28,0,0,0,0,USD,4,24,53,81,,37.95,0,37.95,0,GoToRestock,,0,0,0,0,1.13,0.206169,cubic feet,Standard,5.566563,US,gl_home,99235,37,0,4,4,37.95,148,907.7,1988.6,3034.1,0,1,0,0,0,3.26,0,0,0,0,,2,0,,,,,,,,,,,,,,,,,79.8,41,Low stock,52,2026-05-06,2026-04-27,Yes,No,45.1,79.8,2026-04-27,28,1,0,1,38,unassigned,N,,,
2026-04-30,SILK-PILLOWCASE-KING-WHITE-1PCS,X004CA0CNF,B0DBR8Y5Y2,"DECOLURE 100% Pure Mulberry Silk Pillow Case King Size – Highest Grade 30 Momme 6A+, Luxuriously Soft & Cooling Silk Pillowcase for Hair & Skin, Hypoallergenic, Breathable, Hidden Zipper (White)",New,58,0,13,54,0,0,0,0,USD,13,42,64,114,,54.95,0,54.95,0,NoExcessInventory,,0,0,0,0,0.95,0.039977,cubic feet,Standard,2.318666,US,gl_home,181216,177,0,34,40,54.95,637.35,2191.94,3353.42,5968.92,1,8,4,0,0,1.53,300,150,150,0,,5,0,,,,,,,,,,,,,,,,,97.8,87,Low stock,,,2026-04-27,Yes,No,78.6,97.8,2026-04-27,360,2,3,0,322,unassigned,N,,,
2026-04-30,SATIN-QUEEN-BLUE-6PCS,X003UMBNDJ,B0C7FJ461D,"DECOLURE Satin Bed Sheets - 6 Piece Luxury Silky Queen Size Bedding Set - Softer Than Silk, Wrinkle-Free with 15” Deep Pocket Fitted Sheet, Perfect for Hair & Skin, Gifts for Women (Blue)",New,138,0,50,43,44,0,0,0,USD,0,18,42,66,,31.95,0,31.95,0,NoExcessInventory,,0,0,0,0,0.43,0.219769,cubic feet,Standard,30.328122,US,gl_home,24922,366,0,42,37,31.95,0,574.99,1358.79,2122.17,1,18,31,44,0,22.72,54,0,54,0,,0,0,30,3.3,14,3.08,0,0,0,0,0,0,0,0,0,0,0,0,218,42,Healthy,,,2026-04-27,Yes,No,218,210,2026-04-27,192,0,0,0,366,unassigned,N,,,
2026-04-30,SS-SATIN-BABY-BLUE-FULL-4PCS,X004D7K8RR,B0DDR4HJCS,"SLEEP SANCTUARY Satin Sheets Full Size – 4 Piece Luxury Silky Bed Set, Softer Than Silk, 15"" Deep Pocket, Cooling & Wrinkle-Free, Moisture-Wicking & Breathable for Hair & Skin (Baby Blue)",New,146,0,3,2,156,0,0,0,USD,0,17,30,42,,31.95,0,31.95,0,Create Outlet deal,,26.56,2,0,556.2,0.24,0.246137,cubic feet,Standard,35.936002,US,gl_home,14711,366,125,34,45,31.95,0,543.05,964.4,1347.8,1,1,1,156,0,41,0,0,0,0,,13,0,150,18.48,6,1.47,0,0,0,0,0,0,0,0,0,0,0,0,366.5,31,Excess,,,2026-04-27,Yes,No,265.8,366.5,2026-04-27,146,0,12,1,366,unassigned,N,,,
2026-04-30,BAMBOO-FULL-SAGE GREEN,X0040HMSOL,B0CLKFLJMZ,"DECOLURE 100% Viscose Derived from Bamboo Sheets Full Size - Luxury 4 Pc Naturally Cooling Sheets, Ultra Soft Bed Set - Deep 17"" Pockets, Durable Double Stitching, Oeko Tex Standard (Sage Green)",New,122,0,3,156,0,0,0,0,USD,8,16,38,57,,69.99,0,61.74,0,NoRestockExcessActionRequired,,0,0,0,0,0.31,0.252785,cubic feet,Standard,30.83977,US,gl_home,11515,274,0,30,27,61.74,518.67,1076.84,2507.62,3749.43,0,1,2,0,0,32.97,0,0,0,0,,38,0,105,13.31,0,0,0,0,0,0,0,0,0,0,0,0,0,0,326.1,38,Healthy,,,2026-04-27,Yes,No,326.1,257.8,2026-04-27,135,13,25,0,345,unassigned,N,,,
2026-04-30,SS-SATIN-STRIPED-BLUE-TWIN-3PCS,X004D7K8OZ,B0DDR9XL62,"SLEEP SANCTUARY Satin Sheets Twin Size – 3 Piece Luxury Silky Bed Set, Softer Than Silk, 15"" Deep Pocket, Cooling & Wrinkle-Free, Moisture-Wicking & Breathable for Hair & Skin (Striped Blue)",New,42,0,0,0,0,0,42,0,USD,0,1,1,2,,29.95,0,29.95,0,Create Outlet deal,,23.76,2,0,1492.36,0.05,0.128822,cubic feet,Standard,5.410524,US,gl_home,14711,366,42,168,273,29.95,0,20.95,20.95,54.9,0,0,0,0,0,41.08,0,0,0,0,,0,0,0,0,0,0,0,0,0,0,0,0,0,0,42,37.34,0,0,1889.5,4,Excess,,,2026-04-27,Yes,No,1267,1889.5,2026-04-27,42,0,0,0,366,unassigned,N,,,
2026-04-30,SS-BAMBOO-BURGUNDY-TWIN-4PCS,X004D8VMLR,B0DDV12K7H,"SLEEP SANCTUARY 100% Viscose Derived from Bamboo Sheets Twin Size 4pcs – BamBliss Luxury Cooling Sheets for Hot Sleepers - Cloud Soft, 17"" Deep Pocket, Ultra Durable Bed Set (Burgundy)",New,16,0,1,1,14,0,0,0,USD,1,3,6,9,,54.99,0,54.99,0,Create Outlet deal,,41.99,2,0,1119.98,0.49,0.202365,cubic feet,Standard,3.23784,US,gl_home,47560,134,16,21,23,54.99,54.99,159.97,324.94,499.91,0,0,1,14,0,4.49,0,0,0,0,,0,0,6,0.6,8,1.62,0,0,0,0,0,0,0,0,0,0,0,0,279,5,Excess,,,2026-04-27,Yes,No,279,210.8,2026-04-27,16,0,0,0,134,unassigned,N,,,
2026-04-30,SS-SATIN-STRIPED-RED-KING-4PCS,X004D7LWR7,B0DDRDMJCT,"SLEEP SANCTUARY Satin Sheets King Size – 4 Piece Luxury Silky Bed Set, Softer Than Silk, 15"" Deep Pocket, Cooling & Wrinkle-Free, Moisture-Wicking & Breathable for Hair & Skin (Striped Red)",New,57,0,0,0,0,0,58,0,USD,2,9,17,24,,35.95,0,35.95,0,NoRestockExcessActionRequired,,13.66,6,0,1837.91,0.34,0.294616,cubic feet,Standard,16.793112,US,gl_home,14711,358,48,25,30,35.95,71.9,285.81,515.09,766.74,0,0,0,0,0,124.54,0,0,0,0,,1,0,0,0,0,0,0,0,0,0,0,0,0,0,58,117.9,0,0,255.4,13,Excess,,,2026-04-27,Yes,No,236.8,255.4,2026-04-27,58,1,0,0,358,unassigned,N,,,
2026-04-30,SL-QUILT-SET-QUEEN-TAUPE,X004R3N28T,B0FGZXMY7K,"SLEEPHORIA Queen Quilt Bedding Set - Cloud Soft All-Season Bedspread 3 PC w/Shams, Bed Quilt Queen Size Coverlet - Oversized, Light Weight, Ultra Durable, Easy Care - 90 x 96 in (Taupe)",New,244,0,1,8,235,0,0,0,USD,0,0,0,0,Low traffic,36.99,0,36.99,0,Advertise listing,,28.99,52,0,39675.31,0,0.659205,cubic feet,Oversize,160.84602,US,gl_home,5809275,366,244,,,36.99,0,0,0,0,0,1,0,235,0,234.33,0,0,0,0,,0,0,0,0,235,154.92,0,0,0,0,0,0,0,0,0,0,0,0,,3,Excess,,,,,,,10984,2026-04-27,244,0,0,0,366,unassigned,N,,,
2026-04-30,BM-CALKING-CREAM,X003VHOG2D,B0C9LWPL86,DECOLURE Cooling Bed Sheets Cal-King Set 4pcs - Luxurious & Soft California King Size Cooling Sheets for Hot Sleepers - Comfy & Cool California King Bamboo Viscose Microfiber Sheets (Cream),New,2,0,0,0,2,1,0,0,USD,0,2,10,15,,39.95,0,39.95,0,Create Outlet deal,,22.47,2,0,164.17,1.46,0.248104,cubic feet,Standard,0.496208,US,gl_home,99235,22,0,4,1,39.95,0,79.9,404.5,604.25,0,0,0,3,0,2.07,0,0,0,0,,1,0,0,0,0,0,1,0.37,2,2.7,0,0,0,0,0,0,0,0,59.5,5,Low stock,8,2026-05-06,2026-04-27,Yes,No,41.7,59.5,2026-04-27,2,0,1,0,33,unassigned,N,,,
2026-04-30,SATIN-FITTED-TWIN-WHITE,X004CBVFCV,B0DBVZSNZ4,"DECOLURE Satin Fitted Sheet Twin Size (1 PC) – Luxuriously Smooth & Softer Than Silk Bed Sheets w/ 15 Inch Deep Pocket Hypoallergenic Wrinkle Free, Secure Snug Fit, Elastic Corner Straps (White)",New,137,0,101,38,0,0,0,0,USD,1,8,23,43,,16.95,0,16.95,0,NoRestockExcessActionRequired,,0,0,0,137.1,0.37,0.130601,cubic feet,Standard,17.892337,US,gl_home,14844,290,52,68,41,16.95,16.95,177.6,447.85,786.85,1,100,0,0,0,13.22,0,0,0,0,,4,0,16,1.05,0,0,0,0,0,0,0,0,0,0,0,0,0,0,632.6,36,Excess,,,2026-04-27,Yes,No,632.6,227,2026-04-27,137,0,3,1,301,unassigned,N,,,
2026-04-30,BAMBOO-KING-MIDGREY-6PCS,X00438TLL5,B0CQ319J1Z,"DECOLURE 100% Viscose Derived from Bamboo Sheets King Size - Luxury 6 Pc Naturally Cooling Sheets, Ultra Soft Bed Set - Deep 17"" Pockets, Durable Double Stitching, Oeko Tex Standard (Midgrey)",New,47,0,62,0,0,0,0,0,USD,24,101,227,345,,89.99,0,89.99,0,CreateShippingPlan,,0,0,0,0,2.01,0.357289,cubic feet,Standard,16.792583,US,gl_home,14195,61,0,5,4,89.99,2099.76,8808.83,19732.56,29415.79,62,0,0,0,0,22.57,84,0,56,28,,89,0,,,,,,,,,,,,,,,,,41.2,82,Healthy,,,2026-04-27,No,No,18.9,41.2,2026-04-27,205,74,14,1,67,unassigned,N,,,
2026-04-30,SATIN-FITTED-FULL-BLUSH-PINK,X004CBS4ON,B0DBVZNLSM,"DECOLURE Satin Fitted Sheet Full Size (1 PC) – Luxuriously Smooth & Softer Than Silk Bed Sheets w/ 15 Inch Deep Pocket Hypoallergenic Wrinkle Free, Secure Snug Fit, Elastic Corner Straps (Blush Pink)",New,139,0,1,42,96,0,0,0,USD,3,10,23,38,,17.95,0,17.95,0,NoRestockExcessActionRequired,,0,0,0,293.92,0.22,0.137325,cubic feet,Standard,19.088175,US,gl_home,14844,253,123,55,47,17.95,50.85,176.5,409.85,684.1,0,0,1,96,0,23.18,0,0,0,0,,11,0,80,5.48,36,4.95,0,0,0,0,0,0,0,0,0,0,0,0,428.3,41,Excess,,,2026-04-27,Yes,No,428.3,352.3,2026-04-27,139,0,11,0,285,unassigned,N,,,
2026-04-30,SL-QUILT-SET-KING-NAVY-BLUE,X004R3SISN,B0FGZMRVY7,"SLEEPHORIA King Quilt Bedding Set - Cloud Soft All-Season Bedspread 3 PC w/Shams, Bed Quilt King Size Coverlet - Oversized, Light Weight, Ultra Durable, Easy Care - 106 x 96 in (Navy Blue)",New,168,0,0,4,164,0,0,0,USD,0,0,0,2,Low traffic,39.99,0,39.99,0,Lower price,,30.99,52,0,35273.95,0.01,0.842757,cubic feet,Oversize,141.583176,US,gl_home,4893370,366,168,,1092,30.99,0,0,0,57.98,0,0,0,164,0,210.43,0,0,0,0,,1,0,0,0,164,138.22,0,0,0,0,0,0,0,0,0,0,0,0,,3,Excess,,,,,,,7619.5,2026-04-27,168,0,1,0,366,unassigned,N,,,
2026-04-30,SS-SATIN-BLUSH-PINK-FULL-4PCS,X004D7HDMP,B0DDR6TLF6,"SLEEP SANCTUARY Satin Sheets Full Size – 4 Piece Luxury Silky Bed Set, Softer Than Silk, 15"" Deep Pocket, Cooling & Wrinkle-Free, Moisture-Wicking & Breathable for Hair & Skin (Blush Pink)",New,166,0,1,0,1,0,165,0,USD,0,8,17,24,,31.95,0,31.95,0,Edit listing,,22.09,21,0,7872.42,0.13,0.257601,cubic feet,Standard,42.761766,US,gl_home,14711,366,152,83,89,31.95,0,210.66,468.25,700.9,1,0,0,1,0,316.65,0,0,0,0,,2,0,0,0,0,0,1,0.39,0,0,0,0,0,0,165,293.26,0,0,672.7,17,Excess,,,2026-04-27,Yes,No,515.5,672.7,2026-04-27,166,0,2,0,366,unassigned,N,,,
2026-04-30,SS-SATIN-TAUPE-QUEEN-4PCS,X004D7EX8R,B0DDR4V4XB,"SLEEP SANCTUARY Satin Sheets Queen Size – 4 Piece Luxury Silky Bed Set, Softer Than Silk, 15"" Deep Pocket, Cooling & Wrinkle-Free, Moisture-Wicking & Breathable for Hair & Skin (Taupe)",New,55,0,26,13,18,0,35,0,USD,8,29,63,71,,33.95,0,33.95,0,NoRestockExcessActionRequired,,19.47,25,0,519.74,0.57,0.293941,cubic feet,Standard,16.166755,US,gl_home,14711,366,208,24,32,33.95,271.6,817.83,1590.69,1862.29,24,1,1,18,0,118.16,120,0,120,0,,43,0,18,2.65,6,1.76,0,0,0,0,0,0,0,0,35,70.97,0,0,154.3,31,Excess,,,2026-04-27,Yes,No,101.8,154.3,2026-04-27,211,36,7,0,366,unassigned,N,,,
2026-04-30,SATIN-STRIPE-FULL-PURPLE--6-PCS,X003UOCAZ7,B0C7K3WWDT,"DECOLURE Satin Bed Sheets - 6 Piece Luxury Silky Full Size Bedding Set - Softer Than Silk, Wrinkle-Free with 15” Deep Pocket Fitted Sheet, Perfect for Hair & Skin, Gifts for Women (Striped Purple)",New,21,0,2,0,0,19,0,0,USD,1,27,49,61,,29.95,0,29.95,12.68,GoToRestock,,0,0,0,0,1.08,0.239107,cubic feet,Standard,5.021247,US,gl_home,24922,88,0,3,4,29.95,29.95,598.99,1084.56,1404.71,1,1,0,19,0,18.9,0,0,0,0,,0,1,0,0,0,0,0,0,0,0,19,25.89,0,0,0,0,0,0,83.5,15,Healthy,7,2026-05-06,2026-04-27,Yes,No,24.8,83.5,2026-04-27,21,0,0,0,88,unassigned,N,,,
2026-04-30,SL-COOLING-SHEET-TWIN-NAVY-BLUE,X004OD4MHR,B0F7LYVZMY,"SLEEPHORIA Cooling Sheets - BreezeWeave 3 PC Twin Size Cooling Bed Sheets for Hot Sleepers & Deep, Cool Rest - Cloud Soft, Silky Smooth, 16 in Deep Pocket, Ultra Durable (Navy Blue)",New,47,0,54,2,0,0,0,0,USD,5,23,42,57,,56.99,0,56.99,0,NoRestockExcessActionRequired,,0,0,0,5.57,1,0.23504,cubic feet,Standard,11.04688,US,gl_home,32563,136,0,8,10,56.99,277.95,1177.77,2127.58,2882.43,12,42,0,0,0,7.46,0,0,0,0,,8,0,,,,,,,,,,,,,,,,,107,24,Healthy,,,2026-04-27,Yes,No,100,107,2026-04-27,48,1,7,0,161,unassigned,N,,,
2026-04-30,SL-COOLING-FITTED-KING-LIGHT-PINK,X004OD56R7,B0F7M5CDV3,"SLEEPHORIA Cooling Fitted Sheet King Size - 1 PC BreezeWeave Cooling Sheets for Hot Sleepers & Cool Rest w/ 16 in Deep Pocket - Corner Straps, Cloud Soft, Ultra Durable - 73 x 77 in (Light Pink)",New,78,0,1,1,88,0,0,0,USD,2,26,42,42,,32.99,0,32.99,0,NoExcessInventory,,0,0,0,0,0.35,0.175523,cubic feet,Standard,13.690794,US,gl_home,33953,126,0,12,24,32.99,65.98,899.74,1437.58,1437.58,1,0,0,88,0,75.58,0,0,0,0,,13,0,0,0,0,0,0,0,88,84.21,0,0,0,0,0,0,0,0,274.3,,,,,2026-04-27,Yes,No,108.5,274.3,2026-04-27,78,0,13,0,149,unassigned,N,,,
2026-04-30,SATIN-4PC-FULL-SAGE GREEN,X0042VNNT9,B0CQRY9WLG,"DECOLURE Satin Bed Sheets - 4 Piece Luxury Silky Full Size Bedding Set - Softer Than Silk, Wrinkle-Free with 15” Deep Pocket Fitted Sheet, Perfect for Hair & Skin, Gifts for Women (Sage Green)",New,84,0,55,29,0,0,0,0,USD,1,23,44,66,,29.95,0,29.95,0,NoRestockExcessActionRequired,,0,0,0,0,0.69,0.214267,cubic feet,Standard,17.998428,US,gl_home,10574,245,0,25,28,28.45,29.95,669.35,1332.3,1976.2,7,42,6,0,0,11.04,60,0,60,0,,1,0,,,,,,,,,,,,,,,,,125.1,40,Healthy,,,2026-04-27,Yes,No,102.4,125.1,2026-04-27,144,0,1,0,248,unassigned,N,,,
2026-04-30,LINEN-CURTAIN-52x96-LINEN-2-PCS,X004NSMYLJ,B0F6393JBD,"DECOLURE Linen Blackout Curtains - SunShield 96 Inches Long Black Out Curtains for Living Room and Bedroom Windows - Luxury Faux Linen, 2 Panels Set, Ultra Durable - 96 Length x 52 in (Linen)",New,82,0,0,0,100,0,0,0,USD,,,,,Low traffic,31.99,0,31.99,0,Create removal order,,0,0,0,5646.79,0,0.270485,cubic feet,Standard,22.17977,US,gl_home,,,82,,,31.99,,,,,0,0,0,100,0,88.43,0,0,0,0,100,18,0,0,0,0,0,45,18.25,55,81.07,0,0,0,0,0,0,0,0,,,Excess,,,,,,,,2026-04-27,82,0,18,0,,unassigned,N,,,
2026-04-30,SATIN-KING-BLACK,X002IU8OOP,B0839LD2WQ,"DECOLURE Satin Bed Sheets - 4 Piece Luxury Silky King Size Bedding Set - Softer Than Silk, Wrinkle-Free with 15” Deep Pocket Fitted Sheet, Perfect for Hair & Skin, Gifts for Women (Black)",New,148,0,139,145,0,0,0,0,USD,63,407,818,1385,,33.95,0,33.95,0,CreateShippingPlan,,0,0,0,0,1.59,0.288388,cubic feet,Standard,42.681424,US,gl_home,10574,21,0,1,1,33.95,2176.74,13193.96,27199.12,44859.79,114,12,13,0,0,12.31,48,0,36,12,,134,0,,,,,,,,,,,,,,,,,58.4,460,Low stock,1035,2026-05-07,2026-04-27,No,No,33.4,58.4,2026-04-27,260,64,63,7,28,unassigned,N,,,
2026-04-30,BAMBOO-CALIFKING-NAVYBLUE,X002O53Z2P,B08KQ3C8BX,"DECOLURE 100% Viscose Derived from Bamboo Sheets California King Size - Luxury 4 Pc Naturally Cooling Sheets, Ultra Soft Bed Set - Deep 17"" Pockets, Double Stitching, Oeko Tex Standard (Navy Blue)",New,12,0,14,0,0,0,0,0,USD,9,9,10,40,,109.99,0,109.99,0,CreateShippingPlan,,,0,0,,2.8,0.279287,cubic feet,Standard,3.351444,US,gl_home,11515,70,0,10,7,109.99,760.77,760.77,821.47,3166.17,14,0,0,0,0,,12,0,6,6,,6,0,,,,,,,,,,,,,,,,,144,17,Healthy,,,2026-04-27,Yes,No,144,22.1,2026-04-27,30,6,0,0,70,unassigned,N,,,
2026-04-30,SS-BAMBOO-PURPLE-TWIN-4PCS,X004D8TOFX,B0DDTZJVSL,"SLEEP SANCTUARY 100% Viscose Derived from Bamboo Sheets Twin Size 4pcs – BamBliss Luxury Cooling Sheets for Hot Sleepers - Cloud Soft, 17"" Deep Pocket, Ultra Durable Bed Set (Purple)",New,23,0,0,0,23,0,0,0,USD,1,2,6,6,,54.99,0,54.99,0,Create Outlet deal,,29.99,2,0,1340.9,0.19,0.202365,cubic feet,Standard,4.654395,US,gl_home,47560,366,23,46,49,54.99,54.99,109.98,334.94,334.94,0,0,0,23,0,7.36,0,0,0,0,,0,0,6,0.61,17,3.43,0,0,0,0,0,0,0,0,0,0,0,0,735,3,Excess,,,2026-04-27,Yes,No,735,482.4,2026-04-27,23,0,0,0,366,unassigned,N,,,
2026-04-30,SS-BAMBOO-CHARCOAL-FULL-6PCS,X004D8I3K5,B0DDTZ27T7,"SLEEP SANCTUARY 100% Viscose Derived from Bamboo Sheets Full 6pcs – BamBliss Luxury Cooling Sheets for Hot Sleepers - Cloud Soft, 17"" Deep Pocket, Ultra Durable Bed Set (Charcoal)",New,56,0,0,0,56,0,0,0,USD,1,4,9,13,,59.99,0,59.99,0,Create Outlet deal,,32.49,2,0,3949.81,0.21,0.298001,cubic feet,Standard,16.688056,US,gl_home,47560,366,56,56,56,59.99,59.99,239.96,539.91,784.87,0,0,0,56,0,26.13,0,0,0,0,,0,0,12,1.78,44,13.11,0,0,0,0,0,0,0,0,0,0,0,0,440.9,7,Excess,,,2026-04-27,Yes,No,438.5,440.9,2026-04-27,56,0,0,0,366,unassigned,N,,,
2026-04-30,LINEN-CURTAIN-52x84-LIGHT-BEIGE-2-PCS,X004NSXDTV,B0F63B2LN7,"DECOLURE Linen Blackout Curtains - SunShield 84 Inches Long Black Out Curtains for Living Room and Bedroom Windows - Luxury Faux Linen, 2 Panels Set, Ultra Durable - 84 Length x 52 in (Light Beige)",New,127,0,0,0,137,0,0,0,USD,,,,,Low traffic,29.99,0,29.99,0,Create removal order,,0,0,0,7781.23,0,0.238339,cubic feet,Standard,30.269053,US,gl_home,,,127,,,29.99,,,,,0,0,0,137,0,157.93,0,0,0,0,137,12,0,0,0,0,0,30,10.74,107,139.01,0,0,0,0,0,0,0,0,,,Excess,,,,,,,12566,2026-04-27,127,0,12,0,,unassigned,N,,,
2026-04-30,SATIN-CHAMPAGNE-TWIN-6PCS,X003UMGG3B,B0C7FLZ6S8,"DECOLURE Satin Bed Sheets - 4 Piece Luxury Silky Twin Size Bedding Set - Softer Than Silk, Wrinkle-Free with 15” Deep Pocket Fitted Sheet, Perfect for Hair & Skin, Gifts for Women (Champagne)",New,45,0,1,1,0,44,0,0,USD,0,0,0,2,Low conversion,34.95,0,34.95,0,Create Outlet deal,,15.74,2,0,2340.11,0.04,0.189495,cubic feet,Standard,8.527275,US,gl_home,24922,366,45,,292,34.95,0,0,0,44.98,0,1,0,44,0,54.05,0,0,0,0,,1,0,0,0,0,0,0,0,0,0,0,0,44,49.2,0,0,0,0,,4,Excess,,,,,,,2012,2026-04-27,45,0,0,1,366,unassigned,N,,,
2026-04-30,SATIN-STRIPE-KING-PINK,X0030KP0CL,B09G6LBQHH,"DECOLURE Satin Bed Sheets - 4 Piece Luxury Silky King Size Bedding Set - Softer Than Silk, Wrinkle-Free with 15” Deep Pocket Fitted Sheet, Perfect for Hair & Skin, Gifts for Women (Striped Pink)",New,46,0,36,18,0,0,0,0,USD,3,21,33,51,,33.95,0,33.95,0,NoRestockExcessActionRequired,,0,0,0,0,0.93,0.209395,cubic feet,Standard,9.63217,US,gl_home,10574,127,0,11,14,32.25,98.45,680.65,1097.84,1684.94,36,0,0,0,0,6.11,12,0,6,6,,8,0,,,,,,,,,,,,,,,,,104.6,26,Healthy,,,2026-04-27,Yes,No,60.4,104.6,2026-04-27,60,2,6,0,146,unassigned,N,,,
2026-04-30,SL-COOLING-FITTED-CAL-KING-MIDNGHT-BLACK,X004OD9RLD,B0F7M5393W,"SLEEPHORIA Cooling Fitted Sheet Calfornia King Size - 1 PC BreezeWeave Cooling Sheets for Hot Sleepers & Cool Rest w/ 16 in Deep Pocket - Corner Straps, Cloud Soft - 69 x 81 in (Midnight Black)",New,61,0,0,0,60,1,0,0,USD,1,7,11,11,,33.99,0,33.99,0,Create Outlet deal,,17.99,2,0,2472.35,0.16,0.163517,cubic feet,Standard,9.974537,US,gl_home,33953,354,61,34,72,33.99,33.99,249.93,385.89,385.89,0,0,0,61,0,60.4,0,0,0,0,,0,0,0,0,0,0,0,0,61,54.34,0,0,0,0,0,0,0,0,565,,Excess,,,2026-04-27,Yes,No,275.4,565,2026-04-27,61,0,0,0,354,unassigned,N,,,
2026-04-30,SL-COOLING-FITTED-TWIN-SAGE-GREEN,X004OD9S9J,B0F7M5DG4X,"SLEEPHORIA Cooling Fitted Sheet Twin Size - 1 PC BreezeWeave Cooling Sheets for Hot Sleepers & Cool Rest w/ 16 in Deep Pocket - Corner Straps, Cloud Soft, Ultra Durable - 37 x 72 in (Sage Green)",New,10,0,0,0,11,0,0,0,USD,1,5,13,13,,24.99,0,24.99,0,Create Outlet deal,,13.49,2,0,77.84,0.68,0.115405,cubic feet,Standard,1.15405,US,gl_home,33953,55,0,8,10,24.99,24.99,132.95,334.87,334.87,0,0,0,11,0,6.37,0,0,0,0,,0,0,0,0,0,0,0,0,11,6.93,0,0,0,0,0,0,0,0,150.8,,,7,2026-05-06,2026-04-27,Yes,No,73.2,150.8,2026-04-27,10,0,0,0,55,unassigned,N,,,
2026-04-30,SS-BAMBOO-LIGHT-PINK-FULL-6PCS,X004D8NNGJ,B0DDTXRQM7,"SLEEP SANCTUARY 100% Viscose Derived from Bamboo Sheets Full 6pcs – BamBliss Luxury Cooling Sheets for Hot Sleepers - Cloud Soft, 17"" Deep Pocket, Ultra Durable Bed Set (Light Pink)",New,2,0,2,0,0,0,0,0,USD,6,26,38,47,,59.99,0,59.99,0,GoToRestock,,0,0,0,0,1.57,0.255223,cubic feet,Standard,0.510446,US,gl_home,47560,2,0,0,0,59.99,359.94,1549.74,2259.62,2819.53,1,0,1,0,0,0.09,0,0,0,0,,0,0,,,,,,,,,,,,,,,,,61.7,25,Low stock,43,2026-05-05,2026-04-27,Yes,No,25.1,61.7,2026-04-27,2,0,0,0,2,unassigned,N,,,
2026-04-30,SL-COOLING-FITTED-QUEEN-GRAPHITE,X004OD07UN,B0F7M87QYF,"SLEEPHORIA Cooling Fitted Sheet Queen Size - 1 PC BreezeWeave Cooling Sheets for Hot Sleepers & Cool Rest w/ 16 in Deep Pocket - Corner Straps, Cloud Soft, Ultra Durable - 57 x 77 in (Graphite)",,0,0,1,0,0,0,0,0,USD,7,64,135,156,,0,0,0,0,CreateShippingPlan,,,0,0,,1.73,0.147012,cubic feet,Standard,0,US,gl_home,33953,0,0,0,0,29.99,211.93,2035.36,4135.65,4618.44,1,0,0,0,0,,0,0,0,0,,1,1,,,,,,,,,,,,,,,,,54.9,70,Out of stock,141,2026-04-29,2026-04-27,Yes,No,15.3,54.9,2026-04-27,0,0,1,0,0,unassigned,N,,,
2026-04-30,SS-BAMBOO-OLIVE-KING-6PCS,X004D8VMZ3,B0DDTXFRNB,"SLEEP SANCTUARY 100% Viscose Derived from Bamboo Sheets King Size 6pcs – BamBliss Luxury Cooling Sheets for Hot Sleepers - Cloud Soft, 17"" Deep Pocket, Ultra Durable Bed Set (Olive)",New,442,0,3,1,446,0,0,0,USD,3,12,27,39,,69.99,0,69.99,0,Create Outlet deal,,37.49,2,0,26602.11,0.08,0.356858,cubic feet,Standard,157.731236,US,gl_home,47560,366,404,147,147,69.99,209.97,839.88,1889.73,2754.61,1,1,1,446,0,250.34,0,0,0,0,,7,0,88,15.71,358,127.76,0,0,0,0,0,0,0,0,0,0,0,0,1241.3,15,Excess,,,2026-04-27,Yes,No,1241.3,1029.8,2026-04-27,442,0,6,1,366,unassigned,N,,,
2026-04-30,BAMBOO-CALIFKING-WHITE-6PCS,X00438DYVX,B0CQ2ZYZJT,"DECOLURE 100% Viscose Derived from Bamboo Sheets California King Size - Luxury 6 Pc Naturally Cooling Sheets, Ultra Soft Bed Set - Deep 17"" Pockets, Double Stitching, Oeko Tex Standard (White)",New,4,0,19,0,0,0,0,0,USD,11,13,36,151,,89.99,0,89.99,0,CreateShippingPlan,,,0,0,,3.49,0.325966,cubic feet,Standard,1.303864,US,gl_home,14195,16,0,3,1,89.99,959.89,1181.87,3187.64,12916.49,19,0,0,0,0,,8,0,4,4,,25,0,,,,,,,,,,,,,,,,,56.3,142,Low stock,245,2026-05-07,2026-04-27,Yes,No,56.3,20,2026-04-27,28,16,6,3,20,unassigned,N,,,
2026-04-30,WELCOME-SIGN-FRONT-PORCH-DARK-BROWN,X004HYBKZ5,B0DQ81HZ4X,"DECOLURE Welcome Sign for Front Porch - Tall Solid Wood Porch Door Sign with 10 Magnetic Seasonal & Holiday Pieces, Rustic Farmhouse Outdoor Decor for Year Round Welcoming Entryway (Dark Brown)",New,83,0,0,0,0,6,78,0,USD,0,1,2,2,Low traffic,37.95,0,37.95,0,Create Outlet deal,,30.36,2,0,7920.41,0.02,0.348563,cubic feet,Oversize,28.930729,US,gl_lawn_and_garden,3378342,366,83,332,539,37.95,0,37.95,75.9,75.9,0,0,0,0,6,213.85,0,0,0,0,,1,0,0,0,0,0,0,0,0,0,0,0,0,0,84,202.03,0,0,3843,4,Excess,,,2026-04-27,Yes,No,2539,3843,2026-04-27,83,0,1,0,366,unassigned,N,,,
2026-04-30,BAMBOO-FULL-WHITE,X002O4Z1AP,B08KQJV49M,"DECOLURE 100% Viscose Derived from Bamboo Sheets Full Size - Luxury 4 Pc Naturally Cooling Sheets, Ultra Soft Bed Set - Deep 17"" Pockets, Durable Double Stitching, Oeko Tex Standard (White)",New,84,0,97,0,0,0,0,0,USD,15,74,166,244,,69.99,64.99,64.99,0,CreateShippingPlan,,0,0,0,0,1.93,0.221529,cubic feet,Standard,18.608436,US,gl_home,11515,66,0,7,7,64.98,967.78,4772.35,10803.6,15798.18,80,8,9,0,0,18.47,60,0,36,24,,74,0,,,,,,,,,,,,,,,,,47.2,107,Healthy,67,2026-05-07,2026-04-27,Yes,No,32.6,47.2,2026-04-27,213,69,4,1,68,unassigned,N,,,
2026-04-30,SATIN-IVORY-TWIN,X003EKC3FT,B0BG25XZHJ,"DECOLURE Satin Bed Sheets - 3 Piece Luxury Silky Twin Size Bedding Set - Softer Than Silk, Wrinkle-Free with 15” Deep Pocket Fitted Sheet, Perfect for Hair & Skin, Gifts for Women (Ivory)",New,84,0,48,8,13,15,0,0,USD,0,2,4,8,,31.95,0,31.95,0,Edit listing,,0,0,0,3277.38,0.11,0.190607,cubic feet,Standard,16.010988,US,gl_home,10574,366,78,168,136,27.16,0,54.89,105.33,217.13,12,0,36,28,0,30.86,0,0,0,0,,0,0,19,1.82,0,0,0,0,1,1.04,6,6.52,9,10.12,0,0,0,0,1129,8,Excess,,,2026-04-27,Yes,No,1129,678.4,2026-04-27,84,0,0,0,366,unassigned,N,,,
2026-04-30,SS-SATIN-GREY-FULL-4PCS,X004D7A2YL,B0DDQX793B,"SLEEP SANCTUARY Satin Sheets Full Size – 4 Piece Luxury Silky Bed Set, Softer Than Silk, 15"" Deep Pocket, Cooling & Wrinkle-Free, Moisture-Wicking & Breathable for Hair & Skin (Grey)",New,166,0,127,4,0,1,50,0,USD,3,51,97,105,,31.95,0,31.95,0,NoRestockExcessActionRequired,,18.47,23,0,759.53,0.7,0.237686,cubic feet,Standard,39.455876,US,gl_home,14711,366,260,20,31,31.95,95.85,1060.33,1969.87,2225.47,126,0,1,1,0,150.84,90,6,54,30,,33,0,0,0,0,0,0,0,0,0,0,0,1,1.4,50,82,0,0,111.7,42,Excess,,,2026-04-27,Yes,No,64.6,111.7,2026-04-27,276,20,13,0,366,unassigned,N,,,
2026-04-30,BAMBOO-QUEEN-GREY-6PCS,X00438DZ4T,B0CQ31XHCV,"DECOLURE 100% Viscose Derived from Bamboo Sheets Queen Size - Luxury 6 Pc Naturally Cooling Sheets, Ultra Soft Bed Set - Deep 17"" Pockets, Durable Double Stitching, Oeko Tex Standard (Grey)",New,1,0,3,20,0,0,0,0,USD,14,65,136,223,,84.99,0,84.99,0,CreateShippingPlan,,0,0,0,0,1.57,0.261943,cubic feet,Standard,0.261943,US,gl_home,14195,8,0,0,0,84.99,1159.86,5168.6,10836.62,17292,2,0,1,0,0,0.66,0,0,0,0,,14,0,,,,,,,,,,,,,,,,,53.4,117,Low stock,228,2026-05-06,2026-04-27,Yes,No,24.8,53.4,2026-04-27,14,13,0,1,8,unassigned,N,,,
2026-04-30,HANGING-CLOSET-BLACK,X00499IBC3,B0D5C1GM7K,"DECOLURE 5-Tier Adjustable Hanging Closet Organizer – Maximize Hanging Storage w/ 4 Hanging Hooks, 8 S Hooks & 5 Name Plates - Sturdy Foldable Wire Storage Hanging Shelves for Clothes, Towels (Black)",New,343,0,1,12,22,2,350,0,USD,9,22,63,81,Low traffic,41.95,0,41.95,0,NoRestockExcessActionRequired,,0,0,0,6159.65,0.19,0.473254,cubic feet,Standard,162.326122,US,gl_furniture,427311,107,295,62,55,41.95,377.55,923.9,2244.49,2969.59,1,0,0,23,1,1137.42,0,0,0,0,,43,0,8,1.89,7,3.31,8,5.68,4,10.32,0,0,1,2.79,351,1146.19,0,0,670.8,247,Excess,,,2026-04-27,Yes,No,670.8,492.8,2026-04-27,344,1,42,0,118,unassigned,N,,,
2026-04-30,SILK-PILLOWCASE-QUEEN-GREY-1PCS,X004C9YUYX,B0DBR9LLGV,"DECOLURE 100% Pure Mulberry Silk Pillow Case Queen Size – Highest Grade 30 Momme 6A+, Luxuriously Soft & Cooling Silk Pillowcase for Hair & Skin, Hypoallergenic, Breathable, Hidden Zipper (Grey)",New,95,0,4,93,0,0,0,0,USD,2,13,37,57,,49.95,0,49.95,0,NoExcessInventory,,0,0,0,0,0.49,0.03825,cubic feet,Standard,3.63375,US,gl_home,181216,229,0,29,21,49.95,89.9,699.71,1867.41,2737.87,0,0,4,0,0,2.46,0,0,0,0,,0,0,,,,,,,,,,,,,,,,,262.4,37,Healthy,,,2026-04-27,Yes,No,262.4,180.5,2026-04-27,95,0,0,0,229,unassigned,N,,,
2026-04-30,SATIN-SEA-TEAL-KING,X003EKAD8N,B0BG22BZJJ,"DECOLURE Satin Sheets King Size Set 4 Pcs - Silky & Luxuriously Soft Satin Bed Sheets w/ 15inch Deep Pocket - Similar to Silk Sheets - Double Stitching, Wrinkle Free (Sea Teal-01)",New,27,0,10,19,0,0,0,0,USD,0,6,55,121,Low traffic,33.95,0,33.95,0,GoToRestock,,0,0,0,0,1.47,0.243424,cubic feet,Standard,6.572448,US,gl_home,1631568,66,0,18,2,33.95,0,203.64,1867.19,4107.51,8,0,2,0,0,3.75,0,0,0,0,,2,0,18,2.2,0,0,0,0,0,0,0,0,0,0,0,0,0,0,89.8,67,Low stock,76,2026-05-06,2026-04-27,Yes,No,89.8,51.2,2026-04-27,29,2,0,0,66,unassigned,N,,,
2026-04-30,SS-SATIN-NAVY-BLUE-FULL-4PCS,X004D7HDZH,B0DDRF88H4,"SLEEP SANCTUARY Satin Sheets Full Size – 4 Piece Luxury Silky Bed Set, Softer Than Silk, 15"" Deep Pocket, Cooling & Wrinkle-Free, Moisture-Wicking & Breathable for Hair & Skin (Navy Blue)",New,95,0,91,3,3,0,0,0,USD,5,10,23,28,,33.95,0,33.95,0,Create Outlet deal,,28.66,2,0,512.45,0.27,0.235484,cubic feet,Standard,22.37098,US,gl_home,14711,296,77,50,58,33.95,169.75,353.47,843.82,1013.57,0,0,91,3,0,15.48,30,30,0,0,,12,0,0,0,0,0,0,0,3,3.85,0,0,0,0,0,0,0,0,426.6,24,Excess,,,2026-04-27,Yes,No,286.5,426.6,2026-04-27,126,1,11,0,366,unassigned,N,,,
2026-04-30,BAMBOO-KING-LIGHT PINK,X0040HLIHJ,B0CLK9QXX3,"DECOLURE 100% Viscose Derived from Bamboo Sheets King Size - Luxury 4 Pc Naturally Cooling Sheets, Ultra Soft Bed Set - Deep 17"" Pockets, Durable Double Stitching, Oeko Tex Standard (Light Pink)",New,92,0,104,0,0,0,0,0,USD,15,16,17,58,,106.99,0,79.98,0,NoRestockExcessActionRequired,,,0,0,,1.45,0.28493,cubic feet,Standard,26.21356,US,gl_home,11515,225,0,71,63,79.98,1098.66,1163.27,1270.26,4359.81,104,0,0,0,0,,192,114,72,6,,28,0,,,,,,,,,,,,,,,,,424,66,Healthy,,,2026-04-27,Yes,No,424,26.9,2026-04-27,309,25,1,2,366,unassigned,N,,,
2026-04-30,SS-SATIN-RED-FULL-4PCS,X004D7K7TV,B0DDRCZN9J,"SLEEP SANCTUARY Satin Sheets Full Size – 4 Piece Luxury Silky Bed Set, Softer Than Silk, 15"" Deep Pocket, Cooling & Wrinkle-Free, Moisture-Wicking & Breathable for Hair & Skin (Red)",New,110,0,30,86,0,0,0,0,USD,0,6,17,34,,37.95,0,37.95,0,NoExcessInventory,,0,0,0,8.88,0.27,0.24726,cubic feet,Standard,27.1986,US,gl_home,14711,325,0,73,42,37.95,0,191.64,555.09,1098.24,0,0,30,0,0,18.33,0,0,0,0,,3,0,7,0.86,0,0,0,0,0,0,0,0,0,0,0,0,0,0,604.8,24,Healthy,,,2026-04-27,Yes,No,604.8,339.4,2026-04-27,110,0,3,0,335,unassigned,N,,,
2026-04-30,SL-QUILT-SET-KING-BLACK,X004R3SH1V,B0FGZF19SN,"SLEEPHORIA King Quilt Bedding Set - Cloud Soft All-Season Bedspread 3 PC w/Shams, Bed Quilt King Size Coverlet - Oversized, Light Weight, Ultra Durable, Easy Care - 106 x 96 in (Black)",New,133,0,2,1,130,0,0,0,USD,0,1,1,1,Low traffic,39.99,0,39.99,0,Create Outlet deal,,24.79,2,0,24645.43,0.01,0.741755,cubic feet,Oversize,98.653415,US,gl_home,3305776,366,133,532,1729,39.99,0,30.99,30.99,30.99,1,1,0,130,0,146.75,0,0,0,0,,0,0,0,0,130,96.44,0,0,0,0,0,0,0,0,0,0,0,0,11977,3,Excess,,,2026-04-27,Yes,No,3998,11977,2026-04-27,133,0,0,0,366,unassigned,N,,,
2026-04-30,LINEN-CURTAIN-52x90-LINEN-2-PCS,X004NSWVAD,B0F637PJBD,"DECOLURE Linen Blackout Curtains - SunShield 90 Inches Long Black Out Curtains for Living Room and Bedroom Windows - Luxury Faux Linen, 2 Panels Set, Ultra Durable - 90 Length x 52 in (Linen)",New,35,0,0,0,44,0,0,0,USD,0,0,0,1,Low traffic,31.99,0,31.99,0,Create removal order,,0,0,0,1896.56,0.02,0.199952,cubic feet,Standard,6.99832,US,gl_home,6153402,366,35,,455,31.99,0,0,0,28.99,0,0,0,44,0,27.08,0,0,0,0,,12,0,0,0,2,0.4,18,5.4,24,26.16,0,0,0,0,0,0,0,0,,3,Excess,,,,,,,4229,2026-04-27,35,0,12,0,366,unassigned,N,,,
2026-04-30,SS-BAMBOO-BLACK-TWIN-4PCS,X004D8TR5Z,B0DDTWR1JB,"SLEEP SANCTUARY 100% Viscose Derived from Bamboo Sheets Twin Size 4pcs – BamBliss Luxury Cooling Sheets for Hot Sleepers - Cloud Soft, 17"" Deep Pocket, Ultra Durable Bed Set (Black)",New,28,0,0,0,28,0,0,0,USD,0,0,0,0,Low conversion,59.99,0,59.99,0,Create Outlet deal,,38.49,2,0,1755.62,0,0.202365,cubic feet,Standard,5.66622,US,gl_home,47560,366,28,,,59.99,0,0,0,0,0,0,0,28,0,9.09,0,0,0,0,,0,0,6,0.61,22,4.44,0,0,0,0,0,0,0,0,0,0,0,0,,1,Excess,,,,,,,,2026-04-27,28,0,0,0,366,unassigned,N,,,
2026-04-30,SILK-PILLOWCASE-QUEEN-CHAMPAGNE-1PCS,X004C9YTX5,B0DBR61W7F,"DECOLURE 100% Pure Mulberry Silk Pillow Case Queen Size – Highest Grade 30 Momme 6A+, Luxuriously Soft & Cooling Silk Pillowcase for Hair & Skin, Hypoallergenic, Breathable, Hidden Zipper (Champagne)",New,298,0,5,297,0,0,0,0,USD,10,28,52,79,,49.95,0,49.95,0,Create Outlet deal,,28.47,2,0,1012.67,0.23,0.038525,cubic feet,Standard,11.48045,US,gl_home,181216,366,141,42,49,49.95,439.5,1236.6,2286.4,3476.39,2,2,1,0,0,8.16,0,0,0,0,,2,0,,,,,,,,,,,,,,,,,379.4,30,Excess,,,2026-04-27,Yes,No,357,379.4,2026-04-27,300,2,0,0,366,unassigned,N,,,
2026-04-30,SS-SATIN-SEA-TEAL-TWIN-3PCS,X004D7EXOL,B0DDR2CP9X,"SLEEP SANCTUARY Satin Sheets Twin Size – 3 Piece Luxury Silky Bed Set, Softer Than Silk, 15"" Deep Pocket, Cooling & Wrinkle-Free, Moisture-Wicking & Breathable for Hair & Skin (Sea Teal)",New,50,0,0,0,0,48,2,0,USD,0,1,1,4,,31.95,0,31.95,0,Create Outlet deal,,22.36,2,0,2967.24,0.08,0.224789,cubic feet,Standard,11.23945,US,gl_home,14711,366,50,200,162,31.95,0,30.56,30.56,126.41,0,0,0,48,0,72.44,0,0,0,0,,0,0,0,0,0,0,0,0,0,0,48,61.5,0,0,2,3.1,0,0,1476,4,Excess,,,2026-04-27,Yes,No,1476,1146,2026-04-27,50,0,0,0,366,unassigned,N,,,
2026-04-30,SATIN-FITTED-TWIN-SAGE-GREEN,X004CBVEGX,B0DBVZ9QZC,"DECOLURE Satin Fitted Sheet Twin Size (1 PC) – Luxuriously Smooth & Softer Than Silk Bed Sheets w/ 15 Inch Deep Pocket Hypoallergenic Wrinkle Free, Secure Snug Fit, Elastic Corner Straps (Sage Green)",New,100,0,2,40,58,0,0,0,USD,2,8,20,24,,16.95,0,16.06,0,NoRestockExcessActionRequired,,0,0,0,1006.07,0.21,0.127813,cubic feet,Standard,12.7813,US,gl_home,14844,353,95,50,54,16.06,32.12,133.82,339.82,407.62,0,0,2,58,0,13.82,0,0,0,0,,0,0,78,4.95,0,0,0,0,0,0,0,0,0,0,0,0,0,0,453.9,17,Excess,,,2026-04-27,Yes,No,453.9,446.9,2026-04-27,100,0,0,0,353,unassigned,N,,,
2026-04-30,SL-COOLING-FITTED-FULL-LIGHT-BLUE,X004ODA0MX,B0F7M8R9FG,"SLEEPHORIA Cooling Fitted Sheet Full Size - 1 PC BreezeWeave Cooling Sheets for Hot Sleepers & Cool Rest w/ 16 in Deep Pocket - Corner Straps, Cloud Soft, Ultra Durable - 52 x 72 in (Light Blue)",New,56,0,1,0,48,8,0,0,USD,1,8,17,17,,27.99,0,27.99,0,Create Outlet deal,,14.99,2,0,1097.96,0.24,0.13919,cubic feet,Standard,7.79464,US,gl_home,33953,285,49,28,42,27.99,27.99,237.92,489.83,489.83,1,0,0,56,0,45.87,0,0,0,0,,0,0,0,0,0,0,0,0,56,42.5,0,0,0,0,0,0,0,0,378.6,,Excess,,,2026-04-27,Yes,No,259,378.6,2026-04-27,56,0,0,0,285,unassigned,N,,,
2026-04-30,SS-SATIN-PURPLE-FULL-4PCS,X004D7K97V,B0DDRB21Z6,"SLEEP SANCTUARY Satin Sheets Full Size – 4 Piece Luxury Silky Bed Set, Softer Than Silk, 15"" Deep Pocket, Cooling & Wrinkle-Free, Moisture-Wicking & Breathable for Hair & Skin (Purple)",New,42,0,0,2,0,40,0,0,USD,0,4,10,13,,31.95,0,31.95,0,Create Outlet deal,,26.56,2,0,469.51,0.27,0.246137,cubic feet,Standard,10.337754,US,gl_home,14711,221,42,42,42,31.95,0,133.42,325.12,420.97,0,0,0,40,0,60.31,0,0,0,0,,0,0,0,0,0,0,0,0,0,0,40,56.1,0,0,0,0,0,0,335.5,13,Excess,,,2026-04-27,Yes,No,326,335.5,2026-04-27,42,0,0,0,221,unassigned,N,,,
2026-04-30,BEACH-TOWEL-PT-DIAMOND-LIGHT-GRAY,X004HYODEZ,B0DQ96DS95,"DECOLURE Turkish Beach Towel Oversized 39x73 Inch - 100% Turkish Cotton, Quick Dry and Sand Free Beach Towels for Travel - Lightweight, Absorbent & Soft Peshtemal Towel - (Light Gray Diamond)",New,1,0,1,0,0,0,0,0,USD,0,0,0,0,Low traffic,22.95,0,22.95,0,Advertise listing,,0,0,0,22.58,0,0.049007,cubic feet,Standard,0.049007,US,gl_home,4128536,15,0,,,22.95,0,0,0,0,0,0,1,0,0,0.04,0,0,0,0,,0,0,,,,,,,,,,,,,,,,,,13,Low stock,15,2026-05-02,,,,,,2026-04-27,1,0,0,0,15,unassigned,N,,,
2026-04-30,SILK-PILLOWCASE-QUEEN-IVORY-1PCS,X004C9YVFL,B0DBR9GXG4,"DECOLURE 100% Pure Mulberry Silk Pillow Case Queen Size – Highest Grade 30 Momme 6A+, Luxuriously Soft & Cooling Silk Pillowcase for Hair & Skin, Hypoallergenic, Breathable, Hidden Zipper (Ivory)",New,193,0,4,222,0,0,0,0,USD,6,21,40,55,,49.95,0,49.95,0,NoExcessInventory,,0,0,0,0,0.2,0.037593,cubic feet,Standard,7.255449,US,gl_home,181216,366,0,36,45,49.95,264.34,993.59,1932.64,2656.01,1,2,1,0,0,5.04,0,0,0,0,,36,0,,,,,,,,,,,,,,,,,353.6,32,Healthy,,,2026-04-27,Yes,No,318.3,353.6,2026-04-27,193,0,36,0,366,unassigned,N,,,
2026-04-30,SL-QUILT-SET-TWIN-LIGHT-GREY,X004R3HG27,B0FGZNP934,"SLEEPHORIA Twin Quilt Bedding Set - Cloud Soft All-Season Bedspread 2 PC w/Sham, Bed Quilt Twin Size Coverlet - Oversized, Light Weight, Ultra Durable, Easy Care - 68 x 86 in (Light Grey)",New,101,0,0,1,100,0,0,0,USD,0,0,0,0,Low traffic,33.99,0,33.99,0,Lower price,,25.99,52,0,13474.99,0,0.52623,cubic feet,Oversize,53.14923,US,gl_home,5509499,366,101,,,25.99,0,0,0,0,0,0,0,100,0,86.55,0,0,0,0,,0,0,0,0,74,38.93,26,20.53,0,0,0,0,0,0,0,0,0,0,,3,Excess,,,,,,,,2026-04-27,101,0,0,0,366,unassigned,N,,,
2026-04-30,SATIN-FITTED-FULL-PINK,X004CBXN71,B0DBVZRZ4H,"DECOLURE Satin Fitted Sheet Full Size (1 PC) – Luxuriously Smooth & Softer Than Silk Bed Sheets w/ 15 Inch Deep Pocket Hypoallergenic Wrinkle Free, Secure Snug Fit, Elastic Corner Straps (Pink)",New,261,0,2,69,191,0,0,0,USD,1,5,16,24,,17.95,0,16.06,0,Edit listing,,0,0,0,4354.64,0.09,0.145958,cubic feet,Standard,38.095038,US,gl_home,14844,366,252,208,141,16.06,16.06,82.26,294.71,438.31,1,0,1,191,0,48.76,0,0,0,0,,27,0,120,8.75,91,13.29,0,0,0,0,0,0,0,0,0,0,0,0,2182.3,28,Excess,,,2026-04-27,Yes,No,2182.3,994.1,2026-04-27,261,0,26,1,366,unassigned,N,,,
2026-04-30,SHOWER-MAT-STANDARD,X004A1IC3D,B0D6Z972N1,"DECOLURE Stone Bath Mat, Quick Dry & Non-Slip Diatomaceous Earth Shower Mat for Bathroom, Luxurious & Easy to Clean Diatomite Stone Mat for Bathroom, Kitchen, High Density (Standard, Grey)",New,236,0,0,251,0,0,0,0,USD,13,54,109,162,Low traffic,57.99,0,57.99,0,Create Outlet deal,,35.99,2,0,21411.97,0.47,0.548663,cubic feet,Oversize,129.484468,US,gl_home,581503,366,233,17,18,57.99,461.99,1936.58,3951.03,5825.5,0,0,0,0,0,65.89,0,0,0,0,,10,0,,,,,,,,,,,,,,,,,189.7,32,Excess,,,2026-04-27,Yes,No,177.4,189.7,2026-04-27,236,0,7,3,366,unassigned,N,,,
2026-04-30,SATIN-FITTED-KING-SAGE-GREEN,X004CC2VYB,B0DBVZGV7Z,"DECOLURE Satin Fitted Sheet King Size (1 PC) – Luxuriously Smooth & Softer Than Silk Bed Sheets w/ 15 Inch Deep Pocket Hypoallergenic Wrinkle Free, Secure Snug Fit, Elastic Corner Straps (Sage Green)",New,89,0,92,0,0,0,0,0,USD,5,35,54,71,,19.95,0,19.95,0,NoRestockExcessActionRequired,,0,0,0,0,0.85,0.12963,cubic feet,Standard,11.53707,US,gl_home,14844,88,0,21,34,19.95,93.75,678.25,1061.3,1418.45,2,90,0,0,0,7.54,100,100,0,0,,5,0,,,,,,,,,,,,,,,,,124,50,Healthy,,,2026-04-27,Yes,No,105.1,124,2026-04-27,189,0,4,1,251,unassigned,N,,,
2026-04-30,SL-COOLING-SHEET-FULL-MIDNIGHT-BLACK,X004OCYSLN,B0F7LXNSQK,"SLEEPHORIA Cooling Sheets - BreezeWeave 4 PC Full Size Cooling Bed Sheets for Hot Sleepers & Deep, Cool Rest - Cloud Soft, Silky Smooth, 16 in Deep Pocket, Ultra Durable (Midnight Black)",New,105,0,114,0,0,0,0,0,USD,4,24,41,45,,60.99,0,60.99,0,NoExcessInventory,,0,0,0,0,0.76,0.273361,cubic feet,Standard,28.702905,US,gl_home,32563,172,0,17,30,60.99,242.96,1437.76,2457.59,2692.55,39,75,0,0,0,19.42,0,0,0,0,,6,0,,,,,,,,,,,,,,,,,139.8,36,Healthy,,,2026-04-27,Yes,No,135.4,139.8,2026-04-27,105,0,6,0,182,unassigned,N,,,
2026-04-30,SATIN-FITTED-FULL-SEA-TEAL,X004CBT2DZ,B0DBVZ1Z2S,"DECOLURE Satin Fitted Sheet Full Size (1 PC) – Luxuriously Smooth & Softer Than Silk Bed Sheets w/ 15 Inch Deep Pocket Hypoallergenic Wrinkle Free, Secure Snug Fit, Elastic Corner Straps (Sea Teal)",New,79,0,0,0,103,1,0,0,USD,9,17,25,34,,17.95,0,11.47,0,NoRestockExcessActionRequired,,0,0,0,341.16,0.25,0.141005,cubic feet,Standard,11.139395,US,gl_home,14844,212,61,18,30,11.47,107.41,242.23,390.83,552.38,0,0,0,104,0,23.13,0,0,0,0,,22,0,0,0,100,14.11,2,0.42,2,1.54,0,0,0,0,0,0,0,0,425.5,32,Excess,,,2026-04-27,Yes,No,345.2,425.5,2026-04-27,99,20,1,1,218,unassigned,N,,,
2026-04-30,SL-COOLING-FITTED-QUEEN-NAVY-BLUE,X004OCXY63,B0F7M3184Y,"SLEEPHORIA Cooling Fitted Sheet Queen Size - 1 PC BreezeWeave Cooling Sheets for Hot Sleepers & Cool Rest w/ 16 in Deep Pocket - Corner Straps, Cloud Soft, Ultra Durable - 57 x 77 in (Navy Blue)",New,32,0,4,1,30,0,0,0,USD,5,33,64,80,,29.99,0,29.99,0,GoToRestock,,0,0,0,0,1.04,0.145654,cubic feet,Standard,4.660928,US,gl_home,33953,38,0,3,5,29.99,149.95,1041.67,1944.36,2312.2,4,0,0,30,0,18.88,0,0,0,0,,1,0,0,0,0,0,0,0,30,23.81,0,0,0,0,0,0,0,0,91.5,27,Healthy,21,2026-05-06,2026-04-27,Yes,No,45.1,91.5,2026-04-27,32,0,0,1,40,unassigned,N,,,
2026-04-30,SATIN-FULL-PURPLE-6PCS,X003UMGG31,B0C7F65432,"DECOLURE Satin Bed Sheets - 6 Piece Luxury Silky Full Size Bedding Set - Softer Than Silk, Wrinkle-Free with 15” Deep Pocket Fitted Sheet, Perfect for Hair & Skin, Gifts for Women (Purple)",New,64,0,36,1,11,1,1,14,USD,1,7,11,17,,29.95,0,29.95,0,Create Outlet deal,,23.06,2,0,321.39,0.25,0.207317,cubic feet,Standard,13.268288,US,gl_home,24922,366,58,36,48,29.95,29.95,203.69,326.49,506.19,0,0,36,12,0,32.7,0,0,0,0,,0,0,1,0.1,1,0.21,9,2.8,0,0,1,1.18,0,0,1,1.43,14,22.93,385.6,12,Excess,,,2026-04-27,Yes,No,340,385.6,2026-04-27,64,0,0,0,366,unassigned,N,,,
2026-04-30,BM-TWIN-BEIGE,X0045AU8QX,B0CWJ24ZTV,DECOLURE Cooling Bed Sheets Twin Set 3pcs - Luxurious & Ultra-Soft Twin Size Cooling Sheets for Hot Sleepers - Comfortable Cool Bamboo Viscose Microfiber Sheets Twin Size w/Deep Pockets (Beige),New,31,0,0,0,0,0,0,31,USD,0,2,4,5,,33.95,0,33.95,0,Create Outlet deal,,19.47,2,0,1450.28,0.15,0.158374,cubic feet,Standard,4.909594,US,gl_home,99235,366,31,62,80,33.95,0,77.9,145.8,179.75,0,0,0,0,0,42.07,0,0,0,0,,0,0,0,0,0,0,0,0,0,0,0,0,0,0,0,0,31,38.76,612.4,6,Excess,,,2026-04-27,Yes,No,482.5,612.4,2026-04-27,31,0,0,0,366,unassigned,N,,,
2026-04-30,BAMBOO-TWIN-OLIVE,X002O4Z4HF,B08KQKKVSX,"DECOLURE 100% Viscose Derived from Bamboo Sheets Twin Size - Luxury 3 Pc Naturally Cooling Sheets, Ultra Soft Bed Set - Deep 17"" Pockets, Durable Double Stitching, Oeko Tex Standard (Olive)",New,79,0,83,0,0,0,0,0,USD,2,6,13,15,,77.99,0,53.99,0,NoRestockExcessActionRequired,,0,0,0,22.81,0.2,0.172725,cubic feet,Standard,13.645275,US,gl_home,11515,339,0,52,68,53.99,130.23,362.44,743.12,845.1,0,0,83,0,0,9.58,0,0,0,0,,5,0,,,,,,,,,,,,,,,,,515.8,21,Healthy,,,2026-04-27,Yes,No,515.8,477.1,2026-04-27,80,1,3,1,366,unassigned,N,,,
2026-04-30,SATIN-STRIPE-TWIN-WHITE--6-PCS,X003UO38RV,B0C7KGK2WK,"DECOLURE Satin Bed Sheets - 4 Piece Luxury Silky Twin Size Bedding Set - Softer Than Silk, Wrinkle-Free with 15” Deep Pocket Fitted Sheet, Perfect for Hair & Skin, Gifts for Women (Striped White)",New,78,0,0,0,0,0,0,78,USD,0,0,2,5,Low conversion,27.95,0,27.95,0,Create Outlet deal,,16.97,2,0,3743.25,0.06,0.177453,cubic feet,Standard,13.841334,US,gl_home,24922,366,78,,202,27.95,0,0,44.92,136.31,0,0,0,0,0,118.9,0,0,0,0,,3,0,0,0,0,0,0,0,0,0,0,0,0,0,0,0,78,109.34,2431,2,Excess,,,2026-04-27,Yes,No,2431,1494.2,2026-04-27,78,0,3,0,366,unassigned,N,,,
2026-04-30,LINEN-CURTAIN-52x90-LIGHT-BEIGE-2-PCS,X004NSWYE1,B0F6399NW2,"DECOLURE Linen Blackout Curtains - SunShield 90 Inches Long Black Out Curtains for Living Room and Bedroom Windows - Luxury Faux Linen, 2 Panels Set, Ultra Durable - 90 Length x 52 in (Light Beige)",New,46,0,1,2,43,0,0,0,USD,0,0,0,0,Low traffic,31.99,0,31.99,0,Advertise listing,,0,0,0,2762.91,0,0.199952,cubic feet,Standard,9.197792,US,gl_home,6800191,366,46,,,31.99,0,0,0,0,0,0,1,43,0,39.11,0,0,0,0,,1,0,0,0,0,0,18,5.4,25,27.25,0,0,0,0,0,0,0,0,,3,Excess,,,,,,,,2026-04-27,46,0,1,0,366,unassigned,N,,,
2026-04-30,SATIN-TAUPE-QUEEN,X003RXOAO5,B0BZQ1LTK3,"DECOLURE Satin Bed Sheets - 4 Piece Luxury Silky Queen Size Bedding Set - Softer Than Silk, Wrinkle-Free with 15” Deep Pocket Fitted Sheet, Perfect for Hair & Skin, Gifts for Women (Taupe)",New,142,0,2,37,3,7,2,97,USD,2,31,48,68,,31.95,0,31.95,0,NoRestockExcessActionRequired,,0,0,0,0,0.35,0.20036,cubic feet,Standard,28.45112,US,gl_home,10574,182,0,28,42,31.95,63.9,947.72,1489.69,2071.03,2,0,0,9,1,164.67,78,78,0,0,,18,0,2,0.2,0,0,0,0,4,4.37,2,2.28,3,3.55,0,0,99,156.68,247,41,Healthy,,,2026-04-27,Yes,No,165.4,247,2026-04-27,223,3,12,3,354,unassigned,N,,,
2026-04-30,SS-SATIN-BURNT-ORANGE-TWIN-3PCS,X004D7A09N,B0DDRF485L,"SLEEP SANCTUARY Satin Sheets Twin Size – 3 Piece Luxury Silky Bed Set, Softer Than Silk, 15"" Deep Pocket, Cooling & Wrinkle-Free, Moisture-Wicking & Breathable for Hair & Skin (Burnt Orange)",New,39,0,12,6,12,0,16,0,USD,0,3,3,5,,29.95,0,29.95,0,Create Outlet deal,,20.95,2,0,1659.82,0.15,0.165901,cubic feet,Standard,6.470139,US,gl_home,14711,366,39,52,101,29.95,0,89.82,89.82,149.72,12,0,0,12,0,25.56,0,0,0,0,,8,0,18,1.49,0,0,0,0,0,0,0,0,0,0,16,18.3,0,0,582.3,4,Excess,,,2026-04-27,Yes,No,386.7,582.3,2026-04-27,39,0,8,0,366,unassigned,N,,,
2026-04-30,SS-BAMBOO-MIDGREY-CALIFKING-6PCS,X004D8Q5E1,B0DDTZ8TM1,"SLEEP SANCTUARY 100% Viscose Derived from Bamboo Sheets California King Size 6pcs – BamBliss Luxury Cooling Sheets for Hot Sleepers - Cloud Soft, 17"" Deep Pocket, Ultra Durable Bed Set (Midgrey)",New,7,0,0,0,7,0,0,0,USD,2,3,10,16,,69.99,0,69.99,0,Create Outlet deal,,37.49,2,0,727.99,1.12,0.302756,cubic feet,Standard,2.119292,US,gl_home,47560,54,0,9,5,69.99,139.98,209.97,699.9,1134.84,0,0,0,7,0,3.02,0,0,0,0,,0,0,4,0.61,3,0.91,0,0,0,0,0,0,0,0,0,0,0,0,147.5,6,Healthy,3,2026-05-04,2026-04-27,Yes,No,147.5,97.4,2026-04-27,7,0,0,0,54,unassigned,N,,,
2026-04-30,SL-QUILT-SET-TWIN-NAVY-BLUE,X004R3HFYV,B0FGZM7H2T,"SLEEPHORIA Twin Quilt Bedding Set - Cloud Soft All-Season Bedspread 2 PC w/Sham, Bed Quilt Twin Size Coverlet - Oversized, Light Weight, Ultra Durable, Easy Care - 68 x 86 in (Navy Blue)",New,38,0,0,0,38,0,0,0,USD,0,0,0,0,Low traffic,33.99,0,33.99,0,Lower price,,25.99,52,0,5736.7,0,0.586546,cubic feet,Oversize,22.288748,US,gl_home,5524381,366,38,,,25.99,0,0,0,0,0,0,0,38,0,41.26,0,0,0,0,,0,0,0,0,12,7.04,26,22.88,0,0,0,0,0,0,0,0,0,0,,3,Excess,,,,,,,,2026-04-27,38,0,0,0,366,unassigned,N,,,
2026-04-30,BAMBOO-FULL-CREME-6PCS,X00438U1QJ,B0CQ2ZVD96,"DECOLURE 100% Viscose Derived from Bamboo Sheets Full Size - Luxury 6 Pc Naturally Cooling Sheets, Ultra Soft Bed Set - Deep 17"" Pockets, Durable Double Stitching, Oeko Tex Standard (Creme)",New,346,0,7,277,26,38,62,0,USD,4,43,66,92,,74.99,0,74.99,0,NoRestockExcessActionRequired,,64.99,27,0,433.45,0.2,0.331635,cubic feet,Standard,114.74571,US,gl_home,14195,366,262,32,48,74.99,299.96,2919.57,4584.34,6404.08,3,4,0,31,33,146.36,0,0,0,0,,69,0,91,15.1,0,0,1,0.5,2,3.62,1,1.89,4,7.83,94,215.11,0,0,460.1,67,Excess,,,2026-04-27,Yes,No,318.4,460.1,2026-04-27,354,8,61,0,366,unassigned,N,,,
2026-04-30,LINEN-CURTAIN-52x120-BEIGE-2-PCS,X004NSU8HL,B0F634C911,"DECOLURE Linen Blackout Curtains - SunShield 120 Inches Long Black Out Curtains for Living Room and Bedroom Windows - Luxury Faux Linen, 2 Panels Set, Ultra Durable - 120 Length x 52 in (Beige)",New,45,0,0,0,40,5,0,0,USD,0,0,0,0,Low traffic,34.99,0,34.99,0,Create removal order,,0,0,0,2535.26,0,0.199952,cubic feet,Standard,8.99784,US,gl_home,8100424,366,45,,,34.99,0,0,0,0,0,0,0,45,0,36.42,0,0,0,0,,1,0,0,0,0,0,24,7.2,21,22.89,0,0,0,0,0,0,0,0,,2,Excess,,,,,,,,2026-04-27,45,0,1,0,366,unassigned,N,,,
2026-04-30,SATIN-STRIPE-QUEEN-PURPLE--6-PCS,X003UO3ANN,B0C7KFWRM8,"DECOLURE Satin Bed Sheets - 6 Piece Luxury Silky Queen Size Bedding Set - Softer Than Silk, Wrinkle-Free with 15” Deep Pocket Fitted Sheet, Perfect for Hair & Skin, Gifts for Women (Striped Purple)",New,37,0,1,0,39,0,0,0,USD,8,19,41,54,,31.95,0,31.95,0,NoExcessInventory,,0,0,0,0,0.7,0.227059,cubic feet,Standard,8.401183,US,gl_home,24922,97,0,10,11,31.95,255.6,606.99,1309.89,1741.24,0,1,0,39,0,10.68,12,12,0,0,,8,0,6,0.68,33,7.5,0,0,0,0,0,0,0,0,0,0,0,0,142,20,Healthy,,,2026-04-27,Yes,No,99.4,142,2026-04-27,49,0,8,0,167,unassigned,N,,,
2026-04-30,SS-SATIN-IVORY-TWIN-3PCS,X004D7EXAF,B0DDR4QMK1,"SLEEP SANCTUARY Satin Sheets Twin Size – 3 Piece Luxury Silky Bed Set, Softer Than Silk, 15"" Deep Pocket, Cooling & Wrinkle-Free, Moisture-Wicking & Breathable for Hair & Skin (Ivory)",New,61,0,30,3,9,19,0,0,USD,0,0,2,3,Low conversion,29.95,0,29.95,0,Create Outlet deal,,20.96,2,0,1980.18,0.06,0.242411,cubic feet,Standard,14.787071,US,gl_home,14711,366,61,,264,29.95,0,0,59.9,89.85,0,30,0,28,0,19.69,0,0,0,0,,0,0,6,0.72,4,0.96,0,0,0,0,19,26.25,0,0,0,0,0,0,,4,Excess,,,,,,,1395.7,2026-04-27,61,0,0,0,366,unassigned,N,,,
2026-04-30,SL-COOLING-SHEET-CAL-KING-COOL-GREY,X004OCWPOF,B0F7LWK8S4,"SLEEPHORIA Cooling Sheets - BreezeWeave 4 PC California King Size Cooling Bed Sheets for Hot Sleepers & Deep, Cool Rest - Cloud Soft, Silky Smooth, 16 in Deep Pocket, Ultra Durable (Cool Grey)",New,29,0,42,0,0,0,0,0,USD,5,24,37,41,,77.99,0,77.99,0,NoRestockExcessActionRequired,,0,0,0,0,1.11,0.324869,cubic feet,Standard,9.421201,US,gl_home,32563,79,0,4,9,77.99,365.95,1772.76,2759.63,3057.59,12,30,0,0,0,5.96,0,0,0,0,,13,1,,,,,,,,,,,,,,,,,99.4,16,Healthy,,,2026-04-27,Yes,No,68,99.4,2026-04-27,29,0,12,1,120,unassigned,N,,,
2026-04-30,BAMBOO-QUEEN-LIGHTBLUE,X002O4Z18R,B08KQKXQLS,"DECOLURE 100% Viscose Derived from Bamboo Sheets Queen Size - Luxury 4 Pc Naturally Cooling Sheets, Ultra Soft Bed Set - Deep 17"" Pockets, Durable Double Stitching, Oeko Tex Standard (Light Blue)",New,422,0,316,195,0,0,0,0,USD,23,122,309,407,,79.99,0,79.99,0,NoRestockExcessActionRequired,,0,0,0,0,0.68,0.253712,cubic feet,Standard,107.066464,US,gl_home,11515,184,0,17,16,79.99,1709.77,9218.78,22627.41,29880.43,114,2,200,0,0,80.2,103,0,60,43,,160,0,,,,,,,,,,,,,,,,,135.6,179,Healthy,,,2026-04-27,No,No,118.3,135.6,2026-04-27,597,72,86,2,211,unassigned,N,,,
2026-04-30,SATIN-STRIPE-TWIN-RED--6-PCS,X003UOCATD,B0C7JQ5MZY,"DECOLURE Satin Bed Sheets - 4 Piece Luxury Silky Twin Size Bedding Set - Softer Than Silk, Wrinkle-Free with 15” Deep Pocket Fitted Sheet, Perfect for Hair & Skin, Gifts for Women (Striped Red)",New,19,0,2,0,17,0,0,0,USD,0,3,4,4,,34.95,0,34.95,0,Create Outlet deal,,19.56,2,0,718.04,0.2,0.102665,cubic feet,Standard,1.950635,US,gl_home,24922,366,19,25,61,34.95,0,75.48,103.43,103.43,2,0,0,17,0,11.43,0,0,0,0,,0,0,0,0,0,0,0,0,17,9.52,0,0,0,0,0,0,0,0,450.8,3,Excess,,,2026-04-27,Yes,No,187.3,450.8,2026-04-27,19,0,0,0,366,unassigned,N,,,
2026-04-30,SATIN-FITTED-QUEEN-BLACK,X004CBVDPF,B0DBW1PNJ8,"DECOLURE Satin Fitted Sheet Queen Size (1 PC) – Luxuriously Smooth & Softer Than Silk Bed Sheets w/ 15 Inch Deep Pocket Hypoallergenic Wrinkle Free, Secure Snug Fit, Elastic Corner Straps (Black)",New,527,0,216,345,0,0,0,0,USD,92,300,557,774,,17.95,0,17.95,0,NoRestockExcessActionRequired,,0,0,0,0,0.89,0.118982,cubic feet,Standard,62.703514,US,gl_home,14844,101,0,23,29,17.95,1651.4,5385,10047.15,14138.3,105,104,7,0,0,36.69,1200,440,760,0,,48,1,,,,,,,,,,,,,,,,,105.3,611,Low stock,,,2026-04-27,No,No,73.5,105.3,2026-04-27,1748,21,21,6,153,unassigned,N,,,
2026-04-30,SATIN-FITTED-QUEEN-STONE-GREY,X004CBP9P5,B0DBVZQYZ7,"DECOLURE Satin Fitted Sheet Queen Size (1 PC) – Luxuriously Smooth & Softer than Silk Bed Sheets w/ 15 Inch Deep Pocket Hypoallergenic Wrinkle Free, Secure Snug Fit, Elastic Corner Straps (Stone Grey)",New,182,0,107,67,59,0,0,0,USD,33,118,184,260,,17.95,0,17.95,0,CreateShippingPlan,,0,0,0,0,0.75,0.205414,cubic feet,Standard,37.385348,US,gl_home,14844,55,0,6,9,17.95,592.35,2116.1,3322.8,4687,4,101,2,59,0,30.3,0,0,0,0,,50,0,100,10.24,0,0,0,0,0,0,0,0,0,0,0,0,0,0,122.2,93,Healthy,28,2026-05-07,2026-04-27,No,No,80.2,122.2,2026-04-27,204,22,27,1,57,unassigned,N,,,
2026-04-30,SATIN-FITTED-QUEEN-ROSEWOOD,X004CBXIZN,B0DBW2HZBF,"DECOLURE Satin Fitted Sheet Queen Size (1 PC) – Luxuriously Smooth & Softer Than Silk Bed Sheets w/ 15 Inch Deep Pocket Hypoallergenic Wrinkle Free, Secure Snug Fit, Elastic Corner Straps (Rosewood)",New,1,0,8,4,11,0,0,0,USD,5,38,65,98,,17.95,0,17.95,0,CreateShippingPlan,,0,0,0,0,1.32,0.182776,cubic feet,Standard,0.182776,US,gl_home,14844,3,0,0,0,17.95,87.9,675.4,1193.05,1785.4,1,1,6,11,0,0.1,0,0,0,0,,8,0,11,1,0,0,0,0,0,0,0,0,0,0,0,0,0,0,68.5,65,Low stock,127,2026-05-07,2026-04-27,Yes,No,32.6,68.5,2026-04-27,3,2,2,4,8,unassigned,N,,,
2026-04-30,BAMBOO-TWIN-TAUPE,X002O5112V,B08KQJBFFZ,"DECOLURE 100% Viscose Derived from Bamboo Sheets Twin Size - Luxury 3 Pc Naturally Cooling Sheets, Ultra Soft Bed Set - Deep 17"" Pockets, Durable Double Stitching, Oeko Tex Standard (Taupe)",New,66,0,20,1,45,0,0,0,USD,1,13,41,58,,82.99,0,82.99,0,NoRestockExcessActionRequired,,0,0,0,0,0.72,0.1955,cubic feet,Standard,12.903,US,gl_home,11515,366,0,33,24,82.99,82.99,767.82,2363.19,3307.39,19,0,1,45,0,16.05,42,0,36,6,,12,0,30,2.94,15,2.93,0,0,0,0,0,0,0,0,0,0,0,0,113,35,Healthy,,,2026-04-27,Yes,No,109.1,113,2026-04-27,120,12,0,0,366,unassigned,N,,,
2026-04-30,BAMBOO-TWIN-BURGUNDY-6PCS,X00438TMZ5,B0CQ32LWVD,"DECOLURE 100% Viscose Derived from Bamboo Sheets Twin Size - Luxury 4 Pc Naturally Cooling Sheets, Ultra Soft Bed Set - Deep 17"" Pockets, Durable Double Stitching, Oeko Tex Standard (Burgundy)",New,24,0,0,25,0,0,0,0,USD,0,8,12,27,,64.99,0,64.99,0,NoRestockExcessActionRequired,,0,0,0,0,0.72,0.2121,cubic feet,Standard,5.0904,US,gl_home,14195,84,0,12,11,64.99,0,471.86,733.82,1603.67,0,0,0,0,0,3.17,0,0,0,0,,1,0,,,,,,,,,,,,,,,,,126.5,22,Healthy,16,2026-05-07,2026-04-27,Yes,No,110.6,126.5,2026-04-27,24,0,1,0,88,unassigned,N,,,
2026-04-30,SL-COOLING-FITTED-QUEEN-LIGHT-PINK,X004OD84P3,B0F7M2K6G1,"SLEEPHORIA Cooling Fitted Sheet Queen Size - 1 PC BreezeWeave Cooling Sheets for Hot Sleepers & Cool Rest w/ 16 in Deep Pocket - Corner Straps, Cloud Soft, Ultra Durable - 57 x 77 in (Light Pink)",New,112,0,0,1,124,1,0,0,USD,6,23,41,41,,29.99,0,29.99,0,Create Outlet deal,,15.99,2,0,108.72,0.25,0.15096,cubic feet,Standard,16.90752,US,gl_home,33953,196,66,19,35,29.99,181.94,725.77,1273.59,1273.59,0,0,0,125,0,98.19,0,0,0,0,,14,0,1,0.08,0,0,0,0,125,102.81,0,0,0,0,0,0,0,0,374.3,,Excess,,,2026-04-27,Yes,No,177,374.3,2026-04-27,112,0,13,1,223,unassigned,N,,,
2026-04-30,SS-BAMBOO-CHARCOAL-CALIFKING-6PCS,X004D8TQ51,B0DDTWZT86,"SLEEP SANCTUARY 100% Viscose Derived from Bamboo Sheets California King Size 6pcs – BamBliss Luxury Cooling Sheets for Hot Sleepers - Cloud Soft, 17"" Deep Pocket, Ultra Durable Bed Set (Charcoal)",New,11,0,0,2,9,0,0,0,USD,1,4,8,13,,69.99,0,69.99,0,Create Outlet deal,,37.49,2,0,543.63,0.72,0.302756,cubic feet,Standard,3.330316,US,gl_home,47560,87,0,11,11,69.99,69.99,279.96,559.92,924.87,0,0,0,9,0,3.93,0,0,0,0,,0,0,4,0.6,5,1.51,0,0,0,0,0,0,0,0,0,0,0,0,128.2,7,Healthy,,,2026-04-27,Yes,No,104.5,128.2,2026-04-27,11,0,0,0,87,unassigned,N,,,
2026-04-30,WELCOME-SIGN-FRONT-PORCH-BLACK,X004HY4PGL,B0DQ83G9MC,"DECOLURE Welcome Sign for Front Porch - Tall Solid Wood Porch Door Sign with 10 Magnetic Seasonal & Holiday Pieces, Rustic Farmhouse Outdoor Decor for Year Round Welcoming Entryway (Porch Black)",New,194,0,0,0,0,36,159,0,USD,2,3,3,3,Low traffic,32.95,0,32.95,0,Create Outlet deal,,30.36,2,0,18221.19,0.02,0.345526,cubic feet,Oversize,67.032044,US,gl_lawn_and_garden,1500885,366,194,258,840,32.95,65.9,103.85,103.85,103.85,0,0,0,0,36,495.48,0,0,0,0,,1,0,0,0,0,0,0,0,0,0,0,0,0,0,195,464.91,0,0,8899.5,9,Excess,,,2026-04-27,Yes,No,2966.5,8899.5,2026-04-27,194,0,1,0,366,unassigned,N,,,
2026-04-30,SL-COOLING-FITTED-FULL-MIDNIGHT-BLACK,X004OD9S2L,B0F7M621N6,"SLEEPHORIA Cooling Fitted Sheet Full Size - 1 PC BreezeWeave Cooling Sheets for Hot Sleepers & Cool Rest w/ 16 in Deep Pocket - Corner Straps, Cloud Soft, Ultra Durable - 52 x 72 in (Midnight Black)",New,82,0,0,0,84,0,0,0,USD,4,17,25,25,,27.99,0,27.99,0,Create Outlet deal,,14.99,2,0,1306.47,0.24,0.134586,cubic feet,Standard,11.036052,US,gl_home,33953,263,73,19,42,27.99,111.96,499.83,725.75,725.75,0,0,0,84,0,66.49,0,0,0,0,,1,0,0,0,0,0,0,0,84,61.58,0,0,0,0,0,0,0,0,439.1,,Excess,,,2026-04-27,Yes,No,201.6,439.1,2026-04-27,82,0,1,0,267,unassigned,N,,,
2026-04-30,SATIN-FITTED-QUEEN-DARK-GREEN,X004CBP94L,B0DBW151XC,"DECOLURE Satin Fitted Sheet Queen Size (1 PC) – Luxuriously Smooth & Softer than Silk Bed Sheets w/ 15 Inch Deep Pocket Hypoallergenic Wrinkle Free, Secure Snug Fit, Elastic Corner Straps (Dark Green)",New,159,0,1,61,112,0,0,0,USD,20,45,72,95,,17.95,0,12.47,0,NoRestockExcessActionRequired,,0,0,0,138.74,0.39,0.158812,cubic feet,Standard,25.251108,US,gl_home,14844,113,56,14,21,12.47,267.32,719.07,1231.72,1644.57,0,0,1,112,0,26.06,0,0,0,0,,12,0,121,9.61,11,1.74,0,0,0,0,0,0,0,0,0,0,0,0,269.7,69,Excess,,,2026-04-27,Yes,No,206.6,269.7,2026-04-27,160,1,7,4,125,unassigned,N,,,
2026-04-30,SATIN-STRIPE-KING-GRAY--6-PCS,X003UO39ON,B0C7K74SLC,"DECOLURE Satin Bed Sheets - 6 Piece Luxury Silky King Size Bedding Set - Softer Than Silk, Wrinkle-Free with 15” Deep Pocket Fitted Sheet, Perfect for Hair & Skin, Gifts for Women (Striped Grey)",New,86,0,12,24,62,0,0,0,USD,4,16,32,51,,33.95,0,33.95,0,NoExcessInventory,,0,0,0,7.09,0.42,0.242268,cubic feet,Standard,20.835048,US,gl_home,24922,290,0,29,29,33.95,151.8,582.21,1125.41,1761.01,12,0,0,62,0,24.33,30,30,0,0,,11,0,66,7.98,8,1.93,0,0,0,0,0,0,0,0,0,0,0,0,198.1,22,Healthy,,,2026-04-27,Yes,No,158.3,198.1,2026-04-27,121,5,6,0,366,unassigned,N,,,
2026-04-30,SATIN-4PCS-FULL-ROSEWOOD,X004C9UVBT,B0DBQVFTZS,"DECOLURE Satin Bed Sheets - 4 Piece Luxury Silky Full Size Bedding Set - Softer Than Silk, Wrinkle-Free with 15” Deep Pocket Fitted Sheet, Perfect for Hair & Skin, Gifts for Women (Rosewood)",New,289,0,1,2,115,181,0,0,USD,2,26,35,39,,45.95,0,45.95,0,Edit listing,,26.96,25,0,10084.06,0.12,0.21003,cubic feet,Standard,60.69867,US,gl_home,10574,366,293,44,96,45.95,75.9,752.84,1022.39,1156.19,0,0,1,296,0,264.51,0,0,0,0,,9,0,24,2.53,91,19.11,0,0,0,0,174,208.33,7,8.67,0,0,0,0,818.9,35,Excess,,,2026-04-27,Yes,No,348.2,818.9,2026-04-27,295,6,2,1,366,unassigned,N,,,
2026-04-30,SATIN-FITTED-FULL-SAGE-GREEN,X004CBXN6R,B0DBW2LXQY,"DECOLURE Satin Fitted Sheet Full Size (1 PC) – Luxuriously Smooth & Softer Than Silk Bed Sheets w/ 15 Inch Deep Pocket Hypoallergenic Wrinkle Free, Secure Snug Fit, Elastic Corner Straps (Sage Green)",New,157,0,1,83,106,0,0,0,USD,12,24,41,54,,17.95,0,11.47,0,NoRestockExcessActionRequired,,0,0,0,327.48,0.23,0.126132,cubic feet,Standard,19.802724,US,gl_home,14844,202,73,26,37,11.47,161.56,372.96,675.11,918.46,0,0,1,106,0,19.43,0,0,0,0,,5,0,102,6.44,25,3.16,0,0,0,0,0,0,0,0,0,0,0,0,413.7,44,Excess,,,2026-04-27,Yes,No,319.6,413.7,2026-04-27,158,1,2,2,208,unassigned,N,,,
2026-04-30,SS-SATIN-STRIPED-RED-TWIN-3PCS,X004D7HDD9,B0DDR9XL5R,"SLEEP SANCTUARY Satin Sheets Twin Size – 3 Piece Luxury Silky Bed Set, Softer Than Silk, 15"" Deep Pocket, Cooling & Wrinkle-Free, Moisture-Wicking & Breathable for Hair & Skin (Striped Red)",New,49,0,1,0,0,0,48,0,USD,0,0,0,0,Low conversion,34.95,0,34.95,0,Lower price,,0,0,0,1771.84,0,0.128822,cubic feet,Standard,6.312278,US,gl_home,14711,366,49,,,34.95,0,0,0,0,1,0,0,0,0,47.04,0,0,0,0,,0,0,0,0,0,0,0,0,0,0,0,0,0,0,48,42.67,0,0,,1,Excess,,,,,,,,2026-04-27,49,0,0,0,366,unassigned,N,,,
2026-04-30,SATIN-STRIPE-QUEEN-GOLD,X0030KKNY1,B09G6K9C65,"DECOLURE Satin Bed Sheets - 4 Piece Luxury Silky Queen Size Bedding Set - Softer Than Silk, Wrinkle-Free with 15” Deep Pocket Fitted Sheet, Perfect for Hair & Skin, Gifts for Women (Striped Gold)",New,14,0,16,0,0,0,0,0,USD,1,19,40,61,,31.95,0,31.95,0,CreateShippingPlan,,0,0,0,0,1.57,0.180738,cubic feet,Standard,2.530332,US,gl_home,10574,21,0,2,2,31.95,31.95,584.65,1302,1956.95,1,1,14,0,0,0.6,0,0,0,0,,2,0,,,,,,,,,,,,,,,,,54.9,45,Low stock,76,2026-05-06,2026-04-27,Yes,No,33.8,54.9,2026-04-27,15,1,1,0,22,unassigned,N,,,
2026-04-30,BAMBOO-TWIN-LIGHT PINK-6PCS,X00438OEGH,B0CQ33BH1K,"DECOLURE 100% Viscose Derived from Bamboo Sheets Twin Size - Luxury 4 Pc Naturally Cooling Sheets, Ultra Soft Bed Set - Deep 17"" Pockets, Durable Double Stitching, Oeko Tex Standard (Light Pink)",New,41,0,1,48,0,0,0,0,USD,1,23,40,59,,85.99,0,85.99,0,NoRestockExcessActionRequired,,0,0,0,0,0.73,0.177834,cubic feet,Standard,7.291194,US,gl_home,14195,65,0,7,9,85.99,51.2,1397.98,2529.87,3729.68,0,0,1,0,0,4.41,0,0,0,0,,8,0,,,,,,,,,,,,,,,,,124.7,39,Healthy,30,2026-05-06,2026-04-27,Yes,No,81.9,124.7,2026-04-27,42,1,7,0,79,unassigned,N,,,
2026-04-30,SATIN-RED-FULL-6-PCS,X003UMHDW9,B0C7FWSYPL,"DECOLURE Satin Bed Sheets - 6 Piece Luxury Silky Full Size Bedding Set - Softer Than Silk, Wrinkle-Free with 15” Deep Pocket Fitted Sheet, Perfect for Hair & Skin, Gifts for Women (Red)",New,55,0,1,1,53,0,0,0,USD,1,3,8,12,,29.95,0,29.95,0,Create Outlet deal,,29.36,2,0,30.69,0.19,0.222168,cubic feet,Standard,12.21924,US,gl_home,24922,310,14,73,59,29.95,29.95,89.83,239.58,383.38,0,0,1,53,0,19.09,0,0,0,0,,1,1,0,0,53,11.78,0,0,0,0,0,0,0,0,0,0,0,0,470.2,14,Excess,,,2026-04-27,Yes,No,436.3,470.2,2026-04-27,55,0,1,0,317,unassigned,N,,,
2026-04-30,SL-COOLING-FITTED-KING-COOL-BLUE,X004OCXXW3,B0F7M61LHQ,"SLEEPHORIA Cooling Fitted Sheet King Size - 1 PC BreezeWeave Cooling Sheets for Hot Sleepers & Cool Rest w/ 16 in Deep Pocket - Corner Straps, Cloud Soft, Ultra Durable - 73 x 77 in (Cool Blue)",New,174,0,1,1,174,0,0,0,USD,4,22,61,77,,32.99,0,32.99,0,Create Outlet deal,,24.49,2,0,516.18,0.34,0.167501,cubic feet,Standard,29.145174,US,gl_home,33953,258,131,31,29,32.99,131.96,761.78,2030.39,2430.23,0,1,0,174,0,172.04,0,0,0,0,,2,0,0,0,0,0,0,0,174,158.81,0,0,0,0,0,0,0,0,274.2,41,Excess,,,2026-04-27,Yes,No,192.8,274.2,2026-04-27,175,1,0,1,260,unassigned,N,,,
2026-04-30,SATIN-QUEEN-BLUSH PINK,X0041PSZOT,B0CNS8T4ZK,"DECOLURE Satin Bed Sheets - 4 Piece Luxury Silky Queen Size Bedding Set - Softer Than Silk, Wrinkle-Free with 15” Deep Pocket Fitted Sheet, Perfect for Hair & Skin, Gifts for Women (Blush Pink)",New,9,0,15,0,0,0,0,0,USD,10,78,131,208,,31.95,0,31.95,0,CreateShippingPlan,,0,0,0,0,1.98,0.254953,cubic feet,Standard,2.294577,US,gl_home,10574,45,0,3,4,30.35,319.5,2459.15,4206.5,6674.05,15,0,0,0,0,0.96,60,0,60,0,,12,0,,,,,,,,,,,,,,,,,45.1,62,Low stock,21,2026-05-06,2026-04-27,Yes,No,14.7,45.1,2026-04-27,81,12,0,0,45,unassigned,N,,,
2026-04-30,SL-COOLING-SHEET-KING-MIDNIGHT-BLACK,X004OCYS31,B0F7LY3994,"SLEEPHORIA Cooling Sheets - BreezeWeave 4 PC King Size Cooling Bed Sheets for Hot Sleepers & Deep, Cool Rest - Cloud Soft, Silky Smooth, 16 in Deep Pocket, Ultra Durable (Midnight Black)",New,30,0,31,0,0,0,0,0,USD,5,57,104,135,,79.99,0,79.99,0,GoToRestock,,0,0,0,0,1.64,0.32455,cubic feet,Standard,9.7365,US,gl_home,32563,27,0,2,2,79.99,369.95,4004.43,7293.96,9474.65,0,31,0,0,0,3.04,0,0,0,0,,0,0,,,,,,,,,,,,,,,,,59.6,42,Low stock,51,2026-05-06,2026-04-27,Yes,No,30.1,59.6,2026-04-27,30,0,0,0,27,unassigned,N,,,
2026-04-30,SATIN-STONEGREY-KING-6PCS,X003UM8NX7,B0C7FLGJS8,"DECOLURE Satin Bed Sheets - 6 Piece Luxury Silky King Size Bedding Set - Softer Than Silk, Wrinkle-Free with 15” Deep Pocket Fitted Sheet, Perfect for Hair & Skin, Gifts for Women (Stone Grey)",New,140,0,52,4,103,0,0,0,USD,15,58,108,137,,33.95,0,33.95,0,NoExcessInventory,,0,0,0,0,0.63,0.259092,cubic feet,Standard,36.27288,US,gl_home,24922,175,0,16,22,33.95,509.23,1968,3664.5,4719.05,20,0,32,103,0,43.77,102,30,66,6,,21,0,2,0.26,72,18.69,30,11.66,0,0,0,0,0,0,0,0,0,0,156.5,39,Healthy,,,2026-04-27,Yes,No,102.6,156.5,2026-04-27,242,0,21,0,228,unassigned,N,,,
2026-04-30,BAMBOO-TWIN-GREY,X002O4Z4HZ,B08KQKJXDK,"DECOLURE 100% Viscose Derived from Bamboo Sheets Twin Size - Luxury 3 Pc Naturally Cooling Sheets, Ultra Soft Bed Set - Deep 17"" Pockets, Durable Double Stitching, Oeko Tex Standard (Grey)",New,26,0,1,27,0,0,0,0,USD,3,10,27,32,,59.99,54.99,54.99,0,NoRestockExcessActionRequired,,0,0,0,0,0.64,0.191729,cubic feet,Standard,4.984954,US,gl_home,11515,111,0,10,10,54.99,164.97,549.9,1477.35,1770.3,1,0,0,0,0,3.52,0,0,0,0,,2,0,,,,,,,,,,,,,,,,,152.1,19,Healthy,9,2026-05-06,2026-04-27,Yes,No,91.3,152.1,2026-04-27,28,2,0,0,111,unassigned,N,,,
2026-04-30,SS-BAMBOO-LIGHT-BLUE-KING-6PCS,X004D8Q3J3,B0DDV25KDZ,"SLEEP SANCTUARY 100% Viscose Derived from Bamboo Sheets King Size 6pcs – BamBliss Luxury Cooling Sheets for Hot Sleepers - Cloud Soft, 17"" Deep Pocket, Ultra Durable Bed Set (Light Blue)",New,109,0,2,2,115,0,0,0,USD,7,43,90,124,,69.99,0,69.99,0,NoExcessInventory,,0,0,0,0,0.67,0.361228,cubic feet,Standard,39.373852,US,gl_home,47560,98,0,10,11,69.99,489.93,3009.57,6269.1,8673.76,1,1,0,115,0,51.3,0,0,0,0,,6,0,54,9.73,63,22.73,0,0,0,0,0,0,0,0,0,0,0,0,132.6,44,Healthy,,,2026-04-27,Yes,No,91,132.6,2026-04-27,114,5,0,1,99,unassigned,N,,,
2026-04-30,SS-BAMBOO-TAUPE-KING-6PCS,X004D8TQZL,B0DDTYDHVB,"SLEEP SANCTUARY 100% Viscose Derived from Bamboo Sheets King Size 6pcs – BamBliss Luxury Cooling Sheets for Hot Sleepers - Cloud Soft, 17"" Deep Pocket, Ultra Durable Bed Set (Taupe)",New,461,0,4,3,466,0,0,0,USD,15,67,150,234,,69.99,0,69.99,0,NoExcessInventory,,0,0,0,0.09,0.4,0.35702,cubic feet,Standard,164.58622,US,gl_home,47560,258,0,27,25,69.99,1029.85,4659.33,10458.5,16352.66,2,1,1,466,0,242.4,0,0,0,0,,9,0,153,27.3,314,112.12,0,0,0,0,0,0,0,0,0,0,0,0,232.6,54,Healthy,,,2026-04-27,Yes,No,232.6,227.6,2026-04-27,469,8,0,1,258,unassigned,N,,,
2026-04-30,SS-SATIN-STRIPED-BLUE-FULL-4PCS,X004D7HFY1,B0DDQX8257,"SLEEP SANCTUARY Satin Sheets Full Size – 4 Piece Luxury Silky Bed Set, Softer Than Silk, 15"" Deep Pocket, Cooling & Wrinkle-Free, Moisture-Wicking & Breathable for Hair & Skin (Striped Blue)",New,8,0,0,0,1,0,7,0,USD,0,1,6,6,,31.95,0,31.95,0,Create Outlet deal,,18.47,2,0,618.67,0.53,0.26218,cubic feet,Standard,2.09744,US,gl_home,14711,140,8,32,17,31.95,0,36.95,221.7,221.7,0,0,0,1,0,14.25,0,0,0,0,,0,0,1,0.13,0,0,0,0,0,0,0,0,0,0,7,12.67,0,0,263,4,Excess,,,2026-04-27,Yes,No,263,168.2,2026-04-27,8,0,0,0,140,unassigned,N,,,
2026-04-30,Amazon.Found.B08KQK8Z1J,B08KQK8Z1J,B08KQK8Z1J,"DECOLURE 100% Viscose Derived from Bamboo Sheets Twin Size - Luxury 3 Pc Naturally Cooling Sheets, Ultra Soft Bed Set - Deep 17"" Pockets, Durable Double Stitching, Oeko Tex Standard (Light Grey)",New,1,0,0,0,1,0,0,0,USD,,,,,Low conversion,81.99,0,81.99,0,Lower price,,0,0,0,0,0.17,0.164153,cubic feet,Standard,0.164153,US,gl_home,11515,4,0,,,81.99,,,,,0,0,0,1,0,0.03,0,0,0,0,,0,0,1,0.08,0,0,0,0,0,0,0,0,0,0,0,0,0,0,,,,27,2026-05-05,,,,,,2026-04-27,1,0,0,0,4,unassigned,N,,,
2026-04-30,SL-COOLING-FITTED-QUEEN-COOL-BLUE,X004ODA0GJ,B0F7M6FFVL,"SLEEPHORIA Cooling Fitted Sheet Queen Size - 1 PC BreezeWeave Cooling Sheets for Hot Sleepers & Cool Rest w/ 16 in Deep Pocket - Corner Straps, Cloud Soft, Ultra Durable - 57 x 77 in (Cool Blue)",New,297,0,1,2,308,0,0,0,USD,4,22,43,53,,29.99,0,29.99,0,Create Outlet deal,,15.99,2,0,4786.39,0.15,0.152722,cubic feet,Standard,45.358434,US,gl_home,33953,366,263,54,72,29.99,119.96,695.78,1330.57,1560.47,0,1,0,308,0,282.22,0,0,0,0,,12,0,0,0,0,0,0,0,308,256.37,0,0,0,0,0,0,0,0,603.2,32,Excess,,,2026-04-27,Yes,No,387.7,603.2,2026-04-27,309,12,0,0,366,unassigned,N,,,
2026-04-30,SATIN-TWIN-PINK-6PCS,X003UM8ZSP,B0C7FKPZNT,"DECOLURE Satin Bed Sheets - 4 Piece Luxury Silky Twin Size Bedding Set - Softer Than Silk, Wrinkle-Free with 15” Deep Pocket Fitted Sheet, Perfect for Hair & Skin, Gifts for Women (Pink)",New,22,0,22,0,0,0,0,0,USD,1,3,4,8,,27.95,0,27.95,0,Create Outlet deal,,15.47,2,0,501.23,0.44,0.151482,cubic feet,Standard,3.332604,US,gl_home,24922,366,0,69,84,27.95,27.95,89.85,117.8,213.22,0,0,22,0,0,2.26,30,0,30,0,,0,0,,,,,,,,,,,,,,,,,262.4,10,Healthy,,,2026-04-27,Yes,No,240.3,262.4,2026-04-27,52,0,0,0,366,unassigned,N,,,
2026-04-30,SATIN-KING-PINK,X002IU8U49,B0839LK8DB,"DECOLURE Satin Bed Sheets - 4 Piece Luxury Silky King Size Bedding Set - Softer Than Silk, Wrinkle-Free with 15” Deep Pocket Fitted Sheet, Perfect for Hair & Skin, Gifts for Women (Pink)",New,0,0,4,2,1,0,0,0,USD,4,60,103,145,,33.95,0,33.95,0,CreateShippingPlan,,0,0,0,0,1.67,0.226197,cubic feet,Standard,0,US,gl_home,10574,3,0,0,0,33.95,135.8,1848.67,3341.22,4768.96,2,1,1,1,0,0.2,0,0,0,0,,13,0,2,0.22,0,0,0,0,0,0,0,0,0,0,0,0,0,0,53,99,Low stock,212,2026-05-07,2026-04-27,Yes,No,18.4,53,2026-04-27,5,5,6,2,7,unassigned,N,,,
2026-04-30,SL-QUILT-SET-QUEEN-NAVY-BLUE,X004R3N3SX,B0FGZQ1HTL,"SLEEPHORIA Queen Quilt Bedding Set - Cloud Soft All-Season Bedspread 3 PC w/Shams, Bed Quilt Queen Size Coverlet - Oversized, Light Weight, Ultra Durable, Easy Care - 90 x 96 in (Navy Blue)",New,166,0,2,4,160,0,0,0,USD,0,1,2,2,Low traffic,36.99,0,36.99,0,Create Outlet deal,,23.19,2,0,27134.55,0.01,0.660011,cubic feet,Oversize,109.561826,US,gl_home,3233841,366,166,664,1079,36.99,0,28.99,55.98,55.98,1,1,0,160,0,161.49,0,0,0,0,,0,0,0,0,160,105.6,0,0,0,0,0,0,0,0,0,0,0,0,,1,Excess,,,,,,,7515,2026-04-27,166,0,0,0,366,unassigned,N,,,
2026-04-30,SS-BAMBOO-PURPLE-CALIFKING-6PCS,X004D8UY57,B0DDTXTR71,"SLEEP SANCTUARY 100% Viscose Derived from Bamboo Sheets California King Size 6pcs – BamBliss Luxury Cooling Sheets for Hot Sleepers - Cloud Soft, 17"" Deep Pocket, Ultra Durable Bed Set (Purple)",New,23,0,5,0,18,0,0,0,USD,0,1,3,4,,69.99,0,69.99,0,Create Outlet deal,,37.49,2,0,1798.64,0.15,0.302756,cubic feet,Standard,6.963388,US,gl_home,47560,366,23,92,74,69.99,0,69.99,214.97,284.96,0,5,0,18,0,9.81,0,0,0,0,,0,0,4,0.6,14,4.23,0,0,0,0,0,0,0,0,0,0,0,0,698,3,Excess,,,2026-04-27,Yes,No,698,546.5,2026-04-27,23,0,0,0,366,unassigned,N,,,
2026-04-30,SS-SATIN-GOLD-KING-4PCS,X004D7LX5X,B0DDR5JMCH,"SLEEP SANCTUARY Satin Sheets King Size – 4 Piece Luxury Silky Bed Set, Softer Than Silk, 15"" Deep Pocket, Cooling & Wrinkle-Free, Moisture-Wicking & Breathable for Hair & Skin (Gold)",New,155,0,12,6,79,72,0,0,USD,6,24,51,53,,35.95,0,35.95,0,Create Outlet deal,,26.56,2,0,3072.19,0.27,0.308757,cubic feet,Standard,47.857335,US,gl_home,14711,366,159,30,45,35.95,215.7,839.53,1818.18,1894.08,12,0,0,151,0,178.93,30,30,0,0,,14,0,18,2.78,66,20.38,1,0.46,0,0,72,126.72,0,0,0,0,0,0,351.5,26,Excess,,,2026-04-27,Yes,No,230,351.5,2026-04-27,191,6,8,0,366,unassigned,N,,,
2026-04-30,SS-SATIN-PURPLE-QUEEN-4PCS,X004D7A0CZ,B0DDR4FVH1,"SLEEP SANCTUARY Satin Sheets Queen Size – 4 Piece Luxury Silky Bed Set, Softer Than Silk, 15"" Deep Pocket, Cooling & Wrinkle-Free, Moisture-Wicking & Breathable for Hair & Skin (Purple)",New,146,0,0,2,7,138,0,0,USD,5,27,55,74,,33.95,0,33.95,0,Create Outlet deal,,27.96,2,0,184.22,0.39,0.262328,cubic feet,Standard,38.299888,US,gl_home,14711,317,91,30,36,33.95,169.75,916.49,1891.09,2536.14,0,0,0,145,0,218.64,60,60,0,0,,2,0,1,0.13,2,0.52,3,1.18,3,4.29,136,203.39,0,0,0,0,0,0,239.8,51,Excess,,,2026-04-27,Yes,No,204,239.8,2026-04-27,207,1,1,0,366,unassigned,N,,,
2026-04-30,BAMBOO-KING-WHITE-6PCS,X00438V7Z3,B0CQ2XQF9N,"DECOLURE 100% Viscose Derived from Bamboo Sheets King Size - Luxury 6 Pc Naturally Cooling Sheets, Ultra Soft Bed Set - Deep 17"" Pockets, Durable Double Stitching, Oeko Tex Standard (White)",New,0,0,20,0,0,0,0,0,USD,43,347,814,1455,,89.99,0,0,0,NoRestockExcessActionRequired,,0,0,0,0,2.42,0.353419,cubic feet,Standard,0,US,gl_home,14195,4,0,16,13,89.99,3857.84,30485.4,71314.98,123078.29,20,0,0,0,0,1.08,1472,1460,8,4,,35,0,,,,,,,,,,,,,,,,,33.2,267,Low stock,,,2026-04-27,No,No,12.7,33.2,2026-04-27,1489,17,2,16,197,unassigned,N,,,
2026-04-30,SATIN-FITTED-KING-RED,X004CBS3G7,B0DBW1M6RN,"DECOLURE Satin Fitted Sheet King Size (1 PC) – Luxuriously Smooth & Softer Than Silk Bed Sheets w/ 15 Inch Deep Pocket Hypoallergenic Wrinkle Free, Secure Snug Fit, Elastic Corner Straps (Red)",New,277,0,12,161,108,0,0,0,USD,12,45,83,143,,19.95,0,19.95,0,NoRestockExcessActionRequired,,0,0,0,1.9,0.38,0.174651,cubic feet,Standard,48.378327,US,gl_home,14844,197,0,24,25,19.95,229.4,871.75,1627.85,2842.85,2,4,6,108,0,52.76,0,0,0,0,,13,0,30,2.61,108,18.84,0,0,0,0,0,0,0,0,0,0,0,0,216.6,113,Healthy,,,2026-04-27,Yes,No,210.6,216.6,2026-04-27,278,1,11,1,205,unassigned,N,,,
2026-04-30,SS-BAMBOO-SAGE-GREEN-CALIFKING-6PCS,X004D8I3JB,B0DDTYS6CK,"SLEEP SANCTUARY 100% Viscose Derived from Bamboo Sheets California King Size 6pcs – BamBliss Luxury Cooling Sheets for Hot Sleepers - Cloud Soft, 17"" Deep Pocket, Ultra Durable Bed Set (Sage Green)",New,15,0,0,1,14,0,0,0,USD,1,6,9,14,,69.99,0,69.99,0,Create Outlet deal,,37.49,2,0,1478.34,0.66,0.302756,cubic feet,Standard,4.54134,US,gl_home,47560,134,15,10,13,69.99,69.99,419.94,629.91,989.86,0,0,0,14,0,6.87,0,0,0,0,,0,0,4,0.6,10,3.02,0,0,0,0,0,0,0,0,0,0,0,0,148.2,9,Excess,,,2026-04-27,Yes,No,115.8,148.2,2026-04-27,15,0,0,0,134,unassigned,N,,,
2026-04-30,BAMBOO-CALIFKING-PURPLE-6PCS,X00438YM9B,B0CQ32CNNX,"DECOLURE 100% Viscose Derived from Bamboo Sheets California King Size - Luxury 6 Pc Naturally Cooling Sheets, Ultra Soft Bed Set - Deep 17"" Pockets, Double Stitching, Oeko Tex Standard (Purple)",New,8,0,6,3,0,0,0,0,USD,0,11,25,41,,89.99,0,89.99,0,NoRestockExcessActionRequired,,0,0,0,0,1.61,0.318232,cubic feet,Standard,2.545856,US,gl_home,14195,88,0,10,8,89.99,0,969.89,2235.75,3520.59,3,1,2,0,0,1.27,20,0,20,0,,1,0,,,,,,,,,,,,,,,,,55.6,22,Low stock,16,2026-05-06,2026-04-27,Yes,No,32.8,55.6,2026-04-27,28,0,1,0,91,unassigned,N,,,
2026-04-30,SATIN-FITTED-TWIN-GOLD,X004CBVDZF,B0DBVZY5T2,"DECOLURE Satin Fitted Sheet Twin Size (1 PC) – Luxuriously Smooth & Softer Than Silk Bed Sheets w/ 15 Inch Deep Pocket Hypoallergenic Wrinkle Free, Secure Snug Fit, Elastic Corner Straps (Gold)",New,32,0,1,1,2,31,0,0,USD,0,3,11,16,,23.95,0,23.95,0,Edit listing,,0,0,0,50.82,0.37,0.101531,cubic feet,Standard,3.248992,US,gl_home,14844,366,118,176,107,10.62,0,50.85,186.45,276.2,1,0,0,33,0,19.19,100,0,100,0,,3,0,0,0,1,0.1,1,0.15,0,0,0,0,31,18.58,0,0,0,0,268.3,17,Excess,,,2026-04-27,Yes,No,268.3,237.9,2026-04-27,133,1,1,1,366,unassigned,N,,,
2026-04-30,WATERPROOF-CHAIR-COVER-BLACK-6PCS,X004632PK1,B0CY6H5P5T,"Waterproof Dining Chair Covers Set of 6 - 3 Layers Thick Fabric Parsons Chair Slip Covers - Jacquard Kitchen Chair Covers & Stretch Protectors for Dining Room, Restaurant - Removable Washable (Black)",New,152,0,1,2,11,2,139,0,USD,4,11,25,32,,39.99,0,39.99,0,Create Outlet deal,,25.49,2,0,3209.5,0.18,0.317148,cubic feet,Standard,48.206496,US,gl_home,71038,366,153,55,61,39.99,129.57,358.85,777.67,996.82,1,0,0,13,0,337.9,0,0,0,0,,2,0,0,0,9,2.85,2,0.96,1,1.73,0,0,1,1.87,139,304.18,0,0,540.7,35,Excess,,,2026-04-27,Yes,No,540.7,504.3,2026-04-27,153,1,1,0,366,unassigned,N,,,
2026-04-30,BM-KING-NAVY-BLUE,X003VHUIED,B0C9LT3V3D,DECOLURE Cooling Bed Sheets King Set 4pcs - Luxurious & Ultra-Soft King Size Cooling Sheets for Hot Sleepers - Comfortable & Cool Bamboo Viscose Microfiber Sheets King Size w/Deep Pockets (Navy),New,2,0,3,0,0,0,0,0,USD,3,34,90,113,,39.95,0,39.95,0,GoToRestock,,0,0,0,0,1.84,0.212583,cubic feet,Standard,0.425166,US,gl_home,99235,5,0,0,0,39.95,119.85,1365.3,3602.5,4527.11,1,2,0,0,0,0.08,0,0,0,0,,1,0,,,,,,,,,,,,,,,,,52.1,24,Low stock,44,2026-05-06,2026-04-27,Yes,No,14,52.1,2026-04-27,2,0,0,1,8,unassigned,N,,,
2026-04-30,BAMBOO-QUEEN-CREME-6PCS,X00438TIF9,B0CQ32Z6VP,"DECOLURE 100% Viscose Derived from Bamboo Sheets Queen Size - Luxury 6 Pc Naturally Cooling Sheets, Ultra Soft Bed Set - Deep 17"" Pockets, Durable Double Stitching, Oeko Tex Standard (Creme)",New,582,0,424,238,0,0,0,0,USD,36,223,397,603,,84.99,0,84.99,0,NoRestockExcessActionRequired,,0,0,0,0,0.82,0.330318,cubic feet,Standard,192.245076,US,gl_home,14195,263,0,15,18,84.99,2977.14,16687.77,30997.51,46410.45,295,4,125,0,0,162.97,258,0,144,114,,263,1,,,,,,,,,,,,,,,,,105.9,185,Healthy,,,2026-04-27,No,No,81.9,105.9,2026-04-27,1021,181,76,6,290,unassigned,N,,,
2026-04-30,SS-SATIN-WHITE-TWIN-3PCS,X004D7HG77,B0DDQTZ8NT,"SLEEP SANCTUARY Satin Sheets Twin Size – 3 Piece Luxury Silky Bed Set, Softer Than Silk, 15"" Deep Pocket, Cooling & Wrinkle-Free, Moisture-Wicking & Breathable for Hair & Skin (White)",New,33,0,0,6,29,0,0,0,USD,2,7,11,17,,29.95,0,29.95,0,Create Outlet deal,,25.16,2,0,103.1,0.39,0.21936,cubic feet,Standard,7.23888,US,gl_home,14711,137,17,18,25,29.95,59.9,209.62,341.42,521.12,0,0,0,29,0,10.78,0,0,0,0,,1,0,0,0,29,6.37,0,0,0,0,0,0,0,0,0,0,0,0,251.6,16,Excess,,,2026-04-27,Yes,No,151,251.6,2026-04-27,34,1,0,0,137,unassigned,N,,,
2026-04-30,SL-COOLING-FITTED-KING-BEIGE,X004OD3C5P,B0F7M8SJ5Q,"SLEEPHORIA Cooling Fitted Sheet King Size - 1 PC BreezeWeave Cooling Sheets for Hot Sleepers & Cool Rest w/ 16 in Deep Pocket - Corner Straps, Cloud Soft, Ultra Durable - 73 x 77 in (Beige)",New,8,0,0,12,0,0,0,0,USD,12,70,118,118,,32.99,0,32.99,0,GoToRestock,,0,0,0,0,1.3,0.159306,cubic feet,Standard,1.274448,US,gl_home,33953,3,0,0,0,32.99,395.88,2421.3,4018.82,4018.82,0,0,0,0,0,0.26,0,0,0,0,,3,0,,,,,,,,,,,,,,,,,79.4,,,91,2026-05-06,2026-04-27,Yes,No,22.4,79.4,2026-04-27,9,1,1,1,5,unassigned,N,,,
2026-04-30,SS-SATIN-STRIPED-PURPLE-TWIN-3PCS,X004D7K999,B0DDR9L9TF,"SLEEP SANCTUARY Satin Sheets Twin Size – 3 Piece Luxury Silky Bed Set, Softer Than Silk, 15"" Deep Pocket, Cooling & Wrinkle-Free, Moisture-Wicking & Breathable for Hair & Skin (Striped Purple)",New,23,0,1,6,5,0,11,0,USD,1,1,1,2,,31.95,0,31.95,0,Create Outlet deal,,15.97,2,0,903.5,0.08,0.128822,cubic feet,Standard,2.962906,US,gl_home,14711,366,23,92,149,31.95,31.95,31.95,31.95,63.9,0,0,1,5,0,12.51,0,0,0,0,,0,0,10,0.64,0,0,0,0,0,0,0,0,0,0,11,9.78,0,0,,4,Excess,,,,,,,2150,2026-04-27,23,0,0,0,366,unassigned,N,,,
2026-04-30,SS-SATIN-TAUPE-FULL-4PCS,X004D7K7ZF,B0DDR6G4WJ,"SLEEP SANCTUARY Satin Sheets Full Size – 4 Piece Luxury Silky Bed Set, Softer Than Silk, 15"" Deep Pocket, Cooling & Wrinkle-Free, Moisture-Wicking & Breathable for Hair & Skin (Taupe)",New,184,0,0,1,1,0,182,0,USD,2,7,14,14,,31.95,0,31.95,0,Edit listing,,11.82,46,0,10558.9,0.07,0.224731,cubic feet,Standard,41.350504,US,gl_home,14711,366,184,105,170,31.95,63.9,175.65,361.35,361.35,0,0,0,1,0,309.25,0,0,0,0,,0,0,1,0.11,0,0,0,0,1,1.22,0,0,0,0,182,282.19,0,0,1244.8,6,Excess,,,2026-04-27,Yes,No,704.5,1244.8,2026-04-27,184,0,0,0,366,unassigned,N,,,
2026-04-30,BAMBOO-CALIFKING-LIGHT PINK,X0040HLH6V,B0CLKD23ZH,"DECOLURE 100% Viscose Derived from Bamboo Sheets California King Size - Luxury 4 Pc Naturally Cooling Sheets, Ultra Soft Bed Set - Deep 17"" Pockets, Double Stitching, Oeko Tex Standard (Light Pink)",New,134,0,0,147,0,0,0,0,USD,3,16,45,56,,84.99,0,79.99,0,NoRestockExcessActionRequired,,0,0,0,565.73,0.31,0.287237,cubic feet,Standard,38.489758,US,gl_home,11515,366,93,33,31,79.99,239.97,1380.68,3689.07,4557.88,0,0,0,0,0,27.96,0,0,0,0,,12,0,,,,,,,,,,,,,,,,,338,17,Excess,,,2026-04-27,Yes,No,338,311.5,2026-04-27,140,6,6,0,366,unassigned,N,,,
2026-04-30,SATIN-STRIPE-QUEEN-GRAY--6-PCS,X003UO3AGP,B0C7K438ML,"DECOLURE Satin Bed Sheets - 6 Piece Luxury Silky Queen Size Bedding Set - Softer Than Silk, Wrinkle-Free with 15” Deep Pocket Fitted Sheet, Perfect for Hair & Skin, Gifts for Women (Striped Grey)",New,88,0,0,0,91,0,0,0,USD,2,18,23,32,,31.95,0,31.95,0,Create Outlet deal,,23.47,2,0,420.49,0.3,0.264645,cubic feet,Standard,23.28876,US,gl_home,24922,366,73,26,47,31.95,63.9,506.14,710.89,998.44,0,0,0,91,0,59.99,30,30,0,0,,3,1,0,0,61,16.12,7,2.78,23,33.16,0,0,0,0,0,0,0,0,306.6,21,Excess,,,2026-04-27,Yes,No,179.6,306.6,2026-04-27,118,0,2,1,366,unassigned,N,,,
2026-04-30,SATIN-TWIN-GREY,X002IUCBIZ,B0839M8LP5,"DECOLURE Satin Bed Sheets - 3 Piece Luxury Silky Twin Size Bedding Set - Softer Than Silk, Wrinkle-Free with 15” Deep Pocket Fitted Sheet, Perfect for Hair & Skin, Gifts for Women (Grey)",New,235,0,3,49,1,3,2,178,USD,1,20,29,46,,27.95,0,27.95,0,Edit listing,,17,7,0,961.51,0.18,0.182344,cubic feet,Standard,42.85084,US,gl_home,10574,366,130,47,66,26.55,27.95,558.85,818.4,1263.67,1,0,2,4,0,281.19,0,0,0,0,,2,0,1,0.09,0,0,0,0,3,2.98,0,0,1,1.08,1,1.26,179,257.8,499.4,29,Excess,,,2026-04-27,Yes,No,367.3,499.4,2026-04-27,235,0,1,1,366,unassigned,N,,,
2026-04-30,SS-BAMBOO-LIGHT-BLUE-TWIN-4PCS,X004D8Q4LZ,B0DDTX2YF4,"SLEEP SANCTUARY 100% Viscose Derived from Bamboo Sheets Twin Size 4pcs – BamBliss Luxury Cooling Sheets for Hot Sleepers - Cloud Soft, 17"" Deep Pocket, Ultra Durable Bed Set (Light Blue)",New,24,0,1,0,23,0,0,0,USD,0,3,5,9,,54.99,0,54.99,0,Create Outlet deal,,41.99,2,0,1432.41,0.32,0.202365,cubic feet,Standard,4.85676,US,gl_home,47560,366,24,32,34,54.99,0,164.97,274.95,504.91,0,1,0,23,0,7.51,0,0,0,0,,0,0,6,0.6,17,3.44,0,0,0,0,0,0,0,0,0,0,0,0,279.2,4,Excess,,,2026-04-27,Yes,No,191,279.2,2026-04-27,24,0,0,0,366,unassigned,N,,,
2026-04-30,SATIN-6PC-QUEEN-BURNT ORANGE,X004BS2KRJ,B0D9QTV7S6,"DECOLURE Satin Bed Sheets - 6 Piece Luxury Silky Queen Size Bedding Set - Softer Than Silk, Wrinkle-Free with 15” Deep Pocket Fitted Sheet, Perfect for Hair & Skin, Gifts for Women (Burnt Orange)",New,17,0,18,0,0,0,0,0,USD,1,3,14,22,,31.95,0,31.95,0,NoExcessInventory,,0,0,0,0,1.35,0.374859,cubic feet,Standard,6.372603,US,gl_home,24922,141,0,30,13,31.95,31.95,99.66,465.11,720.71,18,0,0,0,0,5.84,6,0,6,0,,6,0,,,,,,,,,,,,,,,,,38.8,7,Healthy,,,2026-04-27,Yes,No,26.8,38.8,2026-04-27,29,6,0,0,141,unassigned,N,,,
2026-04-30,SATIN-FITTED-KING-BABY-BLUE,X004CBTULT,B0DBVY2YWN,"DECOLURE Satin Fitted Sheet King Size (1 PC) – Luxuriously Smooth & Softer Than Silk Bed Sheets w/ 15 Inch Deep Pocket Hypoallergenic Wrinkle Free, Secure Snug Fit, Elastic Corner Straps (Baby Blue)",New,137,0,163,0,0,0,0,0,USD,18,52,96,123,,19.95,0,19.95,0,NoRestockExcessActionRequired,,0,0,0,0,0.76,0.201084,cubic feet,Standard,27.548508,US,gl_home,14844,120,0,13,18,19.95,345.1,1017.4,1892.2,2442.85,60,101,2,0,0,21.16,40,0,20,20,,39,0,,,,,,,,,,,,,,,,,118.8,73,Healthy,,,2026-04-27,Yes,No,112.3,118.8,2026-04-27,198,21,17,1,136,unassigned,N,,,
2026-04-30,SATIN-STRIPE-KING-BLUE--6-PCS,X003UO395R,B0C7KBKH28,"DECOLURE Satin Bed Sheets - 6 Piece Luxury Silky King Size Bedding Set - Softer Than Silk, Wrinkle-Free with 15” Deep Pocket Fitted Sheet, Perfect for Hair & Skin, Gifts for Women (Striped Blue)",New,176,0,1,1,174,0,0,0,USD,4,18,37,45,,33.95,0,33.95,0,Create Outlet deal,,29.36,2,0,511.81,0.22,0.255451,cubic feet,Standard,44.959376,US,gl_home,24922,366,114,39,50,33.95,135.8,611.05,1256.1,1534.7,1,0,0,174,0,73.22,0,0,0,0,,5,0,0,0,174,44.43,0,0,0,0,0,0,0,0,0,0,0,0,425.8,29,Excess,,,2026-04-27,Yes,No,317.7,425.8,2026-04-27,176,0,5,0,366,unassigned,N,,,
2026-04-30,SL-CLG-PC-WHITE-STANDARD-2PCS,X004OCE57P,B0F7LMGHFP,"SLEEPHORIA Cooling Pillow Cases - BreezeWeave Standard Size Set of 2 Pillowcases for Hot Sleepers & Cool, Deep Rest - Cloud Soft, Silky Smooth, Ultra Durable, Easy Care, Hidden Zipper (White)",New,24,0,16,13,0,0,0,0,USD,18,58,112,169,,16.99,0,16.99,0,GoToRestock,,0,0,0,0,1.5,0.070542,cubic feet,Standard,1.693008,US,gl_home,168211,19,0,1,1,16.99,305.82,1013.42,1945.88,2882.31,4,8,4,0,0,0.77,0,0,0,0,,5,0,,,,,,,,,,,,,,,,,63.1,31,Low stock,33,2026-05-06,2026-04-27,Yes,No,39.4,63.1,2026-04-27,27,3,0,2,20,unassigned,N,,,
2026-04-30,SATIN-KING-PINK-6PCS,X003UMBNHZ,B0C7FMDPBF,"DECOLURE Satin Bed Sheets - 6 Piece Luxury Silky King Size Bedding Set - Softer Than Silk, Wrinkle-Free with 15” Deep Pocket Fitted Sheet, Perfect for Hair & Skin, Gifts for Women (Pink)",New,88,0,0,1,90,0,0,0,USD,2,10,12,23,,48.95,0,48.95,0,Create Outlet deal,,23.76,2,0,683.43,0.21,0.26667,cubic feet,Standard,23.46696,US,gl_home,24922,366,79,35,49,48.95,78.19,319.62,382.78,742.63,0,0,0,90,0,39.67,0,0,0,0,,4,0,1,0.13,88,23.48,2,0.8,0,0,0,0,0,0,0,0,0,0,430.7,16,Excess,,,2026-04-27,Yes,No,372.4,430.7,2026-04-27,89,1,3,0,366,unassigned,N,,,
2026-04-30,BAMBOO-FULL-LIGHTBLUE-6PCS,X00438DYOZ,B0CQ32JNVG,"DECOLURE 100% Viscose Derived from Bamboo Sheets Full Size - Luxury 6 Pc Naturally Cooling Sheets, Ultra Soft Bed Set - Deep 17"" Pockets, Durable Double Stitching, Oeko Tex Standard (Light Blue)",New,159,0,2,165,12,0,0,0,USD,6,39,66,93,,74.99,0,74.99,0,NoRestockExcessActionRequired,,0,0,0,0,0.41,0.241794,cubic feet,Standard,38.445246,US,gl_home,14195,208,0,16,22,74.99,449.94,2649.3,4570.17,6428.9,0,2,0,12,0,25,0,0,0,0,,18,1,7,0.84,6,1.45,0,0,0,0,0,0,0,0,0,0,0,0,229.3,67,Healthy,,,2026-04-27,Yes,No,160.9,229.3,2026-04-27,159,0,18,0,231,unassigned,N,,,
2026-04-30,BAMBOO-CALIFKING-LIGHTOLIVE,X003TOCG6V,B0BZQ19Z47,"DECOLURE 100% Viscose Derived from Bamboo Sheets California King Size - Luxury 4 Pc Naturally Cooling Sheets, Ultra Soft Bed Set - Deep 17"" Pockets, Double Stitching, Oeko Tex Standard (Light Olive)",New,38,0,0,8,31,0,0,0,USD,2,13,22,27,,84.99,0,84.98,0,NoRestockExcessActionRequired,,0,0,0,0.16,0.47,0.286834,cubic feet,Standard,10.899692,US,gl_home,11515,230,0,11,18,84.98,149.98,1014.87,1735.78,2146.73,0,0,0,31,0,26.52,0,0,0,0,,1,0,5,0.71,3,0.87,21,9.03,7,10.95,0,0,0,0,0,0,0,0,202.4,17,Healthy,,,2026-04-27,Yes,No,113.7,202.4,2026-04-27,39,1,0,0,230,unassigned,N,,,
2026-04-30,SATIN-STONEGREY-TWIN-6PCS,X003UMGFUF,B0C7F9HG21,"DECOLURE Satin Bed Sheets - 4 Piece Luxury Silky Twin Size Bedding Set - Softer Than Silk, Wrinkle-Free with 15” Deep Pocket Fitted Sheet, Perfect for Hair & Skin, Gifts for Women (Stone Grey)",New,53,0,2,13,20,2,1,15,USD,0,2,5,5,,27.95,0,27.95,0,Create Outlet deal,,18.47,2,0,2079.43,0.09,0.171105,cubic feet,Standard,9.068565,US,gl_home,24922,366,53,130,169,27.95,0,62.11,145.96,145.96,0,0,2,22,0,31.4,12,12,0,0,,0,0,18,1.54,7,1.19,0,0,2,1.87,1,0.98,0,0,1,1.18,15,20.27,837.7,8,Excess,,,2026-04-27,Yes,No,815,837.7,2026-04-27,65,0,0,0,366,unassigned,N,,,
2026-04-30,SS-SATIN-CHAMPAGNE-FULL-4PCS,X004D7LWVN,B0DDR5CHW7,"SLEEP SANCTUARY Satin Sheets Full Size – 4 Piece Luxury Silky Bed Set, Softer Than Silk, 15"" Deep Pocket, Cooling & Wrinkle-Free, Moisture-Wicking & Breathable for Hair & Skin (Champagne)",New,276,0,1,1,0,1,286,0,USD,0,2,33,35,,33.95,0,33.95,0,Edit listing,,0,0,0,19799.98,0.11,0.284892,cubic feet,Standard,78.630192,US,gl_home,14711,366,274,552,102,33.95,0,49.92,544.99,608.89,0,1,0,1,0,590.08,0,0,0,0,,14,0,0,0,0,0,0,0,0,0,1,1.62,0,0,286,562.24,0,0,4354.5,10,Excess,,,2026-04-27,Yes,No,4354.5,764.9,2026-04-27,276,0,14,0,366,unassigned,N,,,
2026-04-30,LINEN-CURTAIN-52x63-LINEN-2-PCS,X004NSWVA3,B0F6381MZ1,"DECOLURE Linen Blackout Curtains - SunShield 63 Inches Long Black Out Curtains for Living Room and Bedroom Windows - Luxury Faux Linen, 2 Panels Set, Ultra Durable - 63 Length x 52 in (Linen)",New,46,0,0,0,46,0,0,0,USD,0,0,0,0,Low traffic,27.99,0,27.99,0,Create removal order,,0,0,0,2630.07,0,0.199952,cubic feet,Standard,9.197792,US,gl_home,6813583,366,46,,,27.99,0,0,0,0,0,0,0,46,0,43.95,0,0,0,0,,0,0,0,0,0,0,16,4.8,30,32.7,0,0,0,0,0,0,0,0,,3,Excess,,,,,,,,2026-04-27,46,0,0,0,366,unassigned,N,,,
2026-04-30,SL-QUILT-SET-TWIN-WHITE,X004R3N2AR,B0FGZFLZCT,"SLEEPHORIA Twin Quilt Bedding Set - Cloud Soft All-Season Bedspread 2 PC w/Sham, Bed Quilt Twin Size Coverlet - Oversized, Light Weight, Ultra Durable, Easy Care - 68 x 86 in (White)",New,87,0,0,0,87,0,0,0,USD,2,2,6,8,Low traffic,33.99,0,33.99,0,Create Outlet deal,,20.79,2,0,11746.85,0.09,0.534514,cubic feet,Oversize,46.502718,US,gl_home,2722449,366,87,174,141,33.99,51.98,51.98,147.94,195.92,0,0,0,87,0,76.35,0,0,0,0,,0,0,0,0,64,34.2,23,18.45,0,0,0,0,0,0,0,0,0,0,1332,3,Excess,,,2026-04-27,Yes,No,1332,1024.8,2026-04-27,87,0,0,0,366,unassigned,N,,,
2026-04-30,SL-COOLING-SHEET-FULL-REGAL-PURPLE,X004OD19T1,B0F7LWG82H,"SLEEPHORIA Cooling Sheets - BreezeWeave 4 PC Full Size Cooling Bed Sheets for Hot Sleepers & Deep, Cool Rest - Cloud Soft, Silky Smooth, 16 in Deep Pocket, Ultra Durable (Regal Purple)",New,8,0,0,19,0,0,0,0,USD,2,15,37,44,,60.99,0,60.99,0,GoToRestock,,0,0,0,0,0.96,0.279102,cubic feet,Standard,2.232816,US,gl_home,32563,19,0,2,2,60.99,120.98,900.85,2215.63,2637.56,0,0,0,0,0,0.72,0,0,0,0,,7,0,,,,,,,,,,,,,,,,,98.9,18,Low stock,17,2026-05-06,2026-04-27,Yes,No,53.6,98.9,2026-04-27,8,0,7,0,35,unassigned,N,,,
2026-04-30,SATIN-IVORY-FULL-6PCS,X003UMBLV3,B0C7FKJWJV,"DECOLURE Satin Bed Sheets - 6 Piece Luxury Silky Full Size Bedding Set - Softer Than Silk, Wrinkle-Free with 15” Deep Pocket Fitted Sheet, Perfect for Hair & Skin, Gifts for Women (Ivory)",New,45,0,1,0,32,1,0,13,USD,1,2,4,4,,29.95,0,29.95,0,Create Outlet deal,,17.97,2,0,1941.62,0.06,0.20106,cubic feet,Standard,9.0477,US,gl_home,24922,366,45,90,146,29.95,29.95,59.89,125.79,125.79,0,0,1,33,0,29.08,0,0,0,0,,0,0,1,0.1,30,6.03,1,0.3,0,0,1,1.15,0,0,0,0,13,20.65,1426,5,Excess,,,2026-04-27,Yes,No,1426,878,2026-04-27,45,0,0,0,366,unassigned,N,,,
2026-04-30,SL-COOLING-SHEET-CAL-KING-SAGE-GREEN,X004OD0U5P,B0F7LWSXSC,"SLEEPHORIA Cooling Sheets - BreezeWeave 4 PC California King Size Cooling Bed Sheets for Hot Sleepers & Deep, Cool Rest - Cloud Soft, Silky Smooth, 16 in Deep Pocket, Ultra Durable (Sage Green)",New,31,0,59,0,0,0,0,0,USD,2,13,27,31,,69.99,0,69.99,0,NoExcessInventory,,0,0,0,0,0.64,0.321962,cubic feet,Standard,9.980822,US,gl_home,32563,173,0,9,13,69.99,139.98,909.87,1889.73,2193.69,13,46,0,0,0,6.52,0,0,0,0,,25,0,,,,,,,,,,,,,,,,,155.2,14,Healthy,,,2026-04-27,Yes,No,113.6,155.2,2026-04-27,31,0,25,0,337,unassigned,N,,,
2026-04-30,SILK-PILLOWCASE-STANDARD-WHITE-1PCS,X004C9YVWT,B0DBR5SY67,"DECOLURE 100% Pure Mulberry Silk Pillow Case Standard Size – Highest Grade 30 Momme 6A+, Luxuriously Soft & Cooling Silk Pillowcase for Hair & Skin, Hypoallergenic, Breathable, Hidden Zipper (White)",New,465,0,15,455,0,0,0,0,USD,6,63,134,223,,44.95,0,44.95,0,NoExcessInventory,,0,0,0,0,0.4,0.029393,cubic feet,Standard,13.667745,US,gl_home,181216,366,0,39,35,44.95,268.97,2790.73,6000.26,9772.54,5,4,6,0,0,9.13,150,0,150,0,,2,0,,,,,,,,,,,,,,,,,225.2,163,Healthy,,,2026-04-27,Yes,No,215.3,225.2,2026-04-27,615,0,2,0,366,unassigned,N,,,
2026-04-30,SS-SATIN-GOLD-FULL-4PCS,X004D7K7DH,B0DDR6LYLX,"SLEEP SANCTUARY Satin Sheets Full Size – 4 Piece Luxury Silky Bed Set, Softer Than Silk, 15"" Deep Pocket, Cooling & Wrinkle-Free, Moisture-Wicking & Breathable for Hair & Skin (Gold)",New,127,0,0,0,0,120,9,0,USD,2,4,7,9,,31.95,0,31.95,0,Create Outlet deal,,22.36,2,0,9105.65,0.07,0.27709,cubic feet,Standard,35.19043,US,gl_home,14711,366,127,127,183,31.95,63.9,127.79,223.64,287.54,0,0,0,120,0,227.38,0,0,0,0,,4,0,0,0,0,0,0,0,0,0,120,189.59,0,0,9,17.2,0,0,1372.1,7,Excess,,,2026-04-27,Yes,No,1013.5,1372.1,2026-04-27,127,0,3,1,366,unassigned,N,,,
2026-04-30,SATIN-SEA-TEAL-QUEEN-6PCS,X003UM8ZNP,B0C7FD1CLN,"DECOLURE Satin Bed Sheets - 6 Piece Luxury Silky Queen Size Bedding Set - Softer Than Silk, Wrinkle-Free with 15” Deep Pocket Fitted Sheet, Perfect for Hair & Skin, Gifts for Women (Sea Teal)",New,267,0,5,2,263,0,0,0,USD,10,66,117,176,,31.95,0,31.95,0,NoExcessInventory,,0,0,0,0,0.48,0.227406,cubic feet,Standard,60.717402,US,gl_home,24922,204,0,16,19,31.95,319.5,1860.84,3490.29,5267.84,1,2,2,263,0,92.46,0,0,0,0,,11,0,1,0.11,263,59.79,0,0,0,0,0,0,0,0,0,0,0,0,180.7,105,Healthy,,,2026-04-27,Yes,No,136,180.7,2026-04-27,269,2,9,0,211,unassigned,N,,,
2026-04-30,BM-FULL-SAGE-GREEN,X0045A9LON,B0CWJCY2VP,DECOLURE Cooling Sheets Full Set 4pcs - Luxurious & Ultra-Soft Full Size Cooling Sheets for Hot Sleepers - Comfortable Bamboo Viscose Microfiber Full Cooling Bed Sheets w/Deep Pockets (Sage Green),New,77,0,0,77,0,0,0,0,USD,0,2,3,6,,47.95,0,47.95,0,Create Outlet deal,,22.47,2,0,3725.78,0.08,0.209983,cubic feet,Standard,16.168691,US,gl_home,99235,366,77,154,166,47.95,0,57.52,93.47,210.32,0,0,0,0,0,11.54,0,0,0,0,,0,0,,,,,,,,,,,,,,,,,1194.5,3,Excess,,,2026-04-27,Yes,No,1167,1194.5,2026-04-27,77,0,0,0,366,unassigned,N,,,
2026-04-30,BAMBOO-KING-SAGE GREEN-6PCS,X00438KT4N,B0CQ2ZZ9QN,"DECOLURE 100% Viscose Derived from Bamboo Sheets King Size - Luxury 6 Pc Naturally Cooling Sheets, Ultra Soft Bed Set - Deep 17"" Pockets, Durable Double Stitching, Oeko Tex Standard (Sage Green)",,0,0,1,0,0,0,0,0,USD,1,72,200,364,,0,0,0,0,CreateShippingPlan,,,0,0,,2.25,0.335303,cubic feet,Standard,0,US,gl_home,14195,0,0,0,0,79.73,107.99,6227.28,17153,30225.36,1,0,0,0,0,,0,0,0,0,,1,0,,,,,,,,,,,,,,,,,39,184,Out of stock,406,2026-04-29,2026-04-27,Yes,No,11.1,39,2026-04-27,0,0,1,0,1,unassigned,N,,,
2026-04-30,SATIN-KING-PURPLE-6PCS,X003UMGFZZ,B0C7FQQH6V,"DECOLURE Satin Bed Sheets - 6 Piece Luxury Silky King Size Bedding Set - Softer Than Silk, Wrinkle-Free with 15” Deep Pocket Fitted Sheet, Perfect for Hair & Skin, Gifts for Women (Purple)",New,52,0,26,6,23,0,0,0,USD,2,14,31,44,,33.95,0,33.95,0,NoExcessInventory,,0,0,0,0,0.61,0.615396,cubic feet,Standard,32.000592,US,gl_home,24922,289,0,28,29,33.95,67.9,492.2,1067.65,1504.47,8,12,6,23,0,27.38,48,0,48,0,,9,0,0,0,23,14.19,0,0,0,0,0,0,0,0,0,0,0,0,148.4,32,Healthy,,,2026-04-27,Yes,No,139.2,148.4,2026-04-27,101,1,8,0,313,unassigned,N,,,
2026-04-30,SS-SATIN-STRIPED-GREY-KING-4PCS,X004D7K9NF,B0DDRHYXFM,"SLEEP SANCTUARY Satin Sheets King Size – 4 Piece Luxury Silky Bed Set, Softer Than Silk, 15"" Deep Pocket, Cooling & Wrinkle-Free, Moisture-Wicking & Breathable for Hair & Skin (Striped Grey)",New,86,0,90,21,14,0,0,0,USD,1,9,17,22,,35.95,0,35.95,0,Create Outlet deal,,29.36,2,0,656.8,0.24,0.311332,cubic feet,Standard,26.774552,US,gl_home,14711,366,88,38,50,35.95,35.95,323.52,629.12,808.87,18,72,0,14,0,22.71,0,0,0,0,,38,0,26,4.05,0,0,0,0,0,0,0,0,0,0,0,0,0,0,382.7,24,Excess,,,2026-04-27,Yes,No,350.8,382.7,2026-04-27,98,12,25,1,366,unassigned,N,,,
2026-04-30,SATIN-FULL-BLUSH PINK,X0041PJH73,B0CNS9FHSD,"DECOLURE Satin Bed Sheets - 4 Piece Luxury Silky Full Size Bedding Set - Softer Than Silk, Wrinkle-Free with 15” Deep Pocket Fitted Sheet, Perfect for Hair & Skin, Gifts for Women (Blush Pink)",New,57,0,59,0,0,0,0,0,USD,4,23,42,75,,47.95,0,47.95,0,NoRestockExcessActionRequired,,0,0,0,0,1.03,0.196747,cubic feet,Standard,11.214579,US,gl_home,10574,110,0,16,16,28.45,155.8,742.85,1329.9,2323.11,0,0,59,0,0,6.53,36,0,36,0,,1,0,,,,,,,,,,,,,,,,,115.1,41,Healthy,,,2026-04-27,Yes,No,115.1,105.2,2026-04-27,93,0,0,1,112,unassigned,N,,,
2026-04-30,SS-SATIN-SAGE-GREEN-QUEEN-4PCS,X004D7EXKZ,B0DDR5K4KK,"SLEEP SANCTUARY Satin Sheets Queen Size – 4 Piece Luxury Silky Bed Set, Softer Than Silk, 15"" Deep Pocket, Cooling & Wrinkle-Free, Moisture-Wicking & Breathable for Hair & Skin (Sage Green)",New,265,0,1,6,114,152,0,0,USD,4,23,36,52,,33.95,0,33.95,0,Create Outlet deal,,27.96,2,0,4139.96,0.17,0.279899,cubic feet,Standard,74.173235,US,gl_home,14711,366,251,46,66,33.95,135.8,798.71,1258.06,1801.26,0,0,1,266,0,302.41,0,0,0,0,,10,0,4,0.56,112,31.36,1,0.42,3,4.58,150,239.34,0,0,0,0,0,0,516.5,36,Excess,,,2026-04-27,Yes,No,392.5,516.5,2026-04-27,265,0,10,0,366,unassigned,N,,,
2026-04-30,SL-COOLING-SHEET-TWIN-COOL-GREY,X004OCWKV3,B0F7LXWBL8,"SLEEPHORIA Cooling Sheets - BreezeWeave 3 PC Twin Size Cooling Bed Sheets for Hot Sleepers & Deep, Cool Rest - Cloud Soft, Silky Smooth, 16 in Deep Pocket, Ultra Durable (Cool Grey)",New,5,0,0,5,0,0,0,0,USD,0,9,21,24,,56.99,0,56.99,0,GoToRestock,,0,0,0,0,1.3,0.213861,cubic feet,Standard,1.069305,US,gl_home,32563,24,0,2,2,56.99,0,449.91,1049.79,1199.76,0,0,0,0,0,0.47,0,0,0,0,,0,0,,,,,,,,,,,,,,,,,76.1,12,Low stock,14,2026-05-02,2026-04-27,Yes,No,25.5,76.1,2026-04-27,5,0,0,0,24,unassigned,N,,,
2026-04-30,SS-SATIN-IVORY-KING-4PCS,X004D7K8GX,B0DDR5QBGQ,"SLEEP SANCTUARY Satin Sheets King Size – 4 Piece Luxury Silky Bed Set, Softer Than Silk, 15"" Deep Pocket, Cooling & Wrinkle-Free, Moisture-Wicking & Breathable for Hair & Skin (Ivory)",New,85,0,14,20,53,0,0,0,USD,5,37,78,114,,35.95,0,35.95,0,NoExcessInventory,,0,0,0,0,0.74,0.290479,cubic feet,Standard,24.690715,US,gl_home,14711,366,0,83,87,35.95,179.75,1265.53,2757.48,4051.68,1,1,12,53,0,16.97,684,450,234,0,,8,0,36,5.26,23,6.67,0,0,0,0,0,0,0,0,0,0,0,0,121,59,Healthy,,,2026-04-27,Yes,No,76.8,121,2026-04-27,769,0,8,0,366,unassigned,N,,,
2026-04-30,SS-SATIN-STRIPED-WHITE-TWIN-3PCS,X004D7HFH3,B0DDR95PQM,"SLEEP SANCTUARY Satin Sheets Twin Size – 3 Piece Luxury Silky Bed Set, Softer Than Silk, 15"" Deep Pocket, Cooling & Wrinkle-Free, Moisture-Wicking & Breathable for Hair & Skin (Striped White)",New,4,0,0,0,0,0,4,0,USD,0,0,0,0,Low conversion,34.95,0,34.95,0,Lower price,,0,0,0,167.44,0,0.128822,cubic feet,Standard,0.515288,US,gl_home,14711,94,4,,,34.95,0,0,0,0,0,0,0,0,0,3.91,0,0,0,0,,0,0,0,0,0,0,0,0,0,0,0,0,0,0,4,3.56,0,0,,1,Excess,,,,,,,,2026-04-27,4,0,0,0,94,unassigned,N,,,
2026-04-30,SL-COOLING-SHEET-FULL-LIGHT-PINK,X004OD1C07,B0F7LZNYY8,"SLEEPHORIA Cooling Sheets - BreezeWeave 4 PC Full Size Cooling Bed Sheets for Hot Sleepers & Deep, Cool Rest - Cloud Soft, Silky Smooth, 16 in Deep Pocket, Ultra Durable (Light Pink)",New,9,0,11,0,0,0,0,0,USD,0,36,58,71,,54.99,0,54.99,0,GoToRestock,,0,0,0,0,3.19,0.271106,cubic feet,Standard,2.439954,US,gl_home,32563,13,0,1,1,54.99,0,1979.64,3189.42,3932.29,11,0,0,0,0,0.5,0,0,0,0,,1,0,,,,,,,,,,,,,,,,,35.1,19,Low stock,28,2026-05-06,2026-04-27,Yes,No,19,35.1,2026-04-27,9,0,1,0,15,unassigned,N,,,
2026-04-30,LINEN-CURTAIN-52x108-LIGHT-BEIGE-2-PCS,X004NSWV9J,B0F637MQF8,"DECOLURE Linen Blackout Curtains - SunShield 108 Inches Long Black Out Curtains for Living Room and Bedroom Windows - Luxury Faux Linen, 2 Panels Set, Ultra Durable - 108 Length x 52 in (Light Beige)",New,22,0,2,0,20,0,0,0,USD,0,0,0,0,Low traffic,32.99,0,32.99,0,Advertise listing,,0,0,0,1322.78,0,0.199952,cubic feet,Standard,4.398944,US,gl_home,6795369,366,22,,,32.99,0,0,0,0,0,1,1,20,0,9.12,0,0,0,0,,0,0,0,0,0,0,20,6,0,0,0,0,0,0,0,0,0,0,,3,Excess,,,,,,,1917,2026-04-27,22,0,0,0,366,unassigned,N,,,
2026-04-30,SS-BAMBOO-CHARCOAL-TWIN-4PCS,X004D8X8D7,B0DDTY5RQX,"SLEEP SANCTUARY 100% Viscose Derived from Bamboo Sheets Twin Size 4pcs – BamBliss Luxury Cooling Sheets for Hot Sleepers - Cloud Soft, 17"" Deep Pocket, Ultra Durable Bed Set (Charcoal)",New,26,0,1,1,24,0,0,0,USD,0,1,1,5,,54.99,0,54.99,0,Create Outlet deal,,41.99,2,0,1442.82,0.19,0.202365,cubic feet,Standard,5.26149,US,gl_home,47560,366,26,104,67,49.99,0,54.99,54.99,279.95,1,0,0,24,0,8,0,0,0,0,,0,0,6,0.6,18,3.64,0,0,0,0,0,0,0,0,0,0,0,0,763,3,Excess,,,2026-04-27,Yes,No,763,473.2,2026-04-27,26,0,0,0,366,unassigned,N,,,
2026-04-30,BAMBOO-TWIN-LIGHTGREY-6PCS,X00438UEST,B0CQ33ZGQL,"DECOLURE 100% Viscose Derived from Bamboo Sheets Twin Size - Luxury 4 Pc Naturally Cooling Sheets, Ultra Soft Bed Set - Deep 17"" Pockets, Durable Double Stitching, Oeko Tex Standard (Light Grey)",New,3,0,0,3,0,0,0,0,USD,4,11,23,38,,64.99,0,64.99,0,NoRestockExcessActionRequired,,0,0,0,0,1.72,0.221098,cubic feet,Standard,0.663294,US,gl_home,14195,7,0,12,11,64.99,259.96,713.02,1464.9,2364.75,0,0,0,0,0,0.2,30,30,0,0,,0,0,,,,,,,,,,,,,,,,,56.3,26,Low stock,20,2026-05-05,2026-04-27,Yes,No,35.3,56.3,2026-04-27,33,0,0,0,69,unassigned,N,,,
2026-04-30,BAMBOO-TWIN-CHARCOAL-6PCS,X00438TFYN,B0CQ2ZVDC1,"DECOLURE 100% Viscose Derived from Bamboo Sheets Twin Size - Luxury 4 Pc Naturally Cooling Sheets, Ultra Soft Bed Set - Deep 17"" Pockets, Durable Double Stitching, Oeko Tex Standard (Charcoal)",New,18,0,6,0,12,0,0,0,USD,1,15,18,36,,80.99,0,80.99,0,CreateShippingPlan,,0,0,0,0,1.1,0.18101,cubic feet,Standard,3.25818,US,gl_home,14195,65,0,4,6,80.99,59.99,827.85,1017.82,2034.56,6,0,0,12,0,4.46,0,0,0,0,,2,0,0,0,12,2.17,0,0,0,0,0,0,0,0,0,0,0,0,81.8,18,Healthy,17,2026-05-05,2026-04-27,Yes,No,50.9,81.8,2026-04-27,18,0,2,0,74,unassigned,N,,,
2026-04-30,SATIN-3PC-TWIN-BURNT ORANGE,X0042VO2NP,B0CQRXC2YT,"DECOLURE Satin Bed Sheets - 3 Piece Luxury Silky Twin Size Bedding Set - Softer Than Silk, Wrinkle-Free with 15” Deep Pocket Fitted Sheet, Perfect for Hair & Skin, Gifts for Women (Burnt Orange)",New,59,0,1,28,3,30,0,0,USD,0,1,3,7,,27.95,0,27.95,0,Edit listing,,0,0,0,2727.77,0.1,0.195716,cubic feet,Standard,11.547244,US,gl_home,10574,366,59,236,109,23.76,0,35.95,86.39,198.17,1,0,0,33,0,42.93,0,0,0,0,,0,0,25,2.46,0,0,0,0,8,8.53,25,27.89,0,0,0,0,0,0,1809,6,Excess,,,2026-04-27,Yes,No,1809,711.5,2026-04-27,59,0,0,0,366,unassigned,N,,,
2026-04-30,SATIN-STRIPE-TWIN-RED,X0030KQT99,B09G6M7WJ3,"DECOLURE Satin Bed Sheets - 3 Piece Luxury Silky Twin Size Bedding Set - Softer Than Silk, Wrinkle-Free with 15” Deep Pocket Fitted Sheet, Perfect for Hair & Skin, Gifts for Women (Striped Red)",New,60,0,3,50,4,0,0,9,USD,0,5,6,8,,31.95,0,31.95,0,Edit listing,,21.77,52,0,2050.63,0.12,0.140103,cubic feet,Standard,8.40618,US,gl_home,10574,366,60,48,97,23.76,0,128.59,160.54,216.44,1,1,1,4,0,10.16,0,0,0,0,,6,0,0,0,0,0,4,0.84,0,0,0,0,0,0,0,0,9,9.97,730.8,8,Excess,,,2026-04-27,Yes,No,412,730.8,2026-04-27,60,0,6,0,366,unassigned,N,,,
2026-04-30,SATIN-STONEGREY-TWIN,X003EKDAZ1,B0BG21NBG9,"DECOLURE Satin Bed Sheets - 3 Piece Luxury Silky Twin Size Bedding Set - Softer Than Silk, Wrinkle-Free with 15” Deep Pocket Fitted Sheet, Perfect for Hair & Skin, Gifts for Women (Stone Grey)",New,109,0,30,0,30,51,0,0,USD,0,10,15,22,,37.95,0,37.95,0,Edit listing,,24.95,33,0,190.27,0.19,0.144337,cubic feet,Standard,15.732733,US,gl_home,10574,366,68,55,82,37.95,0,260.1,393.85,585.3,0,18,12,81,0,52.37,30,30,0,0,,7,0,24,1.72,6,0.87,0,0,0,0,51,41.96,0,0,0,0,0,0,522.6,17,Excess,,,2026-04-27,Yes,No,358.7,522.6,2026-04-27,141,2,5,0,366,unassigned,N,,,
2026-04-30,SATIN-KING-BLUE,X002IU8JFJ,B0839L5PDJ,"DECOLURE Satin Bed Sheets - 4 Piece Luxury Silky King Size Bedding Set - Softer Than Silk, Wrinkle-Free with 15” Deep Pocket Fitted Sheet, Perfect for Hair & Skin, Gifts for Women (Blue)",New,117,0,83,40,0,0,0,0,USD,18,99,196,298,,33.95,0,33.95,0,CreateShippingPlan,,0,0,0,0,1.21,0.240847,cubic feet,Standard,28.179099,US,gl_home,10574,43,0,4,5,33.95,611.1,3279.45,6590.9,9962,7,62,14,0,0,11.09,0,0,0,0,,10,0,,,,,,,,,,,,,,,,,80.5,105,Healthy,179,2026-05-06,2026-04-27,Yes,No,57.3,80.5,2026-04-27,118,1,8,1,47,unassigned,N,,,
2026-04-30,SL-QUILT-SET-KING-TAUPE,X004R3WGRR,B0FGZH4DM7,"SLEEPHORIA King Quilt Bedding Set - Cloud Soft All-Season Bedspread 3 PC w/Shams, Bed Quilt King Size Coverlet - Oversized, Light Weight, Ultra Durable, Easy Care - 106 x 96 in (Taupe)",New,242,0,1,1,241,0,0,0,USD,1,1,1,1,Low traffic,39.99,0,39.99,0,Advertise listing,,30.99,52,0,43544.05,0,0.722732,cubic feet,Oversize,174.901144,US,gl_home,1733999,366,242,968,3146,39.99,30.99,30.99,30.99,30.99,0,1,0,241,0,262.66,0,0,0,0,,0,0,0,0,241,174.18,0,0,0,0,0,0,0,0,0,0,0,0,21884,3,Excess,,,2026-04-27,Yes,No,7289,21884,2026-04-27,242,0,0,0,366,unassigned,N,,,
2026-04-30,BM-QUEEN-CGREY,X003VHUG6X,B0C9LTMN8M,DECOLURE Cooling Sheets Queen Set 4pcs - Luxurious & Ultra-Soft Cooling Bed Sheets Queen Size for Hot Sleepers - Comfortable Bamboo Viscose Microfiber Queen Bed Sheets Set Cooling (Cool Grey),New,11,0,2,22,0,0,0,0,USD,11,55,130,166,,37.95,0,37.95,0,GoToRestock,,0,0,0,0,1.44,0.21473,cubic feet,Standard,2.36203,US,gl_home,99235,21,0,0,0,37.95,417.45,2087.25,4941.5,6307.7,1,1,0,0,0,1.41,0,0,0,0,,9,0,,,,,,,,,,,,,,,,,67.4,48,Low stock,83,2026-05-06,2026-04-27,Yes,No,32.9,67.4,2026-04-27,18,7,2,0,24,unassigned,N,,,
2026-04-30,BM-COOLGREY-KING-4PCS,X004CNM6IB,B0DCK3Z5P8,DECOLURE Cooling Bed Sheets King Set 4pcs - Luxurious & Ultra-Soft King Size Cooling Sheets for Hot Sleeper - Comfortable & Cool Bamboo Viscose Microfiber Sheets King Size w/Deep Pocket (Cool Grey-01),New,695,0,0,492,203,0,0,0,USD,,,,,Low traffic,39.95,0,39.95,0,Create removal order,,31.96,9,0,39379.18,0,0.239722,cubic feet,Standard,166.60679,US,gl_home,,,695,,,39.95,,,,,0,0,0,203,0,156.5,0,0,0,0,211,8,0,313,37.56,0,0,0,0,0,0,0,0,0,0,0,0,0,0,,,Excess,,,,,,,,2026-04-27,695,0,8,0,,unassigned,N,,,
2026-04-30,BAMBOO-TWIN-TAUPE-6PCS,X0043870RR,B0CQ32QQ47,"DECOLURE 100% Viscose Derived from Bamboo Sheets Twin Size - Luxury 4 Pc Naturally Cooling Sheets, Ultra Soft Bed Set - Deep 17"" Pockets, Durable Double Stitching, Oeko Tex Standard (Taupe)",New,13,0,5,8,0,0,0,0,USD,6,20,30,59,,64.99,0,64.99,0,CreateShippingPlan,,0,0,0,0,1.51,0.197179,cubic feet,Standard,2.563327,US,gl_home,14195,19,0,2,2,64.99,369.94,1264.8,1888.46,3450.92,1,3,1,0,0,1.33,0,0,0,0,,0,0,4,0.4,0,0,0,0,0,0,0,0,0,0,0,0,0,0,66.9,40,Low stock,71,2026-05-05,2026-04-27,Yes,No,46.1,66.9,2026-04-27,13,0,0,0,19,unassigned,N,,,
2026-04-30,SL-COOLING-SHEET-TWIN-WHITE,X004OCWS79,B0F7LYFSJS,"SLEEPHORIA Cooling Sheets - BreezeWeave 3 PC Twin Size Cooling Bed Sheets for Hot Sleepers & Deep, Cool Rest - Cloud Soft, Silky Smooth, 16 in Deep Pocket, Ultra Durable (White)",New,80,0,78,0,0,0,0,0,USD,2,22,41,47,,56.99,0,56.99,0,Create Outlet deal,,34.99,2,0,59.63,1.07,0.22509,cubic feet,Standard,18.0072,US,gl_home,32563,202,0,14,22,56.99,106.98,1106.78,2056.59,2361.53,43,35,0,0,0,12.51,0,0,0,0,,1,0,,,,,,,,,,,,,,,,,120.8,26,Healthy,,,2026-04-27,Yes,No,120.8,102.4,2026-04-27,81,1,0,0,202,unassigned,N,,,
2026-04-30,SS-SATIN-GREY-KING-4PCS,X004D7A2R3,B0DDQXM4RF,"SLEEP SANCTUARY Satin Sheets King Size – 4 Piece Luxury Silky Bed Set, Softer Than Silk, 15"" Deep Pocket, Cooling & Wrinkle-Free, Moisture-Wicking & Breathable for Hair & Skin (Grey)",New,378,0,158,22,32,212,0,0,USD,14,98,216,262,,35.95,0,35.95,34.15,NoRestockExcessActionRequired,,0,0,0,124.48,0.56,0.275391,cubic feet,Standard,104.097798,US,gl_home,14711,291,0,19,23,35.95,503.3,3056.54,6705.57,8359.27,155,3,0,244,0,493.34,96,0,66,30,,67,0,51,7.05,0,0,1,0.41,1,1.5,212,332.84,0,0,0,0,0,0,152.6,161,Healthy,,,2026-04-27,Yes,No,107.4,152.6,2026-04-27,486,12,53,2,328,unassigned,N,,,
2026-04-30,SL-COOLING-SHEET-TWIN-SAGE-GREEN,X004OD0V1N,B0F7LWY93Q,"SLEEPHORIA Cooling Sheets - BreezeWeave 3 PC Twin Size Cooling Bed Sheets for Hot Sleepers & Deep, Cool Rest - Cloud Soft, Silky Smooth, 16 in Deep Pocket, Ultra Durable (Sage Green)",New,37,0,39,0,0,0,0,0,USD,1,8,16,16,,49.99,0,49.99,0,Create Outlet deal,,27.49,2,0,168.9,0.82,0.213861,cubic feet,Standard,7.912857,US,gl_home,32563,145,0,18,30,49.99,49.99,419.92,819.84,819.84,12,27,0,0,0,5.52,0,0,0,0,,1,0,,,,,,,,,,,,,,,,,152.3,15,Healthy,,,2026-04-27,Yes,No,152.3,134.1,2026-04-27,38,1,0,0,145,unassigned,N,,,
2026-04-30,SATIN-FITTED-KING-SEA-TEAL,X004CBP8XX,B0DBVZBSHL,"DECOLURE Satin Fitted Sheet King Size (1 PC) – Luxuriously Smooth & Softer Than Silk Bed Sheets w/ 15 Inch Deep Pocket Hypoallergenic Wrinkle Free, Secure Snug Fit, Elastic Corner Straps (Sea Teal)",New,78,0,4,43,38,0,0,0,USD,10,38,74,98,,19.95,0,19.95,0,NoRestockExcessActionRequired,,0,0,0,0,0.7,0.165748,cubic feet,Standard,12.928344,US,gl_home,14844,59,0,8,10,19.95,190.5,737.1,1455.3,1952.1,3,0,1,38,0,11.78,0,0,0,0,,3,0,58,4.81,0,0,0,0,0,0,0,0,0,0,0,0,0,0,146.5,69,Healthy,52,2026-05-06,2026-04-27,Yes,No,99.3,146.5,2026-04-27,80,2,0,1,60,unassigned,N,,,
2026-04-30,BAMBOO-QUEEN-OLIVE-6PCS,X00438MJF5,B0CQ32B24Y,"DECOLURE 100% Viscose Derived from Bamboo Sheets Queen Size - Luxury 6 Pc Naturally Cooling Sheets, Ultra Soft Bed Set - Deep 17"" Pockets, Durable Double Stitching, Oeko Tex Standard (Olive)",New,512,0,4,150,452,0,0,0,USD,14,86,136,196,,84.99,0,84.99,0,Create Outlet deal,,75.99,20,0,1234.72,0.27,0.277061,cubic feet,Standard,141.855232,US,gl_home,14195,366,367,33,47,84.99,1139.86,6346.59,10243.69,14579.25,0,1,3,452,0,220.04,204,204,0,0,,94,0,183,25.34,146,40.45,249,103.5,0,0,0,0,0,0,0,0,0,0,331.2,61,Excess,,,2026-04-27,Yes,No,238.8,331.2,2026-04-27,722,6,87,1,366,unassigned,N,,,
2026-04-30,BAMBOO-FULL-LIGHTOLIVE-6PCS,X004387H43,B0CQ2YBSK2,"DECOLURE 100% Viscose Derived from Bamboo Sheets Full Size - Luxury 6 Pc Naturally Cooling Sheets, Ultra Soft Bed Set - Deep 17"" Pockets, Durable Double Stitching, Oeko Tex Standard (Light Olive)",New,111,0,6,6,54,51,0,0,USD,0,2,7,15,,83.99,0,83.99,0,Edit listing,,51.88,17,0,5807.04,0.12,0.241776,cubic feet,Standard,26.837136,US,gl_home,14195,366,97,222,96,83.99,0,147.58,492.53,1026.19,0,6,0,105,0,91.27,0,0,0,0,,7,0,18,2.17,42,10.16,0,0,0,0,51,70.29,0,0,0,0,0,0,1189.7,10,Excess,,,2026-04-27,Yes,No,1189.7,699.4,2026-04-27,111,0,7,0,366,unassigned,N,,,
2026-04-30,SL-COOLING-FITTED-TWIN-LIGHT-BLUE,X004OD059V,B0F7M5CWG3,"SLEEPHORIA Cooling Fitted Sheet Twin Size - 1 PC BreezeWeave Cooling Sheets for Hot Sleepers & Cool Rest w/ 16 in Deep Pocket - Corner Straps, Cloud Soft, Ultra Durable - 37 x 72 in (Light Blue)",New,8,0,1,0,10,0,0,0,USD,5,10,15,15,,24.99,0,24.99,0,Create Outlet deal,,13.49,2,0,276.95,0.72,0.115405,cubic feet,Standard,0.92324,US,gl_home,33953,37,0,3,6,24.99,124.95,259.9,384.85,384.85,1,0,0,10,0,7.09,0,0,0,0,,2,0,0,0,0,0,0,0,10,6.3,0,0,0,0,0,0,0,0,159.3,,,8,2026-05-07,2026-04-27,Yes,No,69.6,159.3,2026-04-27,10,2,0,0,37,unassigned,N,,,
2026-04-30,BAMBOO-TWIN-LIGHTBLUE,X002O4Z191,B08KQJGSW2,"DECOLURE 100% Viscose Derived from Bamboo Sheets Twin Size - Luxury 3 Pc Naturally Cooling Sheets, Ultra Soft Bed Set - Deep 17"" Pockets, Durable Double Stitching, Oeko Tex Standard (Light Blue)",New,108,0,6,44,59,0,0,0,USD,3,13,40,51,,69.99,0,59.98,0,NoRestockExcessActionRequired,,0,0,0,0,0.35,0.163155,cubic feet,Standard,17.62074,US,gl_home,11515,210,0,33,27,59.98,199.96,885,2381.73,3006.62,4,0,2,59,0,22.43,0,0,0,0,,11,0,64,5.21,35,5.71,0,0,0,0,0,0,0,0,0,0,0,0,247.3,32,Healthy,,,2026-04-27,Yes,No,247.3,233.6,2026-04-27,109,1,10,0,227,unassigned,N,,,
2026-04-30,SL-COOLING-SHEET-KING-GRAPHITE,X004OCYSO5,B0F7M19VYV,"SLEEPHORIA Cooling Sheets - BreezeWeave 4 PC King Size Cooling Bed Sheets for Hot Sleepers & Deep, Cool Rest - Cloud Soft, Silky Smooth, 16 in Deep Pocket, Ultra Durable (Graphite)",New,91,0,110,0,0,0,0,0,USD,23,99,186,221,,77.99,0,77.99,0,GoToRestock,,0,0,0,0,1.46,0.423347,cubic feet,Standard,38.524577,US,gl_home,32563,40,0,3,5,77.99,1769.77,7534.01,14153.14,16797.66,41,69,0,0,0,13.47,0,0,0,0,,17,0,,,,,,,,,,,,,,,,,70.3,67,Healthy,27,2026-05-06,2026-04-27,No,No,45.9,70.3,2026-04-27,92,1,14,2,47,unassigned,N,,,
2026-04-30,LINEN-CURTAIN-52x108-NATURAL-2-PCS,X004NSBTJ7,B0F637FB24,"DECOLURE Linen Blackout Curtains - SunShield 108 Inches Long Black Out Curtains for Living Room and Bedroom Windows - Luxury Faux Linen, 2 Panels Set, Ultra Durable - 108 Length x 52 in (Natural)",New,2,0,2,0,0,0,0,0,USD,0,1,6,11,Low traffic,29.95,0,29.95,0,Create Outlet deal,,16.49,2,0,114.6,2.44,0.199952,cubic feet,Standard,0.399904,US,gl_home,2602012,24,0,8,2,29.95,0,29.95,179.7,332.65,0,0,2,0,0,0.29,0,0,0,0,,0,0,,,,,,,,,,,,,,,,,43,3,Low stock,3,2026-05-02,2026-04-27,Yes,No,43,32,2026-04-27,2,0,0,0,24,unassigned,N,,,
2026-04-30,BAMBOO-KING-LIGHTBLUE,X002O4Z4KH,B08KQL6HKG,"DECOLURE 100% Viscose Derived from Bamboo Sheets King Size - Luxury 4 Pc Naturally Cooling Sheets, Ultra Soft Bed Set - Deep 17"" Pockets, Durable Double Stitching, Oeko Tex Standard (Light Blue)",New,653,0,14,770,0,0,0,0,USD,32,149,307,407,,84.99,0,79.98,0,NoRestockExcessActionRequired,,0,0,0,0,0.4,0.265941,cubic feet,Standard,173.659473,US,gl_home,11515,209,0,17,20,79.98,2499.58,11743.41,24207.74,31993.46,3,2,9,0,0,117.93,0,0,0,0,,138,0,,,,,,,,,,,,,,,,,228,116,Healthy,,,2026-04-27,No,No,179.9,228,2026-04-27,659,6,124,8,270,unassigned,N,,,
2026-04-30,BAMBOO-FULL-OLIVE,X002O4Z4I9,B08KQJTP39,"DECOLURE 100% Viscose Derived from Bamboo Sheets Full Size - Luxury 4 Pc Naturally Cooling Sheets, Ultra Soft Bed Set - Deep 17"" Pockets, Durable Double Stitching, Oeko Tex Standard (Olive)",New,152,0,30,1,137,0,0,0,USD,5,13,28,38,,69.99,64.99,64.99,0,NoRestockExcessActionRequired,,0,0,0,851.43,0.19,0.281687,cubic feet,Standard,42.816424,US,gl_home,11515,366,114,46,52,64.98,316.43,806.83,1732.31,2366.28,0,0,30,137,0,69.85,0,0,0,0,,15,0,0,0,77,21.7,60,25.35,0,0,0,0,0,0,0,0,0,0,388.2,32,Excess,,,2026-04-27,Yes,No,381.6,388.2,2026-04-27,154,2,13,0,366,unassigned,N,,,
2026-04-30,BAMBOO-QUEEN-SAGE GREEN,X0040HLIGF,B0CLKJL9KD,"DECOLURE 100% Viscose Derived from Bamboo Sheets Queen Size - Luxury 4 Pc Naturally Cooling Sheets, Ultra Soft Bed Set - Deep 17"" Pockets, Durable Double Stitching, Oeko Tex Standard (Sage Green)",New,150,0,160,0,0,0,0,0,USD,11,17,17,23,,79.99,0,71.99,0,NoRestockExcessActionRequired,,,0,0,,0.49,0.271651,cubic feet,Standard,40.74765,US,gl_home,11515,187,0,59,142,71.99,819.89,1285.5,1285.5,1755.44,160,0,0,0,0,,102,0,60,42,,81,0,,,,,,,,,,,,,,,,,94.8,123,Healthy,,,2026-04-27,Yes,No,94.8,66.8,2026-04-27,326,74,7,0,192,unassigned,N,,,
2026-04-30,BAMBOO-CALIFKING-MIDGREY-6PCS,X00438SXJB,B0CQ316WG1,"DECOLURE 100% Viscose Derived from Bamboo Sheets California King Size - Luxury 6 Pc Naturally Cooling Sheets, Ultra Soft Bed Set - Deep 17"" Pockets, Double Stitching, Oeko Tex Standard (Midgrey)",,0,0,1,0,0,0,0,0,USD,0,35,97,139,,0,0,0,0,CreateShippingPlan,,,0,0,,2.03,0.360617,cubic feet,Standard,0,US,gl_home,14195,0,0,0,0,89.99,0,3029.65,8229.03,11560.61,0,1,0,0,0,,0,0,0,0,,0,0,,,,,,,,,,,,,,,,,43.8,63,Out of stock,126,2026-04-29,2026-04-27,Yes,No,10.2,43.8,2026-04-27,0,0,0,0,0,unassigned,N,,,
2026-04-30,SATIN-FITTED-QUEEN-IVORY,X004CBXS9J,B0DBW128WH,"DECOLURE Satin Fitted Sheet Queen Size (1 PC) – Luxuriously Smooth & Softer Than Silk Bed Sheets w/ 15 Inch Deep Pocket Hypoallergenic Wrinkle Free, Secure Snug Fit, Elastic Corner Straps (Ivory)",New,109,0,22,70,24,0,0,0,USD,11,45,65,102,,17.95,0,17.95,0,NoRestockExcessActionRequired,,0,0,0,0,0.57,0.158311,cubic feet,Standard,17.255899,US,gl_home,14844,64,0,9,13,17.95,188.2,787.4,1160.4,1824.55,0,21,1,24,0,13.2,0,0,0,0,,1,0,46,3.64,0,0,0,0,0,0,0,0,0,0,0,0,0,0,157.5,74,Healthy,36,2026-05-06,2026-04-27,Yes,No,111.3,157.5,2026-04-27,109,0,0,1,65,unassigned,N,,,
2026-04-30,SATIN-6PC-KING-DARK GREEN,X004BS2KSD,B0D9QSG8V3,"DECOLURE Satin Bed Sheets - 6 Piece Luxury Silky King Size Bedding Set - Softer Than Silk, Wrinkle-Free with 15” Deep Pocket Fitted Sheet, Perfect for Hair & Skin, Gifts for Women (Dark Green)",New,41,0,1,1,41,0,0,0,USD,3,19,35,49,,33.95,0,33.95,0,NoExcessInventory,,0,0,0,0,0.7,0.273313,cubic feet,Standard,11.205833,US,gl_home,24922,78,0,11,14,33.95,101.85,644.96,1197.16,1708.46,0,0,1,41,0,12.09,12,12,0,0,,3,0,30,4.11,11,3.01,0,0,0,0,0,0,0,0,0,0,0,0,135.2,30,Healthy,,,2026-04-27,Yes,No,85.3,135.2,2026-04-27,54,1,2,0,106,unassigned,N,,,
2026-04-30,SATIN-RED-QUEEN-6PCS,X003UMBN6L,B0C7FJLP2F,"DECOLURE Satin Bed Sheets - 6 Piece Luxury Silky Queen Size Bedding Set - Softer Than Silk, Wrinkle-Free with 15” Deep Pocket Fitted Sheet, Perfect for Hair & Skin, Gifts for Women (Red)",New,80,0,22,5,64,0,0,0,USD,5,23,57,128,,31.95,0,31.95,0,NoExcessInventory,,0,0,0,0,0.96,0.214187,cubic feet,Standard,17.13496,US,gl_home,24922,146,0,16,9,31.95,159.75,788.54,1874.84,4143.29,19,0,3,64,0,20.46,12,0,6,6,,11,0,61,6.55,3,0.64,0,0,0,0,0,0,0,0,0,0,0,0,104.4,39,Healthy,,,2026-04-27,Yes,No,104.4,87.5,2026-04-27,103,11,0,0,146,unassigned,N,,,
2026-04-30,SL-COOLING-FITTED-FULL-GRAPHITE,X004OD92NB,B0F7M4BGMH,"SLEEPHORIA Cooling Fitted Sheet Full Size - 1 PC BreezeWeave Cooling Sheets for Hot Sleepers & Cool Rest w/ 16 in Deep Pocket - Corner Straps, Cloud Soft, Ultra Durable - 52 x 72 in (Graphite)",New,75,0,1,0,84,7,0,0,USD,3,17,30,30,,27.99,0,27.99,0,NoExcessInventory,,0,0,0,10.06,0.26,0.14397,cubic feet,Standard,10.79775,US,gl_home,33953,216,0,17,32,27.99,83.97,503.83,867.7,867.7,1,0,0,91,0,63.5,0,0,0,0,,15,0,0,0,0,0,0,0,91,71.38,0,0,0,0,0,0,0,0,368.6,,,,,2026-04-27,Yes,No,205.6,368.6,2026-04-27,76,1,12,2,261,unassigned,N,,,
2026-04-30,SS-BAMBOO-LIGHT-BLUE-CALIFKING-6PCS,X004D8TONP,B0DDTYVFCL,"SLEEP SANCTUARY 100% Viscose Derived from Bamboo Sheets California King Size 6pcs – BamBliss Luxury Cooling Sheets for Hot Sleepers - Cloud Soft, 17"" Deep Pocket, Ultra Durable Bed Set (Light Blue)",New,5,0,1,0,5,0,0,0,USD,0,3,8,14,,69.99,0,69.99,0,Create Outlet deal,,37.49,2,0,264.35,1.19,0.302756,cubic feet,Standard,1.51378,US,gl_home,47560,44,0,6,4,69.99,0,209.97,559.92,994.86,0,1,0,5,0,1.56,0,0,0,0,,1,0,4,0.6,1,0.3,0,0,0,0,0,0,0,0,0,0,0,0,69.1,7,Low stock,6,2026-05-06,2026-04-27,Yes,No,55,69.1,2026-04-27,5,0,1,0,53,unassigned,N,,,
2026-04-30,SL-CLG-PC-LIGHT-GREY-QUEEN-2PCS,X004OCE859,B0F7LJRWB6,"SLEEPHORIA Cooling Pillow Cases - BreezeWeave Queen Size Set of 2 Pillowcases for Hot Sleepers & Cool, Deep Rest - Cloud Soft, Silky Smooth, Ultra Durable, Easy Care, Hidden Zipper (Light Grey)",New,134,0,5,14,2,155,0,0,USD,6,52,100,134,,17.99,0,17.99,17.09,NoExcessInventory,,0,0,0,0,0.54,0.069057,cubic feet,Standard,9.253638,US,gl_home,168211,136,0,10,13,17.99,101.94,903.48,1744,2331.66,3,1,1,157,0,60.29,0,0,0,0,,36,0,2,0.07,0,0,0,0,129,48.57,27,10.63,0,0,0,0,0,0,164.4,60,Healthy,,,2026-04-27,Yes,No,107.8,164.4,2026-04-27,167,33,3,0,139,unassigned,N,,,
2026-04-30,SATIN-SEA-TEAL-QUEEN,X003EKDBWN,B0BG228RDJ,"DECOLURE Satin Bed Sheets - 4 Piece Luxury Silky Queen Size Bedding Set - Softer Than Silk, Wrinkle-Free with 15” Deep Pocket Fitted Sheet, Perfect for Hair & Skin, Gifts for Women (Sea Teal)",New,201,0,106,43,61,0,0,0,USD,14,98,171,257,,31.95,0,31.95,0,NoRestockExcessActionRequired,,0,0,0,0,0.83,0.253188,cubic feet,Standard,50.890788,US,gl_home,10574,57,0,8,10,31.95,451.72,3162.4,5504.98,8316.28,11,35,60,61,0,30.11,0,0,0,0,,11,1,62,7.86,0,0,0,0,0,0,0,0,0,0,0,0,0,0,116,137,Healthy,151,2026-05-06,2026-04-27,No,No,74.5,116,2026-04-27,205,4,6,1,58,unassigned,N,,,
2026-04-30,SATIN-STRIPE-KING-WHITE--6-PCS,X003UODIGR,B0C7KD5MPK,"DECOLURE Satin Bed Sheets - 6 Piece Luxury Silky King Size Bedding Set - Softer Than Silk, Wrinkle-Free with 15” Deep Pocket Fitted Sheet, Perfect for Hair & Skin, Gifts for Women (Striped White)",New,40,0,1,2,40,0,0,0,USD,3,21,38,55,,33.95,0,33.95,0,NoExcessInventory,,0,0,0,0,0.76,0.222543,cubic feet,Standard,8.90172,US,gl_home,24922,282,0,17,22,33.95,101.85,697.08,1274.23,1863.44,0,0,1,40,0,13.89,54,0,54,0,,1,0,0,0,20,4.47,20,6.68,0,0,0,0,0,0,0,0,0,0,121.5,22,Healthy,,,2026-04-27,Yes,No,70.4,121.5,2026-04-27,94,0,0,1,286,unassigned,N,,,
2026-04-30,SATIN-STRIPE-KING-GRAY,X0030KP0CV,B09G6K53S2,"DECOLURE Satin Bed Sheets - 4 Piece Luxury Silky King Size Bedding Set - Softer Than Silk, Wrinkle-Free with 15” Deep Pocket Fitted Sheet, Perfect for Hair & Skin, Gifts for Women (Striped Grey)",New,123,0,104,30,0,0,0,0,USD,9,40,80,118,,33.95,0,33.95,0,NoRestockExcessActionRequired,,0,0,0,0,0.74,0.350998,cubic feet,Standard,43.172754,US,gl_home,10574,153,0,16,18,32.25,305.55,1353.9,2714.8,4002.6,12,19,73,0,0,26.77,42,0,42,0,,3,1,,,,,,,,,,,,,,,,,135.2,36,Healthy,,,2026-04-27,Yes,No,112.9,135.2,2026-04-27,166,1,2,0,155,unassigned,N,,,
2026-04-30,BM-TWIN-LIGHT-GREY,X0045ATWRJ,B0CWJ1KPGR,DECOLURE Cooling Bed Sheets Twin Set 3pcs - Luxurious & Ultra-Soft Twin Size Cooling Sheets for Hot Sleepers - Comfortable Cool Bamboo Viscose Microfiber Sheets Twin Size w/Deep Pockets (Light Grey),New,104,0,0,0,0,0,0,104,USD,0,0,7,7,Low conversion,39.95,0,39.95,0,Lower price,,0,0,0,4763.5,0.06,0.153265,cubic feet,Standard,15.93956,US,gl_home,99235,366,104,,193,39.95,0,0,216.83,216.83,0,0,0,0,0,137.15,0,0,0,0,,5,0,0,0,0,0,0,0,0,0,0,0,0,0,0,0,104,125.91,3271,6,Excess,,,2026-04-27,Yes,No,3271,1444.7,2026-04-27,104,0,5,0,366,unassigned,N,,,
2026-04-30,SS-SATIN-STRIPED-WHITE-QUEEN-4PCS,X004D7HE6F,B0DDR1X5B9,"SLEEP SANCTUARY Satin Sheets Queen Size – 4 Piece Luxury Silky Bed Set, Softer Than Silk, 15"" Deep Pocket, Cooling & Wrinkle-Free, Moisture-Wicking & Breathable for Hair & Skin (Striped White)",New,26,0,1,1,0,2,28,0,USD,3,16,39,49,,33.95,0,33.95,0,GoToRestock,,0,0,0,0,0.84,0.287751,cubic feet,Standard,7.481526,US,gl_home,14711,66,0,6,6,33.95,101.85,543.11,1329.96,1669.46,0,1,0,1,1,40.53,0,0,0,0,,6,0,0,0,0,0,0,0,0,0,0,0,2,3.4,28,55.59,0,0,112.2,28,Healthy,24,2026-05-07,2026-04-27,Yes,No,71.7,112.2,2026-04-27,28,2,0,4,76,unassigned,N,,,
2026-04-30,SATIN-CHAMPAGNE-QUEEN-6PCS,X003UM8ZMV,B0C7FFRNMH,"DECOLURE Satin Bed Sheets - 6 Piece Luxury Silky Queen Size Bedding Set - Softer Than Silk, Wrinkle-Free with 15” Deep Pocket Fitted Sheet, Perfect for Hair & Skin, Gifts for Women (Champagne)",New,72,0,37,7,30,0,0,0,USD,0,11,22,33,,31.95,0,31.95,0,NoExcessInventory,,0,0,0,0,0.44,0.219392,cubic feet,Standard,15.796224,US,gl_home,24922,235,0,26,28,31.95,0,314.14,656.71,1038.16,2,32,3,30,0,16.84,0,0,0,0,,1,0,1,0.11,0,0,30,9.87,0,0,0,0,0,0,0,0,0,0,195.7,24,Healthy,,,2026-04-27,Yes,No,179.8,195.7,2026-04-27,72,0,1,0,238,unassigned,N,,,
2026-04-30,WATERPROOF-CHAIR-COVER-WINE-RED-6PCS,X00462ZDGF,B0CY6H5CGX,"Waterproof Dining Chair Covers Set of 6 - 3 Layers Thick Fabric Parsons Chair Slip Covers - Jacquard Kitchen Chair Covers & Stretch Protectors Dining Room, Restaurant - Removable Washable (Wine Red)",New,81,0,2,0,0,0,80,0,USD,5,29,40,49,,39.99,0,39.99,0,Create Outlet deal,,27.99,2,0,2326.03,0.44,0.314963,cubic feet,Standard,25.512003,US,gl_home,71038,227,62,11,21,39.99,189.95,1089.71,1449.6,1744.51,0,0,2,0,0,184.53,0,0,0,0,,2,0,0,0,0,0,0,0,0,0,0,0,0,0,80,173.86,0,0,213.2,20,Excess,,,2026-04-27,Yes,No,108.9,213.2,2026-04-27,81,0,2,0,237,unassigned,N,,,
2026-04-30,LINEN-CURTAIN-52x84-IVORY-2-PCS,X004NSBTGF,B0F639V3CW,"DECOLURE Linen Blackout Curtains - SunShield 84 Inches Long Black Out Curtains for Living Room and Bedroom Windows - Luxury Faux Linen, 2 Panels Set, Ultra Durable - 84 Length x 52 in (Ivory)",New,177,0,2,0,175,0,0,0,USD,0,0,0,0,Low traffic,29.99,0,29.99,0,Advertise listing,,0,0,0,10840.95,0,0.220399,cubic feet,Standard,39.010623,US,gl_home,8093358,366,177,,,29.99,0,0,0,0,0,0,2,175,0,192.3,0,0,0,0,,1,0,0,0,0,0,52,17.18,123,147.74,0,0,0,0,0,0,0,0,,1,Excess,,,,,,,,2026-04-27,177,0,1,0,366,unassigned,N,,,
2026-04-30,SATIN-STRIPE-KING-BLACK,X0030KKNWX,B09G6HZT1K,"DECOLURE Satin Bed Sheets - 4 Piece Luxury Silky King Size Bedding Set - Softer Than Silk, Wrinkle-Free with 15” Deep Pocket Fitted Sheet, Perfect for Hair & Skin, Gifts for Women (Striped Black)",New,19,0,23,0,0,0,0,0,USD,5,29,49,71,,51.95,0,51.95,0,CreateShippingPlan,,0,0,0,0,2.73,0.228646,cubic feet,Standard,4.344274,US,gl_home,10574,15,0,2,3,51.95,223.75,1038.55,1719.88,2482.78,0,23,0,0,0,1.5,0,0,0,0,,2,0,,,,,,,,,,,,,,,,,38.5,60,Low stock,101,2026-05-07,2026-04-27,Yes,No,38.5,32,2026-04-27,19,0,1,1,17,unassigned,N,,,
2026-04-30,SATIN-TAUPE-FULL,X003RX58W3,B0BZPV4LYC,"DECOLURE Satin Bed Sheets - 4 Piece Luxury Silky Full Size Bedding Set - Softer Than Silk, Wrinkle-Free with 15” Deep Pocket Fitted Sheet, Perfect for Hair & Skin, Gifts for Women (Taupe)",New,97,0,0,15,60,2,1,20,USD,1,4,6,8,,29.95,0,29.95,0,Edit listing,,14.08,23,0,4084.35,0.08,0.197436,cubic feet,Standard,19.151292,US,gl_home,10574,366,92,97,157,29.95,20.25,110.07,168.41,227.61,0,0,0,62,0,52.07,0,0,0,0,,2,0,54,5.33,12,2.37,0,0,1,1.08,1,1.13,0,0,1,1.36,20,31.2,1188.6,6,Excess,,,2026-04-27,Yes,No,764.3,1188.6,2026-04-27,97,0,2,0,366,unassigned,N,,,
2026-04-30,SS-BAMBOO-NAVY-BLUE-FULL-6PCS,X004D8Q735,B0DDTXJYV4,"SLEEP SANCTUARY 100% Viscose Derived from Bamboo Sheets Full 6pcs – BamBliss Luxury Cooling Sheets for Hot Sleepers - Cloud Soft, 17"" Deep Pocket, Ultra Durable Bed Set (Navy Blue)",New,62,0,3,0,65,0,0,0,USD,3,5,8,16,,59.99,0,59.99,0,Create Outlet deal,,32.49,2,0,4535.17,0.21,0.293862,cubic feet,Standard,18.219444,US,gl_home,47560,366,62,49,50,59.99,179.97,299.95,479.92,969.84,0,2,1,65,0,28.39,0,0,0,0,,6,0,12,1.76,53,15.58,0,0,0,0,0,0,0,0,0,0,0,0,539.3,6,Excess,,,2026-04-27,Yes,No,539.3,450.9,2026-04-27,62,0,6,0,366,unassigned,N,,,
2026-04-30,SATIN-GOLD-FULL-6PCS,X003UM8ZSZ,B0C7FTBBQB,"DECOLURE Satin Bed Sheets - 6 Piece Luxury Silky Full Size Bedding Set - Softer Than Silk, Wrinkle-Free with 15” Deep Pocket Fitted Sheet, Perfect for Hair & Skin, Gifts for Women (Gold)",New,44,0,0,2,42,0,0,0,USD,1,5,6,9,,27.95,0,27.95,0,Create Outlet deal,,19.47,2,0,1812.84,0.18,0.198242,cubic feet,Standard,8.722648,US,gl_home,24922,366,44,35,63,27.95,38.95,125.19,155.14,244.99,0,0,0,42,0,13.93,0,0,0,0,,0,0,0,0,42,8.33,0,0,0,0,0,0,0,0,0,0,0,0,490.3,8,Excess,,,2026-04-27,Yes,No,281.6,490.3,2026-04-27,44,0,0,0,366,unassigned,N,,,
2026-04-30,BM-CALKING-WHITE,X003VHUIQV,B0C9LTP7TM,DECOLURE Cooling Bed Sheets Cal-King Set 4pcs - Luxurious & Soft California King Size Cooling Sheets for Hot Sleepers - Comfy & Cool California King Bamboo Viscose Microfiber Sheets (White),New,27,0,1,28,0,0,0,0,USD,2,20,45,55,,39.95,0,39.95,0,Create Outlet deal,,31.46,2,0,1835.79,0.92,0.240008,cubic feet,Standard,6.480216,US,gl_home,99235,346,28,5,6,39.95,79.9,799,1797.75,2202.25,1,0,0,0,0,4.81,0,0,0,0,,1,0,,,,,,,,,,,,,,,,,103.1,8,Excess,,,2026-04-27,Yes,No,62.2,103.1,2026-04-27,28,1,0,0,346,unassigned,N,,,
2026-04-30,SATIN-FULL-BLUE-6PCS,X003UMGFZ5,B0C7FXQZVG,"DECOLURE Satin Bed Sheets - 6 Piece Luxury Silky Full Size Bedding Set - Softer Than Silk, Wrinkle-Free with 15” Deep Pocket Fitted Sheet, Perfect for Hair & Skin, Gifts for Women (Blue)",New,12,0,0,0,13,0,0,0,USD,3,4,11,17,,29.95,0,29.95,0,NoExcessInventory,,0,0,0,0,0.71,0.209436,cubic feet,Standard,2.513232,US,gl_home,24922,352,0,48,36,29.95,89.85,119.79,329.44,541.51,0,0,0,13,0,2.97,36,6,30,0,,1,0,0,0,13,2.73,0,0,0,0,0,0,0,0,0,0,0,0,487,8,Healthy,,,2026-04-27,Yes,No,487,135.3,2026-04-27,48,0,1,0,366,unassigned,N,,,
2026-04-30,SL-COOLING-FITTED-CAL-KING-BEIGE,X004OD2QTX,B0F7M4DPM6,"SLEEPHORIA Cooling Fitted Sheet Calfornia King Size - 1 PC BreezeWeave Cooling Sheets for Hot Sleepers & Cool Rest w/ 16 in Deep Pocket - Corner Straps, Cloud Soft - 69 x 81 in (Beige)",New,37,0,0,0,38,0,0,0,USD,1,5,11,11,,33.99,0,33.99,0,Create Outlet deal,,17.99,2,0,1019.44,0.23,0.144256,cubic feet,Standard,5.337472,US,gl_home,33953,285,35,29,43,33.99,33.99,177.95,385.89,385.89,0,0,0,38,0,31.61,0,0,0,0,,0,0,0,0,0,0,0,0,38,29.89,0,0,0,0,0,0,0,0,401.5,,Excess,,,2026-04-27,Yes,No,196.7,401.5,2026-04-27,37,0,0,0,285,unassigned,N,,,
2026-04-30,SATIN-6PC-QUEEN-DARK GREEN,X004BS2KQZ,B0D9QSYR9G,"DECOLURE Satin Bed Sheets - 6 Piece Luxury Silky Queen Size Bedding Set - Softer Than Silk, Wrinkle-Free with 15” Deep Pocket Fitted Sheet, Perfect for Hair & Skin, Gifts for Women (Dark Green)",New,122,0,5,2,117,0,0,0,USD,6,19,38,46,,31.95,0,31.95,0,Create Outlet deal,,28.66,2,0,423.22,0.29,0.209583,cubic feet,Standard,25.569126,US,gl_home,24922,366,109,33,44,31.95,191.7,607,1214.05,1478.65,1,3,1,117,0,40.45,36,36,0,0,,1,0,2,0.21,107,22.46,10,3.14,0,0,0,0,0,0,0,0,0,0,248,27,Excess,,,2026-04-27,Yes,No,192.4,248,2026-04-27,158,0,1,0,366,unassigned,N,,,
2026-04-30,SATIN-FULL-BLACK-6PCS,X003UM8ZWL,B0C7FMM2QN,"DECOLURE Satin Bed Sheets - 6 Piece Luxury Silky Full Size Bedding Set - Softer Than Silk, Wrinkle-Free with 15” Deep Pocket Fitted Sheet, Perfect for Hair & Skin, Gifts for Women (Black)",New,29,0,32,1,0,0,0,0,USD,4,11,23,35,,29.95,0,29.95,0,NoExcessInventory,,0,0,0,0,1.11,0.223656,cubic feet,Standard,6.486024,US,gl_home,24922,90,0,28,28,29.95,119.8,329.41,688.81,1108.21,30,0,2,0,0,4.02,48,30,6,12,,2,0,,,,,,,,,,,,,,,,,40.7,29,Healthy,,,2026-04-27,Yes,No,30.9,40.7,2026-04-27,79,2,0,0,151,unassigned,N,,,
2026-04-30,SS-SATIN-STRIPED-PINK-QUEEN-4PCS,X004D7EW0V,B0DDR3WWT1,"SLEEP SANCTUARY Satin Sheets Queen Size – 4 Piece Luxury Silky Bed Set, Softer Than Silk, 15"" Deep Pocket, Cooling & Wrinkle-Free, Moisture-Wicking & Breathable for Hair & Skin (Striped Pink)",New,86,0,1,1,0,0,85,0,USD,1,19,64,69,,33.95,0,33.95,0,NoRestockExcessActionRequired,,19.47,14,0,425.58,0.53,0.332129,cubic feet,Standard,28.563094,US,gl_home,14711,261,69,18,16,33.95,33.95,404.89,1336.48,1506.23,0,0,1,0,0,185.62,0,0,0,0,,6,0,0,0,0,0,0,0,0,0,0,0,0,0,85,194.79,0,0,165.1,25,Excess,,,2026-04-27,Yes,No,158.6,165.1,2026-04-27,86,0,6,0,287,unassigned,N,,,
2026-04-30,BAMBOO-KING-LIGHT PINK-6PCS,X00438V4QF,B0CQ3437ZF,"DECOLURE 100% Viscose Derived from Bamboo Sheets King Size - Luxury 6 Pc Naturally Cooling Sheets, Ultra Soft Bed Set - Deep 17"" Pockets, Durable Double Stitching, Oeko Tex Standard (Light Pink)",New,452,0,10,494,0,0,0,0,USD,18,131,214,307,,89.99,0,89.99,0,NoRestockExcessActionRequired,,0,0,0,0,0.45,0.327706,cubic feet,Standard,148.123112,US,gl_home,14195,247,0,17,23,89.99,1563.82,10250.69,17267.86,24434.93,3,1,6,0,0,100.57,112,112,0,0,,64,1,,,,,,,,,,,,,,,,,204.4,154,Healthy,,,2026-04-27,Yes,No,136.3,204.4,2026-04-27,574,10,51,3,356,unassigned,N,,,
2026-04-30,LINEN-CURTAIN-52x120-NATURAL-2-PCS,X004NSX5NZ,B0F63C3Z95,"DECOLURE Linen Blackout Curtains - SunShield 120 Inches Long Black Out Curtains for Living Room and Bedroom Windows - Luxury Faux Linen, 2 Panels Set, Ultra Durable - 120 Length x 52 in (Natural)",New,43,0,0,1,42,0,0,0,USD,0,0,0,0,Low traffic,34.99,0,34.99,0,Advertise listing,,0,0,0,2509.12,0,0.199952,cubic feet,Standard,8.597936,US,gl_home,6765012,366,43,,,34.99,0,0,0,0,0,0,0,42,0,30.7,0,0,0,0,,0,0,0,0,0,0,24,7.2,18,19.62,0,0,0,0,0,0,0,0,,3,Excess,,,,,,,,2026-04-27,43,0,0,0,366,unassigned,N,,,
2026-04-30,SATIN-FITTED-KING-GOLD,X004CC2VK5,B0DBW6FFG1,"DECOLURE Satin Fitted Sheet King Size (1 PC) – Luxuriously Smooth & Softer Than Silk Bed Sheets w/ 15 Inch Deep Pocket Hypoallergenic Wrinkle Free, Secure Snug Fit, Elastic Corner Straps (Gold)",New,111,0,2,66,47,0,0,0,USD,7,21,54,67,,19.95,0,19.95,0,NoRestockExcessActionRequired,,0,0,0,0.01,0.43,0.160253,cubic feet,Standard,17.788083,US,gl_home,14844,326,0,40,40,19.95,133.65,410.95,1069.3,1340.65,0,2,0,47,0,16.6,100,0,100,0,,1,0,68,5.44,0,0,0,0,0,0,0,0,0,0,0,0,0,0,230.5,43,Healthy,,,2026-04-27,Yes,No,222.8,230.5,2026-04-27,211,0,1,0,328,unassigned,N,,,
2026-04-30,SL-COOLING-FITTED-CAL-KING-SAGE-GREEN,X004OD9SA3,B0F7M728YB,"SLEEPHORIA Cooling Fitted Sheet Calfornia King Size - 1 PC BreezeWeave Cooling Sheets for Hot Sleepers & Cool Rest w/ 16 in Deep Pocket - Corner Straps, Cloud Soft - 69 x 81 in (Sage Green)",New,43,0,0,0,43,0,0,0,USD,1,4,5,5,,33.99,0,33.99,0,Create Outlet deal,,25.19,2,0,2153.56,0.11,0.144256,cubic feet,Standard,6.203008,US,gl_home,33953,366,43,43,111,33.99,33.99,141.96,175.95,175.95,0,0,0,43,0,38.13,0,0,0,0,,0,0,0,0,0,0,0,0,43,33.86,0,0,0,0,0,0,0,0,846.4,,Excess,,,2026-04-27,Yes,No,338.8,846.4,2026-04-27,43,0,0,0,366,unassigned,N,,,
2026-04-30,BM-TWIN-LIGHT-BLUE,X0045AO82D,B0CWJBZFZ7,DECOLURE Cooling Bed Sheets Twin Set 3pcs - Luxurious & Ultra-Soft Twin Size Cooling Sheets for Hot Sleepers - Comfortable Cool Bamboo Viscose Microfiber Sheets Twin Size w/Deep Pockets (Light Blue),New,54,0,0,55,0,0,0,0,USD,1,5,10,16,,44.95,0,44.95,0,Create Outlet deal,,23.76,2,0,1827.34,0.23,0.159497,cubic feet,Standard,8.612838,US,gl_home,99235,366,49,43,43,44.95,22.31,125.55,274.38,436.24,0,0,0,0,0,6.12,0,0,0,0,,0,0,,,,,,,,,,,,,,,,,446.5,5,Excess,,,2026-04-27,Yes,No,446.5,389.3,2026-04-27,54,0,0,0,366,unassigned,N,,,
2026-04-30,BAMBOO-FULL-OLIVE-6PCS,X00438UOFH,B0CQ33ZGQ4,"DECOLURE 100% Viscose Derived from Bamboo Sheets Full Size - Luxury 6 Pc Naturally Cooling Sheets, Ultra Soft Bed Set - Deep 17"" Pockets, Durable Double Stitching, Oeko Tex Standard (Olive)",New,312,0,6,146,31,51,97,0,USD,1,11,24,42,,74.99,0,74.99,0,Edit listing,,62.26,49,0,2473.08,0.12,0.245187,cubic feet,Standard,76.498344,US,gl_home,14195,366,234,113,96,74.99,59.99,770.89,1769.76,3034.58,0,0,6,34,48,267.73,0,0,0,0,,23,0,12,1.47,18,4.42,0,0,1,1.34,2,2.8,1,1.45,145,245.31,0,0,931.5,35,Excess,,,2026-04-27,Yes,No,931.5,761,2026-04-27,312,0,22,1,366,unassigned,N,,,
2026-04-30,SS-SATIN-NAVY-BLUE-TWIN-3PCS,X004D7HEE7,B0DDR95C35,"SLEEP SANCTUARY Satin Sheets Twin Size – 3 Piece Luxury Silky Bed Set, Softer Than Silk, 15"" Deep Pocket, Cooling & Wrinkle-Free, Moisture-Wicking & Breathable for Hair & Skin (Navy Blue)",New,67,0,48,19,0,0,0,0,USD,1,2,7,7,,31.95,0,31.95,0,Create Outlet deal,,22.36,2,0,2545.92,0.12,0.163609,cubic feet,Standard,10.961803,US,gl_home,14711,366,67,134,124,31.95,31.95,63.89,223.64,223.64,0,18,30,0,0,7.84,0,0,0,0,,5,0,,,,,,,,,,,,,,,,,1101,7,Excess,,,2026-04-27,Yes,No,1101,841.1,2026-04-27,67,0,5,0,366,unassigned,N,,,
2026-04-30,LINEN-CURTAIN-52x96-IVORY-2-PCS,X004NSX6XT,B0F6392CDG,"DECOLURE Linen Blackout Curtains - SunShield 96 Inches Long Black Out Curtains for Living Room and Bedroom Windows - Luxury Faux Linen, 2 Panels Set, Ultra Durable - 96 Length x 52 in (Ivory)",New,97,0,0,0,106,0,0,0,USD,0,0,0,0,Low traffic,31.99,0,31.99,0,Advertise listing,,0,0,0,7189.98,0,0.276048,cubic feet,Standard,26.776656,US,gl_home,5765678,366,97,,,31.99,0,0,0,0,0,0,0,106,0,145.05,0,0,0,0,,14,0,0,0,0,0,18,7.46,88,132.33,0,0,0,0,0,0,0,0,,3,Excess,,,,,,,,2026-04-27,97,0,14,0,366,unassigned,N,,,
2026-04-30,SATIN-QUEEN-PURPLE,X002IU8FNP,B0839L6R8Y,"DECOLURE Satin Bed Sheets - 4 Piece Luxury Silky Queen Size Bedding Set - Softer Than Silk, Wrinkle-Free with 15” Deep Pocket Fitted Sheet, Perfect for Hair & Skin, Gifts for Women (Purple)",New,201,0,51,95,81,0,0,0,USD,23,78,152,234,,31.95,0,31.95,0,NoRestockExcessActionRequired,,0,0,0,0,0.74,0.224027,cubic feet,Standard,45.029427,US,gl_home,10574,87,0,11,12,31.95,734.85,2481.09,4845.39,7556.49,49,1,1,81,0,47.55,18,0,12,6,,29,0,2,0.22,80,17.92,0,0,0,0,0,0,0,0,0,0,0,0,122.6,129,Healthy,24,2026-05-06,2026-04-27,Yes,No,102.3,122.6,2026-04-27,232,13,15,1,96,unassigned,N,,,
2026-04-30,SATIN-STRIPE-FULL-BLACK,X0030KP0D5,B09G6KMXVX,"DECOLURE Satin Bed Sheets - 4 Piece Luxury Silky Full Size Bedding Set - Softer Than Silk, Wrinkle-Free with 15” Deep Pocket Fitted Sheet, Perfect for Hair & Skin, Gifts for Women (Striped Black)",New,51,0,30,3,23,0,0,0,USD,5,9,21,31,,29.95,0,29.95,0,NoRestockExcessActionRequired,,0,0,0,0,0.63,0.168688,cubic feet,Standard,8.603088,US,gl_home,10574,210,0,38,36,29.95,149.75,268.05,663.45,949.45,25,4,1,23,0,10.09,36,0,30,6,,4,0,2,0.17,21,3.55,0,0,0,0,0,0,0,0,0,0,0,0,176.3,21,Healthy,,,2026-04-27,Yes,No,176.3,133.5,2026-04-27,91,4,0,0,210,unassigned,N,,,
2026-04-30,SATIN-STRIPE-QUEEN-GOLD--6-PCS,X003UOC20F,B0C7K92CTB,"DECOLURE Satin Bed Sheets - 6 Piece Luxury Silky Queen Size Bedding Set - Softer Than Silk, Wrinkle-Free with 15” Deep Pocket Fitted Sheet, Perfect for Hair & Skin, Gifts for Women (Striped Gold)",New,94,0,8,90,9,0,0,0,USD,3,42,59,61,,31.95,0,31.95,0,Create Outlet deal,,21.97,2,0,522.22,0.41,0.257588,cubic feet,Standard,24.213272,US,gl_home,24922,366,100,12,28,31.95,95.85,926.1,1269.6,1325.44,8,0,0,9,0,19.03,42,42,0,0,,13,0,6,0.78,9,2.32,0,0,0,0,0,0,0,0,0,0,0,0,222.7,16,Excess,,,2026-04-27,Yes,No,70.8,222.7,2026-04-27,147,11,2,0,366,unassigned,N,,,
2026-04-30,SATIN-STRIPE-TWIN-BLUE,X0030KP0BR,B09G6L5Z5K,"DECOLURE Satin Bed Sheets - 3 Piece Luxury Silky Twin Size Bedding Set - Softer Than Silk, Wrinkle-Free with 15” Deep Pocket Fitted Sheet, Perfect for Hair & Skin, Gifts for Women (Striped Blue)",New,49,0,0,0,30,21,0,0,USD,1,5,7,10,,27.95,0,27.95,0,Edit listing,,12.3,24,0,1938.79,0.16,0.162535,cubic feet,Standard,7.964215,US,gl_home,10574,366,49,39,63,27.95,29.24,124.66,175.1,260.95,0,0,0,51,0,48.76,0,0,0,0,,2,0,0,0,0,0,0,0,30,26.57,6,5.56,15,14.38,0,0,0,0,576.4,7,Excess,,,2026-04-27,Yes,No,405.5,576.4,2026-04-27,49,0,2,0,366,unassigned,N,,,
2026-04-30,SL-COOLING-SHEET-FULL-LIGHT-GREY,X004OCYHIR,B0F7LWYY19,"SLEEPHORIA Cooling Sheets - BreezeWeave 4 PC Full Size Cooling Bed Sheets for Hot Sleepers & Deep, Cool Rest - Cloud Soft, Silky Smooth, 16 in Deep Pocket, Ultra Durable (Light Grey)",New,92,0,99,0,0,0,0,0,USD,2,13,27,33,,66.99,0,66.99,0,NoExcessInventory,,0,0,0,0,0.53,0.276464,cubic feet,Standard,25.434688,US,gl_home,32563,277,0,28,36,66.99,114.98,774.87,1604.73,1974.67,19,80,0,0,0,17.29,0,0,0,0,,7,0,,,,,,,,,,,,,,,,,206.1,21,Healthy,,,2026-04-27,Yes,No,206.1,193.5,2026-04-27,92,0,6,1,303,unassigned,N,,,
2026-04-30,BAMBOO-KING-SAGE GREEN,X0040HLH9D,B0CLKCDHHS,"DECOLURE 100% Viscose Derived from Bamboo Sheets King Size - Luxury 4 Pc Naturally Cooling Sheets, Ultra Soft Bed Set - Deep 17"" Pockets, Durable Double Stitching, Oeko Tex Standard (Sage Green)",New,296,0,53,257,0,0,0,0,USD,20,79,229,318,,84.99,0,84.99,0,NoRestockExcessActionRequired,,0,0,0,0,0.72,0.328929,cubic feet,Standard,97.362984,US,gl_home,11515,222,0,16,13,84.99,1599.8,6252.29,17329.01,24237.62,46,4,3,0,0,74.54,36,0,24,12,,51,1,,,,,,,,,,,,,,,,,132.3,141,Healthy,,,2026-04-27,Yes,No,132.3,121.5,2026-04-27,374,42,6,3,226,unassigned,N,,,
2026-04-30,WATERPROOF-CHAIR-COVER-CHOCOLATE-4PCS,X00462ZQET,B0CY6H87BC,"Waterproof Dining Chair Covers Set of 4 - 3 Layers Thick Fabric Parsons Chair Slip Covers - Jacquard Kitchen Chair Covers & Stretch Protectors Dining Room, Restaurant - Removable Washable (Chocolate)",New,66,0,2,0,3,3,60,0,USD,6,21,29,34,,29.99,0,29.99,0,Create Outlet deal,,22.39,2,0,645.43,0.33,0.24057,cubic feet,Standard,15.87762,US,gl_home,71038,58,0,12,25,29.99,139.94,423.79,571.71,683.66,0,0,2,6,0,111.61,0,0,0,0,,1,0,1,0.12,0,0,1,0.36,3,3.93,1,1.37,0,0,60,99.6,0,0,278.4,23,Healthy,,,2026-04-27,Yes,No,115.8,278.4,2026-04-27,67,1,0,0,58,unassigned,N,,,
2026-04-30,SATIN-4PCS-KING-ROSEWOOD,X004C9TYSF,B0DBR1DWPP,"DECOLURE Satin Bed Sheets - 4 Piece Luxury Silky King Size Bedding Set - Softer Than Silk, Wrinkle-Free with 15” Deep Pocket Fitted Sheet, Perfect for Hair & Skin, Gifts for Women (Rosewood)",New,292,0,6,91,213,0,0,0,USD,16,61,85,99,,33.95,0,33.95,0,NoRestockExcessActionRequired,,29.5,25,0,2820.18,0.25,0.339261,cubic feet,Standard,99.064212,US,gl_home,10574,236,280,19,38,32.25,543.2,2077.84,2898.52,3396.33,0,6,0,213,0,126.57,0,0,0,0,,24,0,0,0,213,72.36,0,0,0,0,0,0,0,0,0,0,0,0,390,81,Excess,,,2026-04-27,Yes,No,186,390,2026-04-27,293,1,22,1,268,unassigned,N,,,
2026-04-30,BAMBOO-CALIFKING-SAGE GREEN-6PCS,X00438MC89,B0CQ31LJ3J,"DECOLURE 100% Viscose Derived from Bamboo Sheets California King Size - Luxury 6 Pc Naturally Cooling Sheets, Ultra Soft Bed Set - Deep 17"" Pockets, Double Stitching, Oeko Tex Standard (Sage Green)",New,2,0,5,0,0,0,0,0,USD,7,37,76,118,,89.99,0,89.99,0,NoRestockExcessActionRequired,,0,0,0,0,2.59,0.315226,cubic feet,Standard,0.630452,US,gl_home,14195,108,0,10,10,89.99,599.93,3099.55,6539.16,9988.61,0,5,0,0,0,0.11,96,0,96,0,,0,0,,,,,,,,,,,,,,,,,41.1,56,Low stock,18,2026-05-06,2026-04-27,Yes,No,17.2,41.1,2026-04-27,98,0,0,0,108,unassigned,N,,,
2026-04-30,BM-FULL-NAVY-BLUE,X003VHUFZZ,B0C9LT81MY,DECOLURE Cooling Sheets Full Set 4pcs - Luxurious & Ultra-Soft Full Size Cooling Sheets for Hot Sleepers - Comfortable Bamboo Viscose Microfiber Full Cooling Bed Sheets w/Deep Pockets (Navy),New,72,0,1,71,0,0,0,0,USD,0,5,9,11,,46.95,0,46.95,0,NoExcessInventory,,0,0,0,3316.51,0.14,0.217231,cubic feet,Standard,15.640632,US,gl_home,99235,366,0,57,85,46.95,0,135.91,270.17,331.11,0,0,1,0,0,11.11,0,0,0,0,,0,0,,,,,,,,,,,,,,,,,592.8,7,Healthy,,,2026-04-27,Yes,No,447.8,592.8,2026-04-27,72,0,0,0,366,unassigned,N,,,
2026-04-30,SATIN-STRIPE-QUEEN-BLUE--6-PCS,X003UO3ADN,B0C7KJMDNG,"DECOLURE Satin Bed Sheets - 6 Piece Luxury Silky Queen Size Bedding Set - Softer Than Silk, Wrinkle-Free with 15” Deep Pocket Fitted Sheet, Perfect for Hair & Skin, Gifts for Women (Striped Blue)",New,131,0,0,113,2,1,7,26,USD,2,9,17,31,,31.95,0,31.95,0,Edit listing,,26.5,45,0,892.36,0.19,0.232741,cubic feet,Standard,30.489071,US,gl_home,24922,366,110,58,54,31.95,63.9,287.5,543.1,973.56,0,0,0,3,0,40.86,0,0,0,0,,19,0,0,0,1,0.23,1,0.35,0,0,1,1.33,0,0,7,11.25,26,47.79,663.3,19,Excess,,,2026-04-27,Yes,No,663.3,495.4,2026-04-27,131,0,19,0,366,unassigned,N,,,
2026-04-30,SL-COOLING-FITTED-QUEEN-LIGHT-GREY,X004OD9ZSD,B0F7M8GRL4,"SLEEPHORIA Cooling Fitted Sheet Queen Size - 1 PC BreezeWeave Cooling Sheets for Hot Sleepers & Cool Rest w/ 16 in Deep Pocket - Corner Straps, Cloud Soft, Ultra Durable - 57 x 77 in (Light Grey)",New,98,0,0,0,103,0,0,0,USD,7,43,65,65,,29.99,0,29.99,0,NoExcessInventory,,0,0,0,0,0.44,0.152406,cubic feet,Standard,14.935788,US,gl_home,33953,91,0,9,19,29.99,209.93,1359.57,2025.35,2025.35,0,0,0,103,0,84.47,0,0,0,0,,3,0,0,0,0,0,0,0,103,85.56,0,0,0,0,0,0,0,0,225.4,,,,,2026-04-27,Yes,No,91.1,225.4,2026-04-27,101,3,0,0,91,unassigned,N,,,
2026-04-30,BAMBOO-QUEEN-LIGHTBLUE-6PCS,X00438TKV1,B0CQ32F3HY,"DECOLURE 100% Viscose Derived from Bamboo Sheets Queen Size - Luxury 6 Pc Naturally Cooling Sheets, Ultra Soft Bed Set - Deep 17"" Pockets, Durable Double Stitching, Oeko Tex Standard (Light Blue)",New,416,0,15,85,371,0,0,0,USD,26,182,300,404,,84.99,0,84.99,0,NoRestockExcessActionRequired,,0,0,0,0,0.57,0.325183,cubic feet,Standard,135.276128,US,gl_home,14195,88,0,13,19,84.99,2149.74,13864.68,23572.25,31496.21,2,1,12,371,0,164.85,192,192,0,0,,56,0,160,26.02,289,94.06,0,0,0,0,0,0,0,0,0,0,0,0,160.6,273,Healthy,39,2026-05-06,2026-04-27,No,No,95.9,160.6,2026-04-27,609,1,53,2,178,unassigned,N,,,
2026-04-30,BAMBOO-QUEEN-LIGHTOLIVE-6PCS,X00438TL5B,B0CQ312HKC,"DECOLURE 100% Viscose Derived from Bamboo Sheets Queen Size - Luxury 6 Pc Naturally Cooling Sheets, Ultra Soft Bed Set - Deep 17"" Pockets, Durable Double Stitching, Oeko Tex Standard (Light Olive)",New,231,0,2,1,217,38,0,0,USD,2,26,42,85,,84.99,0,84.99,0,NoRestockExcessActionRequired,,0,0,0,127.39,0.28,0.262504,cubic feet,Standard,60.638424,US,gl_home,14195,356,0,35,35,84.99,154.98,1923.24,3229.33,6377.65,0,0,2,255,0,95.63,0,0,0,0,,28,0,18,2.36,194,50.97,4,1.58,21,30.03,18,26.94,0,0,0,0,0,0,314.7,63,Healthy,,,2026-04-27,Yes,No,314.7,303.1,2026-04-27,231,0,28,0,366,unassigned,N,,,
2026-04-30,SATIN-FITTED-QUEEN-RED,X004CBVFJ9,B0DBVYJJZ6,"DECOLURE Satin Fitted Sheet Queen Size (1 PC) – Luxuriously Smooth & Softer Than Silk Bed Sheets w/ 15 Inch Deep Pocket Hypoallergenic Wrinkle Free, Secure Snug Fit, Elastic Corner Straps (Red)",New,132,0,16,126,0,0,0,0,USD,14,65,168,312,,17.95,0,17.95,0,CreateShippingPlan,,0,0,0,0,1.11,0.161698,cubic feet,Standard,21.344136,US,gl_home,14844,55,0,8,5,17.95,251.3,1166.75,3036.6,5621.4,5,8,3,0,0,10.92,0,0,0,0,,10,0,,,,,,,,,,,,,,,,,80.5,110,Healthy,137,2026-05-07,2026-04-27,Yes,No,80.5,78.9,2026-04-27,132,0,5,5,56,unassigned,N,,,
2026-04-30,SS-BAMBOO-LIGHT-PINK-CALIFKING-6PCS,X004D8Q35H,B0DDTXV2V8,"SLEEP SANCTUARY 100% Viscose Derived from Bamboo Sheets California King Size 6pcs – BamBliss Luxury Cooling Sheets for Hot Sleepers - Cloud Soft, 17"" Deep Pocket, Ultra Durable Bed Set (Light Pink)",New,23,0,0,0,23,0,0,0,USD,1,3,6,7,,69.99,0,69.99,0,Create Outlet deal,,37.49,2,0,2071.64,0.26,0.302756,cubic feet,Standard,6.963388,US,gl_home,47560,251,23,30,42,69.99,69.99,209.97,434.94,504.93,0,0,0,23,0,11.32,0,0,0,0,,0,0,4,0.61,19,5.76,0,0,0,0,0,0,0,0,0,0,0,0,406.8,3,Excess,,,2026-04-27,Yes,No,378.5,406.8,2026-04-27,23,0,0,0,251,unassigned,N,,,
2026-04-30,BAMBOO-FULL-TAUPE-6PCS,X00438F3YJ,B0CQ311KCT,"DECOLURE 100% Viscose Derived from Bamboo Sheets Full Size - Luxury 6 Pc Naturally Cooling Sheets, Ultra Soft Bed Set - Deep 17"" Pockets, Durable Double Stitching, Oeko Tex Standard (Taupe)",New,6,0,24,0,0,0,0,0,USD,0,0,4,24,Low conversion,96.99,0,96.99,0,GoToRestock,,0,0,0,0,1.6,0.253502,cubic feet,Standard,1.521012,US,gl_home,14195,56,0,,3,96.99,0,0,306.96,1701.76,24,0,0,0,0,2.51,0,0,0,0,,20,0,,,,,,,,,,,,,,,,,,21,Healthy,11,2026-05-06,,,,,33.1,2026-04-27,24,18,2,0,58,unassigned,N,,,
2026-04-30,SATIN-STRIPE-QUEEN-BLACK,X0030KQXYF,B09G6LBXRX,"DECOLURE Satin Bed Sheets - 4 Piece Luxury Silky Queen Size Bedding Set - Softer Than Silk, Wrinkle-Free with 15” Deep Pocket Fitted Sheet, Perfect for Hair & Skin, Gifts for Women (Striped Black)",New,97,0,98,0,0,0,0,0,USD,9,42,54,61,,31.95,0,31.95,0,NoRestockExcessActionRequired,,0,0,0,0,1,0.184838,cubic feet,Standard,17.929286,US,gl_home,10574,88,0,9,20,28.76,287.55,1309.29,1683.19,1902.05,0,98,0,0,0,10.38,0,0,0,0,,0,0,,,,,,,,,,,,,,,,,95.8,45,Healthy,,,2026-04-27,Yes,No,95.8,92.8,2026-04-27,97,0,0,0,88,unassigned,N,,,
2026-04-30,SS-SATIN-NAVY-BLUE-QUEEN-4PCS,X004D7A165,B0DDRH9RD7,"SLEEP SANCTUARY Satin Sheets Queen Size – 4 Piece Luxury Silky Bed Set, Softer Than Silk, 15"" Deep Pocket, Cooling & Wrinkle-Free, Moisture-Wicking & Breathable for Hair & Skin (Navy Blue)",New,280,0,257,20,26,0,0,0,USD,10,37,73,117,,33.95,0,33.95,0,NoExcessInventory,,0,0,0,0,0.5,0.271413,cubic feet,Standard,75.99564,US,gl_home,14711,286,0,32,33,33.95,339.5,1273.96,2598.16,4091.96,54,170,33,26,0,61.38,24,0,12,12,,27,0,7,0.95,25,6.78,0,0,0,0,0,0,0,0,0,0,0,0,226.1,77,Healthy,,,2026-04-27,Yes,No,226.1,176.4,2026-04-27,304,0,25,2,321,unassigned,N,,,
2026-04-30,LINEN-CURTAIN-52x96-LIGHT-GREY-2-PCS,X004NSMZJP,B0F638T9NF,"DECOLURE Linen Blackout Curtains - SunShield 96 Inches Long Black Out Curtains for Living Room and Bedroom Windows - Luxury Faux Linen, 2 Panels Set, Ultra Durable - 96 Length x 52 in (Light Grey)",New,91,0,0,1,90,0,0,0,USD,0,0,0,0,Low traffic,31.99,0,31.99,0,Advertise listing,,0,0,0,6402.34,0,0.265682,cubic feet,Standard,24.177062,US,gl_home,6773968,366,91,,,31.99,0,0,0,0,0,0,0,90,0,118.94,0,0,0,0,,1,0,0,0,0,0,27,10.78,63,91.24,0,0,0,0,0,0,0,0,,3,Excess,,,,,,,,2026-04-27,91,0,1,0,366,unassigned,N,,,
2026-04-30,SATIN-STRIPE-FULL-GOLD,X0030KQXSB,B09G6LCV5J,"DECOLURE Satin Bed Sheets - 4 Piece Luxury Silky Full Size Bedding Set - Softer Than Silk, Wrinkle-Free with 15” Deep Pocket Fitted Sheet, Perfect for Hair & Skin, Gifts for Women (Striped Gold)",New,77,0,0,1,50,45,0,0,USD,1,8,22,25,,29.95,0,29.95,0,NoRestockExcessActionRequired,,26.94,14,0,50.93,0.22,0.177466,cubic feet,Standard,13.664882,US,gl_home,10574,244,54,38,40,29.95,29.95,219.55,602.85,716.7,0,0,0,95,0,34.31,0,0,0,0,,10,0,0,0,50,8.87,0,0,0,0,45,45.51,0,0,0,0,0,0,397.1,21,Excess,,,2026-04-27,Yes,No,243.3,397.1,2026-04-27,77,0,10,0,292,unassigned,N,,,
2026-04-30,SL-COOLING-SHEET-QUEEN-WHITE,X004OD4J4D,B0F7LW9GQN,"SLEEPHORIA Cooling Sheets - BreezeWeave 4 PC Queen Size Cooling Bed Sheets for Hot Sleepers & Deep, Cool Rest - Cloud Soft, Silky Smooth, 16 in Deep Pocket, Ultra Durable (White)",New,0,0,7,0,0,0,0,0,USD,9,139,246,289,,64.99,0,0,0,CreateShippingPlan,,,0,0,,2.38,0.301055,cubic feet,Standard,0,US,gl_home,32563,0,0,0,0,64.99,584.91,9028.61,15977.54,18800.11,0,7,0,0,0,,0,0,0,0,,7,0,,,,,,,,,,,,,,,,,43.8,58,Out of stock,112,2026-04-30,2026-04-27,No,No,15.7,43.8,2026-04-27,0,0,0,7,3,unassigned,N,,,
2026-04-30,SATIN-4PC-KING-DARK GREEN,X0042WKV0R,B0CQPPJFWN,"DECOLURE Satin Bed Sheets - 4 Piece Luxury Silky King Size Bedding Set - Softer Than Silk, Wrinkle-Free with 15” Deep Pocket Fitted Sheet, Perfect for Hair & Skin, Gifts for Women (Dark Green)",,0,0,1,0,0,0,0,0,USD,0,25,73,144,,0,0,0,0,CreateShippingPlan,,,0,0,,2.1,0.271659,cubic feet,Standard,0,US,gl_home,10574,16,0,4,2,33.95,0,731.68,2475.28,4885.73,1,0,0,0,0,,30,0,30,0,,2,0,,,,,,,,,,,,,,,,,40.7,99,Out of stock,149,2026-05-06,2026-04-27,Yes,No,10.3,40.7,2026-04-27,30,0,1,1,17,unassigned,N,,,
2026-04-30,SS-SATIN-SAGE-GREEN-TWIN-3PCS,X004D7EVYX,B0DDR154D4,"SLEEP SANCTUARY Satin Sheets Twin Size – 3 Piece Luxury Silky Bed Set, Softer Than Silk, 15"" Deep Pocket, Cooling & Wrinkle-Free, Moisture-Wicking & Breathable for Hair & Skin (Sage Green)",New,51,0,0,0,32,19,0,0,USD,0,1,1,1,,35.95,0,35.95,0,Create Outlet deal,,20.96,2,0,1952.78,0.02,0.128822,cubic feet,Standard,6.569922,US,gl_home,14711,366,51,204,663,35.95,0,26.96,26.96,26.96,0,0,0,51,0,23.86,0,0,0,0,,2,0,0,0,30,3.86,0,0,2,1.4,19,13.96,0,0,0,0,0,0,4814,4,Excess,,,2026-04-27,Yes,No,1598,4814,2026-04-27,51,0,2,0,366,unassigned,N,,,
2026-04-30,SATIN-FITTED-KING-PURPLE,X004CBP79X,B0DBVZJTGS,"DECOLURE Satin Fitted Sheet King Size (1 PC) – Luxuriously Smooth & Softer Than Silk Bed Sheets w/ 15 Inch Deep Pocket Hypoallergenic Wrinkle Free, Secure Snug Fit, Elastic Corner Straps (Purple)",New,442,0,5,81,372,0,0,0,USD,8,24,44,56,,19.95,0,18.16,0,Edit listing,,0,0,0,6738.68,0.11,0.175575,cubic feet,Standard,77.60415,US,gl_home,14844,366,396,73,102,18.16,147.6,466.99,871.99,1117.39,2,2,1,372,0,114.79,0,0,0,0,,29,0,60,5.27,320,56.21,12,3.16,0,0,0,0,0,0,0,0,0,0,854.2,46,Excess,,,2026-04-27,Yes,No,695.8,854.2,2026-04-27,442,0,29,0,366,unassigned,N,,,
2026-04-30,SATIN-SEA-TEAL-TWIN,X003EKAABN,B0BG21MMW9,"DECOLURE Satin Bed Sheets - 3 Piece Luxury Silky Twin Size Bedding Set - Softer Than Silk, Wrinkle-Free with 15” Deep Pocket Fitted Sheet, Perfect for Hair & Skin, Gifts for Women (Sea Teal)",New,130,0,2,30,0,0,1,97,USD,2,6,12,17,,27.95,0,27.95,0,Edit listing,,24,16,0,1273.63,0.12,0.196038,cubic feet,Standard,25.48494,US,gl_home,10574,366,83,86,99,27.95,55.9,155.7,319.4,459.15,0,0,2,0,0,166.47,0,0,0,0,,0,0,0,0,0,0,0,0,0,0,0,0,0,0,0,0,98,151.78,741.8,18,Excess,,,2026-04-27,Yes,No,576.6,741.8,2026-04-27,130,0,0,0,366,unassigned,N,,,
2026-04-30,LINEN-CURTAIN-52x72-BEIGE-2-PCS,X004NSXUMV,B0F637WVF9,"DECOLURE Linen Blackout Curtains - SunShield 72 Inches Long Black Out Curtains for Living Room and Bedroom Windows - Luxury Faux Linen, 2 Panels Set, Ultra Durable - 72 Length x 52 in (Beige)",New,46,0,1,0,45,0,0,0,USD,0,0,0,0,Low traffic,28.99,0,28.99,0,Create removal order,,0,0,0,2460.23,0,0.199952,cubic feet,Standard,9.197792,US,gl_home,8037084,366,46,,,28.99,0,0,0,0,0,0,1,45,0,42.86,0,0,0,0,,1,0,0,0,0,0,16,4.8,29,31.61,0,0,0,0,0,0,0,0,,3,Excess,,,,,,,,2026-04-27,46,0,1,0,366,unassigned,N,,,
2026-04-30,BAMBOO-KING-OLIVE,X002O4Z17D,B08KQLK2HK,"DECOLURE 100% Viscose Derived from Bamboo Sheets King Size - Luxury 4 Pc Naturally Cooling Sheets, Ultra Soft Bed Set - Deep 17"" Pockets, Durable Double Stitching, Oeko Tex Standard (Olive)",New,460,0,201,71,259,0,0,0,USD,25,84,219,302,,84.99,0,84.99,0,NoRestockExcessActionRequired,,0,0,0,22.07,0.46,0.328669,cubic feet,Standard,151.18774,US,gl_home,11515,299,0,21,19,84.99,1933.12,6312.07,16117.55,22275.09,2,2,197,259,0,160.91,0,0,0,0,,77,0,7,1.15,223,73.31,35,17.25,0,0,0,0,0,0,0,0,0,0,220.5,45,Healthy,,,2026-04-27,Yes,No,220.5,203.5,2026-04-27,462,2,75,0,366,unassigned,N,,,
2026-04-30,BM-FULL-PINK,X0045A9LO3,B0CWJ8YXR4,DECOLURE Cooling Sheets Full Set 4pcs - Luxurious & Ultra-Soft Full Size Cooling Sheets for Hot Sleepers - Comfortable Bamboo Viscose Microfiber Full Cooling Bed Sheets w/Deep Pockets (Pink),New,102,0,0,108,0,0,0,0,USD,0,7,13,14,,47.95,0,47.95,0,Create Outlet deal,,25.16,2,0,5575.58,0.11,0.205738,cubic feet,Standard,20.985276,US,gl_home,99235,366,102,58,94,47.95,0,251.65,467.35,503.3,0,0,0,0,0,14.97,0,0,0,0,,18,0,,,,,,,,,,,,,,,,,832.9,5,Excess,,,2026-04-27,Yes,No,412.3,832.9,2026-04-27,102,0,18,0,366,unassigned,N,,,
2026-04-30,BM-KING-R-PURPLE,X003VHUFZ5,B0C9LS8Z18,DECOLURE Cooling Bed Sheets King Set 4pcs - Luxurious & Ultra-Soft King Size Cooling Sheets for Hot Sleepers - Comfortable & Cool Bamboo Viscose Microfiber Sheets King Size w/Deep Pockets (Purple),New,24,0,2,9,17,0,0,0,USD,12,39,84,105,,37.95,0,37.95,0,GoToRestock,,0,0,0,0,1.09,0.241113,cubic feet,Standard,5.786712,US,gl_home,99235,24,0,2,2,37.95,461.4,1504.05,3319.92,4158.87,1,1,0,17,0,4.57,0,0,0,0,,2,0,0,0,17,4.08,0,0,0,0,0,0,0,0,0,0,0,0,82.1,28,Low stock,29,2026-05-06,2026-04-27,Yes,No,47.8,82.1,2026-04-27,25,1,0,1,25,unassigned,N,,,
2026-04-30,SL-COOLING-SHEET-TWIN-BEIGE,X004OD1CD9,B0F7LX6353,"SLEEPHORIA Cooling Sheets - BreezeWeave 3 PC Twin Size Cooling Bed Sheets for Hot Sleepers & Deep, Cool Rest - Cloud Soft, Silky Smooth, 16 in Deep Pocket, Ultra Durable (Beige)",New,36,0,36,0,0,0,0,0,USD,3,11,17,17,,49.99,0,49.99,0,Create Outlet deal,,24.99,2,0,1320.15,0.88,0.233926,cubic feet,Standard,8.421336,US,gl_home,32563,156,0,13,27,49.99,149.97,549.89,849.83,849.83,12,24,0,0,0,5.73,0,0,0,0,,0,0,,,,,,,,,,,,,,,,,127.8,14,Healthy,,,2026-04-27,Yes,No,123.7,127.8,2026-04-27,36,0,0,0,156,unassigned,N,,,
2026-04-30,BM-KING-PINK,X0045ATL9X,B0CWJ79M7J,DECOLURE Cooling Bed Sheets King Set 4pcs - Luxurious & Ultra-Soft King Size Cooling Sheets for Hot Sleepers - Comfortable & Cool Bamboo Viscose Microfiber Sheets King Size w/Deep Pockets (Pink),New,147,0,0,152,0,0,0,0,USD,12,32,68,88,Low conversion,52.95,0,52.95,0,Create Outlet deal,,27.96,2,0,8263.89,0.41,0.231919,cubic feet,Standard,34.092093,US,gl_home,99235,366,147,18,21,52.95,287.64,767.04,1693.88,2281.06,0,0,0,0,0,24.36,0,0,0,0,,2,0,,,,,,,,,,,,,,,,,233.5,7,Excess,,,2026-04-27,Yes,No,186.3,233.5,2026-04-27,147,0,2,0,366,unassigned,N,,,
2026-04-30,SS-SATIN-STRIPED-BLACK-KING-4PCS,X004D7LWB3,B0DDR9FXWM,"SLEEP SANCTUARY Satin Sheets King Size – 4 Piece Luxury Silky Bed Set, Softer Than Silk, 15"" Deep Pocket, Cooling & Wrinkle-Free, Moisture-Wicking & Breathable for Hair & Skin (Striped Black)",,0,0,1,0,0,0,0,0,USD,0,9,26,39,,0,0,0,0,CreateShippingPlan,,,0,0,,2.08,0.336087,cubic feet,Standard,0,US,gl_home,14711,0,0,0,0,35.95,0,298.42,927.57,1394.92,1,0,0,0,0,,0,0,0,0,,0,0,,,,,,,,,,,,,,,,,39.3,27,Out of stock,51,2026-04-29,2026-04-27,Yes,No,13.8,39.3,2026-04-27,0,0,0,0,0,unassigned,N,,,
2026-04-30,SHOWER-MAT-LARGE,X004A1R6I5,B0D6Z8N4TS,"DECOLURE Stone Bath Mat Large, Quick Dry & Non-Slip Diatomaceous Earth Shower Mat for Bathroom, Luxurious & Easy to Clean Diatomite Stone Mat for Bathroom, Kitchen, High Density (Large, Grey)",New,5,0,3,4,0,0,0,0,USD,17,137,281,509,Low traffic,60.99,0,60.99,29.95,NoExcessInventory,,0,0,0,0,1.95,0.687446,cubic feet,Oversize,3.43723,US,gl_home,581503,16,0,14,12,60.99,768.83,5587.63,11426.19,20623.91,1,1,1,0,0,0.72,500,500,0,0,,19,0,,,,,,,,,,,,,,,,,46.5,20,Low stock,,,2026-04-27,Yes,No,20.3,46.5,2026-04-27,505,0,19,0,366,unassigned,N,,,
2026-04-30,SATIN-FITTED-FULL-NAVY-BLUE,X004CBXT43,B0DBVYHGK1,"DECOLURE Satin Fitted Sheet Full Size (1 PC) – Luxuriously Smooth & Softer Than Silk Bed Sheets w/ 15 Inch Deep Pocket Hypoallergenic Wrinkle Free, Secure Snug Fit, Elastic Corner Straps (Navy Blue)",New,190,0,4,83,111,0,0,0,USD,7,27,46,68,,17.95,0,17.95,0,NoRestockExcessActionRequired,,0,0,0,26.22,0.3,0.130211,cubic feet,Standard,24.74009,US,gl_home,14844,217,0,28,36,17.95,125.65,480.65,836.7,1246.6,1,0,3,111,0,25.1,0,0,0,0,,4,0,133,8.69,0,0,0,0,0,0,0,0,0,0,0,0,0,0,306.6,57,Healthy,,,2026-04-27,Yes,No,288.6,306.6,2026-04-27,192,2,1,1,220,unassigned,N,,,
2026-04-30,SATIN-6PC-QUEEN-BLUSH PINK,X004BS2KPL,B0D9QR66X1,"DECOLURE Satin Bed Sheets - 6 Piece Luxury Silky Queen Size Bedding Set - Softer Than Silk, Wrinkle-Free with 15” Deep Pocket Fitted Sheet, Perfect for Hair & Skin, Gifts for Women (Blush Pink)",New,238,0,1,1,238,0,0,0,USD,4,12,26,37,,31.95,0,31.95,0,Create Outlet deal,,20.47,2,0,4324.88,0.14,0.2325,cubic feet,Standard,55.335,US,gl_home,24922,366,183,79,83,31.95,127.8,383.36,830.66,1187.79,0,0,1,238,0,91.35,0,0,0,0,,1,0,1,0.12,237,55.13,0,0,0,0,0,0,0,0,0,0,0,0,671.3,15,Excess,,,2026-04-27,Yes,No,570.8,671.3,2026-04-27,238,0,1,0,366,unassigned,N,,,
2026-04-30,BAMBOO-QUEEN-LIGHT PINK,X0040HLIF1,B0CLKCT674,"DECOLURE 100% Viscose Derived from Bamboo Sheets Queen Size - Luxury 4 Pc Naturally Cooling Sheets, Ultra Soft Bed Set - Deep 17"" Pockets, Durable Double Stitching, Oeko Tex Standard (Light Pink)",New,38,0,55,0,0,0,0,0,USD,25,44,145,225,,79.99,0,79.99,0,CreateShippingPlan,,0,0,0,0,3.86,0.287348,cubic feet,Standard,10.919224,US,gl_home,11515,79,0,10,6,79.99,1959.75,3449.56,11083.55,16933.91,55,0,0,0,0,17.11,78,0,42,36,,59,0,,,,,,,,,,,,,,,,,24,86,Healthy,7,2026-05-06,2026-04-27,Yes,No,17.7,24,2026-04-27,173,57,2,0,80,unassigned,N,,,
2026-04-30,SS-SATIN-PURPLE-KING-4PCS,X004D7COJH,B0DDRCQZ7G,"SLEEP SANCTUARY Satin Sheets King Size – 4 Piece Luxury Silky Bed Set, Softer Than Silk, 15"" Deep Pocket, Cooling & Wrinkle-Free, Moisture-Wicking & Breathable for Hair & Skin (Purple)",New,159,0,20,26,117,5,0,0,USD,1,22,55,77,,35.95,0,35.95,0,NoExcessInventory,,0,0,0,24.49,0.4,0.296012,cubic feet,Standard,47.065908,US,gl_home,14711,306,0,34,31,35.95,35.95,790.75,1983.1,2774,19,0,1,122,0,70.29,30,30,0,0,,13,0,55,8.14,80,23.7,1,0.44,4,6.45,1,1.69,0,0,0,0,0,0,216.7,56,Healthy,,,2026-04-27,Yes,No,187.8,216.7,2026-04-27,190,1,11,1,366,unassigned,N,,,
2026-04-30,SATIN-4PC-TWIN-SAGE GREEN,X004BS2KPB,B0D9QRVYMT,"DECOLURE Satin Bed Sheets - 4 Piece Luxury Silky Twin Size Bedding Set - Softer Than Silk, Wrinkle-Free with 15” Deep Pocket Fitted Sheet, Perfect for Hair & Skin, Gifts for Women (Sage Green)",New,19,0,1,1,0,23,0,0,USD,0,3,9,9,,33.95,0,33.95,0,Create Outlet deal,,11.24,2,0,1323.72,0.3,0.239925,cubic feet,Standard,4.558575,US,gl_home,24922,341,19,25,27,33.95,0,75.46,201.61,201.61,1,0,0,23,0,26.68,0,0,0,0,,6,0,0,0,0,0,0,0,0,0,12,16.42,11,15.59,0,0,0,0,312,7,Excess,,,2026-04-27,Yes,No,133.7,312,2026-04-27,19,0,6,0,366,unassigned,N,,,
2026-04-30,SL-COOLING-FITTED-TWIN-GRAPHITE,X004OD2PX5,B0F7M6WTWR,"SLEEPHORIA Cooling Fitted Sheet Twin Size - 1 PC BreezeWeave Cooling Sheets for Hot Sleepers & Cool Rest w/ 16 in Deep Pocket - Corner Straps, Cloud Soft, Ultra Durable - 37 x 72 in (Graphite)",New,10,0,0,0,12,0,0,0,USD,1,22,24,24,,24.99,0,24.99,0,Create Outlet deal,,13.49,2,0,391.45,0.81,0.115405,cubic feet,Standard,1.15405,US,gl_home,33953,29,0,1,5,24.99,24.99,591.78,641.76,641.76,0,0,0,12,0,7.09,0,0,0,0,,0,0,0,0,0,0,0,0,12,7.54,0,0,0,0,0,0,0,0,120.3,,,21,2026-05-06,2026-04-27,Yes,No,33.7,120.3,2026-04-27,10,0,0,0,29,unassigned,N,,,
2026-04-30,SL-COOLING-FITTED-TWIN-LIGHT-GREY,X004ODA1SB,B0F7M3YTBN,"SLEEPHORIA Cooling Fitted Sheet Twin Size - 1 PC BreezeWeave Cooling Sheets for Hot Sleepers & Cool Rest w/ 16 in Deep Pocket - Corner Straps, Cloud Soft, Ultra Durable - 37 x 72 in (Light Grey)",New,1,0,0,0,2,0,0,0,USD,7,15,22,22,,24.99,0,24.99,0,GoToRestock,,0,0,0,0.05,1.31,0.115405,cubic feet,Standard,0.115405,US,gl_home,33953,2,0,0,0,24.99,174.93,390.85,571.78,571.78,0,0,0,2,0,0.39,0,0,0,0,,0,0,0,0,0,0,0,0,2,1.26,0,0,0,0,0,0,0,0,90.8,,,20,2026-05-06,2026-04-27,Yes,No,25.9,90.8,2026-04-27,1,0,0,0,2,unassigned,N,,,
2026-04-30,SATIN-FITTED-QUEEN-WHITE,X004CBVEIB,B0DBW157CR,"DECOLURE Satin Fitted Sheet Queen Size (1 PC) – Luxuriously Smooth & Softer Than Silk Bed Sheets w/ 15 Inch Deep Pocket Hypoallergenic Wrinkle Free, Secure Snug Fit, Elastic Corner Straps (White)",,0,0,1,0,0,0,0,0,USD,4,112,226,354,,0,0,0,0,CreateShippingPlan,,,0,0,,1.89,0.15085,cubic feet,Standard,0,US,gl_home,14844,0,0,0,0,17.95,71.8,2017.6,4084.9,6382.5,1,0,0,0,0,,0,0,0,0,,2,0,,,,,,,,,,,,,,,,,42.5,109,Out of stock,312,2026-04-29,2026-04-27,No,No,13.7,42.5,2026-04-27,0,0,2,0,0,unassigned,N,,,
2026-04-30,BAMBOO-TWIN-BLACK-6PCS,X00438ME05,B0CQ3319BK,"DECOLURE 100% Viscose Derived from Bamboo Sheets Twin Size - Luxury 4 Pc Naturally Cooling Sheets, Ultra Soft Bed Set - Deep 17"" Pockets, Durable Double Stitching, Oeko Tex Standard (Black)",New,4,0,17,0,0,0,0,0,USD,1,2,15,29,,64.99,0,64.99,0,CreateShippingPlan,,,0,0,,1.97,0.202726,cubic feet,Standard,0.810904,US,gl_home,14195,62,0,8,1,64.99,64.99,129.98,955.85,1800.63,17,0,0,0,0,,0,0,0,0,,13,0,,,,,,,,,,,,,,,,,44,18,Low stock,13,2026-05-06,2026-04-27,Yes,No,44,38.1,2026-04-27,16,12,0,1,65,unassigned,N,,,
2026-04-30,SATIN-6PC-QUEEN-LAVENDER,X004BRRG3D,B0D9QSYPF2,"DECOLURE Satin Bed Sheets - 6 Piece Luxury Silky Queen Size Bedding Set - Softer Than Silk, Wrinkle-Free with 15” Deep Pocket Fitted Sheet, Perfect for Hair & Skin, Gifts for Women (Lavender)",New,90,0,0,0,94,0,0,0,USD,4,12,21,39,,31.95,0,31.95,0,Create Outlet deal,,26.56,2,0,340.71,0.33,0.33314,cubic feet,Standard,29.9826,US,gl_home,24922,366,101,40,40,31.95,127.8,379.69,663.71,1250.81,0,0,0,94,0,48.45,30,0,30,0,,12,0,0,0,94,31.33,0,0,0,0,0,0,0,0,0,0,0,0,325.6,24,Excess,,,2026-04-27,Yes,No,325.6,294.2,2026-04-27,120,0,10,2,366,unassigned,N,,,
2026-04-30,HANGING-CLOSET-WHITE,X00499948X,B0D5C1BB94,"DECOLURE 5-Tier Adjustable Hanging Closet Organizer – Maximize Hanging Storage w/ 4 Hanging Hooks, 8 S Hooks & 5 Name Plates - Sturdy Foldable Wire Storage Hanging Shelves for Clothes, Towels (White)",New,397,0,4,8,37,17,347,0,USD,5,27,56,72,Low traffic,41.95,0,41.95,0,NoRestockExcessActionRequired,,0,0,0,8022.69,0.16,0.521643,cubic feet,Standard,207.092271,US,gl_furniture,427311,128,280,58,71,41.95,209.75,1132.65,2185.8,2857,1,3,0,39,15,1481.76,0,0,0,0,,22,0,4,1.04,13,6.78,15,11.74,6,17.06,2,5.95,1,3.08,361,1299.39,0,0,581.8,251,Excess,,,2026-04-27,Yes,No,541.4,581.8,2026-04-27,410,13,9,0,132,unassigned,N,,,
2026-04-30,SS-SATIN-TAUPE-TWIN-3PCS,X004D7EWS3,B0DDR7SDNH,"SLEEP SANCTUARY Satin Sheets Twin Size – 3 Piece Luxury Silky Bed Set, Softer Than Silk, 15"" Deep Pocket, Cooling & Wrinkle-Free, Moisture-Wicking & Breathable for Hair & Skin (Taupe)",New,36,0,1,0,0,35,0,0,USD,1,1,2,2,,29.95,0,29.95,0,Create Outlet deal,,24.46,2,0,1265.04,0.05,0.128822,cubic feet,Standard,4.637592,US,gl_home,14711,366,36,144,234,29.95,29.95,29.95,64.9,64.9,0,0,1,35,0,28.93,0,0,0,0,,2,0,0,0,0,0,0,0,0,0,35,25.7,0,0,0,0,0,0,,1,Excess,,,,,,,3548,2026-04-27,36,0,2,0,366,unassigned,N,,,
2026-04-30,SATIN-STRIPE-QUEEN-BLACK--6-PCS,X003UOC1NX,B0C7K5GC4L,"DECOLURE Satin Bed Sheets - 6 Piece Luxury Silky Queen Size Bedding Set - Softer Than Silk, Wrinkle-Free with 15” Deep Pocket Fitted Sheet, Perfect for Hair & Skin, Gifts for Women (Striped Black)",New,40,0,26,1,22,0,0,0,USD,6,19,35,46,,31.95,0,31.95,0,NoExcessInventory,,0,0,0,0,0.82,0.210031,cubic feet,Standard,8.40124,US,gl_home,24922,224,0,12,16,31.95,191.7,603,1111.2,1472.65,24,1,1,22,0,14.37,18,0,12,6,,10,0,3,0.32,20,4.2,0,0,0,0,0,0,0,0,0,0,0,0,109.2,24,Healthy,,,2026-04-27,Yes,No,76.4,109.2,2026-04-27,66,8,1,1,230,unassigned,N,,,
2026-04-30,SS-SATIN-CHAMPAGNE-TWIN-3PCS,X004D7HGPT,B0DDR96RQ3,"SLEEP SANCTUARY Satin Sheets Twin Size – 3 Piece Luxury Silky Bed Set, Softer Than Silk, 15"" Deep Pocket, Cooling & Wrinkle-Free, Moisture-Wicking & Breathable for Hair & Skin (Champagne)",New,60,0,30,0,0,30,0,0,USD,0,0,4,4,Low conversion,29.95,0,29.95,0,Create Outlet deal,,24.46,2,0,1957.48,0.08,0.128822,cubic feet,Standard,7.72932,US,gl_home,14711,366,60,,195,29.95,0,0,124.8,124.8,0,18,12,30,0,27.48,0,0,0,0,,0,0,0,0,0,0,0,0,0,0,30,22.02,0,0,0,0,0,0,,4,Excess,,,,,,,1134.8,2026-04-27,60,0,0,0,366,unassigned,N,,,
2026-04-30,SL-COOLING-SHEET-QUEEN-GRAPHITE,X004OCWPDL,B0F7LY3K8C,"SLEEPHORIA Cooling Sheets - BreezeWeave 4 PC Queen Size Cooling Bed Sheets for Hot Sleepers & Deep, Cool Rest - Cloud Soft, Silky Smooth, 16 in Deep Pocket, Ultra Durable (Graphite)",New,95,0,108,0,0,0,0,0,USD,46,188,340,397,,64.99,0,64.99,0,GoToRestock,,0,0,0,0,2.22,0.297954,cubic feet,Standard,28.30563,US,gl_home,32563,20,0,2,3,64.99,2989.54,12218.12,22159.6,25864.03,47,61,0,0,0,6.26,0,0,0,0,,7,0,,,,,,,,,,,,,,,,,52.1,153,Low stock,199,2026-05-06,2026-04-27,No,No,32.8,52.1,2026-04-27,97,2,1,4,21,unassigned,N,,,
2026-04-30,SS-SATIN-ROSEWOOD-TWIN-3PCS,X004D7K7HD,B0DDR6TLDV,"SLEEP SANCTUARY Satin Sheets Twin Size – 3 Piece Luxury Silky Bed Set, Softer Than Silk, 15"" Deep Pocket, Cooling & Wrinkle-Free, Moisture-Wicking & Breathable for Hair & Skin (Rosewood)",New,81,0,2,0,0,0,80,0,USD,1,4,7,7,,31.95,0,31.95,0,Create Outlet deal,,15.97,2,0,4262.18,0.07,0.209105,cubic feet,Standard,16.937505,US,gl_home,14711,366,81,99,183,31.95,31.95,116.8,212.65,212.65,0,2,0,0,0,123.47,18,18,0,0,,0,0,0,0,0,0,0,0,0,0,0,0,0,0,80,115.42,0,0,1066.1,7,Excess,,,2026-04-27,Yes,No,617.5,1066.1,2026-04-27,99,0,0,0,366,unassigned,N,,,
2026-04-30,SL-COOLING-SHEET-CAL-KING-WHITE,X004OD4MVD,B0F7LX6LFL,"SLEEPHORIA Cooling Sheets - BreezeWeave 4 PC California King Size Cooling Bed Sheets for Hot Sleepers & Deep, Cool Rest - Cloud Soft, Silky Smooth, 16 in Deep Pocket, Ultra Durable (White)",New,7,0,15,0,0,0,0,0,USD,11,66,98,116,,78.99,0,78.99,0,GoToRestock,,0,0,0,0,4.11,0.340703,cubic feet,Standard,2.384921,US,gl_home,32563,13,0,0,0,78.99,778.89,4623.34,6863.02,8122.84,15,0,0,0,0,0.58,0,0,0,0,,5,0,,,,,,,,,,,,,,,,,35.1,21,Low stock,30,2026-05-06,2026-04-27,Yes,No,24.6,35.1,2026-04-27,7,0,3,2,24,unassigned,N,,,
2026-04-30,SATIN-STRIPE-TWIN-WHITE,X0030KKNXR,B09G6JK5ZL,"DECOLURE Satin Bed Sheets - 3 Piece Luxury Silky Twin Size Bedding Set - Softer Than Silk, Wrinkle-Free with 15” Deep Pocket Fitted Sheet, Perfect for Hair & Skin, Gifts for Women (Striped White)",New,98,0,0,1,0,0,0,100,USD,0,3,6,8,,38.95,0,38.95,0,Edit listing,,14.02,52,0,4713.34,0.08,0.180565,cubic feet,Standard,17.69537,US,gl_home,10574,366,97,130,159,38.95,0,88.24,159.77,233.67,0,0,0,0,0,149.16,0,0,0,0,,0,0,0,0,0,0,0,0,0,0,0,0,0,0,0,0,100,142.68,1367.4,3,Excess,,,2026-04-27,Yes,No,1019,1367.4,2026-04-27,98,0,0,0,366,unassigned,N,,,
2026-04-30,SS-SATIN-RED-TWIN-3PCS,X004D7LXET,B0DDQTZWY6,"SLEEP SANCTUARY Satin Sheets Twin Size – 3 Piece Luxury Silky Bed Set, Softer Than Silk, 15"" Deep Pocket, Cooling & Wrinkle-Free, Moisture-Wicking & Breathable for Hair & Skin (Red)",New,55,0,0,30,37,0,0,0,USD,1,2,4,4,,29.95,0,29.95,0,Create Outlet deal,,25.16,2,0,1510.43,0.06,0.155995,cubic feet,Standard,8.579725,US,gl_home,14711,366,52,110,178,29.95,29.95,65.9,131.8,131.8,0,0,0,37,0,9.63,0,0,0,0,,12,0,0,0,37,5.81,0,0,0,0,0,0,0,0,0,0,0,0,2093.3,10,Excess,,,2026-04-27,Yes,No,2041,2093.3,2026-04-27,55,0,12,0,366,unassigned,N,,,
2026-04-30,BAMBOO-FULL-MIDGREY-6PCS,X00438UP1F,B0CQ318RHN,"DECOLURE 100% Viscose Derived from Bamboo Sheets Full Size - Luxury 6 Pc Naturally Cooling Sheets, Ultra Soft Bed Set - Deep 17"" Pockets, Durable Double Stitching, Oeko Tex Standard (Midgrey)",New,73,0,1,9,64,0,0,0,USD,2,36,47,74,,74.99,0,74.99,0,NoRestockExcessActionRequired,,0,0,0,0,0.63,0.258156,cubic feet,Standard,18.845388,US,gl_home,14195,102,0,8,12,74.99,134.98,2173.14,3022.03,4692.33,0,0,1,64,0,24.76,0,0,0,0,,2,0,21,2.73,49,12.66,0,0,0,0,0,0,0,0,0,0,0,0,139.8,56,Healthy,41,2026-05-06,2026-04-27,Yes,No,82.4,139.8,2026-04-27,73,0,2,0,106,unassigned,N,,,
2026-04-30,SATIN-TWIN-PURPLE-6PCS,X003UM8ZET,B0C7FXRDSZ,"DECOLURE Satin Bed Sheets - 4 Piece Luxury Silky Twin Size Bedding Set - Softer Than Silk, Wrinkle-Free with 15” Deep Pocket Fitted Sheet, Perfect for Hair & Skin, Gifts for Women (Purple)",New,20,0,0,23,0,0,0,0,USD,0,5,8,14,,27.95,0,27.95,0,Create Outlet deal,,14.97,2,0,351.94,0.43,0.18364,cubic feet,Standard,3.6728,US,gl_home,24922,366,90,73,85,27.95,0,117.87,205.72,357.04,0,0,0,0,0,2.78,72,0,72,0,,3,0,,,,,,,,,,,,,,,,,121,9,Excess,,,2026-04-27,Yes,No,101.5,121,2026-04-27,95,3,0,0,366,unassigned,N,,,
2026-04-30,SL-COOLING-FITTED-KING-SAGE-GREEN,X004ODA29T,B0F7M6Q25P,"SLEEPHORIA Cooling Fitted Sheet King Size - 1 PC BreezeWeave Cooling Sheets for Hot Sleepers & Cool Rest w/ 16 in Deep Pocket - Corner Straps, Cloud Soft, Ultra Durable - 73 x 77 in (Sage Green)",New,23,0,0,0,37,0,0,0,USD,12,52,93,93,,32.99,0,32.99,0,GoToRestock,,0,0,0,0,0.93,0.162084,cubic feet,Standard,3.727932,US,gl_home,33953,15,0,1,3,32.99,399.88,1799.48,3152.07,3152.07,0,0,0,37,0,8.41,0,0,0,0,,14,1,0,0,0,0,0,0,37,32.68,0,0,0,0,0,0,0,0,105.4,,,54,2026-05-06,2026-04-27,Yes,No,38.8,105.4,2026-04-27,24,1,13,0,24,unassigned,N,,,
2026-04-30,SATIN-6PC-FULL-BABY BLUE,X004BS2KSN,B0D9QQWYP4,"DECOLURE Satin Bed Sheets - 6 Piece Luxury Silky Full Size Bedding Set - Softer Than Silk, Wrinkle-Free with 15” Deep Pocket Fitted Sheet, Perfect for Hair & Skin, Gifts for Women (Baby Blue)",New,25,0,0,25,0,0,0,0,USD,1,8,12,15,,41.95,0,41.95,0,Create Outlet deal,,20.96,2,0,19.45,0.44,0.309511,cubic feet,Standard,7.737775,US,gl_home,24922,142,23,12,21,41.95,41.95,209.65,329.45,407.3,0,0,0,0,0,4.67,0,0,0,0,,0,0,,,,,,,,,,,,,,,,,205.5,9,Excess,,,2026-04-27,Yes,No,111.9,205.5,2026-04-27,25,0,0,0,142,unassigned,N,,,
2026-04-30,SATIN-3PC-TWIN-LAVENDER,X0042WN55Z,B0CQRX8Q2P,"DECOLURE Satin Bed Sheets - 3 Piece Luxury Silky Twin Size Bedding Set - Softer Than Silk, Wrinkle-Free with 15” Deep Pocket Fitted Sheet, Perfect for Hair & Skin, Gifts for Women (Lavender)",New,22,0,22,0,0,0,0,0,USD,1,3,10,17,Low conversion,41.95,0,41.95,0,NoExcessInventory,,0,0,0,0,1.31,0.147065,cubic feet,Standard,3.23543,US,gl_home,10574,168,0,29,16,41.95,29.25,87.03,282.68,478.33,7,15,0,0,0,2.11,0,0,0,0,,0,0,,,,,,,,,,,,,,,,,151.3,12,Healthy,,,2026-04-27,Yes,No,151.3,60.3,2026-04-27,22,0,0,0,168,unassigned,N,,,
2026-04-30,SATIN-FITTED-TWIN-RED,X004CBTU5P,B0DBW1FRHC,"DECOLURE Satin Fitted Sheet Twin Size (1 PC) – Luxuriously Smooth & Softer Than Silk Bed Sheets w/ 15 Inch Deep Pocket Hypoallergenic Wrinkle Free, Secure Snug Fit, Elastic Corner Straps (Red)",New,165,0,104,81,0,0,0,0,USD,0,10,27,46,,16.95,0,16.95,0,NoRestockExcessActionRequired,,0,0,0,0.87,0.3,0.126222,cubic feet,Standard,20.82663,US,gl_home,14844,330,0,66,46,16.95,0,167.5,463.65,785.7,1,101,2,0,0,14.34,0,0,0,0,,20,0,,,,,,,,,,,,,,,,,404.1,34,Healthy,,,2026-04-27,Yes,No,404.1,292.8,2026-04-27,165,0,20,0,366,unassigned,N,,,
2026-04-30,BAMBOO-KING-LIGHTGREY-6PCS,X00438TZKH,B0CQ33H4QW,"DECOLURE 100% Viscose Derived from Bamboo Sheets King Size - Luxury 6 Pc Naturally Cooling Sheets, Ultra Soft Bed Set - Deep 17"" Pockets, Durable Double Stitching, Oeko Tex Standard (Light Grey)",New,571,0,324,332,0,0,0,0,USD,41,275,493,749,,89.99,0,89.99,0,NoRestockExcessActionRequired,,0,0,0,0,0.79,0.35971,cubic feet,Standard,205.39441,US,gl_home,14195,139,0,10,12,89.99,3539.59,22061.25,40898.07,61204.51,10,8,306,0,0,125.32,168,0,168,0,,72,0,,,,,,,,,,,,,,,,,121,244,Healthy,,,2026-04-27,No,No,87.8,121,2026-04-27,754,15,54,3,155,unassigned,N,,,
2026-04-30,LINEN-CURTAIN-52x96-NATURAL-2-PCS,X004NSU80N,B0F6366Z7N,"DECOLURE Linen Blackout Curtains - SunShield 96 Inches Long Black Out Curtains for Living Room and Bedroom Windows - Luxury Faux Linen, 2 Panels Set, Ultra Durable - 96 Length x 52 in (Natural)",New,81,0,3,2,76,0,0,0,USD,0,0,6,13,Low traffic,28.99,0,28.99,0,Create Outlet deal,,15.99,2,0,6406.89,0.15,0.298743,cubic feet,Standard,24.198183,US,gl_home,4122870,366,81,,81,28.99,0,0,173.94,379.87,0,0,3,76,0,87.71,0,0,0,0,,1,0,0,0,0,0,45,20.18,31,50.48,0,0,0,0,0,0,0,0,,3,Excess,,,,,,,590.4,2026-04-27,81,0,1,0,366,unassigned,N,,,
2026-04-30,SS-BAMBOO-OLIVE-QUEEN-6PCS,X004D8TOO9,B0DDTYXN15,"SLEEP SANCTUARY 100% Viscose Derived from Bamboo Sheets Queen Size 6pcs – BamBliss Luxury Cooling Sheets for Hot Sleepers - Cloud Soft, 17"" Deep Pocket, Ultra Durable Bed Set (Olive)",New,300,0,4,2,295,0,0,0,USD,6,20,33,43,,64.99,0,64.99,0,Create Outlet deal,,48.99,2,0,13984.55,0.13,0.341354,cubic feet,Standard,102.4062,US,gl_home,47560,366,266,60,90,64.99,389.94,1289.8,2134.67,2789.57,3,0,1,295,0,160.51,0,0,0,0,,0,0,66,11.25,229,78.19,0,0,0,0,0,0,0,0,0,0,0,0,769.4,15,Excess,,,2026-04-27,Yes,No,548.8,769.4,2026-04-27,300,0,0,0,366,unassigned,N,,,
2026-04-30,SATIN-FITTED-TWIN-DARK-GREEN,X004CBS3SZ,B0DBW1NXMC,"DECOLURE Satin Fitted Sheet Twin Size (1 PC) – Luxuriously Smooth & Softer Than Silk Bed Sheets w/ 15 Inch Deep Pocket Hypoallergenic Wrinkle Free, Secure Snug Fit, Elastic Corner Straps (Dark Green)",New,28,0,0,1,1,30,0,0,USD,1,4,9,12,,23.95,0,10.97,0,NoRestockExcessActionRequired,,0,0,0,787.66,0.31,0.197778,cubic feet,Standard,5.537784,US,gl_home,14844,88,0,68,73,10.97,16.95,62.84,147.59,203.44,0,0,0,31,0,35.73,40,40,0,0,,2,0,0,0,0,0,0,0,1,1.08,0,0,30,35.02,0,0,0,0,288.6,9,Healthy,,,2026-04-27,Yes,No,207.8,288.6,2026-04-27,69,1,1,0,366,unassigned,N,,,
2026-04-30,BM-FULL-CREAM,X003VHOFND,B0C9LR45L9,DECOLURE Cooling Sheets Full Set 4pcs - Luxurious & Ultra-Soft Full Size Cooling Sheets for Hot Sleepers - Comfortable Bamboo Viscose Microfiber Full Cooling Bed Sheets w/Deep Pockets (Cream),New,63,0,0,8,54,1,0,0,USD,1,1,2,2,,43.95,0,43.95,0,Create Outlet deal,,25.16,2,0,4138.69,0.03,0.207486,cubic feet,Standard,13.071618,US,gl_home,99235,366,63,252,409,43.95,43.95,43.95,69.93,69.93,0,0,0,55,0,26.88,0,0,0,0,,11,0,9,0.93,33,6.84,17,5.29,4,4.52,0,0,0,0,0,0,0,0,3400,7,Excess,,,2026-04-27,Yes,No,2249,3400,2026-04-27,63,0,11,0,366,unassigned,N,,,
2026-04-30,SATIN-6PC-KING-BABY BLUE,X004BS2KOR,B0D9QSZR2C,"DECOLURE Satin Bed Sheets - 6 Piece Luxury Silky King Size Bedding Set - Softer Than Silk, Wrinkle-Free with 15” Deep Pocket Fitted Sheet, Perfect for Hair & Skin, Gifts for Women (Baby Blue)",New,8,0,9,0,0,0,0,0,USD,7,9,9,30,,33.95,0,33.95,0,GoToRestock,,0,0,0,0,3.29,0.276311,cubic feet,Standard,2.210488,US,gl_home,24922,39,0,8,8,33.95,237.65,305.55,305.55,1036.5,9,0,0,0,0,0.74,12,0,6,6,,1,0,,,,,,,,,,,,,,,,,36.3,19,Low stock,13,2026-05-06,2026-04-27,Yes,No,36.3,18.2,2026-04-27,20,0,0,1,41,unassigned,N,,,
2026-04-30,SATIN-TWIN-BLACK-NEW,X002J0LUCH,B0839L7PJL,"DECOLURE Satin Bed Sheets - 3 Piece Luxury Silky Twin Size Bedding Set - Softer Than Silk, Wrinkle-Free with 15” Deep Pocket Fitted Sheet, Perfect for Hair & Skin, Gifts for Women (Black)",New,156,0,163,0,0,0,0,0,USD,7,32,54,96,,27.95,0,27.95,0,NoRestockExcessActionRequired,,0,0,0,0,0.95,0.148267,cubic feet,Standard,23.129652,US,gl_home,10574,131,0,19,21,26.55,195.65,924.25,1539.15,2824.18,18,145,0,0,0,14.53,0,0,0,0,,2,0,,,,,,,,,,,,,,,,,160.4,74,Healthy,,,2026-04-27,Yes,No,160.4,90,2026-04-27,156,0,0,2,133,unassigned,N,,,
2026-04-30,SS-BAMBOO-PURPLE-KING-6PCS,X004D8Q2IF,B0DDV1G96X,"SLEEP SANCTUARY 100% Viscose Derived from Bamboo Sheets King Size 6pcs – BamBliss Luxury Cooling Sheets for Hot Sleepers - Cloud Soft, 17"" Deep Pocket, Ultra Durable Bed Set (Purple)",New,47,0,3,2,42,0,0,0,USD,4,10,24,41,,69.99,0,69.99,0,NoExcessInventory,,0,0,0,0,0.63,0.362228,cubic feet,Standard,17.024716,US,gl_home,47560,126,0,18,14,69.99,279.96,699.9,1679.76,2874.59,0,0,3,42,0,20.72,0,0,0,0,,0,0,25,4.5,18,6.51,0,0,0,0,0,0,0,0,0,0,0,0,135.6,18,Healthy,,,2026-04-27,Yes,No,135.6,133.5,2026-04-27,47,0,0,0,126,unassigned,N,,,
2026-04-30,SATIN-FULL-GREY-6PCS,X003UMGG3V,B0C7FJFVZY,"DECOLURE Satin Bed Sheets - 6 Piece Luxury Silky Full Size Bedding Set - Softer Than Silk, Wrinkle-Free with 15” Deep Pocket Fitted Sheet, Perfect for Hair & Skin, Gifts for Women (Grey)",New,29,0,0,1,29,0,0,0,USD,2,4,13,14,,29.95,0,29.95,0,Create Outlet deal,,23.06,2,0,193.93,0.31,0.199764,cubic feet,Standard,5.793156,US,gl_home,24922,366,59,59,54,29.95,57.11,116.43,380.02,412.97,0,0,0,29,0,9.3,30,0,30,0,,1,0,0,0,29,5.8,0,0,0,0,0,0,0,0,0,0,0,0,172.7,7,Excess,,,2026-04-27,Yes,No,143.1,172.7,2026-04-27,59,0,1,0,366,unassigned,N,,,
2026-04-30,SS-SATIN-WHITE-QUEEN-4PCS,X004D7LWMR,B0DDR1DYR6,"SLEEP SANCTUARY Satin Sheets Queen Size – 4 Piece Luxury Silky Bed Set, Softer Than Silk, 15"" Deep Pocket, Cooling & Wrinkle-Free, Moisture-Wicking & Breathable for Hair & Skin (White)",New,77,0,85,0,0,0,0,0,USD,20,99,241,374,,33.95,0,33.95,0,GoToRestock,,0,0,0,0,2.07,0.257139,cubic feet,Standard,19.799703,US,gl_home,14711,21,0,3,2,33.95,679,3360.59,8261.49,12776.84,11,51,23,0,0,4.65,0,0,0,0,,9,0,,,,,,,,,,,,,,,,,46.7,194,Low stock,328,2026-05-06,2026-04-27,No,No,35.9,46.7,2026-04-27,83,6,2,1,22,unassigned,N,,,
2026-04-30,LINEN-CURTAIN-52x72-IVORY-2-PCS,X004NSX6R5,B0F63C8CD8,"DECOLURE Linen Blackout Curtains - SunShield 72 Inches Long Black Out Curtains for Living Room and Bedroom Windows - Luxury Faux Linen, 2 Panels Set, Ultra Durable - 72 Length x 52 in (Ivory)",New,45,0,0,0,45,0,0,0,USD,0,0,0,0,Low traffic,28.99,0,28.99,0,Create removal order,,0,0,0,2488.36,0,0.199952,cubic feet,Standard,8.99784,US,gl_home,6167623,366,45,,,28.99,0,0,0,0,0,0,0,45,0,42.72,0,0,0,0,,0,0,0,0,0,0,16,4.8,29,31.61,0,0,0,0,0,0,0,0,,3,Excess,,,,,,,,2026-04-27,45,0,0,0,366,unassigned,N,,,
2026-04-30,SL-COOLING-FITTED-TWIN-LIGHT-PINK,X004ODA1JP,B0F7M5ZRB9,"SLEEPHORIA Cooling Fitted Sheet Twin Size - 1 PC BreezeWeave Cooling Sheets for Hot Sleepers & Cool Rest w/ 16 in Deep Pocket - Corner Straps, Cloud Soft, Ultra Durable - 37 x 72 in (Light Pink)",New,11,0,1,0,12,0,0,0,USD,2,8,13,13,,24.99,0,24.99,0,Create Outlet deal,,13.49,2,0,441.55,0.6,0.115405,cubic feet,Standard,1.269455,US,gl_home,33953,54,0,5,11,24.99,49.98,211.92,336.87,336.87,1,0,0,12,0,7.89,0,0,0,0,,1,0,0,0,0,0,0,0,12,7.56,0,0,0,0,0,0,0,0,158.2,,,7,2026-05-05,2026-04-27,Yes,No,72.4,158.2,2026-04-27,12,1,0,0,54,unassigned,N,,,
2026-04-30,SS-SATIN-PINK-QUEEN-4PCS,X004D7A0TD,B0DDRBTG9J,"SLEEP SANCTUARY Satin Sheets Queen Size – 4 Piece Luxury Silky Bed Set, Softer Than Silk, 15"" Deep Pocket, Cooling & Wrinkle-Free, Moisture-Wicking & Breathable for Hair & Skin (Pink)",New,252,0,173,8,72,0,0,0,USD,3,23,47,78,,39.95,0,39.95,0,Create Outlet deal,,27.96,2,0,230.78,0.36,0.305059,cubic feet,Standard,76.874868,US,gl_home,14711,366,195,43,42,39.95,119.85,846.73,1709.53,2761.98,2,134,37,72,0,70.49,0,0,0,0,,11,0,1,0.15,72,21.99,0,0,0,0,0,0,0,0,0,0,0,0,329.9,56,Excess,,,2026-04-27,Yes,No,329.9,257.7,2026-04-27,252,0,11,0,366,unassigned,N,,,
2026-04-30,SATIN-STRIPE-KING-WHITE,X0030KQT8P,B09G6N2PNK,"DECOLURE Satin Bed Sheets - 4 Piece Luxury Silky King Size Bedding Set - Softer Than Silk, Wrinkle-Free with 15” Deep Pocket Fitted Sheet, Perfect for Hair & Skin, Gifts for Women (Striped White)",New,10,0,14,0,0,0,0,0,USD,5,29,60,101,,47.95,0,47.95,0,CreateShippingPlan,,0,0,0,0,1.81,0.208347,cubic feet,Standard,2.08347,US,gl_home,10574,15,0,1,1,47.95,192.44,972.56,1968.43,3339.88,12,0,2,0,0,0.48,0,0,0,0,,2,0,,,,,,,,,,,,,,,,,52,26,Low stock,39,2026-05-07,2026-04-27,Yes,No,24.3,52,2026-04-27,11,1,0,1,16,unassigned,N,,,
2026-04-30,SATIN-WHITE-TWIN-6PCS,X003UM8Z8Z,B0C7FBCF2X,"DECOLURE Satin Bed Sheets - 4 Piece Luxury Silky Twin Size Bedding Set - Softer Than Silk, Wrinkle-Free with 15” Deep Pocket Fitted Sheet, Perfect for Hair & Skin, Gifts for Women (White)",New,73,0,33,0,1,0,0,39,USD,2,4,9,14,,27.95,0,27.95,0,Create Outlet deal,,24.46,2,0,2099.91,0.19,0.160065,cubic feet,Standard,11.684745,US,gl_home,24922,366,64,73,67,27.95,54.9,100.73,231.36,356.27,0,0,33,1,0,55.69,0,0,0,0,,2,0,0,0,0,0,0,0,1,0.87,0,0,0,0,0,0,39,49.3,778.7,8,Excess,,,2026-04-27,Yes,No,778.7,546.9,2026-04-27,73,0,2,0,366,unassigned,N,,,
2026-04-30,SS-SATIN-DARK-GREEN-FULL-4PCS,X004D7EX05,B0DDRD3S48,"SLEEP SANCTUARY Satin Sheets Full Size – 4 Piece Luxury Silky Bed Set, Softer Than Silk, 15"" Deep Pocket, Cooling & Wrinkle-Free, Moisture-Wicking & Breathable for Hair & Skin (Dark Green)",New,98,0,1,0,0,98,0,0,USD,2,7,11,15,,31.95,0,31.95,0,Create Outlet deal,,26.56,2,0,6022.89,0.14,0.263628,cubic feet,Standard,25.835544,US,gl_home,14711,366,97,56,84,31.95,63.9,235.62,369.42,497.22,0,0,1,98,0,161.44,0,0,0,0,,0,0,0,0,0,0,0,0,0,0,98,147.25,0,0,0,0,0,0,747.3,12,Excess,,,2026-04-27,Yes,No,520.7,747.3,2026-04-27,98,0,0,0,366,unassigned,N,,,
2026-04-30,SATIN-TAUPE-TWIN-6PCS,X003UMGFOB,B0C7FD12CQ,"DECOLURE Satin Bed Sheets - 4 Piece Luxury Silky Twin Size Bedding Set - Softer Than Silk, Wrinkle-Free with 15” Deep Pocket Fitted Sheet, Perfect for Hair & Skin, Gifts for Women (Taupe)",New,41,0,0,0,41,0,0,0,USD,0,0,3,3,Low conversion,31.95,0,31.95,0,Lower price,,0,0,0,2076.83,0.07,0.199442,cubic feet,Standard,8.177122,US,gl_home,24922,366,41,,177,31.95,0,0,63.44,63.44,0,0,0,41,0,18.07,0,0,0,0,,2,0,0,0,0,0,41,12.26,0,0,0,0,0,0,0,0,0,0,,1,Excess,,,,,,,1256.7,2026-04-27,41,0,2,0,366,unassigned,N,,,
2026-04-30,SS-SATIN-PURPLE-TWIN-3PCS,X004D79ZSZ,B0DDRFSGVJ,"SLEEP SANCTUARY Satin Sheets Twin Size – 3 Piece Luxury Silky Bed Set, Softer Than Silk, 15"" Deep Pocket, Cooling & Wrinkle-Free, Moisture-Wicking & Breathable for Hair & Skin (Purple)",New,50,0,49,0,1,0,0,0,USD,0,2,2,2,,29.95,0,29.95,0,Create Outlet deal,,17.47,2,0,1721.34,0.04,0.128822,cubic feet,Standard,6.4411,US,gl_home,14711,366,50,100,325,29.95,0,64.9,64.9,64.9,0,0,49,1,0,4.8,0,0,0,0,,12,0,0,0,0,0,1,0.19,0,0,0,0,0,0,0,0,0,0,2719,6,Excess,,,2026-04-27,Yes,No,948.5,2719,2026-04-27,50,0,12,0,366,unassigned,N,,,
2026-04-30,SS-SATIN-IVORY-QUEEN-4PCS,X004D7K7KP,B0DDRHN5JH,"SLEEP SANCTUARY Satin Sheets Queen Size – 4 Piece Luxury Silky Bed Set, Softer Than Silk, 15"" Deep Pocket, Cooling & Wrinkle-Free, Moisture-Wicking & Breathable for Hair & Skin (Ivory)",New,135,0,32,29,79,0,0,0,USD,3,24,60,82,,33.95,0,33.95,0,NoExcessInventory,,0,0,0,0,0.5,0.280755,cubic feet,Standard,37.901925,US,gl_home,14711,222,0,22,21,33.95,101.85,814.68,2036.88,2783.78,13,12,7,79,0,38.47,0,0,0,0,,3,0,31,4.34,54,15.13,0,0,0,0,0,0,0,0,0,0,0,0,181.5,50,Healthy,,,2026-04-27,Yes,No,150.6,181.5,2026-04-27,135,0,2,1,226,unassigned,N,,,
2026-04-30,BM-CALKING-NAVY-BLUE,X003VHUGDL,B0C9LR2MK4,DECOLURE Cooling Bed Sheets Cal-King Set 4pcs - Luxurious & Soft California King Size Cooling Sheets for Hot Sleepers - Comfy & Cool California King Bamboo Viscose Microfiber Sheets (Navy),,0,0,4,0,0,0,0,0,USD,0,0,1,1,,0,0,0,0,CreateShippingPlan,,,0,0,,0.8,0.254294,cubic feet,Standard,0,US,gl_home,,0,0,,0,39.95,0,0,39.95,39.95,4,0,0,0,0,,0,0,0,0,,0,0,,,,,,,,,,,,,,,,,,4,Out of stock,5,2026-04-29,,,,,25,2026-04-27,0,0,0,0,0,unassigned,N,,,
2026-04-30,BAMBOO-QUEEN-NAVYBLUE-6PCS,X00438YPMZ,B0CQ32N392,"DECOLURE 100% Viscose Derived from Bamboo Sheets Queen Size - Luxury 6 Pc Naturally Cooling Sheets, Ultra Soft Bed Set - Deep 17"" Pockets, Durable Double Stitching, Oeko Tex Standard (Navy Blue)",New,30,0,19,16,0,0,0,0,USD,18,105,189,340,,84.99,0,84.99,0,CreateShippingPlan,,0,0,0,0,1.71,0.326116,cubic feet,Standard,9.78348,US,gl_home,14195,11,0,1,1,84.99,1489.82,8456.45,15456.86,26821.85,2,1,16,0,0,1.82,0,0,0,0,,2,0,,,,,,,,,,,,,,,,,53.6,169,Low stock,356,2026-05-06,2026-04-27,No,No,25.4,53.6,2026-04-27,31,1,1,0,11,unassigned,N,,,
2026-04-30,SATIN-KING-GREY-6PCS,X003UMGFXR,B0C7FNQH3B,"DECOLURE Satin Bed Sheets - 6 Piece Luxury Silky King Size Bedding Set - Softer Than Silk, Wrinkle-Free with 15” Deep Pocket Fitted Sheet, Perfect for Hair & Skin, Gifts for Women (Grey)",New,13,0,13,0,0,0,0,0,USD,4,4,18,37,,33.95,0,33.95,0,CreateShippingPlan,,,0,0,,2.31,0.360486,cubic feet,Standard,4.686318,US,gl_home,24922,42,0,26,9,33.95,135.8,135.8,611.1,1288.15,13,0,0,0,0,,13,0,6,7,,0,0,,,,,,,,,,,,,,,,,33.3,35,Low stock,38,2026-05-06,2026-04-27,Yes,No,33.3,29.5,2026-04-27,26,0,0,0,42,unassigned,N,,,
2026-04-30,SL-COOLING-FITTED-FULL-LIGHT-GREY,X004OCXY2H,B0F7M4XKZ3,"SLEEPHORIA Cooling Fitted Sheet Full Size - 1 PC BreezeWeave Cooling Sheets for Hot Sleepers & Cool Rest w/ 16 in Deep Pocket - Corner Straps, Cloud Soft, Ultra Durable - 52 x 72 in (Light Grey)",New,50,0,1,0,48,2,0,0,USD,2,7,21,21,,27.99,0,27.99,0,Create Outlet deal,,14.99,2,0,136.14,0.33,0.176519,cubic feet,Standard,8.82595,US,gl_home,33953,196,40,28,30,27.99,55.98,205.93,599.79,599.79,1,0,0,50,0,51.22,0,0,0,0,,0,0,0,0,0,0,0,0,50,48.1,0,0,0,0,0,0,0,0,293.3,,Excess,,,2026-04-27,Yes,No,277.7,293.3,2026-04-27,50,0,0,0,196,unassigned,N,,,
2026-04-30,BAMBOO-TWIN-NAVYBLUE-6PCS,X004387KRR,B0CQ31N5Q5,"DECOLURE 100% Viscose Derived from Bamboo Sheets Twin Size - Luxury 4 Pc Naturally Cooling Sheets, Ultra Soft Bed Set - Deep 17"" Pockets, Durable Double Stitching, Oeko Tex Standard (Navy Blue)",New,67,0,1,66,0,0,0,0,USD,7,20,29,55,,64.99,0,64.99,0,NoRestockExcessActionRequired,,0,0,0,0,0.53,0.216146,cubic feet,Standard,14.481782,US,gl_home,14195,118,0,13,15,64.99,444.93,1239.72,1852.61,3437.2,0,0,1,0,0,9.09,0,0,0,0,,6,0,,,,,,,,,,,,,,,,,161.4,28,Healthy,,,2026-04-27,Yes,No,136.1,161.4,2026-04-27,67,0,6,0,131,unassigned,N,,,
2026-04-30,SATIN-4PC-FULL-BURNT ORANGE,X0042X0525,B0CQSJZV7C,"DECOLURE Satin Bed Sheets - 4 Piece Luxury Silky Full Size Bedding Set - Softer Than Silk, Wrinkle-Free with 15” Deep Pocket Fitted Sheet, Perfect for Hair & Skin, Gifts for Women (Burnt Orange)",New,25,0,26,0,0,0,0,0,USD,1,4,4,4,,29.95,0,29.95,0,NoRestockExcessActionRequired,,0,0,0,560.93,0.29,0.212621,cubic feet,Standard,5.315525,US,gl_home,10574,149,0,25,81,29.94,29.95,145.8,145.8,145.8,0,26,0,0,0,3.79,0,0,0,0,,1,0,,,,,,,,,,,,,,,,,314.3,9,Healthy,,,2026-04-27,Yes,No,215.3,314.3,2026-04-27,26,1,0,0,149,unassigned,N,,,
2026-04-30,SS-SATIN-BABY-BLUE-KING-4PCS,X004D7HDQ1,B0DDR6MK7V,"SLEEP SANCTUARY Satin Sheets King Size – 4 Piece Luxury Silky Bed Set, Softer Than Silk, 15"" Deep Pocket, Cooling & Wrinkle-Free, Moisture-Wicking & Breathable for Hair & Skin (Baby Blue)",New,134,0,0,1,136,0,0,0,USD,11,58,85,108,,35.95,0,35.95,0,NoExcessInventory,,0,0,0,0,0.5,0.305456,cubic feet,Standard,40.931104,US,gl_home,14711,105,0,30,52,35.95,395.45,2144.76,3157.41,3984.26,0,0,0,136,0,42.9,306,306,0,0,,8,0,136,20.82,0,0,0,0,0,0,0,0,0,0,0,0,0,0,176.7,79,Healthy,,,2026-04-27,Yes,No,94.1,176.7,2026-04-27,440,0,8,0,366,unassigned,N,,,
2026-04-30,BM-QUEEN-WHITE,X003VHOFH9,B0C9LS4KC5,DECOLURE Cooling Sheets Queen Set 4pcs - Luxurious & Ultra-Soft Cooling Bed Sheets Queen Size for Hot Sleepers - Comfortable Bamboo Viscose Microfiber Queen Bed Sheets Set Cooling (White),New,69,0,1,74,0,0,0,0,USD,5,38,84,112,,37.95,0,37.95,0,GoToRestock,,0,0,0,4.76,0.79,0.204704,cubic feet,Standard,14.124576,US,gl_home,99235,282,0,7,8,37.95,189.75,1442.1,3194.8,4263.97,0,1,0,0,0,9.81,0,0,0,0,,6,0,,,,,,,,,,,,,,,,,114.5,24,Healthy,,,2026-04-27,Yes,No,77.6,114.5,2026-04-27,70,1,5,0,307,unassigned,N,,,
2026-04-30,SATIN-3PC-TWIN-BABY BLUE,X0042WR3BH,B0CQRXM35T,"DECOLURE Satin Bed Sheets - 3 Piece Luxury Silky Twin Size Bedding Set - Softer Than Silk, Wrinkle-Free with 15” Deep Pocket Fitted Sheet, Perfect for Hair & Skin, Gifts for Women (Baby Blue)",New,18,0,20,0,0,0,0,0,USD,3,21,33,45,,27.95,0,27.95,0,CreateShippingPlan,,0,0,0,0,1.17,0.200646,cubic feet,Standard,3.611628,US,gl_home,10574,51,0,4,6,26.55,83.85,582.25,924.65,1260.05,0,0,20,0,0,2.16,6,6,0,0,,3,0,,,,,,,,,,,,,,,,,83.4,31,Low stock,31,2026-05-07,2026-04-27,Yes,No,49.9,83.4,2026-04-27,26,2,1,0,56,unassigned,N,,,
2026-04-30,SS-SLEEP-MASK-3D-CONTOURED-MISTY-BLUE,X004NF41LD,B0F4XP8CYP,"SLEEP SANCTUARY 100% Pure Mulberry Silk Sleep Mask - 22 Momme Light Blocking 3D Contour Silk Eye Mask for Sleeping - Secure Fit for Side Sleepers, Women & Men - Cloud Soft (Misty Blue)",New,218,0,7,1,4,207,0,0,USD,1,8,16,37,Low traffic,17.99,0,17.99,0,Create Outlet deal,,12.97,2,0,343.71,0.16,0.048757,cubic feet,Standard,10.629026,US,gl_drugstore,298197,366,107,109,76,17.99,17.99,143.92,295.8,673.59,1,3,3,211,0,65.78,0,0,0,0,,1,0,0,0,2,0.1,2,0.15,0,0,0,0,207,59.61,0,0,0,0,741.4,26,Excess,,,2026-04-27,Yes,No,741.4,521.1,2026-04-27,218,0,1,0,366,unassigned,N,,,
2026-04-30,BAMBOO-TWIN-SAGE GREEN-6PCS,X00438OI59,B0CQ2YZ364,"DECOLURE 100% Viscose Derived from Bamboo Sheets Twin Size - Luxury 4 Pc Naturally Cooling Sheets, Ultra Soft Bed Set - Deep 17"" Pockets, Durable Double Stitching, Oeko Tex Standard (Sage Green)",New,120,0,8,118,0,0,0,0,USD,5,31,37,61,,64.99,0,64.99,0,NoRestockExcessActionRequired,,0,0,0,0,0.39,0.186439,cubic feet,Standard,22.37268,US,gl_home,14195,150,0,17,29,64.99,344.95,1854.69,2287.9,3702.66,3,3,2,0,0,15.88,18,18,0,0,,8,0,,,,,,,,,,,,,,,,,240.4,51,Healthy,,,2026-04-27,Yes,No,146.1,240.4,2026-04-27,144,6,2,0,183,unassigned,N,,,
2026-04-30,SL-COOLING-FITTED-QUEEN-LIGHT-BLUE,X004ODA21R,B0F7M51ZQR,"SLEEPHORIA Cooling Fitted Sheet Queen Size - 1 PC BreezeWeave Cooling Sheets for Hot Sleepers & Cool Rest w/ 16 in Deep Pocket - Corner Straps, Cloud Soft, Ultra Durable - 57 x 77 in (Light Blue)",New,108,0,0,0,123,0,0,0,USD,4,24,46,46,,29.99,0,29.99,0,Create Outlet deal,,15.99,2,0,126.09,0.3,0.152578,cubic feet,Standard,16.478424,US,gl_home,33953,227,66,18,30,29.99,119.96,757.76,1427.54,1427.54,0,0,0,123,0,83.74,0,0,0,0,,13,0,0,0,6,0.92,14,3.2,103,85.66,0,0,0,0,0,0,0,0,326.2,,Excess,,,2026-04-27,Yes,No,163.4,326.2,2026-04-27,108,0,13,0,263,unassigned,N,,,
2026-04-30,SATIN-TWIN-PURPLE,X002IU8KIF,B0839M48YF,,New,70,0,23,6,24,1,17,0,USD,1,5,15,37,,29.95,0,29.95,0,NoRestockExcessActionRequired,,27.3,14,0,31.06,0.52,0.186742,cubic feet,Standard,13.07194,US,gl_home,,278,52,65,28,29.95,29.95,147.72,471.22,1093.93,19,2,2,25,0,36.18,12,0,6,6,,1,0,24,2.23,6,1.12,0,0,0,0,1,1.06,0,0,17,21.91,0,0,355.4,20,Excess,,,2026-04-27,Yes,No,355.4,161.8,2026-04-27,82,0,1,0,281,unassigned,N,,,
2026-04-30,SATIN-STRIPE-KING-PURPLE,X0030KQXR7,B09G6JWZCZ,"DECOLURE Satin Bed Sheets - 4 Piece Luxury Silky King Size Bedding Set - Softer Than Silk, Wrinkle-Free with 15” Deep Pocket Fitted Sheet, Perfect for Hair & Skin, Gifts for Women (Striped Purple)",New,72,0,36,54,0,1,0,0,USD,0,9,25,40,,33.95,0,33.95,0,NoRestockExcessActionRequired,,0,0,0,0,0.42,0.213112,cubic feet,Standard,15.344064,US,gl_home,10574,149,0,32,23,32.25,0,291.95,848.45,1349.78,0,30,6,1,0,10.59,0,0,0,0,,18,0,0,0,0,0,0,0,1,1.16,0,0,0,0,0,0,0,0,260.2,25,Healthy,,,2026-04-27,Yes,No,260.2,209.3,2026-04-27,78,6,12,0,186,unassigned,N,,,
2026-04-30,SS-SATIN-CHAMPAGNE-QUEEN-4PCS,X004D7A2Q9,B0DDR1YLCM,"SLEEP SANCTUARY Satin Sheets Queen Size – 4 Piece Luxury Silky Bed Set, Softer Than Silk, 15"" Deep Pocket, Cooling & Wrinkle-Free, Moisture-Wicking & Breathable for Hair & Skin (Champagne)",New,59,0,42,7,13,0,0,0,USD,5,18,39,56,,33.95,0,33.95,0,NoExcessInventory,,0,0,0,0,0.79,0.310258,cubic feet,Standard,18.305222,US,gl_home,14711,122,0,13,13,33.95,169.75,613.98,1362.93,1940.08,12,18,12,13,0,15.98,0,0,0,0,,5,0,19,2.96,1,0.31,0,0,0,0,0,0,0,0,0,0,0,0,118.1,32,Healthy,1,2026-05-06,2026-04-27,Yes,No,101.4,118.1,2026-04-27,60,1,3,1,133,unassigned,N,,,
2026-04-30,BAMBOO-KING-PURPLE,X003TODVGF,B0BZQ3F8RQ,"DECOLURE 100% Viscose Derived from Bamboo Sheets King Size - Luxury 4 Pc Naturally Cooling Sheets, Ultra Soft Bed Set - Deep 17"" Pockets, Durable Double Stitching, Oeko Tex Standard (Purple)",New,108,0,1,112,0,0,0,0,USD,10,38,93,126,,109.99,0,71.24,0,NoRestockExcessActionRequired,,0,0,0,0,0.69,0.289907,cubic feet,Standard,31.309956,US,gl_home,11515,153,0,11,11,71.24,718.45,2960.67,6973.62,9527.04,0,1,0,0,0,20.99,0,0,0,0,,3,0,,,,,,,,,,,,,,,,,136.3,53,Healthy,,,2026-04-27,Yes,No,129.5,136.3,2026-04-27,110,2,1,0,155,unassigned,N,,,
2026-04-30,BM-QUEEN-MIDNIGHT-BLACK,X003VHOFTH,B0C9LSB9RT,DECOLURE Cooling Sheets Queen Set 4pcs - Luxurious & Ultra-Soft Cooling Bed Sheets Queen Size for Hot Sleepers - Comfortable Bamboo Viscose Microfiber Queen Bed Sheets Set Cooling (Black),New,45,0,2,49,0,0,0,0,USD,9,33,64,96,,37.95,0,37.95,0,GoToRestock,,0,0,0,0,0.94,0.223653,cubic feet,Standard,10.064385,US,gl_home,99235,57,0,5,6,37.95,341.55,1324.35,2500.8,3715.2,1,0,1,0,0,6.62,0,0,0,0,,3,0,,,,,,,,,,,,,,,,,98.9,50,Low stock,48,2026-05-07,2026-04-27,Yes,No,77.7,98.9,2026-04-27,47,2,0,1,57,unassigned,N,,,
2026-04-30,WELCOME-SIGN-FRONT-PORCH-MODERN-BLACK,X004HYF0IN,B0DQ84NH4D,"DECOLURE Welcome Sign for Front Porch - Tall Solid Wood Porch Door Sign with 10 Magnetic Seasonal & Holiday Pieces, Rustic Farmhouse Outdoor Decor for Year Round Welcoming Entryway (Modern Black)",New,24,0,0,0,0,6,18,0,USD,,,,,Low traffic,32.95,0,32.95,0,Create removal order,,0,0,0,2469.95,0,0.377387,cubic feet,Oversize,9.057288,US,gl_lawn_and_garden,,,24,,,32.95,,,,,0,0,0,0,6,66.95,0,0,0,0,6,0,0,0,0,0,0,0,0,0,0,0,0,0,0,24,62.48,0,0,,,Excess,,,,,,,,2026-04-27,24,0,0,0,,unassigned,N,,,
2026-04-30,LINEN-CURTAIN-52x90-BEIGE-2-PCS,X004NSBT3N,B0F639XQ4V,"DECOLURE Linen Blackout Curtains - SunShield 90 Inches Long Black Out Curtains for Living Room and Bedroom Windows - Luxury Faux Linen, 2 Panels Set, Ultra Durable - 90 Length x 52 in (Beige)",New,50,0,0,1,49,0,0,0,USD,0,0,0,0,Low traffic,31.99,0,31.99,0,Create removal order,,0,0,0,3073.11,0,0.199952,cubic feet,Standard,9.9976,US,gl_home,,366,50,,,31.99,0,0,0,0,0,0,0,49,0,46.2,0,0,0,0,,0,0,0,0,0,0,18,5.4,31,33.79,0,0,0,0,0,0,0,0,,2,Excess,,,,,,,,2026-04-27,50,0,0,0,366,unassigned,N,,,
2026-04-30,SS-BAMBOO-WHITE-QUEEN-6PCS,X004D8NNDR,B0DDTY4QSP,"SLEEP SANCTUARY 100% Viscose Derived from Bamboo Sheets Queen Size 6pcs – BamBliss Luxury Cooling Sheets for Hot Sleepers - Cloud Soft, 17"" Deep Pocket, Ultra Durable Bed Set (White)",New,89,0,11,6,80,0,0,0,USD,20,97,216,313,,64.99,0,64.99,55.35,GoToRestock,,0,0,0,0,1.25,0.320957,cubic feet,Standard,28.565173,US,gl_home,47560,35,0,3,3,64.99,1240.8,6188.03,13885.84,20223.87,4,6,1,80,0,17.67,0,0,0,0,,7,0,81,12.98,0,0,0,0,0,0,0,0,0,0,0,0,0,0,72.4,69,Healthy,44,2026-05-06,2026-04-27,No,No,43.2,72.4,2026-04-27,91,2,4,1,37,unassigned,N,,,
2026-04-30,BM-TWIN-GRAPHITE-GREY,X003VHVBET,B0C9LPF46G,DECOLURE Cooling Bed Sheets Twin Set 3pcs - Luxurious & Ultra-Soft Twin Size Cooling Sheets for Hot Sleepers - Comfortable Cool Bamboo Viscose Microfiber Sheets Twin Size w/Deep Pockets (Graphite),New,93,0,0,59,27,19,0,0,USD,0,0,0,4,Low conversion,40.95,0,40.95,0,Create Outlet deal,,23.76,2,0,2843.41,0.04,0.182847,cubic feet,Standard,17.004771,US,gl_home,99235,366,66,,302,40.95,0,0,0,135.8,0,0,0,46,0,28.44,0,0,0,0,,12,0,82,7.5,0,0,2,0.55,1,1,19,19.8,0,0,0,0,0,0,,9,Excess,,,,,,,2374,2026-04-27,93,0,12,0,366,unassigned,N,,,
2026-04-30,BAMBOO-KING-MIDGREY,X003TODVEH,B0BZPVXR69,"DECOLURE 100% Viscose Derived from Bamboo Sheets King Size - Luxury 4 Pc Naturally Cooling Sheets, Ultra Soft Bed Set - Deep 17"" Pockets, Durable Double Stitching, Oeko Tex Standard (Midgrey)",New,247,0,232,45,0,0,0,0,USD,29,107,240,312,,84.99,0,84.99,0,CreateShippingPlan,,0,0,0,0,0.89,0.391836,cubic feet,Standard,96.783492,US,gl_home,11515,117,0,11,12,84.99,2374.71,8663.93,18722.35,24254.13,97,6,129,0,0,72.37,60,0,36,24,,60,1,,,,,,,,,,,,,,,,,104.5,93,Healthy,,,2026-04-27,No,No,86.2,104.5,2026-04-27,355,48,12,0,122,unassigned,N,,,
2026-04-30,BAMBOO-FULL-GREY,X002O4Z4JX,B08KQJP1K7,"DECOLURE 100% Viscose Derived from Bamboo Sheets Full Size - Luxury 4 Pc Naturally Cooling Sheets, Ultra Soft Bed Set - Deep 17"" Pockets, Durable Double Stitching, Oeko Tex Standard (Grey)",New,12,0,14,0,0,0,0,0,USD,4,4,4,5,,69.99,0,69.99,0,CreateShippingPlan,,0,0,0,0,1.33,0.21478,cubic feet,Standard,2.57736,US,gl_home,11515,28,0,12,31,69.99,259.96,259.96,259.96,324.95,14,0,0,0,0,0.85,0,0,0,0,,1,0,,,,,,,,,,,,,,,,,62,9,Healthy,,,2026-04-27,Yes,No,62,33,2026-04-27,12,0,1,0,30,unassigned,N,,,
2026-04-30,SATIN-4PC-FULL-LAVENDER,X0042WR2WH,B0CQRXZLFQ,"DECOLURE Satin Bed Sheets - 4 Piece Luxury Silky Full Size Bedding Set - Softer Than Silk, Wrinkle-Free with 15” Deep Pocket Fitted Sheet, Perfect for Hair & Skin, Gifts for Women (Lavender)",New,77,0,3,61,17,0,0,0,USD,2,25,45,67,,47.95,0,47.95,0,NoRestockExcessActionRequired,,0,0,0,0,0.56,0.218617,cubic feet,Standard,16.833509,US,gl_home,10574,133,0,21,26,47.95,59.9,748.6,1352.43,2014.33,0,1,2,17,0,10.17,60,30,30,0,,2,0,17,1.87,0,0,0,0,0,0,0,0,0,0,0,0,0,0,133.6,49,Healthy,,,2026-04-27,Yes,No,95.2,133.6,2026-04-27,138,1,0,1,196,unassigned,N,,,
2026-04-30,BAMBOO-QUEEN-LIGHTGREY,X002O4Z17X,B08KQJDSVC,"DECOLURE 100% Viscose Derived from Bamboo Sheets Queen Size - Luxury 4 Pc Naturally Cooling Sheets, Ultra Soft Bed Set - Deep 17"" Pockets, Durable Double Stitching, Oeko Tex Standard (Light Grey)",,6,0,5,1,0,0,0,0,USD,0,38,243,324,,0,0,0,0,GoToStranded,,,0,0,,2.03,0.289744,cubic feet,Standard,1.738464,US,gl_home,11515,7,0,35,13,74.99,0,2665.86,16731.16,22702.85,1,2,2,0,0,,330,330,0,0,,0,0,,,,,,,,,,,,,,,,,40.8,138,Low stock,,,2026-04-27,Yes,No,7.4,40.8,2026-04-27,336,0,0,0,124,unassigned,N,,,
2026-04-30,BAMBOO-CALIFKING-LIGHTBLUE,X002O4Z187,B08KQHSWSJ,"DECOLURE 100% Viscose Derived from Bamboo Sheets California King Size - Luxury 4 Pc Naturally Cooling Sheets, Ultra Soft Bed Set - Deep 17"" Pockets, Double Stitching, Oeko Tex Standard (Light Blue)",New,6,0,15,0,0,0,0,0,USD,8,9,13,24,,84.99,0,71.99,0,CreateShippingPlan,,,0,0,,3.1,0.30782,cubic feet,Standard,1.84692,US,gl_home,11515,56,0,16,19,71.99,573.84,658.83,983.79,1849.68,15,0,0,0,0,,30,18,6,6,,15,0,,,,,,,,,,,,,,,,,31,30,Low stock,2,2026-05-06,2026-04-27,Yes,No,31,23.1,2026-04-27,49,13,0,2,95,unassigned,N,,,
2026-04-30,SS-BAMBOO-WHITE-FULL-6PCS,X004D8X8GJ,B0DDTZG44H,"SLEEP SANCTUARY 100% Viscose Derived from Bamboo Sheets Full 6pcs – BamBliss Luxury Cooling Sheets for Hot Sleepers - Cloud Soft, 17"" Deep Pocket, Ultra Durable Bed Set (White)",New,15,0,5,7,3,0,0,0,USD,3,13,42,76,,59.99,0,59.99,0,GoToRestock,,0,0,0,0,1.66,0.295996,cubic feet,Standard,4.43994,US,gl_home,47560,29,0,4,2,59.99,179.97,754.87,2474.58,4524.24,1,3,1,3,0,1.63,0,0,0,0,,0,0,3,0.45,0,0,0,0,0,0,0,0,0,0,0,0,0,0,53.8,16,Low stock,17,2026-05-05,2026-04-27,Yes,No,51.4,53.8,2026-04-27,15,0,0,0,29,unassigned,N,,,
2026-04-30,BAMBOO-QUEEN-BLACK,X003TONHNR,B0BZQ1FBJ9,"DECOLURE 100% Viscose Derived from Bamboo Sheets Queen Size - Luxury 4 Pc Naturally Cooling Sheets, Ultra Soft Bed Set - Deep 17"" Pockets, Durable Double Stitching, Oeko Tex Standard (Black)",New,8,0,16,0,0,0,0,0,USD,17,24,34,112,,79.99,74.99,74.99,0,NoRestockExcessActionRequired,,0,0,0,0,2.77,0.256725,cubic feet,Standard,2.0538,US,gl_home,11515,66,0,51,35,74.98,1202.24,1727.17,2482.07,8154.16,16,0,0,0,0,2.19,300,204,78,18,,32,0,,,,,,,,,,,,,,,,,36,150,Low stock,,,2026-04-27,Yes,No,36,20.4,2026-04-27,332,24,8,0,201,unassigned,N,,,
2026-04-30,BAMBOO-FULL-PURPLE-6PCS,X00438ULEL,B0CQ31X3X5,"DECOLURE 100% Viscose Derived from Bamboo Sheets Full Size - Luxury 6 Pc Naturally Cooling Sheets, Ultra Soft Bed Set - Deep 17"" Pockets, Durable Double Stitching, Oeko Tex Standard (Purple)",New,72,0,6,2,65,0,0,0,USD,1,11,19,27,,74.99,0,74.99,0,NoRestockExcessActionRequired,,0,0,0,10.26,0.31,0.248416,cubic feet,Standard,17.885952,US,gl_home,14195,257,0,26,34,74.99,74.99,766.39,1326.31,1878.73,0,0,6,65,0,27.39,0,0,0,0,,3,0,0,0,54,13.43,11,4.1,0,0,0,0,0,0,0,0,0,0,290.5,19,Healthy,,,2026-04-27,Yes,No,221.3,290.5,2026-04-27,72,0,3,0,269,unassigned,N,,,
2026-04-30,SL-QUILT-SET-QUEEN-BLACK,X004R3MZIH,B0FGZTPZ63,"SLEEPHORIA Queen Quilt Bedding Set - Cloud Soft All-Season Bedspread 3 PC w/Shams, Bed Quilt Queen Size Coverlet - Oversized, Light Weight, Ultra Durable, Easy Care - 90 x 96 in (Black)",New,152,0,1,3,148,0,0,0,USD,0,2,3,5,Low traffic,36.99,0,36.99,0,Create Outlet deal,,23.19,2,0,24827.1,0.03,0.65569,cubic feet,Oversize,99.66488,US,gl_home,2538243,366,152,304,395,36.99,0,57.98,84.97,138.95,0,0,1,148,0,147.55,0,0,0,0,,1,2,1,0.33,147,96.41,0,0,0,0,0,0,0,0,0,0,0,0,2800.2,3,Excess,,,2026-04-27,Yes,No,2318,2800.2,2026-04-27,152,0,1,0,366,unassigned,N,,,
2026-04-30,SATIN-STRIPE-QUEEN-PINK--6-PCS,X003UO39HZ,B0C7KD9LMR,"DECOLURE Satin Bed Sheets - 6 Piece Luxury Silky Queen Size Bedding Set - Softer Than Silk, Wrinkle-Free with 15” Deep Pocket Fitted Sheet, Perfect for Hair & Skin, Gifts for Women (Striped Pink)",New,55,0,0,0,0,32,27,0,USD,1,12,20,25,,31.95,0,31.95,0,Create Outlet deal,,28.66,2,0,406.19,0.34,0.217005,cubic feet,Standard,11.935275,US,gl_home,24922,357,54,18,28,31.95,31.95,341.38,599.09,731.4,0,0,0,2,30,82.85,0,0,0,0,,1,0,0,0,0,0,0,0,0,0,2,2.47,0,0,57,85.36,0,0,264,9,Excess,,,2026-04-27,Yes,No,128,264,2026-04-27,55,0,0,1,366,unassigned,N,,,
2026-04-30,SL-COOLING-SHEET-QUEEN-MIDNIGHT-BLACK,X004OD1BWL,B0F7LY14LM,"SLEEPHORIA Cooling Sheets - BreezeWeave 4 PC Queen Size Cooling Bed Sheets for Hot Sleepers & Deep, Cool Rest - Cloud Soft, Silky Smooth, 16 in Deep Pocket, Ultra Durable (Midnight Black)",New,75,0,14,74,0,0,0,0,USD,6,48,107,136,,64.99,0,64.99,0,GoToRestock,,0,0,0,0,0.85,0.301363,cubic feet,Standard,22.602225,US,gl_home,32563,49,0,6,7,64.99,389.94,3135.52,6969.93,8856.64,1,7,6,0,0,12.33,0,0,0,0,,12,0,,,,,,,,,,,,,,,,,110.6,51,Healthy,19,2026-05-07,2026-04-27,Yes,No,67.7,110.6,2026-04-27,82,7,2,3,52,unassigned,N,,,
2026-04-30,SATIN-4PC-WHITE-KING,X0044L1IM1,B0CV4CY67M,"DECOLURE Satin Bed Sheets - 4 Piece Luxury Silky King Size Bedding Set - Softer Than Silk, Wrinkle-Free with 15” Deep Pocket Fitted Sheet, Perfect for Hair & Skin, Gifts for Women (White)",New,138,0,10,35,13,87,0,0,USD,16,71,161,263,,33.95,0,33.95,0,CreateShippingPlan,,0,0,0,0,0.96,0.226176,cubic feet,Standard,31.212288,US,gl_home,10574,55,0,7,6,32.25,543.2,2354.35,5420.45,8784.75,0,1,9,23,77,85,0,0,0,0,,4,0,1,0.11,6,1.36,4,1.36,3,3.7,7,9.02,79,105.41,1,1.56,0,0,91,133,Healthy,131,2026-05-07,2026-04-27,Yes,No,79.1,91,2026-04-27,138,0,2,2,55,unassigned,N,,,
2026-04-30,SILK-PILLOWCASE-STANDARD-CHAMPAGNE-1PCS,X004CA5NSJ,B0DBR8G7GH,"DECOLURE 100% Pure Mulberry Silk Pillow Case Standard Size – High Grade 30 Momme 6A+, Luxuriously Soft & Cooling Silk Pillowcase for Hair & Skin, Hypoallergenic, Breathable, Hidden Zipper (Champagne)",New,32,0,9,25,0,0,0,0,USD,6,20,59,91,,44.95,0,44.95,0,NoExcessInventory,,0,0,0,0,1.2,0.081142,cubic feet,Standard,2.596544,US,gl_home,181216,57,0,66,47,44.95,259.7,791.99,2445.04,3783.44,2,2,5,0,0,1.47,300,300,0,0,,1,0,,,,,,,,,,,,,,,,,76.7,39,Low stock,,,2026-04-27,Yes,No,66.4,76.7,2026-04-27,333,1,0,0,366,unassigned,N,,,
2026-04-30,SATIN-SEA-TEAL-TWIN-6PCS,X003UMBN75,B0C7FF3CWB,"DECOLURE Satin Bed Sheets - 4 Piece Luxury Silky Twin Size Bedding Set - Softer Than Silk, Wrinkle-Free with 15” Deep Pocket Fitted Sheet, Perfect for Hair & Skin, Gifts for Women (Sea Teal)",New,54,0,45,0,10,0,0,0,USD,4,10,16,23,,27.95,0,27.95,0,Create Outlet deal,,24.46,2,0,112.8,0.48,0.154716,cubic feet,Standard,8.354664,US,gl_home,24922,366,33,21,30,27.95,109,256.35,445.05,618.86,0,43,2,10,0,6.79,0,0,0,0,,1,0,0,0,10,1.53,0,0,0,0,0,0,0,0,0,0,0,0,302.5,14,Excess,,,2026-04-27,Yes,No,302.5,214.1,2026-04-27,55,1,0,0,366,unassigned,N,,,
2026-04-30,SL-CLG-COMF-BLUE/DARK-GREY-KING,X004OD858T,B0F7M3JPFY,"SLEEPHORIA Cooling Comforter - BreezeWeave Cooling Blanket King Size for Hot Sleepers & Deep Rest - Cloud Soft, Breathable, Ultra Durable, Easy Care, Reversible - 108 x 90 in (Blue & Dark Grey)",,0,0,1,0,0,0,0,0,USD,0,17,201,258,,0,0,0,0,CreateShippingPlan,,,0,0,,2.7,0.84417,cubic feet,Standard,0,US,gl_home,,33,0,7,1,69.99,0,1189.83,14271.99,18258.73,1,0,0,0,0,,30,0,30,0,,0,0,,,,,,,,,,,,,,,,,38.3,50,Out of stock,50,2026-05-06,2026-04-27,Yes,No,3.2,38.3,2026-04-27,30,0,0,0,33,unassigned,N,,,
2026-04-30,SL-COOLING-SHEET-CAL-KING-MIDNIGHT-BLACK,X004OCZ1JV,B0F7LYR7L2,"SLEEPHORIA Cooling Sheets - BreezeWeave 4 PC California King Size Cooling Bed Sheets for Hot Sleepers & Deep, Cool Rest - Cloud Soft, Silky Smooth, 16 in Deep Pocket, Ultra Durable (Midnight Black)",New,9,0,21,0,0,0,0,0,USD,3,17,34,36,,79.99,0,79.99,0,GoToRestock,,0,0,0,0,3.2,0.341123,cubic feet,Standard,3.070107,US,gl_home,32563,68,0,2,3,79.99,239.97,1219.83,2409.66,2549.64,18,3,0,0,0,3.1,0,0,0,0,,12,0,,,,,,,,,,,,,,,,,49.7,13,Healthy,,,2026-04-27,Yes,No,49.7,47.8,2026-04-27,15,6,6,0,95,unassigned,N,,,
2026-04-30,SATIN-IVORY-FULL,X003EKDALF,B0BG22CYFP,"DECOLURE Satin Bed Sheets - 4 Piece Luxury Silky Full Size Bedding Set - Softer Than Silk, Wrinkle-Free with 15” Deep Pocket Fitted Sheet, Perfect for Hair & Skin, Gifts for Women (Ivory)",New,173,0,62,2,74,41,0,0,USD,1,11,20,32,,29.95,0,29.95,0,Edit listing,,25.3,33,0,518.76,0.17,0.177528,cubic feet,Standard,30.712344,US,gl_home,10574,366,125,62,70,28.45,29.95,323.45,606,954.9,1,1,60,115,0,62.82,0,0,0,0,,13,0,31,2.77,42,7.46,1,0.27,0,0,41,41.47,0,0,0,0,0,0,498.6,30,Excess,,,2026-04-27,Yes,No,403.4,498.6,2026-04-27,174,1,12,0,366,unassigned,N,,,
2026-04-30,BAMBOO-TWIN-PURPLE,X003TONHOL,B0BZQ39BTX,"DECOLURE 100% Viscose Derived from Bamboo Sheets Twin Size - Luxury 3 Pc Naturally Cooling Sheets, Ultra Soft Bed Set - Deep 17"" Pockets, Durable Double Stitching, Oeko Tex Standard (Purple)",New,10,0,1,12,0,0,0,0,USD,2,5,10,20,,87.99,0,87.99,0,NoRestockExcessActionRequired,,0,0,0,0,0.89,0.200554,cubic feet,Standard,2.00554,US,gl_home,11515,53,0,22,18,87.99,86.5,244.34,517.86,1079.76,1,0,0,0,0,1.11,18,18,0,0,,1,0,,,,,,,,,,,,,,,,,118.3,11,Low stock,,,2026-04-27,Yes,No,118.3,104.3,2026-04-27,28,0,0,1,207,unassigned,N,,,
2026-04-30,SS-SLEEP-MASK-VELCRO-STRAP-PEACOCK-BLUE,X004NF43YX,B0F4XPMS5B,"SLEEP SANCTUARY 100% Pure Mulberry Silk Sleep Mask - 22 Momme Light Blocking Hook & Loop Silk Eye Mask for Sleeping - Secure Fit for Side Sleepers, Women & Men - Cloud Soft (Peacock Blue)",New,344,0,2,1,0,341,0,0,USD,0,5,13,33,Low traffic,17.95,0,17.95,0,Create Outlet deal,,12.47,2,0,6523.37,0.1,0.04975,cubic feet,Standard,17.114,US,gl_drugstore,194871,366,344,275,135,17.95,0,89.75,233.35,590.03,0,0,2,313,28,112.04,0,0,0,0,,0,0,1,0.02,0,0,0,0,0,0,0,0,341,100.03,0,0,0,0,579.8,5,Excess,,,2026-04-27,Yes,No,579.8,551.1,2026-04-27,344,0,0,0,366,unassigned,N,,,
2026-04-30,SATIN-FITTED-KING-BLUSH-PINK,X004CBXJ75,B0DBVZZD7X,"DECOLURE Satin Fitted Sheet King Size (1 PC) – Luxuriously Smooth & Softer Than Silk Bed Sheets w/ 15 Inch Deep Pocket Hypoallergenic Wrinkle Free, Secure Snug Fit, Elastic Corner Straps (Blush Pink)",New,281,0,0,61,220,0,0,0,USD,10,24,52,58,,19.95,0,19.95,0,Edit listing,,0,0,0,4244.59,0.18,0.224269,cubic feet,Standard,63.019589,US,gl_home,14844,366,210,46,62,19.95,184.5,454.8,1002.66,1128.36,0,0,0,220,0,72.49,0,0,0,0,,8,0,220,24.62,20,4.49,0,0,0,0,0,0,0,0,0,0,0,0,559.2,34,Excess,,,2026-04-27,Yes,No,484.2,559.2,2026-04-27,281,0,8,0,366,unassigned,N,,,
2026-04-30,SATIN-FITTED-FULL-GOLD,X004CBXJON,B0DBVZ73F7,"DECOLURE Satin Fitted Sheet Full Size (1 PC) – Luxuriously Smooth & Softer Than Silk Bed Sheets w/ 15 Inch Deep Pocket Hypoallergenic Wrinkle Free, Secure Snug Fit, Elastic Corner Straps (Gold)",New,65,0,0,1,0,65,0,0,USD,4,11,18,25,,17.95,0,12.56,0,Edit listing,,0,0,0,725.84,0.3,0.151371,cubic feet,Standard,9.839115,US,gl_home,14844,193,52,60,85,12.56,61.02,182.17,312.82,431.47,0,0,0,65,0,60.04,100,100,0,0,,0,0,1,0.08,0,0,0,0,0,0,65,56.08,0,0,0,0,0,0,319,16,Excess,,,2026-04-27,Yes,No,199.5,319,2026-04-27,165,0,0,0,366,unassigned,N,,,
2026-04-30,BM-NAVYBLUE-FULL-4PCS,X004CNKEAN,B0DCK3XMTF,DECOLURE Cooling Sheets Full Set 4pcs - Luxurious & Ultra-Soft Full Size Cooling Sheets for Hot Sleepers - Comfortable Bamboo Viscose Microfiber Full Cooling Bed Sheets w/Deep Pockets (Navy Blue-01),New,24,0,0,24,0,0,0,0,USD,,,,,Low traffic,35.95,0,35.95,0,Improve keywords,,28.76,9,0,1216.4,0,0.216853,cubic feet,Standard,5.204472,US,gl_home,,,24,,,35.95,,,,,0,0,0,0,0,3.72,0,0,0,0,,0,0,,,,,,,,,,,,,,,,,,,Excess,,,,,,,,2026-04-27,24,0,0,0,,unassigned,N,,,
2026-04-30,SL-COOLING-SHEET-CAL-KING-REGAL-PURPLE,X004OCYHAZ,B0F7LXCSKW,"SLEEPHORIA Cooling Sheets - BreezeWeave 4 PC California King Size Cooling Bed Sheets for Hot Sleepers & Deep, Cool Rest - Cloud Soft, Silky Smooth, 16 in Deep Pocket, Ultra Durable (Regal Purple)",New,33,0,0,31,0,2,0,0,USD,2,9,14,18,,79.99,0,79.99,0,Create Outlet deal,,38.99,2,0,2164.05,0.42,0.322124,cubic feet,Standard,10.630092,US,gl_home,32563,258,33,14,23,79.99,134.98,624.91,974.86,1262.82,0,0,0,2,0,8.5,0,0,0,0,,0,0,0,0,0,0,0,0,2,3.51,0,0,0,0,0,0,0,0,234.4,12,Excess,,,2026-04-27,Yes,No,143,234.4,2026-04-27,33,0,0,0,258,unassigned,N,,,
2026-04-30,SS-BAMBOO-LIGHT-OLIVE-QUEEN-6PCS,X004D8VMOT,B0DDTXLQCB,"SLEEP SANCTUARY 100% Viscose Derived from Bamboo Sheets Queen Size 6pcs – BamBliss Luxury Cooling Sheets for Hot Sleepers - Cloud Soft, 17"" Deep Pocket, Ultra Durable Bed Set (Light Olive)",New,47,0,1,0,53,0,0,0,USD,2,7,20,24,,64.99,0,64.99,0,Create Outlet deal,,34.99,2,0,904.84,0.35,0.327393,cubic feet,Standard,15.387471,US,gl_home,47560,208,34,26,25,64.99,129.98,454.93,1299.8,1574.76,0,1,0,53,0,22.1,0,0,0,0,,7,0,18,2.94,35,11.46,0,0,0,0,0,0,0,0,0,0,0,0,249.3,12,Excess,,,2026-04-27,Yes,No,196.9,249.3,2026-04-27,47,0,7,0,231,unassigned,N,,,
2026-04-30,SATIN-4PC-KING-NAVY BLUE,X0042WTBQH,B0CQRXNLN6,"DECOLURE Satin Bed Sheets - 4 Piece Luxury Silky King Size Bedding Set - Softer Than Silk, Wrinkle-Free with 15” Deep Pocket Fitted Sheet, Perfect for Hair & Skin, Gifts for Women (Navy Blue)",New,131,0,115,30,0,0,0,0,USD,13,88,165,237,,33.95,0,33.95,0,CreateShippingPlan,,0,0,0,0,1.03,0.276363,cubic feet,Standard,36.203553,US,gl_home,10574,54,0,6,7,33.95,441.35,3012.68,5656.87,8096.02,0,76,39,0,0,18.45,6,6,0,0,,13,0,,,,,,,,,,,,,,,,,90.2,82,Healthy,,,2026-04-27,Yes,No,59.2,90.2,2026-04-27,140,3,8,2,56,unassigned,N,,,
2026-04-30,BAMBOO-KING-CHARCOAL-6PCS,X00438UMV3,B0CQ2ZZW88,"DECOLURE 100% Viscose Derived from Bamboo Sheets King Size - Luxury 6 Pc Naturally Cooling Sheets, Ultra Soft Bed Set - Deep 17"" Pockets, Durable Double Stitching, Oeko Tex Standard (Charcoal)",New,104,0,115,0,0,0,0,0,USD,16,143,269,468,,89.99,0,89.99,0,CreateShippingPlan,,0,0,0,0,1.67,0.341306,cubic feet,Standard,35.495824,US,gl_home,14195,46,0,3,3,89.99,1359.84,11825.57,22477.85,38042.86,6,89,20,0,0,12.89,32,32,0,0,,4,1,,,,,,,,,,,,,,,,,54.9,167,Low stock,240,2026-05-06,2026-04-27,Yes,No,35.6,54.9,2026-04-27,136,0,4,0,57,unassigned,N,,,
2026-04-30,SATIN-QUEEN-BLACK,X002ITTLMZ,B0839MKJMV,"DECOLURE Satin Bed Sheets - 4 Piece Luxury Silky Queen Size Bedding Set - Softer Than Silk, Wrinkle-Free with 15” Deep Pocket Fitted Sheet, Perfect for Hair & Skin, Gifts for Women (Black)",New,2179,0,2249,0,0,0,0,0,USD,117,853,1312,1725,,29.95,0,29.95,0,NoRestockExcessActionRequired,,0,0,0,0,1.16,0.216935,cubic feet,Standard,472.701365,US,gl_home,10574,102,0,10,16,29.95,3600.07,23121.08,36944.8,49453.23,18,2231,0,0,0,280.07,0,0,0,0,,72,0,,,,,,,,,,,,,,,,,97.7,761,Healthy,,,2026-04-27,No,No,97.7,81.4,2026-04-27,2191,12,52,8,105,unassigned,N,,,
2026-04-30,SATIN-TWIN-GREY-6PCS,X003UMGFP5,B0C7FNVCWM,"DECOLURE Satin Bed Sheets - 4 Piece Luxury Silky Twin Size Bedding Set - Softer Than Silk, Wrinkle-Free with 15” Deep Pocket Fitted Sheet, Perfect for Hair & Skin, Gifts for Women (Grey)",New,7,0,3,0,0,7,0,0,USD,1,2,6,7,,27.95,0,27.95,0,NoExcessInventory,,0,0,0,0,0.54,0.164107,cubic feet,Standard,1.148749,US,gl_home,24922,366,0,74,68,27.95,27.95,55.9,172.7,200.65,0,0,3,7,0,2.82,30,0,30,0,,1,0,0,0,0,0,0,0,7,6.25,0,0,0,0,0,0,0,0,169.7,9,Low stock,,,2026-04-27,Yes,No,158.5,169.7,2026-04-27,37,0,0,1,366,unassigned,N,,,
2026-04-30,SS-SATIN-BLUSH-PINK-TWIN-3PCS,X004D7EXBT,B0DDRM24KV,"SLEEP SANCTUARY Satin Sheets Twin Size – 3 Piece Luxury Silky Bed Set, Softer Than Silk, 15"" Deep Pocket, Cooling & Wrinkle-Free, Moisture-Wicking & Breathable for Hair & Skin (Blush Pink)",New,37,0,0,1,0,36,0,0,USD,1,5,8,10,,29.95,0,29.95,0,Create Outlet deal,,24.46,2,0,2115.74,0.2,0.235055,cubic feet,Standard,8.697035,US,gl_home,14711,366,37,29,48,29.95,29.95,149.73,239.58,304.48,0,0,0,36,0,52.61,0,0,0,0,,6,0,0,0,0,0,0,0,0,0,36,48.24,0,0,0,0,0,0,443.5,5,Excess,,,2026-04-27,Yes,No,272.6,443.5,2026-04-27,37,0,6,0,366,unassigned,N,,,
2026-04-30,BAMBOO-KING-CREME,X002O510YF,B08KQJ62YC,"DECOLURE 100% Viscose Derived from Bamboo Sheets King Size - Luxury 4 Pc Naturally Cooling Sheets, Ultra Soft Bed Set - Deep 17"" Pockets, Durable Double Stitching, Oeko Tex Standard (Creme)",New,513,0,438,168,0,0,0,0,USD,41,246,619,745,,84.99,79.99,79.99,0,NoRestockExcessActionRequired,,0,0,0,0,0.82,0.335478,cubic feet,Standard,172.100214,US,gl_home,11515,138,0,9,10,79.98,3063.47,18635.58,46821.13,56636.29,115,10,313,0,0,123.67,72,0,48,24,,172,0,,,,,,,,,,,,,,,,,111.1,183,Healthy,,,2026-04-27,No,No,80.8,111.1,2026-04-27,663,78,90,4,165,unassigned,N,,,
2026-04-30,BAMBOO-CALIFKING-BURGUNDY-NEW,X0043AK4VT,B0CRHYHS4X,"DECOLURE 100% Viscose Derived from Bamboo Sheets California King Size - Luxury 4 Pc Naturally Cooling Sheets, Ultra Soft Bed Set - Deep 17"" Pockets, Double Stitching, Oeko Tex Standard (Burgundy)",New,4,0,4,0,0,0,0,0,USD,2,2,2,2,,84.99,0,84.99,0,CreateShippingPlan,,,0,0,,2,0.303581,cubic feet,Standard,1.214324,US,gl_home,11515,12,0,8,26,84.99,169.98,169.98,169.98,169.98,4,0,0,0,0,,0,0,0,0,,0,0,,,,,,,,,,,,,,,,,39,11,Low stock,12,2026-05-03,2026-04-27,Yes,No,39,39,2026-04-27,4,0,0,0,12,unassigned,N,,,
2026-04-30,SATIN-STRIPE-FULL-RED,X0030KQXX1,B09G6KKSK6,"DECOLURE Satin Bed Sheets - 4 Piece Luxury Silky Full Size Bedding Set - Softer Than Silk, Wrinkle-Free with 15” Deep Pocket Fitted Sheet, Perfect for Hair & Skin, Gifts for Women (Striped Red)",New,24,0,0,2,27,0,0,0,USD,0,3,21,30,,29.95,0,29.95,0,NoRestockExcessActionRequired,,0,0,0,0,0.68,0.164912,cubic feet,Standard,3.957888,US,gl_home,10574,126,0,32,10,28.45,0,89.82,648.92,909.92,0,0,0,27,0,6.73,0,0,0,0,,3,0,1,0.08,27,4.41,0,0,0,0,0,0,0,0,0,0,0,0,230.3,16,Healthy,3,2026-05-07,2026-04-27,Yes,No,230.3,221.4,2026-04-27,27,3,0,0,126,unassigned,N,,,
2026-04-30,SATIN-FITTED-TWIN-GREY,X004CBVDGT,B0DBW2LTK4,"DECOLURE Satin Fitted Sheet Twin Size (1 PC) – Luxuriously Smooth & Softer Than Silk Bed Sheets w/ 15 Inch Deep Pocket Hypoallergenic Wrinkle Free, Secure Snug Fit, Elastic Corner Straps (Grey)",New,188,0,3,100,85,0,0,0,USD,0,2,3,7,,16.95,0,16.95,0,Edit listing,,0,0,0,5278.14,0.04,0.117868,cubic feet,Standard,22.159184,US,gl_home,14844,366,188,376,349,16.95,0,45.9,62.85,130.65,1,0,2,85,0,24.89,0,0,0,0,,1,0,16,0.95,69,8.15,0,0,0,0,0,0,0,0,0,0,0,0,2854.5,14,Excess,,,2026-04-27,Yes,No,2854.5,1578.7,2026-04-27,188,0,1,0,366,unassigned,N,,,
2026-04-30,SS-SATIN-STRIPED-GOLD-TWIN-3PCS,X004D7A00R,B0DDR85DVM,"SLEEP SANCTUARY Satin Sheets Twin Size – 3 Piece Luxury Silky Bed Set, Softer Than Silk, 15"" Deep Pocket, Cooling & Wrinkle-Free, Moisture-Wicking & Breathable for Hair & Skin (Striped Gold)",New,6,0,0,0,0,0,6,0,USD,0,0,0,0,Low conversion,31.95,0,31.95,0,Lower price,,0,0,0,255.09,0,0.128822,cubic feet,Standard,0.772932,US,gl_home,14711,366,6,,,31.95,0,0,0,0,0,0,0,0,0,5.87,0,0,0,0,,0,0,0,0,0,0,0,0,0,0,0,0,0,0,6,5.33,0,0,,1,Excess,,,,,,,,2026-04-27,6,0,0,0,366,unassigned,N,,,
2026-04-30,SATIN-QUEEN-GREY,X002ITT9CH,B0839LQK8K,"DECOLURE Satin Bed Sheets - 4 Piece Luxury Silky Queen Size Bedding Set - Softer Than Silk, Wrinkle-Free with 15” Deep Pocket Fitted Sheet, Perfect for Hair & Skin, Gifts for Women (Grey)",New,2050,0,1048,98,748,311,0,0,USD,15,326,614,999,,29.95,0,29.95,0,NoRestockExcessActionRequired,,0,0,0,0,0.42,0.227986,cubic feet,Standard,467.3713,US,gl_home,10574,214,0,25,26,29.95,421.29,8962.16,17584.26,28668.51,39,223,786,1059,0,461.51,0,0,0,0,,159,4,272,30.99,226,51.53,239,81.75,16,19.88,310,402.88,0,0,0,0,0,0,227.1,336,Healthy,,,2026-04-27,No,No,201.6,227.1,2026-04-27,2051,1,155,3,224,unassigned,N,,,
2026-04-30,CHAIR MAT-AZTEC TRIBAL,X0043CENBJ,B0CRLYRL47,"DECOLURE Office Chair Mat for Hardwood Floor, 36""x48"", Computer Desk Chair Mat, Desk Rug for Home, Noise Reducing Rolling Mat, Smooth Anti-Slip Floor Protector (Aztec Tribal)",New,31,0,0,0,0,0,1,30,USD,0,0,0,0,Low traffic,38.95,0,38.95,0,Create removal order,,0,0,0,2200.11,0,0.25296,cubic feet,Oversize,7.84176,US,gl_office_product,485170,366,31,,,38.95,0,0,0,0,0,0,0,0,0,65.78,0,0,0,0,,0,0,0,0,0,0,0,0,0,0,0,0,0,0,0,0,31,61.95,,4,Excess,,,,,,,,2026-04-27,31,0,0,0,366,unassigned,N,,,
2026-04-30,SL-COOLING-FITTED-FULL-REGAL-PURPLE,X004OD9YW5,B0F7M4VKGL,"SLEEPHORIA Cooling Fitted Sheet Full Size - 1 PC BreezeWeave Cooling Sheets for Hot Sleepers & Cool Rest w/ 16 in Deep Pocket - Corner Straps, Cloud Soft, Ultra Durable - 52 x 72 in (Regal Purple)",New,71,0,0,0,64,9,0,0,USD,1,6,9,9,,27.99,0,27.99,0,Create Outlet deal,,20.99,2,0,2759.84,0.11,0.134845,cubic feet,Standard,9.573995,US,gl_home,33953,366,73,47,102,27.99,27.99,177.94,263.91,263.91,0,0,0,73,0,60.52,0,0,0,0,,2,0,0,0,0,0,0,0,73,53.59,0,0,0,0,0,0,0,0,898,,Excess,,,2026-04-27,Yes,No,381.7,898,2026-04-27,73,2,0,0,366,unassigned,N,,,
2026-04-30,SL-COOLING-SHEET-TWIN-LIGHT-GREY,X004OCWKZT,B0F7LZ3ZQJ,"SLEEPHORIA Cooling Sheets - BreezeWeave 3 PC Twin Size Cooling Bed Sheets for Hot Sleepers & Deep, Cool Rest - Cloud Soft, Silky Smooth, 16 in Deep Pocket, Ultra Durable (Light Grey)",New,59,0,55,8,0,0,0,0,USD,6,7,12,18,,49.99,0,49.99,0,Create Outlet deal,,39.89,2,0,2314.71,0.45,0.223209,cubic feet,Standard,13.169331,US,gl_home,32563,366,56,33,42,49.99,299.94,356.93,613.88,913.82,18,37,0,0,0,9.22,0,0,0,0,,1,0,,,,,,,,,,,,,,,,,498,8,Excess,,,2026-04-27,Yes,No,498,255.9,2026-04-27,59,0,1,0,366,unassigned,N,,,
2026-04-30,SL-COOLING-FITTED-CAL-KING-LIGHT-GREY,X004OD3CNH,B0F7M7LLTQ,"SLEEPHORIA Cooling Fitted Sheet Calfornia King Size - 1 PC BreezeWeave Cooling Sheets for Hot Sleepers & Cool Rest w/ 16 in Deep Pocket - Corner Straps, Cloud Soft - 69 x 81 in (Light Grey)",New,41,0,0,0,41,0,0,0,USD,3,7,7,7,,33.99,0,33.99,0,Create Outlet deal,,25.19,2,0,2101.58,0.15,0.144256,cubic feet,Standard,5.914496,US,gl_home,33953,366,41,23,76,33.99,101.97,243.93,243.93,243.93,0,0,0,41,0,29.54,0,0,0,0,,0,0,0,0,0,0,12,2.6,29,22.82,0,0,0,0,0,0,0,0,852.6,,Excess,,,2026-04-27,Yes,No,276.6,852.6,2026-04-27,41,0,0,0,366,unassigned,N,,,
2026-04-30,WATERPROOF-CHAIR-COVER-NAVY-BLUE-6PCS,X00462S4KH,B0CY685B6H,"Waterproof Dining Chair Covers Set of 6 - 3 Layers Thick Fabric Parsons Chair Slip Covers - Jacquard Kitchen Chair Covers & Stretch Protectors Dining Room, Restaurant - Removable Washable (Navy Blue)",New,28,0,2,15,3,8,0,0,USD,0,13,30,36,,41.99,0,41.99,0,NoExcessInventory,,0,0,0,3.88,0.76,0.340653,cubic feet,Standard,9.538284,US,gl_home,71038,78,0,8,10,41.99,0,389.87,899.7,1089.64,0,1,1,11,0,22.65,0,0,0,0,,0,0,0,0,1,0.34,0,0,3,5.57,7,13.59,0,0,0,0,0,0,120.8,15,Healthy,,,2026-04-27,Yes,No,70,120.8,2026-04-27,28,0,0,0,78,unassigned,N,,,
2026-04-30,SATIN-4PC-QUEEN-NAVY BLUE,X0042VGBMF,B0CQRXDZYF,"DECOLURE Satin Bed Sheets - 4 Piece Luxury Silky Queen Size Bedding Set - Softer Than Silk, Wrinkle-Free with 15” Deep Pocket Fitted Sheet, Perfect for Hair & Skin, Gifts for Women (Navy Blue)",New,168,0,175,0,0,0,0,0,USD,16,103,165,224,,31.95,0,31.95,0,NoRestockExcessActionRequired,,0,0,0,0,1.53,0.29473,cubic feet,Standard,49.51464,US,gl_home,10574,83,0,8,12,30.35,500,3246.05,5206.55,7173.6,27,148,0,0,0,24.67,54,0,48,6,,12,0,,,,,,,,,,,,,,,,,58.7,85,Healthy,,,2026-04-27,Yes,No,58.7,47.3,2026-04-27,225,3,8,1,88,unassigned,N,,,
2026-04-30,SS-BAMBOO-LIGHT-GREY-QUEEN-6PCS,X004D8NN9L,B0DDTVMMYW,"SLEEP SANCTUARY 100% Viscose Derived from Bamboo Sheets Queen Size 6pcs – BamBliss Luxury Cooling Sheets for Hot Sleepers - Cloud Soft, 17"" Deep Pocket, Ultra Durable Bed Set (Light Grey)",New,110,0,1,0,118,0,0,0,USD,2,30,77,116,,64.99,0,64.99,0,NoExcessInventory,,0,0,0,0,0.66,0.318906,cubic feet,Standard,35.07966,US,gl_home,47560,123,0,14,12,64.99,129.98,1949.7,4994.23,7543.84,0,1,0,118,0,47.16,0,0,0,0,,3,0,49,7.82,69,22.02,0,0,0,0,0,0,0,0,0,0,0,0,135.2,41,Healthy,,,2026-04-27,Yes,No,103.6,135.2,2026-04-27,112,2,0,1,124,unassigned,N,,,
2026-04-30,SL-COOLING-SHEET-KING-LIGHT-GREY,X004OCYH2N,B0F7LZQNHM,"SLEEPHORIA Cooling Sheets - BreezeWeave 4 PC King Size Cooling Bed Sheets for Hot Sleepers & Deep, Cool Rest - Cloud Soft, Silky Smooth, 16 in Deep Pocket, Ultra Durable (Light Grey)",New,81,0,88,0,0,0,0,0,USD,24,114,189,223,,79.99,0,79.99,0,GoToRestock,,0,0,0,0,2.86,0.329527,cubic feet,Standard,26.691687,US,gl_home,32563,53,0,2,4,79.99,1759.76,8048.86,13288.11,15678.77,79,9,0,0,0,13.41,0,0,0,0,,4,1,,,,,,,,,,,,,,,,,45.1,60,Healthy,29,2026-05-07,2026-04-27,No,No,37.8,45.1,2026-04-27,83,2,0,2,54,unassigned,N,,,
2026-04-30,SS-SATIN-STRIPED-GREY-TWIN-3PCS,X004D7A1SN,B0DDRKHNWQ,"SLEEP SANCTUARY Satin Sheets Twin Size – 3 Piece Luxury Silky Bed Set, Softer Than Silk, 15"" Deep Pocket, Cooling & Wrinkle-Free, Moisture-Wicking & Breathable for Hair & Skin (Striped Grey)",New,34,0,0,0,0,1,33,0,USD,0,1,1,2,,31.95,0,31.95,0,Create Outlet deal,,24.46,2,0,1236.46,0.06,0.128822,cubic feet,Standard,4.379948,US,gl_home,14711,366,34,136,221,31.95,0,31.46,31.46,66.41,0,0,0,0,1,33.13,0,0,0,0,,0,0,0,0,0,0,0,0,0,0,0,0,1,0.76,33,29.33,0,0,1573,4,Excess,,,2026-04-27,Yes,No,1039,1573,2026-04-27,34,0,0,0,366,unassigned,N,,,
2026-04-30,SL-QUILT-SET-KING-WHITE,X004R3N2NT,B0FGZVN26F,"SLEEPHORIA King Quilt Bedding Set - Cloud Soft All-Season Bedspread 3 PC w/Shams, Bed Quilt King Size Coverlet - Oversized, Light Weight, Ultra Durable, Easy Care - 106 x 96 in (White)",New,440,0,3,1,437,0,0,0,USD,0,2,3,4,Low traffic,39.99,0,39.99,0,Create Outlet deal,,24.79,2,0,84820.45,0.01,0.77531,cubic feet,Oversize,341.1364,US,gl_home,2968548,366,440,880,1430,39.99,0,61.98,90.97,119.96,1,1,1,437,0,512.79,0,0,0,0,,1,0,0,0,437,338.82,0,0,0,0,0,0,0,0,0,0,0,0,9974.8,3,Excess,,,2026-04-27,Yes,No,6636,9974.8,2026-04-27,440,0,1,0,366,unassigned,N,,,
2026-04-30,SS-SATIN-STRIPED-GREY-QUEEN-4PCS,X004D7EVUR,B0DDR3NYFT,"SLEEP SANCTUARY Satin Sheets Queen Size – 4 Piece Luxury Silky Bed Set, Softer Than Silk, 15"" Deep Pocket, Cooling & Wrinkle-Free, Moisture-Wicking & Breathable for Hair & Skin (Striped Grey)",New,28,0,30,1,2,2,2,0,USD,5,17,31,36,,33.95,0,33.95,0,GoToRestock,,0,0,0,0,0.78,0.24928,cubic feet,Standard,6.97984,US,gl_home,14711,58,0,6,10,33.95,169.75,577.09,1052.39,1222.14,0,18,12,3,1,4.01,0,0,0,0,,7,0,0,0,1,0.25,1,0.37,0,0,1,1.42,1,1.47,2,3.44,0,0,131.4,29,Low stock,23,2026-05-06,2026-04-27,Yes,No,98.3,131.4,2026-04-27,28,0,7,0,74,unassigned,N,,,
2026-04-30,SL-COOLING-FITTED-TWIN-WHITE,X004OCXZ5D,B0F7M77MRJ,"SLEEPHORIA Cooling Fitted Sheet Twin Size - 1 PC BreezeWeave Cooling Sheets for Hot Sleepers & Cool Rest w/ 16 in Deep Pocket - Corner Straps, Cloud Soft, Ultra Durable - 37 x 72 in (White)",New,30,0,1,0,33,0,0,0,USD,8,17,29,29,,24.99,0,24.99,0,Create Outlet deal,,13.49,2,0,38.45,0.53,0.115405,cubic feet,Standard,3.46215,US,gl_home,33953,65,0,7,13,24.99,199.92,442.83,746.71,746.71,1,0,0,33,0,20.14,0,0,0,0,,2,1,0,0,0,0,0,0,33,20.76,0,0,0,0,0,0,0,0,229,,,,,2026-04-27,Yes,No,109.2,229,2026-04-27,30,0,0,2,70,unassigned,N,,,
2026-04-30,Amazon.Found.B08KQKKVSX,B08KQKKVSX,B08KQKKVSX,"DECOLURE 100% Viscose Derived from Bamboo Sheets Twin Size - Luxury 3 Pc Naturally Cooling Sheets, Ultra Soft Bed Set - Deep 17"" Pockets, Durable Double Stitching, Oeko Tex Standard (Olive)",New,1,0,0,1,0,0,0,0,USD,0,0,0,0,Low conversion,77.99,0,53.99,0,Lower price,,0,0,0,0,0.2,0.172725,cubic feet,Standard,0.172725,US,gl_home,11515,3,0,,,53.99,0,0,0,0,0,0,0,0,0,0.03,0,0,0,0,,0,0,,,,,,,,,,,,,,,,,,1,Healthy,28,2026-05-06,,,,,,2026-04-27,1,0,0,0,3,unassigned,N,,,
2026-04-30,SATIN-CHAMPAGNE-QUEEN,X003RX58WD,B0BZPV84V7,"DECOLURE Satin Bed Sheets - 4 Piece Luxury Silky Queen Size Bedding Set - Softer Than Silk, Wrinkle-Free with 15” Deep Pocket Fitted Sheet, Perfect for Hair & Skin, Gifts for Women (Champagne)",New,160,0,123,48,0,0,0,0,USD,11,72,132,205,,31.95,0,31.95,0,NoRestockExcessActionRequired,,0,0,0,0,0.92,0.204634,cubic feet,Standard,32.74144,US,gl_home,10574,71,0,9,11,30.35,351.45,2245,4183.62,6462.84,43,25,55,0,0,18.43,18,0,12,6,,16,0,,,,,,,,,,,,,,,,,100.7,133,Healthy,89,2026-05-06,2026-04-27,Yes,No,79.7,100.7,2026-04-27,184,6,7,3,77,unassigned,N,,,
2026-04-30,BM-TWIN-MIDNIGHT-BLACK,X003VHUJGP,B0C9LTZ8BC,DECOLURE Cooling Bed Sheets Twin Set 3pcs - Luxurious & Ultra-Soft Twin Size Cooling Sheets for Hot Sleepers - Comfortable Bamboo Viscose Microfiber Sheets Twin Size w/Deep Pockets (Midnight Black),New,84,0,1,2,86,2,0,0,USD,1,5,12,13,Low conversion,33.95,0,33.95,0,Create Outlet deal,,20.47,2,0,4102.93,0.12,0.183894,cubic feet,Standard,15.447096,US,gl_home,99235,366,84,67,84,33.95,33.95,169.75,407.4,448.35,0,1,0,88,0,28.91,0,0,0,0,,6,0,3,0.28,48,8.82,37,10.22,0,0,2,2.1,0,0,0,0,0,0,731.1,8,Excess,,,2026-04-27,Yes,No,707.8,731.1,2026-04-27,84,0,4,2,366,unassigned,N,,,
2026-04-30,SATIN-FITTED-TWIN-STONE-GREY,X004CC2UT7,B0DBW28W1W,"DECOLURE Satin Fitted Sheet Twin Size (1 PC) – Luxuriously Smooth & Softer Than Silk Bed Sheets w/ 15 Inch Deep Pocket Hypoallergenic Wrinkle Free, Secure Snug Fit, Elastic Corner Straps (Stone Grey)",New,87,0,1,40,47,0,0,0,USD,2,6,10,23,,16.95,0,16.06,0,NoRestockExcessActionRequired,,0,0,0,169.17,0.21,0.121735,cubic feet,Standard,10.590945,US,gl_home,14844,219,44,58,49,16.06,33.01,97.81,177.61,394.96,0,1,0,47,0,11.2,0,0,0,0,,8,0,67,4.07,0,0,0,0,0,0,0,0,0,0,0,0,0,0,498.5,25,Excess,,,2026-04-27,Yes,No,498.5,346.5,2026-04-27,87,0,8,0,257,unassigned,N,,,
2026-04-30,SL-COOLING-FITTED-KING-REGAL-PURPLE,X004OD83S1,B0F7M4DRJN,"SLEEPHORIA Cooling Fitted Sheet King Size - 1 PC BreezeWeave Cooling Sheets for Hot Sleepers & Cool Rest w/ 16 in Deep Pocket - Corner Straps, Cloud Soft, Ultra Durable - 73 x 77 in (Regal Purple)",New,63,0,3,0,63,0,0,0,USD,4,27,47,58,,32.99,0,32.99,0,NoExcessInventory,,0,0,0,0,0.59,0.215909,cubic feet,Standard,13.602267,US,gl_home,33953,91,0,9,14,32.99,131.96,936.73,1580.53,1855.42,3,0,0,63,0,75.9,0,0,0,0,,0,0,0,0,0,0,0,0,63,74.16,0,0,0,0,0,0,0,0,155.2,33,Healthy,,,2026-04-27,Yes,No,92.5,155.2,2026-04-27,63,0,0,0,91,unassigned,N,,,
2026-04-30,SS-BAMBOO-OLIVE-CALIFKING-6PCS,X004D8I3S7,B0DDTZGP9X,"SLEEP SANCTUARY 100% Viscose Derived from Bamboo Sheets California King Size 6pcs – BamBliss Luxury Cooling Sheets for Hot Sleepers - Cloud Soft, 17"" Deep Pocket, Ultra Durable Bed Set (Olive)",New,29,0,0,1,29,0,0,0,USD,0,3,7,7,,69.99,0,69.99,0,Create Outlet deal,,37.49,2,0,2204.52,0.2,0.302756,cubic feet,Standard,8.779924,US,gl_home,47560,353,29,38,53,69.99,0,209.97,494.93,494.93,0,0,0,29,0,12.83,0,0,0,0,,1,0,8,1.21,21,6.37,0,0,0,0,0,0,0,0,0,0,0,0,438.6,6,Excess,,,2026-04-27,Yes,No,304.7,438.6,2026-04-27,29,0,1,0,366,unassigned,N,,,
2026-04-30,SATIN-STRIPE-QUEEN-WHITE,X0030KKNYB,B09G6K328B,"DECOLURE Satin Bed Sheets - 4 Piece Luxury Silky Queen Size Bedding Set - Softer Than Silk, Wrinkle-Free with 15” Deep Pocket Fitted Sheet, Perfect for Hair & Skin, Gifts for Women (Striped White)",New,9,0,14,0,0,0,0,0,USD,9,50,77,110,,31.95,0,31.95,0,CreateShippingPlan,,0,0,0,0,1.68,0.194474,cubic feet,Standard,1.750266,US,gl_home,10574,13,0,0,1,31.95,287.55,1581.57,2418.51,3477.46,13,1,0,0,0,0.38,0,0,0,0,,3,0,,,,,,,,,,,,,,,,,56.4,43,Low stock,67,2026-05-06,2026-04-27,Yes,No,21.2,56.4,2026-04-27,10,1,1,1,15,unassigned,N,,,
2026-04-30,SL-QUILT-SET-TWIN-TAUPE,X004R3N17V,B0FGZLYL5C,"SLEEPHORIA Twin Quilt Bedding Set - Cloud Soft All-Season Bedspread 2 PC w/Sham, Bed Quilt Twin Size Coverlet - Oversized, Light Weight, Ultra Durable, Easy Care - 68 x 86 in (Taupe)",New,55,0,1,2,52,0,0,0,USD,,,,,Low traffic,33.99,0,33.99,0,Create removal order,,25.99,9,0,7305.45,0,0.530301,cubic feet,Oversize,29.166555,US,gl_home,,,55,,,25.99,,,,,0,1,0,52,0,49.86,0,0,0,0,52,0,0,0,0,24,12.72,28,22.27,0,0,0,0,0,0,0,0,0,0,,,Excess,,,,,,,,2026-04-27,55,0,0,0,,unassigned,N,,,
2026-04-30,BEACH-TOWEL-PT-DIAMOND-GRAY,X004HYDUYT,B0DQ95SWCM,"DECOLURE Turkish Beach Towel Oversized 39x73 Inch - 100% Turkish Cotton, Quick Dry and Sand Free Beach Towels for Travel - Lightweight, Absorbent & Soft Peshtemal Towel - (Grey Diamond)",New,290,0,0,0,2,0,288,0,USD,0,1,1,1,Low traffic,22.95,0,22.95,0,Create Outlet deal,,11.47,2,0,10470.33,0,0.131671,cubic feet,Standard,38.18459,US,gl_home,3167987,366,290,1160,3770,22.95,0,22.95,22.95,22.95,0,0,0,2,0,288.33,0,0,0,0,,0,0,1,0.07,1,0.13,0,0,0,0,0,0,0,0,288,261.67,0,0,26199,9,Excess,,,2026-04-27,Yes,No,8704,26199,2026-04-27,290,0,0,0,366,unassigned,N,,,
2026-04-30,SATIN-GOLD-KING,X002O5XX77,B08KRYTRHY,,New,62,0,69,0,0,0,0,0,USD,10,61,90,93,Low traffic,33.95,0,33.95,0,CreateShippingPlan,,0,0,0,0,1.87,0.260877,cubic feet,Standard,16.174374,US,gl_home,,26,0,4,8,33.95,339.5,2075.63,3075.18,3177.03,16,53,0,0,0,5.42,0,0,0,0,,7,0,,,,,,,,,,,,,,,,,51.4,125,Low stock,200,2026-05-07,2026-04-27,Yes,No,41.6,51.4,2026-04-27,63,1,6,0,29,unassigned,N,,,
2026-04-30,SATIN-4PC-QUEEN-BABY BLUE,X0042VNQYB,B0CQRXLH6M,"DECOLURE Satin Bed Sheets - 4 Piece Luxury Silky Queen Size Bedding Set - Softer Than Silk, Wrinkle-Free with 15” Deep Pocket Fitted Sheet, Perfect for Hair & Skin, Gifts for Women (Baby Blue)",New,262,0,270,2,0,0,0,0,USD,15,162,274,401,,31.95,0,31.95,0,NoRestockExcessActionRequired,,0,0,0,0,1.13,0.227637,cubic feet,Standard,59.640894,US,gl_home,10574,60,0,7,9,30.35,479.25,5163.83,8754.58,13008.12,79,105,86,0,0,29.55,42,0,24,18,,8,0,,,,,,,,,,,,,,,,,81.9,134,Healthy,,,2026-04-27,No,No,49.8,81.9,2026-04-27,310,6,1,1,60,unassigned,N,,,
2026-04-30,SL-CLG-COMF-BLUE/LIGHT-GREY-KING,X004OD56M7,B0F7M5WGD8,"SLEEPHORIA Cooling Comforter - BreezeWeave Cooling Blanket King Size for Hot Sleepers & Deep Rest - Cloud Soft, Breathable, Ultra Durable, Easy Care, Reversible - 108 x 90 in (Blue & Light Grey)",,0,0,2,0,0,0,0,0,USD,0,1,11,36,,0,0,0,0,NoRestockExcessActionRequired,,,0,0,,2.62,0.844601,cubic feet,Standard,0,US,gl_home,285939,0,0,180,16,86.99,0,69.99,769.89,2494.64,1,1,0,0,0,,45,45,0,0,,2,0,,,,,,,,,,,,,,,,,32,24,Out of stock,,,2026-04-27,Yes,No,32,25.3,2026-04-27,45,0,1,1,176,unassigned,N,,,
2026-04-30,BAMBOO-CALIFKING-WHITE,X002O4Z16J,B08KQKQ44M,"DECOLURE 100% Viscose Derived from Bamboo Sheets California King Size - Luxury 4 Pc Naturally Cooling Sheets, Ultra Soft Bed Set - Deep 17"" Pockets, Double Stitching, Oeko Tex Standard (White)",New,1,0,4,0,0,0,0,0,USD,12,14,16,22,,84.99,0,84.99,0,NoRestockExcessActionRequired,,,0,0,,7,0.290485,cubic feet,Standard,0.290485,US,gl_home,11515,28,0,44,92,84.99,952.69,1103.63,1268.61,1759.55,4,0,0,0,0,,156,126,30,0,,0,0,,,,,,,,,,,,,,,,,10.9,29,Low stock,,,2026-04-27,Yes,No,10.9,9.6,2026-04-27,157,0,0,0,153,unassigned,N,,,
2026-04-30,SS-BAMBOO-LIGHT-GREY-FULL-6PCS,X004D8Q4ZV,B0DDTZB4RQ,"SLEEP SANCTUARY 100% Viscose Derived from Bamboo Sheets Full 6pcs – BamBliss Luxury Cooling Sheets for Hot Sleepers - Cloud Soft, 17"" Deep Pocket, Ultra Durable Bed Set (Light Grey)",New,48,0,0,2,58,0,0,0,USD,0,3,11,18,,59.99,0,59.99,51.54,Create Outlet deal,,32.49,2,0,2019.75,0.28,0.291763,cubic feet,Standard,14.004624,US,gl_home,47560,287,43,64,34,59.99,0,179.97,649.89,1074.82,0,0,0,58,0,19.97,0,0,0,0,,12,0,18,2.62,40,11.65,0,0,0,0,0,0,0,0,0,0,0,0,465,9,Excess,,,2026-04-27,Yes,No,465,325.5,2026-04-27,48,0,12,0,366,unassigned,N,,,
2026-04-30,SS-SATIN-LAVENDER-QUEEN-4PCS,X004D7EVWP,B0DDRHLV1C,"SLEEP SANCTUARY Satin Sheets Queen Size – 4 Piece Luxury Silky Bed Set, Softer Than Silk, 15"" Deep Pocket, Cooling & Wrinkle-Free, Moisture-Wicking & Breathable for Hair & Skin (Lavender)",New,172,0,5,2,169,0,0,0,USD,3,26,51,71,,33.95,0,33.95,0,Create Outlet deal,,27.96,2,0,156.13,0.32,0.296992,cubic feet,Standard,51.082624,US,gl_home,14711,273,111,43,51,33.95,101.85,882.54,1743.29,2422.29,1,1,3,169,0,125.83,108,108,0,0,,10,0,0,0,117,34.77,2,0.89,50,80.96,0,0,0,0,0,0,0,0,283.1,49,Excess,,,2026-04-27,Yes,No,196.9,283.1,2026-04-27,280,0,8,2,366,unassigned,N,,,
2026-04-30,SS-BAMBOO-GREY-TWIN-4PCS,X004D8UYJD,B0DDV3BVSH,"SLEEP SANCTUARY 100% Viscose Derived from Bamboo Sheets Twin Size 4pcs – BamBliss Luxury Cooling Sheets for Hot Sleepers - Cloud Soft, 17"" Deep Pocket, Ultra Durable Bed Set (Grey)",New,21,0,0,0,21,0,0,0,USD,0,3,6,7,,54.99,0,54.99,0,Create Outlet deal,,29.99,2,0,1214.92,0.28,0.202365,cubic feet,Standard,4.249665,US,gl_home,47560,366,21,28,39,54.99,0,164.97,334.94,394.93,0,0,0,21,0,6.67,0,0,0,0,,0,0,6,0.61,15,3.02,0,0,0,0,0,0,0,0,0,0,0,0,327.1,3,Excess,,,2026-04-27,Yes,No,218.3,327.1,2026-04-27,21,0,0,0,366,unassigned,N,,,
2026-04-30,BM-QUEEN-CREAM,X003VHUFZP,B0C9LRJQCW,DECOLURE Cooling Sheets Queen Set 4pcs - Luxurious & Ultra-Soft Cooling Bed Sheets Queen Size for Hot Sleepers - Comfortable Bamboo Viscose Microfiber Queen Bed Sheets Set Cooling (Cream),New,203,0,17,73,109,30,0,0,USD,5,8,17,29,,37.95,0,37.95,0,Create Outlet deal,,21.47,2,0,4164.94,0.1,0.211327,cubic feet,Standard,42.899381,US,gl_home,99235,366,188,101,91,37.95,189.75,303.6,647.75,1092.78,16,1,0,139,0,87.36,0,0,0,0,,4,0,88,9.34,57,12.05,32,10.16,34,39.15,0,0,0,0,0,0,0,0,1378,17,Excess,,,2026-04-27,Yes,No,1378,876.5,2026-04-27,203,0,4,0,366,unassigned,N,,,
2026-04-30,SATIN-4PCS-QUEEN-STRIPE-GRAY,X004C9LKRD,B0DBR4XYLB,"DECOLURE Satin Bed Sheets - 4 Piece Luxury Silky Queen Size Bedding Set - Softer Than Silk, Wrinkle-Free with 15” Deep Pocket Fitted Sheet, Perfect for Hair & Skin, Gifts for Women (Striped Grey)",New,250,0,32,6,233,0,0,0,USD,13,58,85,92,,31.95,0,31.95,0,NoRestockExcessActionRequired,,0,0,0,2407.06,0.28,0.238252,cubic feet,Standard,59.563,US,gl_home,10574,366,255,21,44,31.95,415.35,1880.06,2628.14,2851.79,1,0,31,233,0,78.3,66,66,0,0,,22,0,114,13.62,119,28.34,0,0,0,0,0,0,0,0,0,0,0,0,361.4,48,Excess,,,2026-04-27,Yes,No,152.6,361.4,2026-04-27,323,7,15,0,366,unassigned,N,,,
2026-04-30,SATIN-6PC-KING-BURNT ORANGE,X004BS2KN3,B0D9QTXKQD,"DECOLURE Satin Bed Sheets - 6 Piece Luxury Silky King Size Bedding Set - Softer Than Silk, Wrinkle-Free with 15” Deep Pocket Fitted Sheet, Perfect for Hair & Skin, Gifts for Women (Burnt Orange)",New,68,0,2,15,58,0,0,0,USD,8,26,36,58,,33.95,0,33.95,0,NoExcessInventory,,0,0,0,0,0.53,0.367695,cubic feet,Standard,25.00326,US,gl_home,24922,111,0,10,15,33.95,271.6,882.62,1222.12,2005.02,1,0,1,58,0,24.63,0,0,0,0,,6,0,64,11.75,0,0,0,0,0,0,0,0,0,0,0,0,0,0,177.8,23,Healthy,,,2026-04-27,Yes,No,130.7,177.8,2026-04-27,68,0,6,0,121,unassigned,N,,,
2026-04-30,BAMBOO-QUEEN-MIDGREY,X003TO84IP,B0BZQ18QJB,"DECOLURE 100% Viscose Derived from Bamboo Sheets Queen Size - Luxury 4 Pc Naturally Cooling Sheets, Ultra Soft Bed Set - Deep 17"" Pockets, Durable Double Stitching, Oeko Tex Standard (Midgrey)",New,2,0,5,0,0,0,0,0,USD,13,22,32,67,,79.99,0,79.99,0,CreateShippingPlan,,,0,0,,3.68,0.287122,cubic feet,Standard,0.574244,US,gl_home,11515,38,0,42,45,79.99,937.9,1626.94,2341.19,4920.94,5,0,0,0,0,,234,174,60,0,,2,0,,,,,,,,,,,,,,,,,19.2,69,Low stock,,,2026-04-27,Yes,No,14.2,19.2,2026-04-27,236,0,2,0,145,unassigned,N,,,
2026-04-30,SATIN-6PC-QUEEN-NAVY BLUE,X004BRRG3X,B0D9QQHLK8,"DECOLURE Satin Bed Sheets - 6 Piece Luxury Silky Queen Size Bedding Set - Softer Than Silk, Wrinkle-Free with 15” Deep Pocket Fitted Sheet, Perfect for Hair & Skin, Gifts for Women (Navy Blue)",New,62,0,3,10,62,0,0,0,USD,1,10,30,48,,31.95,0,31.95,0,NoExcessInventory,,0,0,0,0,0.5,0.248733,cubic feet,Standard,15.421446,US,gl_home,24922,137,0,24,16,31.95,31.95,313.63,959.63,1552.73,0,1,2,62,0,20.84,0,0,0,0,,12,0,9,1.11,62,15.42,0,0,0,0,0,0,0,0,0,0,0,0,178.2,31,Healthy,,,2026-04-27,Yes,No,171.4,178.2,2026-04-27,62,0,12,0,175,unassigned,N,,,
2026-04-30,BAMBOO-TWIN-MIDGREY,X003TO84IZ,B0BZQ21K22,"DECOLURE 100% Viscose Derived from Bamboo Sheets Twin Size - Luxury 3 Pc Naturally Cooling Sheets, Ultra Soft Bed Set - Deep 17"" Pockets, Durable Double Stitching, Oeko Tex Standard (Midgrey)",New,71,0,20,50,19,0,0,0,USD,0,0,14,19,Low conversion,69.99,0,69.99,0,NoRestockExcessActionRequired,,0,0,0,187.08,0.24,0.200751,cubic feet,Standard,14.253321,US,gl_home,11515,349,60,,52,69.99,0,0,691.85,938.8,19,0,1,19,0,17.39,6,6,0,0,,16,0,64,6.4,3,0.6,0,0,0,0,0,0,0,0,0,0,0,0,,22,Excess,,,,,,,358,2026-04-27,83,6,8,2,366,unassigned,N,,,
2026-04-30,SATIN-4PC-QUEEN-BURNT ORANGE,X0042VKNYH,B0CQRZ6JQ3,"DECOLURE Satin Bed Sheets - 4 Piece Luxury Silky Queen Size Bedding Set - Softer Than Silk, Wrinkle-Free with 15” Deep Pocket Fitted Sheet, Perfect for Hair & Skin, Gifts for Women (Burnt Orange)",New,123,0,14,15,96,0,0,0,USD,6,30,59,93,,31.95,0,31.95,0,NoRestockExcessActionRequired,,0,0,0,0,0.56,0.225251,cubic feet,Standard,27.705873,US,gl_home,10574,117,0,16,17,30.35,191.7,958.35,1932.9,2987.2,13,1,0,96,0,34.56,0,0,0,0,,2,0,44,4.96,59,13.31,0,0,0,0,0,0,0,0,0,0,0,0,159.3,60,Healthy,,,2026-04-27,Yes,No,136.3,159.3,2026-04-27,123,0,2,0,120,unassigned,N,,,
2026-04-30,SATIN-FITTED-FULL-GREY,X004CBP9D7,B0DBW17ZJP,"DECOLURE Satin Fitted Sheet Full Size (1 PC) – Luxuriously Smooth & Softer Than Silk Bed Sheets w/ 15 Inch Deep Pocket Hypoallergenic Wrinkle Free, Secure Snug Fit, Elastic Corner Straps (Grey)",New,290,0,5,70,236,0,0,0,USD,5,24,42,68,,17.95,0,17.95,0,NoRestockExcessActionRequired,,0,0,0,617.5,0.2,0.147153,cubic feet,Standard,42.67437,US,gl_home,14844,293,250,48,55,17.95,89.75,422.8,745.9,1237.6,3,1,1,236,0,47.32,0,0,0,0,,22,0,223,16.4,36,5.29,0,0,0,0,0,0,0,0,0,0,0,0,448,73,Excess,,,2026-04-27,Yes,No,377.8,448,2026-04-27,290,0,22,0,324,unassigned,N,,,
2026-04-30,LINEN-CURTAIN-52x90-LIGHT-GREY-2-PCS,X004NSHL5D,B0F63B8T3H,"DECOLURE Linen Blackout Curtains - SunShield 90 Inches Long Black Out Curtains for Living Room and Bedroom Windows - Luxury Faux Linen, 2 Panels Set, Ultra Durable - 90 Length x 52 in (Light Grey)",New,40,0,1,0,41,7,0,0,USD,0,0,0,1,Low traffic,31.99,0,31.99,0,Create removal order,,0,0,0,2149.65,0.02,0.199952,cubic feet,Standard,7.99808,US,gl_home,7897037,366,40,,520,31.99,0,0,0,28.99,0,0,1,48,0,41,0,0,0,0,,9,0,0,0,0,0,9,2.7,39,42.51,0,0,0,0,0,0,0,0,,3,Excess,,,,,,,4392,2026-04-27,40,0,9,0,366,unassigned,N,,,
2026-04-30,BAMBOO-TWIN-NAVYBLUE,X002O53Z25,B08KQJRL41,"DECOLURE 100% Viscose Derived from Bamboo Sheets Twin Size - Luxury 3 Pc Naturally Cooling Sheets, Ultra Soft Bed Set - Deep 17"" Pockets, Durable Double Stitching, Oeko Tex Standard (Navy Blue)",New,53,0,26,36,3,0,0,0,USD,2,10,29,48,,59.99,0,59.98,0,NoRestockExcessActionRequired,,0,0,0,0,0.72,0.16482,cubic feet,Standard,8.73546,US,gl_home,11515,202,0,26,17,59.98,119.97,636.37,1734.51,2827.26,24,2,0,3,0,6.74,12,0,6,6,,15,0,3,0.25,0,0,0,0,0,0,0,0,0,0,0,0,0,0,169.9,31,Healthy,,,2026-04-27,Yes,No,169.9,122.1,2026-04-27,71,6,7,2,220,unassigned,N,,,
2026-04-30,SATIN-STRIPE-QUEEN-WHITE--6-PCS,X003UO392Z,B0C7JQ8266,"DECOLURE Satin Bed Sheets - 6 Piece Luxury Silky Queen Size Bedding Set - Softer Than Silk, Wrinkle-Free with 15” Deep Pocket Fitted Sheet, Perfect for Hair & Skin, Gifts for Women (Striped White)",New,134,0,1,0,133,0,0,0,USD,3,9,17,22,,31.95,0,31.95,0,Create Outlet deal,,21.97,2,0,4145.66,0.14,0.208606,cubic feet,Standard,27.953204,US,gl_home,24922,366,132,59,79,31.95,95.85,283.98,535.6,700.84,0,1,0,133,0,53.3,0,0,0,0,,0,0,0,0,71,14.82,62,19.4,0,0,0,0,0,0,0,0,0,0,637.6,12,Excess,,,2026-04-27,Yes,No,468.6,637.6,2026-04-27,134,0,0,0,366,unassigned,N,,,
2026-04-30,SATIN-KING-BLACK-6-PCS,X003UMHDQP,B0C7FXXS6R,"DECOLURE Satin Bed Sheets - 6 Piece Luxury Silky King Size Bedding Set - Softer Than Silk, Wrinkle-Free with 15” Deep Pocket Fitted Sheet, Perfect for Hair & Skin, Gifts for Women (Black)",New,485,0,361,229,0,0,0,0,USD,36,205,402,597,,33.95,0,33.95,0,NoExcessInventory,,0,0,0,0,0.74,0.247216,cubic feet,Standard,119.89976,US,gl_home,24922,82,0,9,10,33.95,1222.2,6958.69,13766.84,20387.09,0,52,309,0,0,67.94,0,0,0,0,,112,0,,,,,,,,,,,,,,,,,133.1,166,Healthy,,,2026-04-27,No,No,100.6,133.1,2026-04-27,491,6,104,2,102,unassigned,N,,,
2026-04-30,SS-SATIN-LAVENDER-TWIN-3PCS,X004D7K8G3,B0DDR3SX2D,"SLEEP SANCTUARY Satin Sheets Twin Size – 3 Piece Luxury Silky Bed Set, Softer Than Silk, 15"" Deep Pocket, Cooling & Wrinkle-Free, Moisture-Wicking & Breathable for Hair & Skin (Lavender)",New,81,0,50,12,26,0,0,0,USD,0,2,6,9,,29.95,0,29.95,0,Create Outlet deal,,25.16,2,0,3032.56,0.11,0.186885,cubic feet,Standard,15.137685,US,gl_home,14711,366,80,162,117,29.95,0,65.89,197.69,287.54,0,20,30,26,0,13.9,0,0,0,0,,13,0,0,0,26,4.85,0,0,0,0,0,0,0,0,0,0,0,0,1424.5,8,Excess,,,2026-04-27,Yes,No,1424.5,865.1,2026-04-27,81,0,13,0,366,unassigned,N,,,
2026-04-30,LINEN-CURTAIN-52x120-IVORY-2-PCS,X004NSHKLN,B0F63C8VTL,"DECOLURE Linen Blackout Curtains - SunShield 120 Inches Long Black Out Curtains for Living Room and Bedroom Windows - Luxury Faux Linen, 2 Panels Set, Ultra Durable - 120 Length x 52 in (Ivory)",New,45,0,0,0,45,0,0,0,USD,0,0,0,0,Low traffic,34.99,0,34.99,0,Create removal order,,0,0,0,4083.89,0,0.313313,cubic feet,Standard,14.099085,US,gl_home,8155045,366,45,,,34.99,0,0,0,0,0,0,0,45,0,47.22,0,0,0,0,,2,0,0,0,0,0,32,15.04,13,22.2,0,0,0,0,0,0,0,0,,3,Excess,,,,,,,,2026-04-27,45,0,2,0,366,unassigned,N,,,
2026-04-30,SATIN-6PC-QUEEN-BABY BLUE,X004BS2KTH,B0D9QSZH1N,"DECOLURE Satin Bed Sheets - 6 Piece Luxury Silky Queen Size Bedding Set - Softer Than Silk, Wrinkle-Free with 15” Deep Pocket Fitted Sheet, Perfect for Hair & Skin, Gifts for Women (Baby Blue)",New,86,0,0,2,94,0,0,0,USD,10,32,48,68,,31.95,0,31.95,0,Create Outlet deal,,28.66,2,0,28.79,0.48,0.233575,cubic feet,Standard,20.08745,US,gl_home,24922,221,45,10,16,31.95,319.5,1007.66,1511.98,2213.16,0,0,0,94,0,30.88,0,0,0,0,,7,0,1,0.12,93,21.7,0,0,0,0,0,0,0,0,0,0,0,0,190.6,26,Excess,,,2026-04-27,Yes,No,127,190.6,2026-04-27,86,0,7,0,244,unassigned,N,,,
2026-04-30,SATIN-GOLD-QUEEN-6PCS,X003UMBLKT,B0C7FPM5CR,"DECOLURE Satin Bed Sheets - 6 Piece Luxury Silky Queen Size Bedding Set - Softer Than Silk, Wrinkle-Free with 15” Deep Pocket Fitted Sheet, Perfect for Hair & Skin, Gifts for Women (Gold)",New,36,0,24,8,18,0,0,0,USD,8,19,45,75,,31.95,0,31.95,0,GoToRestock,,0,0,0,0,0.92,0.256632,cubic feet,Standard,9.238752,US,gl_home,24922,65,0,7,6,31.95,273.6,624.96,1455.66,2414.16,0,0,24,18,0,4.33,0,0,0,0,,14,0,2,0.26,16,4.11,0,0,0,0,0,0,0,0,0,0,0,0,131.1,32,Healthy,7,2026-05-06,2026-04-27,Yes,No,131.1,109.2,2026-04-27,38,2,12,0,87,unassigned,N,,,
2026-04-30,SS-SLEEP-MASK-3D-CONTOURED-PINK,X004NF5UNL,B0F4XQBGJV,"SLEEP SANCTUARY 100% Pure Mulberry Silk Sleep Mask - 22 Momme Light Blocking 3D Contour Silk Eye Mask for Sleeping - Secure Fit for Side Sleepers, Women & Men - Cloud Soft (Pink)",New,257,0,6,1,1,252,0,0,USD,0,3,7,17,Low traffic,17.99,0,17.99,0,Create Outlet deal,,12.97,2,0,3257.83,0.06,0.048757,cubic feet,Standard,12.530549,US,gl_drugstore,298197,366,257,342,196,17.99,0,61.93,141.85,321.75,4,1,1,221,32,81.84,0,0,0,0,,3,0,0,0,0,0,0,0,1,0.27,0,0,252,72.58,0,0,0,0,2582.7,5,Excess,,,2026-04-27,Yes,No,2582.7,1180.5,2026-04-27,260,3,0,0,366,unassigned,N,,,
2026-04-30,BM-CALKING-BEIGE,X0045ATWQZ,B0CWJ2ZQJR,DECOLURE Cooling Bed Sheets Cal-King Set 4pcs - Luxurious & Soft California King Size Cooling Sheets for Hot Sleepers - Comfy & Cool California King Bamboo Viscose Microfiber Sheets (Beige),,0,0,0,1,0,0,0,0,USD,0,5,24,43,,0,0,0,0,CreateShippingPlan,,,0,0,,2.26,0.248012,cubic feet,Standard,0,US,gl_home,,0,0,0,0,39.95,0,191.76,884.82,1653.87,0,0,0,0,0,,0,0,0,0,,0,0,,,,,,,,,,,,,,,,,37.3,4,Out of stock,5,2026-04-29,2026-04-27,Yes,No,9.2,37.3,2026-04-27,0,0,0,0,0,unassigned,N,,,
2026-04-30,SL-COOLING-FITTED-FULL-BEIGE,X004OCXZEJ,B0F7M5TZQ4,"SLEEPHORIA Cooling Fitted Sheet Full Size - 1 PC BreezeWeave Cooling Sheets for Hot Sleepers & Cool Rest w/ 16 in Deep Pocket - Corner Straps, Cloud Soft, Ultra Durable - 52 x 72 in (Beige)",New,60,0,0,0,50,10,0,0,USD,1,10,12,12,,27.99,0,27.99,0,Create Outlet deal,,20.99,2,0,2393.21,0.18,0.135743,cubic feet,Standard,8.14458,US,gl_home,33953,308,60,24,65,27.99,27.99,295.9,351.88,351.88,0,0,0,60,0,45.26,0,0,0,0,,0,0,0,0,0,0,9,1.82,51,37.74,0,0,0,0,0,0,0,0,521.6,,Excess,,,2026-04-27,Yes,No,196.3,521.6,2026-04-27,60,0,0,0,308,unassigned,N,,,
2026-04-30,SATIN-QUEEN-PINK-6PCS,X003UM8ZHL,B0C7FSZ6RY,"DECOLURE Satin Bed Sheets - 6 Piece Luxury Silky Queen Size Bedding Set - Softer Than Silk, Wrinkle-Free with 15” Deep Pocket Fitted Sheet, Perfect for Hair & Skin, Gifts for Women (Pink)",New,86,0,2,34,59,0,0,0,USD,2,17,33,51,,31.95,0,31.95,0,NoExcessInventory,,0,0,0,0.41,0.42,0.217212,cubic feet,Standard,18.680232,US,gl_home,24922,366,0,34,37,31.95,61.9,484.34,995.54,1680.98,2,0,0,59,0,16.74,60,0,60,0,,7,0,54,5.87,5,1.09,0,0,0,0,0,0,0,0,0,0,0,0,212.3,28,Healthy,,,2026-04-27,Yes,No,173.6,212.3,2026-04-27,147,1,6,0,366,unassigned,N,,,
2026-04-30,SL-COOLING-SHEET-CAL-KING-NAVY-BLUE,X004OD194B,B0F7LXFBGG,"SLEEPHORIA Cooling Sheets - BreezeWeave 4 PC California King Size Cooling Bed Sheets for Hot Sleepers & Deep, Cool Rest - Cloud Soft, Silky Smooth, 16 in Deep Pocket, Ultra Durable (Navy Blue)",New,11,0,2,14,0,0,0,0,USD,0,14,35,46,,79.99,0,79.99,0,GoToRestock,,0,0,0,0,1.17,0.339399,cubic feet,Standard,3.733389,US,gl_home,32563,34,0,3,3,79.99,0,979.86,2449.65,3230.54,1,0,1,0,0,1.77,0,0,0,0,,1,0,,,,,,,,,,,,,,,,,79.4,16,Low stock,17,2026-05-07,2026-04-27,Yes,No,42.3,79.4,2026-04-27,11,0,1,0,36,unassigned,N,,,
2026-04-30,SATIN-4PC-RED-QUEEN,X0044L1I5N,B0CV4D54FV,"DECOLURE Satin Bed Sheets - 4 Piece Luxury Silky Queen Size Bedding Set - Softer Than Silk, Wrinkle-Free with 15” Deep Pocket Fitted Sheet, Perfect for Hair & Skin, Gifts for Women (Red)",New,111,0,129,0,0,0,0,0,USD,20,113,183,278,,31.95,0,31.95,0,CreateShippingPlan,,0,0,0,0,2.49,0.218139,cubic feet,Standard,24.213429,US,gl_home,10574,24,0,3,5,30.35,662.21,3657.69,6030.19,9065.44,36,93,0,0,0,10.9,0,0,0,0,,15,0,,,,,,,,,,,,,,,,,47.1,280,Low stock,450,2026-05-07,2026-04-27,No,No,47.1,31.7,2026-04-27,111,0,13,2,30,unassigned,N,,,
2026-04-30,BAMBOO-TWIN-LIGHT PINK,X0040HFAB9,B0CLKDMGHC,"DECOLURE 100% Viscose Derived from Bamboo Sheets Twin Size - Luxury 3 Pc Naturally Cooling Sheets, Ultra Soft Bed Set - Deep 17"" Pockets, Durable Double Stitching, Oeko Tex Standard (Light Pink)",New,20,0,21,1,0,0,0,0,USD,2,16,40,59,,59.99,0,59.99,0,CreateShippingPlan,,0,0,0,0,1.64,0.199121,cubic feet,Standard,3.98242,US,gl_home,11515,46,0,5,4,59.99,119.98,1015.84,2430.6,3513.9,19,1,1,0,0,1.89,0,0,0,0,,2,0,,,,,,,,,,,,,,,,,50.5,39,Low stock,59,2026-05-06,2026-04-27,Yes,No,20.5,50.5,2026-04-27,21,1,0,1,49,unassigned,N,,,
2026-04-30,WELCOME-SIGN-FRONT-PORCH-SADDLE-BROWN,X004HY4P6B,B0DQ81GKN2,"DECOLURE Welcome Sign for Front Porch - Tall Solid Wood Porch Door Sign with 10 Magnetic Seasonal & Holiday Pieces, Rustic Farmhouse Outdoor Decor for Year Round Welcoming Entryway (Saddle Brown)",New,23,0,0,0,0,7,16,0,USD,,,,,Low traffic,32.95,0,32.95,0,Create removal order,,0,0,0,2710.75,0,0.433462,cubic feet,Oversize,9.969626,US,gl_lawn_and_garden,,,23,,,32.95,,,,,0,0,0,0,7,73.69,0,0,0,0,6,0,0,0,0,0,0,0,0,0,0,0,0,0,0,23,68.8,0,0,,,Excess,,,,,,,,2026-04-27,23,0,0,0,,unassigned,N,,,
2026-04-30,SL-QUILT-SET-QUEEN-IVORY,X004R3N3NN,B0FGZDR11L,"SLEEPHORIA Queen Quilt Bedding Set - Cloud Soft All-Season Bedspread 3 PC w/Shams, Bed Quilt Queen Size Coverlet - Oversized, Light Weight, Ultra Durable, Easy Care - 90 x 96 in (Ivory)",New,211,0,2,7,202,0,0,0,USD,1,3,4,6,Low traffic,36.99,0,36.99,0,Create Outlet deal,,23.19,2,0,33265.45,0.03,0.634766,cubic feet,Oversize,133.935626,US,gl_home,1752586,366,211,281,457,36.99,26.99,84.97,111.96,165.94,0,2,0,202,0,196.54,0,0,0,0,,3,0,0,0,202,128.21,0,0,0,0,0,0,0,0,0,0,0,0,3261.5,4,Excess,,,2026-04-27,Yes,No,2155.7,3261.5,2026-04-27,211,0,3,0,366,unassigned,N,,,
2026-04-30,SATIN-GOLD-KING-6PCS,X003UMGFQ9,B0C7FMYDFC,"DECOLURE Satin Bed Sheets - 6 Piece Luxury Silky King Size Bedding Set - Softer Than Silk, Wrinkle-Free with 15” Deep Pocket Fitted Sheet, Perfect for Hair & Skin, Gifts for Women (Gold)",,0,0,1,0,0,0,0,0,USD,3,68,157,246,,0,0,0,0,CreateShippingPlan,,,0,0,,2.48,0.263423,cubic feet,Standard,0,US,gl_home,24922,0,0,0,0,33.95,101.85,2308.11,5414.66,8436.21,1,0,0,0,0,,0,0,0,0,,1,0,,,,,,,,,,,,,,,,,38.4,97,Out of stock,226,2026-04-27,2026-04-27,Yes,No,12.7,38.4,2026-04-27,0,0,0,1,0,unassigned,N,,,
2026-04-30,SS-BAMBOO-CREME-KING-6PCS,X004D8Q2NP,B0DDTZ1LKN,"SLEEP SANCTUARY 100% Viscose Derived from Bamboo Sheets King Size 6pcs – BamBliss Luxury Cooling Sheets for Hot Sleepers - Cloud Soft, 17"" Deep Pocket, Ultra Durable Bed Set (Creme)",New,115,0,2,1,114,0,0,0,USD,3,23,71,119,,69.99,0,69.99,0,NoExcessInventory,,0,0,0,0,0.7,0.362112,cubic feet,Standard,41.64288,US,gl_home,47560,180,0,20,12,69.99,209.97,1609.77,4969.29,8348.81,1,0,1,114,0,54.67,0,0,0,0,,2,0,52,9.4,62,22.44,0,0,0,0,0,0,0,0,0,0,0,0,143.4,39,Healthy,,,2026-04-27,Yes,No,143.4,126.8,2026-04-27,116,1,0,1,181,unassigned,N,,,
2026-04-30,SATIN-IVORY-QUEEN,X003EKC21T,B0BG1YXQGT,"DECOLURE Satin Bed Sheets - 4 Piece Luxury Silky Queen Size Bedding Set - Softer Than Silk, Wrinkle-Free with 15” Deep Pocket Fitted Sheet, Perfect for Hair & Skin, Gifts for Women (Ivory)",New,126,0,47,57,37,0,0,0,USD,9,48,85,142,,31.95,0,31.95,0,NoRestockExcessActionRequired,,0,0,0,0,0.7,0.224147,cubic feet,Standard,28.242522,US,gl_home,10574,83,0,10,11,30.35,287.55,1498.53,2704.68,4485.83,0,1,46,37,0,16.53,0,0,0,0,,14,0,37,4.11,0,0,0,0,0,0,0,0,0,0,0,0,0,0,144.5,41,Healthy,,,2026-04-27,Yes,No,114.5,144.5,2026-04-27,128,2,12,0,93,unassigned,N,,,
2026-04-30,SATIN-ROSEWOOD-TWIN-6PCS,X003UMGGAT,B0C7FDN7ZM,"DECOLURE Satin Bed Sheets - 4 Piece Luxury Silky Twin Size Bedding Set - Softer Than Silk, Wrinkle-Free with 15” Deep Pocket Fitted Sheet, Perfect for Hair & Skin, Gifts for Women (Rosewood)",New,44,0,0,0,44,0,0,0,USD,0,3,4,7,,27.95,0,27.95,0,Create Outlet deal,,25.86,2,0,2129.6,0.15,0.201046,cubic feet,Standard,8.846024,US,gl_home,24922,366,44,66,92,27.95,0,87.27,115.22,171.11,0,0,0,44,0,10.75,6,6,0,0,,0,0,44,4.41,0,0,0,0,0,0,0,0,0,0,0,0,0,0,712.7,2,Excess,,,2026-04-27,Yes,No,683.5,712.7,2026-04-27,50,0,0,0,366,unassigned,N,,,
2026-04-30,BM-FULL-GRAPHITE-GREY,X003VHQE4B,B0C9LQWY53,DECOLURE Cooling Sheets Full Set 4pcs - Luxurious & Ultra-Soft Full Size Cooling Sheets for Hot Sleepers - Comfortable Bamboo Viscose Microfiber Full Cooling Bed Sheets w/Deep Pockets (Graphite),New,4,0,0,2,1,1,0,0,USD,0,0,1,6,Low conversion,45.95,0,45.95,0,Create Outlet deal,,25.16,2,0,33.56,1.14,0.226224,cubic feet,Standard,0.904896,US,gl_home,99235,33,0,,8,45.95,0,0,35.95,215.7,0,0,0,2,0,3.1,0,0,0,0,,0,0,0,0,0,0,0,0,2,2.47,0,0,0,0,0,0,0,0,,11,Low stock,14,2026-05-02,,,,,67.8,2026-04-27,4,0,0,0,33,unassigned,N,,,
2026-04-30,SATIN-4PCS-KING-STONEGREY,X004C9V2WV,B0DBR1X2XQ,"DECOLURE Satin Bed Sheets - 4 Piece Luxury Silky King Size Bedding Set - Softer Than Silk, Wrinkle-Free with 15” Deep Pocket Fitted Sheet, Perfect for Hair & Skin, Gifts for Women (Stone Grey)",New,352,0,112,119,147,0,0,0,USD,13,78,148,255,,33.95,0,33.95,0,NoRestockExcessActionRequired,,0,0,0,0,0.55,0.261599,cubic feet,Standard,92.082848,US,gl_home,10574,128,0,18,17,32.25,441.35,2569.9,5020.97,8575.42,0,56,56,147,0,81.54,0,0,0,0,,32,0,181,23.59,0,0,0,0,0,0,0,0,0,0,0,0,0,0,167.4,83,Healthy,,,2026-04-27,Yes,No,146.7,167.4,2026-04-27,378,26,6,0,131,unassigned,N,,,
2026-04-30,SATIN-TAUPE-FULL-6PCS,X003UMGFWD,B0C7FHXP11,"DECOLURE Satin Bed Sheets - 6 Piece Luxury Silky Full Size Bedding Set - Softer Than Silk, Wrinkle-Free with 15” Deep Pocket Fitted Sheet, Perfect for Hair & Skin, Gifts for Women (Taupe)",New,70,0,1,0,0,0,0,80,USD,1,1,1,2,Low conversion,37.95,0,37.95,0,Create Outlet deal,,14.97,2,0,4745.07,0.02,0.253462,cubic feet,Standard,17.74234,US,gl_home,24922,366,70,280,455,37.95,26.27,26.27,26.27,56.22,1,0,0,0,0,150.42,0,0,0,0,,10,0,0,0,0,0,0,0,0,0,0,0,0,0,0,0,80,160.15,,4,Excess,,,,,,,3683.5,2026-04-27,70,0,10,0,366,unassigned,N,,,
2026-04-30,SATIN-STRIPE-TWIN-GRAY--6-PCS,X003UOC1QP,B0C7K62XCT,"DECOLURE Satin Bed Sheets - 4 Piece Luxury Silky Twin Size Bedding Set - Softer Than Silk, Wrinkle-Free with 15” Deep Pocket Fitted Sheet, Perfect for Hair & Skin, Gifts for Women (Striped Grey)",New,34,0,0,0,0,34,0,0,USD,0,0,1,1,Low conversion,27.95,0,27.95,0,Create Outlet deal,,16.97,2,0,918.68,0.03,0.102665,cubic feet,Standard,3.49061,US,gl_home,24922,366,34,,442,27.95,0,0,33.95,33.95,0,0,0,34,0,19.41,0,0,0,0,,0,0,0,0,0,0,0,0,0,0,34,19.93,0,0,0,0,0,0,,2,Excess,,,,,,,3119,2026-04-27,34,0,0,0,366,unassigned,N,,,
2026-04-30,SATIN-IVORY-TWIN-6PCS,X003UMBN93,B0C7FM1K6P,"DECOLURE Satin Bed Sheets - 4 Piece Luxury Silky Twin Size Bedding Set - Softer Than Silk, Wrinkle-Free with 15” Deep Pocket Fitted Sheet, Perfect for Hair & Skin, Gifts for Women (Ivory)",New,59,0,0,0,1,1,0,58,USD,0,1,1,4,,32.95,0,32.95,0,Create Outlet deal,,15.74,2,0,2875.46,0.07,0.176595,cubic feet,Standard,10.419105,US,gl_home,24922,366,59,236,191,32.95,0,20.24,20.24,93.17,0,0,0,2,0,88.63,0,0,0,0,,0,0,0,0,0,0,0,0,1,0.96,1,1.01,0,0,0,0,58,80.96,1812,4,Excess,,,2026-04-27,Yes,No,1812,1384.3,2026-04-27,59,0,0,0,366,unassigned,N,,,
2026-04-30,LINEN-CURTAIN-52x63-NATURAL-2-PCS,X004NSBSRP,B0F634R6RF,"DECOLURE Linen Blackout Curtains - SunShield 63 Inches Long Black Out Curtains for Living Room and Bedroom Windows - Luxury Faux Linen, 2 Panels Set, Ultra Durable - 63 Length x 52 in (Natural)",New,14,0,0,0,14,0,0,0,USD,0,0,0,0,Low traffic,27.99,0,27.99,0,Create removal order,,0,0,0,831.27,0,0.199952,cubic feet,Standard,2.799328,US,gl_home,6805485,366,14,,,27.99,0,0,0,0,0,0,0,14,0,6.19,0,0,0,0,,1,0,0,0,0,0,14,4.2,0,0,0,0,0,0,0,0,0,0,,3,Excess,,,,,,,,2026-04-27,14,0,1,0,366,unassigned,N,,,
2026-04-30,SATIN-STRIPE-KING-GOLD,X0030KP0C1,B09G6K4M5V,"DECOLURE Satin Bed Sheets - 4 Piece Luxury Silky King Size Bedding Set - Softer Than Silk, Wrinkle-Free with 15” Deep Pocket Fitted Sheet, Perfect for Hair & Skin, Gifts for Women (Striped Gold)",,0,0,1,0,0,0,0,0,USD,3,20,48,80,,0,0,0,0,CreateShippingPlan,,,0,0,,1.96,0.232227,cubic feet,Standard,0,US,gl_home,10574,0,0,0,0,33.95,101.85,682.51,1693.11,2779.51,0,0,1,0,0,,0,0,0,0,,1,0,,,,,,,,,,,,,,,,,48.1,39,Out of stock,80,2026-04-29,2026-04-27,Yes,No,17,48.1,2026-04-27,0,0,0,1,1,unassigned,N,,,
2026-04-30,SS-BAMBOO-LIGHT-PINK-QUEEN-6PCS,X004D8Q3HF,B0DDV1PKM6,"SLEEP SANCTUARY 100% Viscose Derived from Bamboo Sheets Queen Size 6pcs – BamBliss Luxury Cooling Sheets for Hot Sleepers - Cloud Soft, 17"" Deep Pocket, Ultra Durable Bed Set (Light Pink)",,0,0,1,0,0,0,0,0,USD,0,9,29,47,,0,0,0,0,CreateShippingPlan,,,0,0,,2.04,0.335589,cubic feet,Standard,0,US,gl_home,,0,0,0,0,64.99,0,584.91,1884.71,3094.53,1,0,0,0,0,,0,0,0,0,,0,0,,,,,,,,,,,,,,,,,41.1,17,Out of stock,23,2026-04-29,2026-04-27,Yes,No,5.5,41.1,2026-04-27,0,0,0,0,0,unassigned,N,,,
2026-04-30,SS-SATIN-BLACK-FULL-4PCS,X004D7HGNL,B0DDQX824T,"SLEEP SANCTUARY Satin Sheets Full Size – 4 Piece Luxury Silky Bed Set, Softer Than Silk, 15"" Deep Pocket, Cooling & Wrinkle-Free, Moisture-Wicking & Breathable for Hair & Skin (Black)",New,0,0,9,0,0,0,0,0,USD,11,11,11,13,,31.95,0,31.95,0,CreateShippingPlan,,,0,0,,1.33,0.24552,cubic feet,Standard,0,US,gl_home,14711,10,0,4,12,31.95,351.45,351.45,351.45,420.35,9,0,0,0,0,,12,0,6,6,,4,0,,,,,,,,,,,,,,,,,60.7,46,Out of stock,63,2026-05-06,2026-04-27,Yes,No,13.4,60.7,2026-04-27,12,0,1,3,13,unassigned,N,,,
2026-04-30,LINEN-CURTAIN-52x72-LINEN-2-PCS,X004NSU9B1,B0F637SXZQ,"DECOLURE Linen Blackout Curtains - SunShield 72 Inches Long Black Out Curtains for Living Room and Bedroom Windows - Luxury Faux Linen, 2 Panels Set, Ultra Durable - 72 Length x 52 in (Linen)",New,42,0,1,0,41,0,0,0,USD,0,0,0,0,Low traffic,28.99,0,28.99,0,Advertise listing,,0,0,0,2397.2,0,0.199952,cubic feet,Standard,8.397984,US,gl_home,6173931,366,42,,,28.99,0,0,0,0,0,0,1,41,0,30.56,0,0,0,0,,0,0,0,0,0,0,24,7.2,17,18.53,0,0,0,0,0,0,0,0,,3,Excess,,,,,,,,2026-04-27,42,0,0,0,366,unassigned,N,,,
2026-04-30,SATIN-STRIPE-QUEEN-PURPLE,X0030KQXVN,B09G6L5ZW6,"DECOLURE Satin Bed Sheets - 4 Piece Luxury Silky Queen Size Bedding Set - Softer Than Silk, Wrinkle-Free with 15” Deep Pocket Fitted Sheet, Perfect for Hair & Skin, Gifts for Women (Striped Purple)",New,40,0,42,0,0,0,0,0,USD,2,17,40,49,,40.95,0,40.95,0,NoRestockExcessActionRequired,,0,0,0,0,1.27,0.245441,cubic feet,Standard,9.81764,US,gl_home,10574,154,0,9,10,31.94,81.9,561.05,1262.67,1559.82,1,41,0,0,0,6.13,0,0,0,0,,1,0,,,,,,,,,,,,,,,,,88.7,24,Healthy,5,2026-05-07,2026-04-27,Yes,No,88.7,69.6,2026-04-27,40,0,1,0,158,unassigned,N,,,
2026-04-30,SATIN-6PC-FULL-DARK GREEN,X004BS2KP1,B0D9QR4PS8,"DECOLURE Satin Bed Sheets - 6 Piece Luxury Silky Full Size Bedding Set - Softer Than Silk, Wrinkle-Free with 15” Deep Pocket Fitted Sheet, Perfect for Hair & Skin, Gifts for Women (Dark Green)",New,160,0,1,12,138,9,0,0,USD,0,2,11,16,,29.95,0,29.95,0,Create Outlet deal,,27.26,2,0,8887.98,0.1,0.309086,cubic feet,Standard,49.45376,US,gl_home,24922,366,160,320,130,29.95,0,47.88,311.43,446.18,0,0,1,147,0,122.16,0,0,0,0,,0,0,42,6.49,72,22.25,0,0,30,50.53,6,10.57,3,5.47,0,0,0,0,2407,9,Excess,,,2026-04-27,Yes,No,2407,883.9,2026-04-27,160,0,0,0,366,unassigned,N,,,
2026-04-30,SS-SATIN-BURNT-ORANGE-KING-4PCS,X004D7K7IR,B0DDRL4WTJ,"SLEEP SANCTUARY Satin Sheets King Size – 4 Piece Luxury Silky Bed Set, Softer Than Silk, 15"" Deep Pocket, Cooling & Wrinkle-Free, Moisture-Wicking & Breathable for Hair & Skin (Burnt Orange)",New,141,0,12,19,40,68,2,0,USD,3,10,21,31,,35.95,0,35.95,0,Create Outlet deal,,29.36,2,0,1564.68,0.21,0.356311,cubic feet,Standard,50.239851,US,gl_home,14711,366,128,56,59,35.95,107.85,377.46,796.91,1156.41,12,0,0,107,1,202.11,0,0,0,0,,0,0,43,7.66,6,2.14,2,1.07,1,1.94,66,134.01,2,4.2,2,4.92,0,0,454.8,26,Excess,,,2026-04-27,Yes,No,454.8,451.7,2026-04-27,141,0,0,0,366,unassigned,N,,,
2026-04-30,SATIN-6PC-FULL-LAVENDER,X004BS2KU1,B0D9QR6YSH,"DECOLURE Satin Bed Sheets - 6 Piece Luxury Silky Full Size Bedding Set - Softer Than Silk, Wrinkle-Free with 15” Deep Pocket Fitted Sheet, Perfect for Hair & Skin, Gifts for Women (Lavender)",New,77,0,49,1,30,9,0,0,USD,0,4,7,13,,29.95,0,29.95,0,Create Outlet deal,,19.47,2,0,3234.3,0.17,0.307072,cubic feet,Standard,23.644544,US,gl_home,24922,366,72,77,77,29.95,0,95.76,203.61,347.31,0,49,0,39,0,55.93,0,0,0,0,,12,0,0,0,0,0,0,0,30,50.2,6,10.5,3,5.44,0,0,0,0,682.5,11,Excess,,,2026-04-27,Yes,No,682.5,489.3,2026-04-27,77,0,12,0,366,unassigned,N,,,
2026-04-30,BM-CALKING-MIDNIGHT-BLACK,X003VHUGB3,B0C9LTYXMQ,DECOLURE Cooling Bed Sheets Cal-King Set 4pcs - Luxurious & Soft California King Size Cooling Sheets for Hot Sleepers - Comfy & Cool California King Bamboo Viscose Microfiber Sheets (Midnight Black),New,12,0,0,13,0,0,0,0,USD,6,19,34,44,,39.95,0,39.95,0,Create Outlet deal,,27.97,2,0,6.41,1.09,0.242794,cubic feet,Standard,2.913528,US,gl_home,99235,52,0,2,3,39.95,239.7,775.05,1390.3,1789.8,0,0,0,0,0,2.06,0,0,0,0,,0,0,,,,,,,,,,,,,,,,,94.2,15,Low stock,17,2026-05-06,2026-04-27,Yes,No,45.6,94.2,2026-04-27,12,0,0,0,52,unassigned,N,,,
2026-04-30,SATIN-GOLD-QUEEN,X002O624MB,B08KRW2BX3,"DECOLURE Satin Bed Sheets - 4 Piece Luxury Silky Queen Size Bedding Set - Softer Than Silk, Wrinkle-Free with 15” Deep Pocket Fitted Sheet, Perfect for Hair & Skin, Gifts for Women (Gold)",New,119,0,125,0,0,0,0,0,USD,8,63,91,98,,31.95,0,31.95,0,CreateShippingPlan,,0,0,0,0,1.14,0.232784,cubic feet,Standard,27.701296,US,gl_home,10574,54,0,7,15,31.95,255.6,2057.19,2955.27,3178.92,2,123,0,0,0,14.21,0,0,0,0,,5,0,,,,,,,,,,,,,,,,,73.3,148,Low stock,194,2026-05-07,2026-04-27,Yes,No,70.4,73.3,2026-04-27,119,0,4,1,54,unassigned,N,,,
2026-04-30,SS-BAMBOO-LIGHT-GREY-TWIN-4PCS,X004D8VMA3,B0DDTY5FXV,"SLEEP SANCTUARY 100% Viscose Derived from Bamboo Sheets Twin Size 4pcs – BamBliss Luxury Cooling Sheets for Hot Sleepers - Cloud Soft, 17"" Deep Pocket, Ultra Durable Bed Set (Light Grey)",New,25,0,0,1,24,0,0,0,USD,0,1,3,3,,54.99,0,54.99,0,Create Outlet deal,,41.99,2,0,1633.13,0.11,0.202365,cubic feet,Standard,5.059125,US,gl_home,47560,366,25,100,108,54.99,0,54.99,169.97,169.97,0,0,0,24,0,7.85,0,0,0,0,,0,0,6,0.61,18,3.63,0,0,0,0,0,0,0,0,0,0,0,0,808.3,3,Excess,,,2026-04-27,Yes,No,384.5,808.3,2026-04-27,25,0,0,0,366,unassigned,N,,,
2026-04-30,SL-COOLING-FITTED-FULL-NAVY-BLUE,X004OD8B7J,B0F7M6N7BG,"SLEEPHORIA Cooling Fitted Sheet Full Size - 1 PC BreezeWeave Cooling Sheets for Hot Sleepers & Cool Rest w/ 16 in Deep Pocket - Corner Straps, Cloud Soft, Ultra Durable - 52 x 72 in (Navy Blue)",New,51,0,0,0,48,4,0,0,USD,2,10,19,19,,27.99,0,27.99,0,Create Outlet deal,,14.99,2,0,766.6,0.29,0.139328,cubic feet,Standard,7.105728,US,gl_home,33953,196,49,20,34,27.99,57.98,297.9,553.81,553.81,0,0,0,52,0,42.37,0,0,0,0,,0,0,0,0,0,0,0,0,52,39.49,0,0,0,0,0,0,0,0,315.3,,Excess,,,2026-04-27,Yes,No,146.2,315.3,2026-04-27,51,0,0,0,196,unassigned,N,,,
2026-04-30,SS-SATIN-STRIPED-GOLD-KING-4PCS,X004D79ZVH,B0DDQXKZK7,"SLEEP SANCTUARY Satin Sheets King Size – 4 Piece Luxury Silky Bed Set, Softer Than Silk, 15"" Deep Pocket, Cooling & Wrinkle-Free, Moisture-Wicking & Breathable for Hair & Skin (Striped Gold)",New,96,0,24,0,1,2,75,0,USD,1,23,71,73,,35.95,0,35.95,0,NoRestockExcessActionRequired,,20.47,18,0,932.31,0.58,0.304116,cubic feet,Standard,29.195136,US,gl_home,14711,366,115,19,20,35.95,35.95,507.77,1570.25,1642.15,24,0,0,2,1,200.6,18,0,12,6,,6,0,0,0,0,0,0,0,1,1.66,1,1.73,0,0,76,159.49,0,0,151.5,27,Excess,,,2026-04-27,Yes,No,121.3,151.5,2026-04-27,120,6,0,0,366,unassigned,N,,,
2026-04-30,SS-BAMBOO-WHITE-KING-6PCS,X004D8VLZ9,B0DDTZ92JW,"SLEEP SANCTUARY 100% Viscose Derived from Bamboo Sheets King Size 6pcs – BamBliss Luxury Cooling Sheets for Hot Sleepers - Cloud Soft, 17"" Deep Pocket, Ultra Durable Bed Set (White)",New,242,0,17,16,242,0,0,0,USD,26,111,248,433,,69.99,0,69.99,66.49,GoToRestock,,0,0,0,0,0.91,0.361387,cubic feet,Standard,87.455654,US,gl_home,47560,71,0,8,7,69.99,1779.74,7612.89,17111.52,30053.67,5,7,5,242,0,83.72,0,0,0,0,,26,0,192,34.67,55,19.88,0,0,0,0,0,0,0,0,0,0,0,0,98.7,91,Healthy,,,2026-04-27,No,No,86.1,98.7,2026-04-27,247,5,18,3,77,unassigned,N,,,
2026-04-30,SS-SATIN-STONE-GREY-KING-4PCS,X004D7K9AX,B0DDR1ZPRZ,"SLEEP SANCTUARY Satin Sheets King Size – 4 Piece Luxury Silky Bed Set, Softer Than Silk, 15"" Deep Pocket, Cooling & Wrinkle-Free, Moisture-Wicking & Breathable for Hair & Skin (Stone Grey)",New,188,0,50,43,83,19,0,0,USD,15,67,119,154,,35.95,0,35.95,0,NoExcessInventory,,0,0,0,0,0.6,0.23363,cubic feet,Standard,43.92244,US,gl_home,14711,214,0,21,30,35.95,539.25,2408.37,4283.77,5542.02,19,31,0,102,0,56.06,174,66,108,0,,9,1,90,10.5,13,3.04,0,0,4,5.09,19,25.3,0,0,0,0,0,0,152.5,108,Healthy,,,2026-04-27,Yes,No,96.1,152.5,2026-04-27,362,0,9,0,270,unassigned,N,,,
2026-04-30,LINEN-CURTAIN-52x72-LIGHT-BEIGE-2-PCS,X004NSXDKZ,B0F638RWQV,"DECOLURE Linen Blackout Curtains - SunShield 72 Inches Long Black Out Curtains for Living Room and Bedroom Windows - Luxury Faux Linen, 2 Panels Set, Ultra Durable - 72 Length x 52 in (Light Beige)",New,40,0,0,0,48,0,0,0,USD,,,,,Low traffic,28.99,0,28.99,0,Create removal order,,0,0,0,2058.46,0,0.199952,cubic feet,Standard,7.99808,US,gl_home,,,40,,,28.99,,,,,0,0,0,48,0,36.57,0,0,0,0,48,8,0,0,0,0,0,16,4.8,32,34.88,0,0,0,0,0,0,0,0,,,Excess,,,,,,,,2026-04-27,40,0,8,0,,unassigned,N,,,
2026-04-30,SATIN-CHAMPAGNE-FULL-6PCS,X003UM8ZGR,B0C7FSXPC5,"DECOLURE Satin Bed Sheets - 6 Piece Luxury Silky Full Size Bedding Set - Softer Than Silk, Wrinkle-Free with 15” Deep Pocket Fitted Sheet, Perfect for Hair & Skin, Gifts for Women (Champagne)",New,82,0,1,3,1,3,0,74,USD,0,4,4,4,,31.95,0,31.95,0,Create Outlet deal,,20.96,2,0,4396.49,0.05,0.193854,cubic feet,Standard,15.896028,US,gl_home,24922,366,82,82,266,31.95,0,107.84,107.84,107.84,1,0,0,3,1,129.45,0,0,0,0,,0,0,0,0,0,0,1,0.29,1,1.06,1,1.11,1,1.14,0,0,74,113.31,1911.5,7,Excess,,,2026-04-27,Yes,No,625.5,1911.5,2026-04-27,82,0,0,0,366,unassigned,N,,,
2026-04-30,SATIN-STRIPE-KING-BLUE,X0030KP0DZ,B09G6JGMY9,"DECOLURE Satin Bed Sheets - 4 Piece Luxury Silky King Size Bedding Set - Softer Than Silk, Wrinkle-Free with 15” Deep Pocket Fitted Sheet, Perfect for Hair & Skin, Gifts for Women (Striped Blue)",New,45,0,1,2,46,0,0,0,USD,3,18,35,57,,33.95,0,33.95,0,NoRestockExcessActionRequired,,0,0,0,0,0.75,0.284089,cubic feet,Standard,12.784005,US,gl_home,10574,56,0,10,10,32.25,101.85,610.97,1205.12,1936.72,1,0,0,46,0,14.45,0,0,0,0,,2,0,24,3.41,22,6.23,0,0,0,0,0,0,0,0,0,0,0,0,134.3,21,Healthy,,,2026-04-27,Yes,No,106.7,134.3,2026-04-27,46,1,0,1,57,unassigned,N,,,
2026-04-30,BAMBOO-KING-TAUPE-6PCS,X00438CIR9,B0CQ3178D7,"DECOLURE 100% Viscose Derived from Bamboo Sheets King Size - Luxury 6 Pc Naturally Cooling Sheets, Ultra Soft Bed Set - Deep 17"" Pockets, Durable Double Stitching, Oeko Tex Standard (Taupe)",New,0,0,21,0,0,0,0,0,USD,14,250,752,1328,,89.99,0,89.99,0,CreateShippingPlan,,0,0,0,0,2.24,0.350974,cubic feet,Standard,0,US,gl_home,14195,24,0,15,9,89.99,1284.86,22362.5,64947.71,110885.95,21,0,0,0,0,1.39,960,784,168,8,,37,0,,,,,,,,,,,,,,,,,38.7,430,Low stock,,,2026-04-27,No,No,9,38.7,2026-04-27,982,22,4,11,147,unassigned,N,,,
2026-04-30,SS-SATIN-BABY-BLUE-TWIN-3PCS,X004D7A0HZ,B0DDR9ZDTW,"SLEEP SANCTUARY Satin Sheets Twin Size – 3 Piece Luxury Silky Bed Set, Softer Than Silk, 15"" Deep Pocket, Cooling & Wrinkle-Free, Moisture-Wicking & Breathable for Hair & Skin (Baby Blue)",New,13,0,0,1,0,13,0,0,USD,2,7,11,17,,29.95,0,29.95,0,NoExcessInventory,,0,0,0,0.02,0.79,0.224182,cubic feet,Standard,2.914366,US,gl_home,14711,69,0,7,9,29.95,59.9,209.63,329.43,509.13,0,0,0,13,0,16.41,0,0,0,0,,1,0,0,0,0,0,0,0,0,0,13,16.61,0,0,0,0,0,0,130.5,10,Healthy,4,2026-05-06,2026-04-27,Yes,No,100.7,130.5,2026-04-27,14,1,0,0,69,unassigned,N,,,
2026-04-30,SATIN-WHITE-FULL,X002O5X15V,B08KRNYD9B,"DECOLURE Satin Bed Sheets - 4 Piece Luxury Silky Full Size Bedding Set - Softer Than Silk, Wrinkle-Free with 15” Deep Pocket Fitted Sheet, Perfect for Hair & Skin, Gifts for Women (White)",New,87,0,8,5,78,0,0,0,USD,2,18,69,101,,29.95,0,29.95,0,NoRestockExcessActionRequired,,0,0,0,0,0.69,0.195072,cubic feet,Standard,16.971264,US,gl_home,10574,114,0,39,22,28.45,59.9,524.1,2069.55,3002.45,2,6,0,78,0,20.23,90,0,90,0,,4,0,2,0.2,77,15.06,0,0,0,0,0,0,0,0,0,0,0,0,145.5,62,Healthy,,,2026-04-27,Yes,No,125.2,145.5,2026-04-27,179,2,2,0,116,unassigned,N,,,
2026-04-30,SL-COOLING-SHEET-QUEEN-BEIGE,X004OCYRZZ,B0F7LX6W9T,"SLEEPHORIA Cooling Sheets - BreezeWeave 4 PC Queen Size Cooling Bed Sheets for Hot Sleepers & Deep, Cool Rest - Cloud Soft, Silky Smooth, 16 in Deep Pocket, Ultra Durable (Beige)",New,173,0,204,0,0,0,0,0,USD,29,107,176,225,,64.99,0,64.99,0,NoExcessInventory,,0,0,0,0,1.29,0.302363,cubic feet,Standard,52.308799,US,gl_home,32563,97,0,6,9,64.99,1884.71,6953.93,11480.24,14664.75,81,123,0,0,0,32.94,0,0,0,0,,38,0,,,,,,,,,,,,,,,,,84.7,65,Healthy,,,2026-04-27,No,No,76,84.7,2026-04-27,173,0,36,2,120,unassigned,N,,,
2026-04-30,SATIN-FITTED-QUEEN-BLUSH-PINK,X004CBXT4N,B0DBVZBLDK,"DECOLURE Satin Fitted Sheet Queen Size (1 PC) – Luxuriously Smooth & Softer than Silk Bed Sheets w/ 15 Inch Deep Pocket Hypoallergenic Wrinkle Free, Secure Snug Fit, Elastic Corner Straps (Blush Pink)",New,121,0,5,64,76,0,0,0,USD,13,41,88,114,,17.95,0,17.95,0,NoRestockExcessActionRequired,,0,0,0,0,0.52,0.103889,cubic feet,Standard,12.570569,US,gl_home,14844,79,0,11,13,17.95,225.35,717.95,1575.6,2042.3,2,2,1,76,0,11.51,0,0,0,0,,25,0,97,5.04,0,0,0,0,0,0,0,0,0,0,0,0,0,0,174.2,71,Healthy,,,2026-04-27,Yes,No,142.7,174.2,2026-04-27,121,0,25,0,98,unassigned,N,,,
2026-04-30,SS-SATIN-STRIPED-WHITE-KING-4PCS,X004D7A3EP,B0DDR4D9HP,"SLEEP SANCTUARY Satin Sheets King Size – 4 Piece Luxury Silky Bed Set, Softer Than Silk, 15"" Deep Pocket, Cooling & Wrinkle-Free, Moisture-Wicking & Breathable for Hair & Skin (Striped White)",New,153,0,2,1,2,3,147,0,USD,4,29,52,59,,35.95,0,35.95,0,NoRestockExcessActionRequired,,28.66,16,0,1017.29,0.31,0.307613,cubic feet,Standard,47.064789,US,gl_home,14711,366,121,21,33,35.95,143.8,925.91,1665.28,1916.93,2,0,0,4,1,323.06,0,0,0,0,,1,0,1,0.15,0,0,1,0.46,0,0,1,1.75,2,3.63,147,312.04,0,0,307.2,37,Excess,,,2026-04-27,Yes,No,166.8,307.2,2026-04-27,153,0,1,0,366,unassigned,N,,,
2026-04-30,SL-CLG-PC-WHITE-QUEEN-2PCS,X004OCE4PX,B0F7LKTKKS,"SLEEPHORIA Cooling Pillow Cases - BreezeWeave Queen Size Set of 2 Pillowcases for Hot Sleepers & Cool, Deep Rest - Cloud Soft, Silky Smooth, Ultra Durable, Easy Care, Hidden Zipper (White)",New,21,0,3,28,0,0,0,0,USD,5,39,96,142,,17.99,0,17.99,0,NoExcessInventory,,0,0,0,0,1.42,0.072698,cubic feet,Standard,1.526658,US,gl_home,168211,181,0,34,31,17.99,87.95,693.61,1666.04,2455.58,3,0,0,0,0,0.88,320,160,160,0,,6,0,,,,,,,,,,,,,,,,,61.4,48,Low stock,,,2026-04-27,Yes,No,35.1,61.4,2026-04-27,344,3,0,3,345,unassigned,N,,,
2026-04-30,SS-BAMBOO-LIGHT-OLIVE-CALIFKING-6PCS,X004D8TQVZ,B0DDTXFQ29,"SLEEP SANCTUARY 100% Viscose Derived from Bamboo Sheets California King Size 6pcs – BamBliss Luxury Cooling Sheets for Hot Sleepers - Cloud Soft, 17"" Deep Pocket, Ultra Durable Bed Set (Light Olive)",New,23,0,0,1,22,0,0,0,USD,0,2,4,4,,69.99,0,69.99,0,Create Outlet deal,,37.49,2,0,1995.09,0.16,0.302756,cubic feet,Standard,6.963388,US,gl_home,47560,366,23,46,74,69.99,0,139.98,284.96,284.96,0,0,0,22,0,11.01,0,0,0,0,,0,0,4,0.6,18,5.46,0,0,0,0,0,0,0,0,0,0,0,0,581,3,Excess,,,2026-04-27,Yes,No,237.7,581,2026-04-27,23,0,0,0,366,unassigned,N,,,
2026-04-30,SS-BAMBOO-LIGHT-BLUE-QUEEN-6PCS,X004D8UXSP,B0DDV1B2T2,"SLEEP SANCTUARY 100% Viscose Derived from Bamboo Sheets Queen Size 6pcs – BamBliss Luxury Cooling Sheets for Hot Sleepers - Cloud Soft, 17"" Deep Pocket, Ultra Durable Bed Set (Light Blue)",New,47,0,3,2,40,0,0,0,USD,11,30,69,109,,64.99,0,64.99,0,GoToRestock,,0,0,0,0,1.08,0.322973,cubic feet,Standard,15.179731,US,gl_home,47560,53,0,6,5,64.99,714.89,1944.7,4479.31,7108.91,2,1,0,40,0,12.78,0,0,0,0,,2,0,40,6.46,0,0,0,0,0,0,0,0,0,0,0,0,0,0,91.1,28,Healthy,8,2026-05-06,2026-04-27,Yes,No,64.4,91.1,2026-04-27,48,1,1,0,54,unassigned,N,,,
2026-04-30,SS-BAMBOO-LIGHT-BLUE-FULL-6PCS,X004D8NLQB,B0DDTYHW5S,"SLEEP SANCTUARY 100% Viscose Derived from Bamboo Sheets Full 6pcs – BamBliss Luxury Cooling Sheets for Hot Sleepers - Cloud Soft, 17"" Deep Pocket, Ultra Durable Bed Set (Light Blue)",New,44,0,1,0,49,0,0,0,USD,1,7,22,29,,59.99,0,59.99,0,Create Outlet deal,,32.49,2,0,380.31,0.45,0.293921,cubic feet,Standard,12.932524,US,gl_home,47560,216,46,25,19,59.99,59.99,419.93,1299.78,1724.71,0,1,0,49,0,21.03,0,0,0,0,,6,0,18,2.63,31,9.09,0,0,0,0,0,0,0,0,0,0,0,0,232.6,11,Excess,,,2026-04-27,Yes,No,232.6,209.8,2026-04-27,50,6,0,0,216,unassigned,N,,,
2026-04-30,SS-BAMBOO-NAVY-BLUE-CALIFKING-6PCS,X004D8Q0IR,B0DDTZ65CP,"SLEEP SANCTUARY 100% Viscose Derived from Bamboo Sheets California King Size 6pcs – BamBliss Luxury Cooling Sheets for Hot Sleepers - Cloud Soft, 17"" Deep Pocket, Ultra Durable Bed Set (Navy Blue)",New,4,0,1,0,3,0,0,0,USD,2,10,12,16,,69.99,0,69.99,0,Create Outlet deal,,37.49,2,0,12.45,1.21,0.302756,cubic feet,Standard,1.211024,US,gl_home,47560,21,0,1,3,69.99,139.98,699.9,839.88,1124.84,0,1,0,3,0,0.76,0,0,0,0,,0,0,3,0.45,0,0,0,0,0,0,0,0,0,0,0,0,0,0,81.7,9,Low stock,10,2026-05-05,2026-04-27,Yes,No,32.4,81.7,2026-04-27,4,0,0,0,21,unassigned,N,,,
2026-04-30,BAMBOO-TWIN-LIGHTOLIVE-6PCS,X00438TIKT,B0CQ2YWCB3,"DECOLURE 100% Viscose Derived from Bamboo Sheets Twin Size - Luxury 4 Pc Naturally Cooling Sheets, Ultra Soft Bed Set - Deep 17"" Pockets, Durable Double Stitching, Oeko Tex Standard (Light Olive)",New,80,0,1,1,48,0,30,0,USD,0,4,4,7,,64.99,0,64.99,0,Edit listing,,64.34,9,0,4069.74,0.08,0.184486,cubic feet,Standard,14.75888,US,gl_home,14195,366,80,80,148,64.99,0,259.94,259.94,474.91,0,1,0,48,0,65.09,0,0,0,0,,1,0,1,0.09,24,4.42,24,6.64,0,0,0,0,0,0,1,1.27,29,42.26,1087,7,Excess,,,2026-04-27,Yes,No,622.8,1087,2026-04-27,80,0,1,0,366,unassigned,N,,,
2026-04-30,SS-SATIN-BLACK-KING-4PCS,X004D7LWNV,B0DDRKVH9Q,"SLEEP SANCTUARY Satin Sheets King Size – 4 Piece Luxury Silky Bed Set, Softer Than Silk, 15"" Deep Pocket, Cooling & Wrinkle-Free, Moisture-Wicking & Breathable for Hair & Skin (Black)",New,445,0,460,0,0,0,0,0,USD,68,294,569,813,,35.95,0,35.95,0,NoExcessInventory,,0,0,0,0,1.68,0.301341,cubic feet,Standard,134.096745,US,gl_home,14711,79,0,8,9,35.95,2444.59,10567.76,20550.01,29321.81,316,144,0,0,0,62.8,173,0,102,71,,23,0,,,,,,,,,,,,,,,,,54.7,321,Healthy,154,2026-05-06,2026-04-27,No,No,40.4,54.7,2026-04-27,626,8,14,1,82,unassigned,N,,,
2026-04-30,SATIN-QUEEN-GREY-6PCS,X003UM8ZI5,B0C7F5ZR17,"DECOLURE Satin Bed Sheets - 6 Piece Luxury Silky Queen Size Bedding Set - Softer Than Silk, Wrinkle-Free with 15” Deep Pocket Fitted Sheet, Perfect for Hair & Skin, Gifts for Women (Grey)",New,108,0,2,13,99,0,0,0,USD,6,33,57,88,,29.95,0,29.95,0,NoExcessInventory,,0,0,0,0,0.55,0.212931,cubic feet,Standard,22.996548,US,gl_home,24922,141,0,13,15,29.95,179.7,988.22,1753.78,2682.23,1,1,0,99,0,23.58,0,0,0,0,,4,0,101,10.8,0,0,0,0,0,0,0,0,0,0,0,0,0,0,162.8,55,Healthy,,,2026-04-27,Yes,No,107.7,162.8,2026-04-27,110,2,2,0,145,unassigned,N,,,
2026-04-30,SL-COOLING-SHEET-KING-LIGHT-PINK,X004OD4SU3,B0F7LTXSLG,"SLEEPHORIA Cooling Sheets - BreezeWeave 4 PC King Size Cooling Bed Sheets for Hot Sleepers & Deep, Cool Rest - Cloud Soft, Silky Smooth, 16 in Deep Pocket, Ultra Durable (Light Pink)",New,5,0,13,0,0,0,0,0,USD,10,60,93,113,,76.99,0,76.99,0,GoToRestock,,0,0,0,0,3.83,0.319215,cubic feet,Standard,1.596075,US,gl_home,32563,12,0,0,0,76.99,757.9,4595.4,7108.57,8637.37,13,0,0,0,0,0.61,0,0,0,0,,3,0,,,,,,,,,,,,,,,,,34.5,22,Low stock,36,2026-05-06,2026-04-27,Yes,No,23.9,34.5,2026-04-27,8,3,0,0,12,unassigned,N,,,
2026-04-30,SL-COOLING-FITTED-TWIN-COOL-BLUE,X004OD9S8F,B0F7M7Z55J,"SLEEPHORIA Cooling Fitted Sheet Twin Size - 1 PC BreezeWeave Cooling Sheets for Hot Sleepers & Cool Rest w/ 16 in Deep Pocket - Corner Straps, Cloud Soft, Ultra Durable - 37 x 72 in (Cool Blue)",New,29,0,0,0,30,0,0,0,USD,3,20,30,30,,24.99,0,24.99,0,NoExcessInventory,,0,0,0,0.01,0.6,0.115405,cubic feet,Standard,3.346745,US,gl_home,33953,65,0,5,12,24.99,74.97,533.8,787.7,787.7,0,0,0,30,0,19.54,0,0,0,0,,1,0,0,0,0,0,0,0,30,18.89,0,0,0,0,0,0,0,0,171.1,,,,,2026-04-27,Yes,No,54.2,171.1,2026-04-27,30,1,0,0,65,unassigned,N,,,
2026-04-30,SATIN-STRIPE-FULL-WHITE,X0030KQXRR,B09G6KKB4S,"DECOLURE Satin Bed Sheets - 4 Piece Luxury Silky Full Size Bedding Set - Softer Than Silk, Wrinkle-Free with 15” Deep Pocket Fitted Sheet, Perfect for Hair & Skin, Gifts for Women (Striped White)",New,78,0,31,2,48,0,0,0,USD,0,5,10,22,,29.95,0,29.95,0,NoRestockExcessActionRequired,,16.77,5,0,412.15,0.27,0.154137,cubic feet,Standard,12.022686,US,gl_home,10574,366,39,62,46,28.45,0,149.74,310.75,640.38,1,18,12,48,0,24.89,0,0,0,0,,2,0,0,0,30,4.6,1,0.23,17,14.28,0,0,0,0,0,0,0,0,356.7,13,Excess,,,2026-04-27,Yes,No,356.7,330.4,2026-04-27,80,2,0,0,366,unassigned,N,,,
2026-04-30,BM-TWIN-R-PURPLE,X003VHUI9X,B0C9LS4RWT,DECOLURE Cooling Bed Sheets Twin Set 3pcs - Luxurious & Ultra-Soft Twin Size Cooling Sheets for Hot Sleepers - Comfortable Cool Bamboo Viscose Microfiber Sheets Twin Size w/Deep Pockets (Purple),New,81,0,1,0,48,33,0,0,USD,1,4,9,13,,48.95,0,48.95,0,Create Outlet deal,,22.97,2,0,2725.28,0.13,0.181028,cubic feet,Standard,14.663268,US,gl_home,99235,366,69,81,81,48.95,48.95,150.8,320.55,468.35,0,0,1,81,0,55.78,0,0,0,0,,1,0,0,0,0,0,48,13.03,33,32.57,0,0,0,0,0,0,0,0,641.8,9,Excess,,,2026-04-27,Yes,No,641.8,621.7,2026-04-27,82,1,0,0,366,unassigned,N,,,
2026-04-30,SS-SATIN-STONE-GREY-TWIN-3PCS,X004D7HGGN,B0DDQVBL24,"SLEEP SANCTUARY Satin Sheets Twin Size – 3 Piece Luxury Silky Bed Set, Softer Than Silk, 15"" Deep Pocket, Cooling & Wrinkle-Free, Moisture-Wicking & Breathable for Hair & Skin (Stone Grey)",New,40,0,41,0,0,0,0,0,USD,2,3,8,9,,29.95,0,29.95,0,Create Outlet deal,,17.47,2,0,1964.2,0.29,0.259904,cubic feet,Standard,10.39616,US,gl_home,14711,366,0,53,57,29.95,59.9,89.84,259.59,294.54,1,24,16,0,0,7.21,0,0,0,0,,2,0,,,,,,,,,,,,,,,,,661.5,6,Healthy,,,2026-04-27,Yes,No,661.5,360.4,2026-04-27,40,0,2,0,366,unassigned,N,,,
2026-04-30,SL-COOLING-FITTED-CAL-KING-LIGHT-BLUE,X004OD2QVB,B0F7M35WZY,"SLEEPHORIA Cooling Fitted Sheet Calfornia King Size - 1 PC BreezeWeave Cooling Sheets for Hot Sleepers & Cool Rest w/ 16 in Deep Pocket - Corner Straps, Cloud Soft - 69 x 81 in (Light Blue)",New,43,0,1,0,43,0,0,0,USD,1,3,5,5,,33.99,0,33.99,0,Create Outlet deal,,17.99,2,0,2010.45,0.11,0.144256,cubic feet,Standard,6.203008,US,gl_home,33953,366,43,57,111,33.99,33.99,105.97,173.95,173.95,1,0,0,43,0,36.78,0,0,0,0,,0,0,0,0,0,0,1,0.22,42,33.05,0,0,0,0,0,0,0,0,1055,,Excess,,,2026-04-27,Yes,No,679,1055,2026-04-27,43,0,0,0,366,unassigned,N,,,
2026-04-30,SATIN-IVORY-KING,X003EKFNXD,B0BG225D1J,"DECOLURE Satin Bed Sheets - 4 Piece Luxury Silky King Size Bedding Set - Softer Than Silk, Wrinkle-Free with 15” Deep Pocket Fitted Sheet, Perfect for Hair & Skin, Gifts for Women (Ivory)",New,232,0,191,71,0,0,0,0,USD,13,51,100,152,,33.95,0,33.95,0,NoRestockExcessActionRequired,,0,0,0,0,0.53,0.262673,cubic feet,Standard,60.940136,US,gl_home,10574,341,0,34,37,32.25,444.72,1733.05,3502.07,5267.47,3,62,126,0,0,39.59,210,0,210,0,,31,0,,,,,,,,,,,,,,,,,179.2,79,Healthy,,,2026-04-27,Yes,No,179.2,174.1,2026-04-27,443,1,28,2,366,unassigned,N,,,
2026-04-30,BAMBOO-FULL-LIGHT PINK-6PCS,X00438KSE9,B0CQ32S4MW,"DECOLURE 100% Viscose Derived from Bamboo Sheets Full Size - Luxury 6 Pc Naturally Cooling Sheets, Ultra Soft Bed Set - Deep 17"" Pockets, Durable Double Stitching, Oeko Tex Standard (Light Pink)",New,13,0,1,16,0,0,0,0,USD,3,17,51,83,,74.99,0,74.99,0,CreateShippingPlan,,0,0,0,0,1.48,0.249554,cubic feet,Standard,3.244202,US,gl_home,14195,14,0,3,2,74.99,224.97,1293.33,3698.49,5939.17,0,0,1,0,0,1.27,0,0,0,0,,2,0,,,,,,,,,,,,,,,,,61.5,64,Low stock,115,2026-05-06,2026-04-27,Yes,No,44.3,61.5,2026-04-27,13,0,1,1,15,unassigned,N,,,
2026-04-30,SL-COOLING-FITTED-FULL-LIGHT-PINK,X004OD9ZH9,B0F7M26SWR,"SLEEPHORIA Cooling Fitted Sheet Full Size - 1 PC BreezeWeave Cooling Sheets for Hot Sleepers & Cool Rest w/ 16 in Deep Pocket - Corner Straps, Cloud Soft, Ultra Durable - 52 x 72 in (Light Pink)",New,63,0,0,0,49,14,0,0,USD,0,6,9,9,,27.99,0,27.99,0,Create Outlet deal,,14.99,2,0,2466.49,0.13,0.135875,cubic feet,Standard,8.560125,US,gl_home,33953,366,63,42,91,27.99,0,179.94,263.91,263.91,0,0,0,63,0,52.63,0,0,0,0,,0,0,0,0,0,0,0,0,63,46.66,0,0,0,0,0,0,0,0,698.4,,Excess,,,2026-04-27,Yes,No,331.8,698.4,2026-04-27,63,0,0,0,366,unassigned,N,,,
2026-04-30,BAMBOO-KING-PURPLE-6PCS,X00438TOC1,B0CQ328N9Z,"DECOLURE 100% Viscose Derived from Bamboo Sheets King Size - Luxury 6 Pc Naturally Cooling Sheets, Ultra Soft Bed Set - Deep 17"" Pockets, Durable Double Stitching, Oeko Tex Standard (Purple)",New,288,0,5,163,152,0,0,0,USD,13,59,99,161,,110.99,0,110.99,0,NoRestockExcessActionRequired,,0,0,0,52.65,0.4,0.35971,cubic feet,Standard,103.59648,US,gl_home,14195,237,0,19,23,110.99,1305.85,4814.63,8213.23,13015.61,3,0,2,152,0,109.91,0,0,0,0,,28,0,2,0.36,91,32.74,60,32.39,0,0,0,0,0,0,0,0,0,0,228.3,98,Healthy,,,2026-04-27,Yes,No,202.8,228.3,2026-04-27,288,0,28,0,268,unassigned,N,,,
2026-04-30,LINEN-CURTAIN-52x63-IVORY-2-PCS,X004NSU7JP,B0F63B8T3G,"DECOLURE Linen Blackout Curtains - SunShield 63 Inches Long Black Out Curtains for Living Room and Bedroom Windows - Luxury Faux Linen, 2 Panels Set, Ultra Durable - 63 Length x 52 in (Ivory)",New,34,0,2,0,32,0,0,0,USD,0,0,0,0,Low traffic,27.99,0,27.99,0,Advertise listing,,0,0,0,1962.75,0,0.199952,cubic feet,Standard,6.798368,US,gl_home,6794874,366,34,,,27.99,0,0,0,0,0,0,2,32,0,25.45,0,0,0,0,,0,0,0,0,0,0,18,5.4,14,15.26,0,0,0,0,0,0,0,0,,3,Excess,,,,,,,,2026-04-27,34,0,0,0,366,unassigned,N,,,
2026-04-30,SATIN-STRIPE-TWIN-GOLD--6-PCS,X003UOC11P,B0C7K5TSRR,"DECOLURE Satin Bed Sheets - 4 Piece Luxury Silky Twin Size Bedding Set - Softer Than Silk, Wrinkle-Free with 15” Deep Pocket Fitted Sheet, Perfect for Hair & Skin, Gifts for Women (Striped Gold)",New,59,0,30,0,30,0,0,0,USD,0,1,1,4,,27.95,0,27.95,0,Create Outlet deal,,24.46,2,0,1481.89,0.09,0.102665,cubic feet,Standard,6.057235,US,gl_home,24922,366,59,236,191,27.95,0,34.95,34.95,118.8,0,30,0,30,0,20.51,0,0,0,0,,0,0,0,0,0,0,0,0,30,16.79,0,0,0,0,0,0,0,0,1792,3,Excess,,,2026-04-27,Yes,No,1792,1000.3,2026-04-27,59,0,0,0,366,unassigned,N,,,
2026-04-30,BAMBOO-KING-BLACK,X003TOCG7P,B0BZPZ2L1R,"DECOLURE 100% Viscose Derived from Bamboo Sheets King Size - Luxury 4 Pc Naturally Cooling Sheets, Ultra Soft Bed Set - Deep 17"" Pockets, Durable Double Stitching, Oeko Tex Standard (Black)",New,77,0,108,0,0,0,0,0,USD,20,31,83,191,,84.99,0,76.49,0,NoRestockExcessActionRequired,,,0,0,,1.97,0.286931,cubic feet,Standard,22.093687,US,gl_home,11515,163,0,42,22,76.49,1548.8,2394.44,6581.83,14898.68,108,0,0,0,0,,252,150,66,36,,105,0,,,,,,,,,,,,,,,,,84.6,155,Healthy,,,2026-04-27,Yes,No,84.6,31.6,2026-04-27,412,83,20,2,270,unassigned,N,,,
2026-04-30,SS-BAMBOO-PURPLE-FULL-6PCS,X004D8TP5H,B0DDTXKT5F,"SLEEP SANCTUARY 100% Viscose Derived from Bamboo Sheets Full 6pcs – BamBliss Luxury Cooling Sheets for Hot Sleepers - Cloud Soft, 17"" Deep Pocket, Ultra Durable Bed Set (Purple)",New,9,0,0,0,10,0,0,0,USD,1,2,8,11,,59.99,0,59.99,0,Create Outlet deal,,32.49,2,0,70.19,0.72,0.255223,cubic feet,Standard,2.297007,US,gl_home,47560,72,0,18,10,59.99,59.99,119.98,479.92,664.89,0,0,0,10,0,2.52,0,0,0,0,,0,0,6,0.77,4,1.03,0,0,0,0,0,0,0,0,0,0,0,0,172.5,7,Healthy,1,2026-05-07,2026-04-27,Yes,No,172.5,117.1,2026-04-27,9,0,0,0,72,unassigned,N,,,
2026-04-30,BAMBOO-FULL-BLACK,X003TONHMN,B0BZPYZ1XY,"DECOLURE 100% Viscose Derived from Bamboo Sheets Full Size - Luxury 4 Pc Naturally Cooling Sheets, Ultra Soft Bed Set - Deep 17"" Pockets, Durable Double Stitching, Oeko Tex Standard (Black)",New,118,0,0,147,0,0,0,0,USD,7,19,39,70,,69.99,0,69.98,0,NoRestockExcessActionRequired,,0,0,0,0,0.38,0.243274,cubic feet,Standard,28.706332,US,gl_home,11515,143,0,32,28,69.98,441.83,1179.99,2506.17,4472.53,0,0,0,0,0,20.4,36,36,0,0,,26,0,,,,,,,,,,,,,,,,,222.6,72,Healthy,,,2026-04-27,Yes,No,218.8,222.6,2026-04-27,161,7,18,1,226,unassigned,N,,,
2026-04-30,SILK-PILLOWCASE-KING-CORAL-1PCS,X004C9YXBX,B0DBR855WF,"DECOLURE 100% Pure Mulberry Silk Pillow Case King Size – Highest Grade 30 Momme 6A+, Luxuriously Soft & Cooling Silk Pillowcase for Hair & Skin, Hypoallergenic, Breathable, Hidden Zipper (Coral)",New,14,0,5,16,0,0,0,0,USD,9,16,26,49,,54.95,0,54.95,52.2,NoExcessInventory,,0,0,0,0,1.11,0.031164,cubic feet,Standard,0.436296,US,gl_home,181216,60,0,41,43,54.95,424.55,779.2,1298.7,2464.59,3,0,2,0,0,0.33,150,150,0,0,,7,0,,,,,,,,,,,,,,,,,139.3,17,Healthy,,,2026-04-27,Yes,No,139.3,99.3,2026-04-27,167,3,3,1,366,unassigned,N,,,
2026-04-30,SL-QUILT-SET-TWIN-BLACK,X004R3MZUF,B0FGZMX1XV,"SLEEPHORIA Twin Quilt Bedding Set - Cloud Soft All-Season Bedspread 2 PC w/Sham, Bed Quilt Twin Size Coverlet - Oversized, Light Weight, Ultra Durable, Easy Care - 68 x 86 in (Black)",New,33,0,0,0,33,0,0,0,USD,0,0,1,3,Low traffic,33.99,0,33.99,0,Create Outlet deal,,19.19,2,0,4792.73,0.09,0.568755,cubic feet,Oversize,18.768915,US,gl_home,4852131,366,33,,143,25.99,0,0,23.99,71.97,0,0,0,33,0,33.44,0,0,0,0,,0,0,0,0,15,8.54,18,15.36,0,0,0,0,0,0,0,0,0,0,,3,Excess,,,,,,,1013.3,2026-04-27,33,0,0,0,366,unassigned,N,,,
2026-04-30,SS-SATIN-STRIPED-BLACK-TWIN-3PCS,X004D7EWND,B0DDR3RYKF,"SLEEP SANCTUARY Satin Sheets Twin Size – 3 Piece Luxury Silky Bed Set, Softer Than Silk, 15"" Deep Pocket, Cooling & Wrinkle-Free, Moisture-Wicking & Breathable for Hair & Skin (Striped Black)",New,18,0,18,0,0,0,0,0,USD,0,1,2,2,,31.95,0,31.95,0,Create Outlet deal,,15.97,2,0,647.13,0.4,0.128822,cubic feet,Standard,2.318796,US,gl_home,14711,366,0,120,195,31.95,0,31.95,63.9,63.9,18,0,0,0,0,1.66,12,0,6,6,,0,0,,,,,,,,,,,,,,,,,125,5,Healthy,,,2026-04-27,Yes,No,125,78,2026-04-27,30,0,0,0,366,unassigned,N,,,
2026-04-30,SATIN-FITTED-QUEEN-GREY,X004CC2WDL,B0DBW19GXY,"DECOLURE Satin Fitted Sheet Queen Size (1 PC) – Luxuriously Smooth & Softer Than Silk Bed Sheets w/ 15 Inch Deep Pocket Hypoallergenic Wrinkle Free, Secure Snug Fit, Elastic Corner Straps (Grey)",New,951,0,9,680,365,0,0,0,USD,64,131,193,266,,17.95,0,12.47,0,NoRestockExcessActionRequired,,0,0,0,3468.01,0.2,0.221637,cubic feet,Standard,210.776787,US,gl_home,14844,366,943,29,46,12.47,914.12,2106.77,3233.67,4608.02,7,1,1,365,0,197.2,0,0,0,0,,97,0,406,44.96,0,0,0,0,0,0,0,0,0,0,0,0,0,0,491.9,161,Excess,,,2026-04-27,No,No,360.1,491.9,2026-04-27,1031,80,16,1,366,unassigned,N,,,
2026-04-30,SS-BAMBOO-CREME-QUEEN-6PCS,X004D8VMOJ,B0DDTZCKGQ,"SLEEP SANCTUARY 100% Viscose Derived from Bamboo Sheets Queen Size 6pcs – BamBliss Luxury Cooling Sheets for Hot Sleepers - Cloud Soft, 17"" Deep Pocket, Ultra Durable Bed Set (Creme)",New,121,0,6,3,112,0,0,0,USD,4,34,74,108,,64.99,0,64.99,0,NoExcessInventory,,0,0,0,0,0.62,0.325841,cubic feet,Standard,39.426761,US,gl_home,47560,135,0,14,14,64.99,259.96,2204.66,4804.26,7028.92,5,0,1,112,0,53.1,0,0,0,0,,2,0,50,8.14,64,20.89,0,0,0,0,0,0,0,0,0,0,0,0,147.4,49,Healthy,,,2026-04-27,Yes,No,117.4,147.4,2026-04-27,121,0,2,0,138,unassigned,N,,,
2026-04-30,WATERPROOF-CHAIR-COVER-BEIGE-4PCS,X004632PSN,B0CY6QPTVJ,"Waterproof Dining Chair Covers Set of 4 - 3 Layers Thick Fabric Parsons Chair Slip Covers - Jacquard Kitchen Chair Covers & Stretch Protectors for Dining Room, Restaurant - Removable Washable (Beige)",New,88,0,3,0,3,0,192,0,USD,132,160,172,174,,31.99,0,10.99,0,CreateShippingPlan,,0,0,126,8403.82,0.46,0.250497,cubic feet,Standard,22.043736,US,gl_home,71038,75,0,2,6,31.99,1468.68,1845.4,2087.78,2127.76,0,0,3,3,0,282.86,0,0,0,0,,84,0,0,0,0,0,0,0,3,4.1,0,0,0,0,192,331.88,0,0,380.6,23,Healthy,,,2026-04-27,No,No,144.2,380.6,2026-04-27,152,64,11,9,113,unassigned,N,,,
2026-04-30,SL-COOLING-SHEET-KING-NAVY-BLUE,X004OCWRCZ,B0F7M13J7X,"SLEEPHORIA Cooling Sheets - BreezeWeave 4 PC King Size Cooling Bed Sheets for Hot Sleepers & Deep, Cool Rest - Cloud Soft, Silky Smooth, 16 in Deep Pocket, Ultra Durable (Navy Blue)",New,51,0,68,0,0,0,0,0,USD,15,87,144,171,,77.99,0,77.99,0,GoToRestock,,0,0,0,0,1.94,0.335929,cubic feet,Standard,17.132379,US,gl_home,32563,36,0,2,3,77.99,1164.85,6638.13,10942.56,12973.29,36,32,0,0,0,8.33,0,0,0,0,,9,0,,,,,,,,,,,,,,,,,59.7,47,Healthy,34,2026-05-06,2026-04-27,No,No,41.8,59.7,2026-04-27,52,1,1,7,42,unassigned,N,,,
2026-04-30,SL-COOLING-FITTED-TWIN-REGAL-PURPLE,X004OD84KN,B0F7M5MGSY,"SLEEPHORIA Cooling Fitted Sheet Twin Size - 1 PC BreezeWeave Cooling Sheets for Hot Sleepers & Cool Rest w/ 16 in Deep Pocket - Corner Straps, Cloud Soft, Ultra Durable - 37 x 72 in (Regal Purple)",New,8,0,0,0,11,0,0,0,USD,2,8,13,13,,24.99,0,24.99,0,Create Outlet deal,,13.49,2,0,390.09,0.67,0.115405,cubic feet,Standard,0.92324,US,gl_home,33953,53,0,4,8,24.99,49.98,211.92,336.87,336.87,0,0,0,11,0,7.05,0,0,0,0,,3,0,0,0,0,0,0,0,11,6.92,0,0,0,0,0,0,0,0,156.7,,,8,2026-05-05,2026-04-27,Yes,No,70.1,156.7,2026-04-27,10,2,0,1,56,unassigned,N,,,
2026-04-30,SS-SATIN-STRIPED-GREY-FULL-4PCS,X004D7A36N,B0DDRKF8FG,"SLEEP SANCTUARY Satin Sheets Full Size – 4 Piece Luxury Silky Bed Set, Softer Than Silk, 15"" Deep Pocket, Cooling & Wrinkle-Free, Moisture-Wicking & Breathable for Hair & Skin (Striped Grey)",New,19,0,0,1,0,0,20,0,USD,1,5,9,13,,31.95,0,31.95,0,Create Outlet deal,,25.86,2,0,231.83,0.44,0.217996,cubic feet,Standard,4.141924,US,gl_home,14711,201,18,15,19,31.95,31.95,159.74,287.54,415.34,0,0,0,0,0,27.16,0,0,0,0,,0,0,0,0,0,0,0,0,0,0,0,0,0,0,20,30.06,0,0,202.5,9,Excess,,,2026-04-27,Yes,No,110,202.5,2026-04-27,19,0,0,0,201,unassigned,N,,,
2026-04-30,SL-COOLING-SHEET-QUEEN-NAVY-BLUE,X004OD4IP3,B0F7LYNN5W,"SLEEPHORIA Cooling Sheets - BreezeWeave 4 PC Queen Size Cooling Bed Sheets for Hot Sleepers & Deep, Cool Rest - Cloud Soft, Silky Smooth, 16 in Deep Pocket, Ultra Durable (Navy Blue)",,0,0,1,0,0,0,0,0,USD,0,13,88,108,,0,0,0,0,CreateShippingPlan,,,0,0,,4.04,0.297641,cubic feet,Standard,0,US,gl_home,,0,0,0,0,64.99,0,844.87,5733.12,7032.92,0,1,0,0,0,,0,0,0,0,,0,0,,,,,,,,,,,,,,,,,24.8,32,Out of stock,43,2026-04-29,2026-04-27,Yes,No,4.1,24.8,2026-04-27,0,0,0,0,0,unassigned,N,,,
2026-04-30,SL-COOLING-SHEET-FULL-CREAM,X004OCYRUZ,B0F7LX3RH7,"SLEEPHORIA Cooling Sheets - BreezeWeave 4 PC Full Size Cooling Bed Sheets for Hot Sleepers & Deep, Cool Rest - Cloud Soft, Silky Smooth, 16 in Deep Pocket, Ultra Durable (Cream)",New,48,0,52,0,0,0,0,0,USD,1,10,18,22,,60.99,0,60.99,0,NoRestockExcessActionRequired,,54.78,37,0,1654.71,0.63,0.274425,cubic feet,Standard,13.1724,US,gl_home,32563,221,0,19,28,60.99,59.99,599.9,1074.82,1315.78,12,40,0,0,0,9.27,0,0,0,0,,3,0,,,,,,,,,,,,,,,,,155.7,14,Healthy,,,2026-04-27,Yes,No,129.9,155.7,2026-04-27,49,1,1,1,228,unassigned,N,,,
2026-04-30,SILK-PILLOWCASE-KING-GREY-1PCS,X004C9YXBN,B0DBR73C9R,"DECOLURE 100% Pure Mulberry Silk Pillow Case King Size – Highest Grade 30 Momme 6A+, Luxuriously Soft & Cooling Silk Pillowcase for Hair & Skin, Hypoallergenic, Breathable, Hidden Zipper (Grey)",New,52,0,13,46,0,0,0,0,USD,2,9,33,73,,54.95,0,54.95,0,NoExcessInventory,,0,0,0,0,0.88,0.038906,cubic feet,Standard,2.023112,US,gl_home,181216,366,0,89,35,54.95,99.9,518.71,1835.63,3923.63,3,3,7,0,0,1.36,150,0,150,0,,8,0,,,,,,,,,,,,,,,,,227.9,36,Healthy,,,2026-04-27,Yes,No,227.9,99.5,2026-04-27,203,1,1,6,366,unassigned,N,,,
2026-04-30,SATIN-WHITE-QUEEN,X002O64ILL,B08KRXDWNN,"DECOLURE Satin Bed Sheets - 4 Piece Luxury Silky Queen Size Bedding Set - Softer Than Silk, Wrinkle-Free with 15” Deep Pocket Fitted Sheet, Perfect for Hair & Skin, Gifts for Women (White)",New,365,0,199,91,97,0,0,0,USD,30,126,233,372,,31.95,0,31.95,0,NoRestockExcessActionRequired,,0,0,0,0,0.84,0.220294,cubic feet,Standard,80.40731,US,gl_home,10574,212,0,23,26,30.35,958.5,4017.7,7436.35,11778.11,191,5,3,97,0,90.3,379,0,330,49,,36,0,100,11,0,0,0,0,0,0,0,0,0,0,0,0,0,0,101.5,138,Healthy,,,2026-04-27,Yes,No,80.2,101.5,2026-04-27,773,29,4,3,214,unassigned,N,,,
2026-04-30,BAMBOO-TWIN-OLIVE-6PCS,X004386X7Z,B0CQ2ZVMJJ,"DECOLURE 100% Viscose Derived from Bamboo Sheets Twin Size - Luxury 4 Pc Naturally Cooling Sheets, Ultra Soft Bed Set - Deep 17"" Pockets, Durable Double Stitching, Oeko Tex Standard (Olive)",New,46,0,0,3,45,0,0,0,USD,0,7,10,17,,79.99,0,79.99,0,NoRestockExcessActionRequired,,0,0,0,35.71,0.3,0.18449,cubic feet,Standard,8.48654,US,gl_home,14195,203,0,26,35,79.99,0,432.43,588.64,1013.52,0,0,0,45,0,14.77,0,0,0,0,,1,0,1,0.09,32,5.9,13,3.61,0,0,0,0,0,0,0,0,0,0,305.2,17,Healthy,,,2026-04-27,Yes,No,174.1,305.2,2026-04-27,47,1,0,0,203,unassigned,N,,,
2026-04-30,SATIN-TWIN-PINK,X002J0NEK3,B0839LVHL1,"DECOLURE Satin Bed Sheets - 3 Piece Luxury Silky Twin Size Bedding Set - Softer Than Silk, Wrinkle-Free with 15” Deep Pocket Fitted Sheet, Perfect for Hair & Skin, Gifts for Women (Pink)",New,23,0,24,0,0,0,0,0,USD,3,20,38,52,,27.95,0,27.95,0,NoRestockExcessActionRequired,,0,0,0,0,1.87,0.177452,cubic feet,Standard,4.081396,US,gl_home,10574,53,0,7,8,27.95,80.77,536.32,1049.93,1441.23,19,5,0,0,0,1.54,12,0,6,6,,5,0,,,,,,,,,,,,,,,,,42.6,35,Low stock,33,2026-05-06,2026-04-27,Yes,No,36.8,42.6,2026-04-27,35,0,5,0,54,unassigned,N,,,
2026-04-30,BAMBOO-KING-WHITE,X002O4Z4HP,B08KQHRDDG,"DECOLURE 100% Viscose Derived from Bamboo Sheets King Size - Luxury 4 Pc Naturally Cooling Sheets, Ultra Soft Bed Set - Deep 17"" Pockets, Durable Double Stitching, Oeko Tex Standard (White)",New,75,0,109,0,0,0,0,0,USD,113,429,1048,1408,,84.99,79.99,79.99,0,CreateShippingPlan,,0,0,0,0,2.32,0.306231,cubic feet,Standard,22.967325,US,gl_home,11515,29,0,8,8,79.99,8509.05,33243.38,79072.08,106408.66,109,0,0,0,0,18.04,804,702,60,42,,154,0,,,,,,,,,,,,,,,,,38.9,344,Low stock,,,2026-04-27,No,No,13.1,38.9,2026-04-27,1014,135,14,5,86,unassigned,N,,,
2026-04-30,SATIN-4PCS-KING-RED,X004C9USB7,B0DBQVGKTV,"DECOLURE Satin Bed Sheets - 4 Piece Luxury Silky King Size Bedding Set - Softer Than Silk, Wrinkle-Free with 15” Deep Pocket Fitted Sheet, Perfect for Hair & Skin, Gifts for Women (Red)",New,679,0,717,0,0,0,0,0,USD,35,171,342,682,,33.95,0,33.95,0,NoRestockExcessActionRequired,,0,0,0,0,1.03,0.261378,cubic feet,Standard,177.475662,US,gl_home,10574,162,0,20,16,33.95,1188.25,5659.25,11502.7,22786.6,82,348,287,0,0,113.68,210,102,108,0,,75,0,,,,,,,,,,,,,,,,,138.8,166,Healthy,,,2026-04-27,No,No,138.8,103.2,2026-04-27,897,8,63,4,187,unassigned,N,,,
2026-04-30,BAMBOO-FULL-CHARCOAL,X003TO84H1,B0BZQ19QT6,"DECOLURE 100% Viscose Derived from Bamboo Sheets Full Size - Luxury 4 Pc Naturally Cooling Sheets, Ultra Soft Bed Set - Deep 17"" Pockets, Durable Double Stitching, Oeko Tex Standard (Charcoal)",New,21,0,28,0,0,0,0,0,USD,3,18,57,76,,69.99,0,69.99,0,NoRestockExcessActionRequired,,0,0,0,0,1.54,0.25039,cubic feet,Standard,5.25819,US,gl_home,11515,33,0,18,13,69.99,209.97,1210.32,3688.46,4903.07,0,0,28,0,0,2.28,60,60,0,0,,6,0,,,,,,,,,,,,,,,,,61,47,Low stock,5,2026-05-06,2026-04-27,Yes,No,58.8,61,2026-04-27,81,0,6,0,134,unassigned,N,,,
2026-04-30,SILK-PILLOWCASE-QUEEN-SILVER GREY-1PCS,X004C9TDLX,B0DBRB2B8J,"DECOLURE 100% Pure Mulberry Silk Pillow Case Queen Size – Highest Grade 30 Momme 6A+, Luxuriously Soft & Cooling Silk Pillowcase for Hair & Skin, Hypoallergenic, Breathable, Hidden Zipper (Silver)",New,172,0,7,173,0,0,0,0,USD,4,12,23,32,,49.95,0,49.95,0,Create Outlet deal,,28.99,2,0,463.29,0.15,0.038316,cubic feet,Standard,6.590352,US,gl_home,181216,366,84,57,69,49.95,174.14,534.89,1056.34,1502.01,0,1,6,0,0,4.67,0,0,0,0,,5,0,,,,,,,,,,,,,,,,,636.4,17,Excess,,,2026-04-27,Yes,No,512.5,636.4,2026-04-27,173,1,2,2,366,unassigned,N,,,
2026-04-30,BM-FULL-WHITE,X003VHUJGZ,B0C9LSHCH5,DECOLURE Cooling Sheets Full Set 4pcs - Luxurious & Ultra-Soft Full Size Cooling Sheets for Hot Sleepers - Comfortable Bamboo Viscose Microfiber Full Cooling Bed Sheets w/Deep Pockets (White),New,39,0,0,0,0,56,0,0,USD,1,3,15,21,,41.95,0,41.95,0,NoRestockExcessActionRequired,,0,0,0,2267.35,0.3,0.216043,cubic feet,Standard,8.425677,US,gl_home,99235,366,0,52,24,41.95,35.95,113.85,545.25,760.95,0,0,0,56,0,52.18,0,0,0,0,,16,0,0,0,0,0,0,0,32,37.68,24,29.55,0,0,0,0,0,0,582,7,Healthy,,,2026-04-27,Yes,No,582,302,2026-04-27,39,0,16,0,366,unassigned,N,,,
2026-04-30,BM-CREAM-QUEEN-4PCS,X004CNM4RJ,B0DCK54DQP,DECOLURE Cooling Sheets Queen Set 4pcs - Luxurious & Ultra-Soft Cooling Bed Sheets Queen Size for Hot Sleepers - Comfortable Bamboo Viscose Microfiber Queen Bed Sheets Set Cooling (Cream-01),New,109,0,13,74,22,0,0,0,USD,,,,,Low traffic,37.95,0,37.95,0,Create removal order,,30.36,9,0,5775.19,0,0.226982,cubic feet,Standard,24.741038,US,gl_home,,,109,,,37.95,,,,,5,0,8,22,0,22.66,0,0,0,0,22,12,0,40,4.55,0,0,0,0,0,0,0,0,0,0,0,0,0,0,,,Excess,,,,,,,,2026-04-27,109,0,12,0,,unassigned,N,,,
2026-04-30,SATIN-STRIPE-KING-BLACK--6-PCS,X003UO39BV,B0C7KB5TWS,"DECOLURE Satin Bed Sheets - 6 Piece Luxury Silky King Size Bedding Set - Softer Than Silk, Wrinkle-Free with 15” Deep Pocket Fitted Sheet, Perfect for Hair & Skin, Gifts for Women (Striped Black)",New,16,0,21,0,0,0,0,0,USD,1,9,28,54,,51.95,0,51.95,0,NoExcessInventory,,0,0,0,0,1.45,0.247762,cubic feet,Standard,3.964192,US,gl_home,24922,88,0,23,12,51.95,51.95,317.38,959.43,1835.13,21,0,0,0,0,4.53,36,24,6,6,,5,0,,,,,,,,,,,,,,,,,48.6,24,Low stock,,,2026-04-27,Yes,No,26.3,48.6,2026-04-27,56,4,1,0,168,unassigned,N,,,
2026-04-30,SL-COOLING-FITTED-FULL-WHITE,X004OD9SFD,B0F7M5XJFG,"SLEEPHORIA Cooling Fitted Sheet Full Size - 1 PC BreezeWeave Cooling Sheets for Hot Sleepers & Cool Rest w/ 16 in Deep Pocket - Corner Straps, Cloud Soft, Ultra Durable - 52 x 72 in (White)",New,125,0,0,1,122,5,0,0,USD,8,28,40,40,,27.99,0,27.99,0,Create Outlet deal,,14.99,2,0,782.28,0.24,0.137143,cubic feet,Standard,17.142875,US,gl_home,33953,203,97,17,40,27.99,223.92,823.72,1163.6,1163.6,0,0,0,127,0,102.15,0,0,0,0,,1,0,1,0.07,0,0,2,0.41,125,93.43,0,0,0,0,0,0,0,0,387.9,,Excess,,,2026-04-27,Yes,No,168.5,387.9,2026-04-27,126,1,0,0,203,unassigned,N,,,
2026-04-30,SATIN-FITTED-KING-GREY,X004CBTTLZ,B0DBVY6P25,"DECOLURE Satin Fitted Sheet King Size (1 PC) – Luxuriously Smooth & Softer Than Silk Bed Sheets w/ 15 Inch Deep Pocket Hypoallergenic Wrinkle Free, Secure Snug Fit, Elastic Corner Straps (Grey)",New,366,0,2,68,325,0,0,0,USD,17,101,180,242,,18.95,0,18.95,0,NoRestockExcessActionRequired,,0,0,0,0,0.45,0.169749,cubic feet,Standard,62.128134,US,gl_home,14844,104,0,14,19,18.95,308.15,1889.95,3384,4586.9,1,0,1,325,0,65.37,0,0,0,0,,29,0,348,29.46,0,0,0,0,0,0,0,0,0,0,0,0,0,0,210.1,153,Healthy,,,2026-04-27,No,No,134.2,210.1,2026-04-27,367,1,27,1,114,unassigned,N,,,
2026-04-30,SS-SATIN-GREY-TWIN-3PCS,X004D7HE5V,B0DDRDYFFX,"SLEEP SANCTUARY Satin Sheets Twin Size – 3 Piece Luxury Silky Bed Set, Softer Than Silk, 15"" Deep Pocket, Cooling & Wrinkle-Free, Moisture-Wicking & Breathable for Hair & Skin (Grey)",New,49,0,24,7,25,0,0,0,USD,2,5,10,12,,29.95,0,29.95,0,Create Outlet deal,,25.16,2,0,2118.89,0.18,0.224311,cubic feet,Standard,10.991239,US,gl_home,14711,366,48,39,53,29.95,59.9,149.72,305.47,365.37,0,0,24,25,0,11.29,0,0,0,0,,6,0,0,0,25,5.61,0,0,0,0,0,0,0,0,0,0,0,0,592.9,9,Excess,,,2026-04-27,Yes,No,471,592.9,2026-04-27,49,0,6,0,366,unassigned,N,,,
2026-04-30,SATIN-3PC-TWIN-SAGE GREEN,X0042WV2HD,B0CQRYL8Z4,"DECOLURE Satin Bed Sheets - 3 Piece Luxury Silky Twin Size Bedding Set - Softer Than Silk, Wrinkle-Free with 15” Deep Pocket Fitted Sheet, Perfect for Hair & Skin, Gifts for Women (Sage Green)",New,119,0,90,18,17,0,0,0,USD,1,8,16,20,,27.95,0,27.95,0,Edit listing,,22.57,48,0,867.92,0.19,0.185172,cubic feet,Standard,22.035468,US,gl_home,10574,366,104,59,77,26.55,27.95,230.4,454,565.76,18,0,72,17,0,32.49,0,0,0,0,,6,0,12,1.11,0,0,0,0,11,11.11,0,0,0,0,0,0,0,0,450,20,Excess,,,2026-04-27,Yes,No,347.1,450,2026-04-27,119,0,6,0,366,unassigned,N,,,
2026-04-30,SATIN-RED-TWIN-6PCS,X003UMBLS1,B0C7FK2H2W,"DECOLURE Satin Bed Sheets - 4 Piece Luxury Silky Twin Size Bedding Set - Softer Than Silk, Wrinkle-Free with 15” Deep Pocket Fitted Sheet, Perfect for Hair & Skin, Gifts for Women (Red)",New,7,0,1,1,6,0,0,0,USD,0,2,3,7,,27.95,0,27.95,0,Create Outlet deal,,18.47,2,0,135.22,0.65,0.156851,cubic feet,Standard,1.097957,US,gl_home,24922,91,0,14,13,27.95,0,54.89,91.84,203.64,0,1,0,6,0,1.48,0,0,0,0,,0,0,0,0,6,0.95,0,0,0,0,0,0,0,0,0,0,0,0,137.5,8,Low stock,6,2026-05-06,2026-04-27,Yes,No,137.5,130.6,2026-04-27,7,0,0,0,91,unassigned,N,,,
2026-04-30,BAMBOO-KING-CREME-6PCS,X00438NP17,B0CQ33KG5X,"DECOLURE 100% Viscose Derived from Bamboo Sheets King Size - Luxury 6 Pc Naturally Cooling Sheets, Ultra Soft Bed Set - Deep 17"" Pockets, Durable Double Stitching, Oeko Tex Standard (Creme)",New,28,0,56,0,0,0,0,0,USD,43,62,73,256,,89.99,0,89.99,0,CreateShippingPlan,,,0,0,,4.21,0.3636,cubic feet,Standard,10.1808,US,gl_home,14195,53,0,15,11,89.99,3679.57,5389.38,6339.27,21665.32,56,0,0,0,0,,208,124,52,32,,114,0,,,,,,,,,,,,,,,,,22.9,106,Healthy,,,2026-04-27,No,Yes,22.9,15.2,2026-04-27,341,105,4,5,82,unassigned,N,,,
2026-04-30,BAMBOO-QUEEN-BURGUNDY-6PCS,X00438YMQ9,B0CQ2ZWSN7,"DECOLURE 100% Viscose Derived from Bamboo Sheets Queen Size - Luxury 6 Pc Naturally Cooling Sheets, Ultra Soft Bed Set - Deep 17"" Pockets, Durable Double Stitching, Oeko Tex Standard (Burgundy)",New,78,0,10,78,0,0,0,0,USD,21,99,181,272,,84.99,0,84.99,0,CreateShippingPlan,,0,0,0,0,1.16,0.269629,cubic feet,Standard,21.031062,US,gl_home,14195,28,0,3,3,84.99,1744.79,7584.01,14457.69,21289.28,3,2,5,0,0,8.99,0,0,0,0,,10,0,13,1.75,0,0,0,0,0,0,0,0,0,0,0,0,0,0,78.2,152,Low stock,267,2026-05-07,2026-04-27,Yes,No,48.1,78.2,2026-04-27,81,3,6,1,31,unassigned,N,,,
2026-04-30,SS-BAMBOO-CHARCOAL-QUEEN-6PCS,X004D8Q38T,B0DDTZ56BM,"SLEEP SANCTUARY 100% Viscose Derived from Bamboo Sheets Queen Size 6pcs – BamBliss Luxury Cooling Sheets for Hot Sleepers - Cloud Soft, 17"" Deep Pocket, Ultra Durable Bed Set (Charcoal)",New,1,0,2,0,1,0,0,0,USD,5,31,66,94,,64.99,0,64.99,0,GoToRestock,,0,0,0,0,1.81,0.318734,cubic feet,Standard,0.318734,US,gl_home,47560,1,0,0,0,64.99,324.95,2009.69,4279.34,6119.06,0,0,2,1,0,0.06,0,0,0,0,,2,0,1,0.16,0,0,0,0,0,0,0,0,0,0,0,0,0,0,55,25,Low stock,46,2026-05-05,2026-04-27,Yes,No,18.5,55,2026-04-27,1,0,0,2,4,unassigned,N,,,
2026-04-30,SATIN-FITTED-KING-BLACK,X004CC2VYL,B0DBW13VVR,"DECOLURE Satin Fitted Sheet King Size (1 PC) – Luxuriously Smooth & Softer Than Silk Bed Sheets w/ 15 Inch Deep Pocket Hypoallergenic Wrinkle Free, Secure Snug Fit, Elastic Corner Straps (Black)",New,187,0,183,25,0,0,0,0,USD,49,198,397,547,,19.95,0,19.95,0,CreateShippingPlan,,0,0,0,0,1.39,0.182531,cubic feet,Standard,34.133297,US,gl_home,14844,41,0,4,4,19.95,969.55,3925.1,7895.15,10902.65,80,101,2,0,0,18.44,20,0,20,0,,29,0,,,,,,,,,,,,,,,,,66.8,178,Healthy,270,2026-05-07,2026-04-27,No,No,38.1,66.8,2026-04-27,228,21,4,4,43,unassigned,N,,,
2026-04-30,BAMBOO-QUEEN-CHARCOAL-6PCS,X00438NSA5,B0CQ33C286,"DECOLURE 100% Viscose Derived from Bamboo Sheets Queen Size - Luxury 6 Pc Naturally Cooling Sheets, Ultra Soft Bed Set - Deep 17"" Pockets, Durable Double Stitching, Oeko Tex Standard (Charcoal)",New,8,0,1,3,7,0,0,0,USD,9,90,149,228,,84.99,0,84.99,0,NoRestockExcessActionRequired,,0,0,0,0,1.73,0.271464,cubic feet,Standard,2.171712,US,gl_home,14195,4,0,8,11,84.99,737.41,6661.6,11625.69,17551.15,0,1,0,7,0,0.39,192,192,0,0,,0,0,7,0.96,0,0,0,0,0,0,0,0,0,0,0,0,0,0,54.7,98,Low stock,8,2026-05-06,2026-04-27,Yes,No,19.2,54.7,2026-04-27,200,0,0,0,109,unassigned,N,,,
2026-04-30,SS-BAMBOO-OLIVE-TWIN-4PCS,X004D8Q09B,B0DDTY7F93,"SLEEP SANCTUARY 100% Viscose Derived from Bamboo Sheets Twin Size 4pcs – BamBliss Luxury Cooling Sheets for Hot Sleepers - Cloud Soft, 17"" Deep Pocket, Ultra Durable Bed Set (Olive)",New,25,0,0,0,25,0,0,0,USD,0,0,1,3,Low conversion,54.99,0,54.99,0,Create Outlet deal,,29.99,2,0,1422.29,0.12,0.202365,cubic feet,Standard,5.059125,US,gl_home,47560,366,25,,108,54.99,0,0,54.99,174.97,0,0,0,25,0,8.05,0,0,0,0,,0,0,6,0.61,19,3.84,0,0,0,0,0,0,0,0,0,0,0,0,784,2,Excess,,,2026-04-27,Yes,No,751,784,2026-04-27,25,0,0,0,366,unassigned,N,,,
2026-04-30,SL-COOLING-FITTED-CAL-KING-GRAPHITE,X004OD83SB,B0F7M5L5TP,"SLEEPHORIA Cooling Fitted Sheet Calfornia King Size - 1 PC BreezeWeave Cooling Sheets for Hot Sleepers & Cool Rest w/ 16 in Deep Pocket - Corner Straps, Cloud Soft - 69 x 81 in (Graphite)",New,62,0,0,0,49,13,0,0,USD,1,4,9,9,,33.99,0,33.99,0,Create Outlet deal,,17.99,2,0,2350.51,0.13,0.164183,cubic feet,Standard,10.179346,US,gl_home,33953,366,61,62,89,33.99,33.99,141.96,315.91,315.91,0,0,0,62,0,61.29,0,0,0,0,,0,0,0,0,0,0,0,0,62,55.44,0,0,0,0,0,0,0,0,690.3,,Excess,,,2026-04-27,Yes,No,388,690.3,2026-04-27,62,0,0,0,366,unassigned,N,,,
2026-04-30,SATIN-FITTED-FULL-RED,X004CBP9NR,B0DBW3YBV4,"DECOLURE Satin Fitted Sheet Full Size (1 PC) – Luxuriously Smooth & Softer Than Silk Bed Sheets w/ 15 Inch Deep Pocket Hypoallergenic Wrinkle Free, Secure Snug Fit, Elastic Corner Straps (Red)",New,259,0,203,62,0,0,0,0,USD,2,19,42,83,,17.95,0,17.95,0,NoRestockExcessActionRequired,,0,0,0,0,0.38,0.145511,cubic feet,Standard,37.687349,US,gl_home,14844,305,0,54,40,17.95,33.9,337.05,749.9,1505.85,40,61,102,0,0,26.15,0,0,0,0,,4,0,,,,,,,,,,,,,,,,,385.8,64,Healthy,,,2026-04-27,Yes,No,385.8,244.7,2026-04-27,260,1,2,1,309,unassigned,N,,,
2026-04-30,BM-QUEEN-GRAPHITE-GREY,X003VHQEH3,B0C9LQWPC7,DECOLURE Cooling Sheets Queen Set 4pcs - Luxurious & Ultra-Soft Cooling Bed Sheets Queen Size for Hot Sleepers - Comfortable Bamboo Viscose Microfiber Queen Bed Sheets Set Cooling (Graphite),New,485,0,2,4,532,0,0,0,USD,13,43,89,122,,37.95,0,37.95,0,NoRestockExcessActionRequired,,0,0,0,3437.33,0.2,0.211327,cubic feet,Standard,102.493595,US,gl_home,99235,366,425,45,51,37.95,447.51,1459.95,2966.73,4024.26,1,1,0,532,0,563.87,0,0,0,0,,49,0,0,0,1,0.21,59,18.71,472,543.63,0,0,0,0,0,0,0,0,473.4,80,Excess,,,2026-04-27,Yes,No,412.4,473.4,2026-04-27,485,0,48,1,366,unassigned,N,,,
2026-04-30,SS-SATIN-LAVENDER-KING-4PCS,X004D7K90X,B0DDRFLD2F,"SLEEP SANCTUARY Satin Sheets King Size – 4 Piece Luxury Silky Bed Set, Softer Than Silk, 15"" Deep Pocket, Cooling & Wrinkle-Free, Moisture-Wicking & Breathable for Hair & Skin (Lavender)",New,187,0,67,13,57,63,0,0,USD,6,22,40,58,,35.95,0,35.95,0,Create Outlet deal,,29.36,2,0,1828.82,0.32,0.283226,cubic feet,Standard,52.963262,US,gl_home,14711,366,207,43,54,35.95,215.7,808.78,1473.88,2120.98,66,0,1,120,0,181.75,54,24,18,12,,13,0,36,5.08,31,8.78,0,0,2,3.09,63,101.7,0,0,0,0,0,0,274.6,34,Excess,,,2026-04-27,Yes,No,259.3,274.6,2026-04-27,241,0,13,0,366,unassigned,N,,,
2026-04-30,SILK-PILLOWCASE-STANDARD-SILVERGREY-1PC,X004CA0O79,B0DBR9B5ZX,"DECOLURE 100% Pure Mulberry Silk Pillow Case Standard Size – Highest Grade 30 Momme 6A+, Luxuriously Soft & Cooling Silk Pillowcase for Hair & Skin, Hypoallergenic, Breathable, Hidden Zipper (Silver)",New,285,0,7,5,23,221,30,0,USD,5,16,40,94,,58.99,0,58.99,0,NoExcessInventory,,0,0,0,4443.39,0.3,0.029581,cubic feet,Standard,8.430585,US,gl_home,181216,366,0,71,39,58.99,280.91,775.36,1840.8,3859,0,3,4,239,5,50.82,0,0,0,0,,1,0,0,0,5,0.15,11,0.49,49,7.9,172,29.02,6,1.04,31,9.3,0,0,982.1,46,Healthy,,,2026-04-27,Yes,No,982.1,313.3,2026-04-27,286,1,0,0,366,unassigned,N,,,
2026-04-30,SATIN-4PC-QUEEN-DARK GREEN,X0042VNO8T,B0CQRWGHJN,"DECOLURE Satin Bed Sheets - 4 Piece Luxury Silky Queen Size Bedding Set - Softer Than Silk, Wrinkle-Free with 15” Deep Pocket Fitted Sheet, Perfect for Hair & Skin, Gifts for Women (Dark Green)",New,85,0,99,0,0,0,0,0,USD,8,15,75,142,,31.95,0,31.95,0,NoRestockExcessActionRequired,,0,0,0,0,1.6,0.246969,cubic feet,Standard,20.992365,US,gl_home,10574,92,0,38,13,30.35,255.6,479.25,2396.25,4626.9,99,0,0,0,0,14.54,60,0,36,24,,30,0,,,,,,,,,,,,,,,,,70.9,103,Low stock,25,2026-05-06,2026-04-27,Yes,No,70.9,36.5,2026-04-27,152,7,23,0,110,unassigned,N,,,
2026-04-30,SATIN-FULL-PINK-6PCS,X003UMGFVJ,B0C7FQTJYM,"DECOLURE Satin Bed Sheets - 6 Piece Luxury Silky Full Size Bedding Set - Softer Than Silk, Wrinkle-Free with 15” Deep Pocket Fitted Sheet, Perfect for Hair & Skin, Gifts for Women (Pink)",New,53,0,0,0,73,0,0,0,USD,0,4,6,7,,41.95,0,41.95,0,Create Outlet deal,,18.87,2,0,1742.29,0.09,0.193258,cubic feet,Standard,10.242674,US,gl_home,24922,366,49,71,131,41.95,0,110.83,163.61,193.56,0,0,0,73,0,16.99,18,18,0,0,,20,0,0,0,73,14.09,0,0,0,0,0,0,0,0,0,0,0,0,705.2,9,Excess,,,2026-04-27,Yes,No,457.2,705.2,2026-04-27,71,0,20,0,366,unassigned,N,,,
2026-04-30,SL-CLG-PC-DARK-GREY-QUEEN-2PCS,X004OCMDLP,B0F7LMHRL9,"SLEEPHORIA Cooling Pillow Cases - BreezeWeave Queen Size Set of 2 Pillowcases for Hot Sleepers & Cool, Deep Rest - Cloud Soft, Silky Smooth, Ultra Durable, Easy Care, Hidden Zipper (Dark Grey)",,0,0,3,0,0,0,0,0,USD,2,25,104,150,,0,0,17.99,0,NoExcessInventory,,,0,0,,2.05,0.07201,cubic feet,Standard,0,US,gl_home,168211,170,0,51,27,17.99,35.98,437.75,1784.96,2574.5,2,1,0,0,0,,320,160,160,0,,1,0,,,,,,,,,,,,,,,,,42.8,73,Out of stock,,,2026-04-27,Yes,No,8.1,42.8,2026-04-27,320,0,0,1,285,unassigned,N,,,
2026-04-30,LINEN-CURTAIN-52x84-LIGHT-GREY-2-PCS,X004NSHJZZ,B0F63BJSHF,"DECOLURE Linen Blackout Curtains - SunShield 84 Inches Long Black Out Curtains for Living Room and Bedroom Windows - Luxury Faux Linen, 2 Panels Set, Ultra Durable - 84 Length x 52 in (Light Grey)",New,87,0,0,0,117,0,0,0,USD,0,0,6,6,Low traffic,29.99,0,29.99,0,Create Outlet deal,,14.99,2,0,5219.05,0.05,0.229473,cubic feet,Standard,19.964151,US,gl_home,5544417,366,87,,188,29.99,0,0,179.94,179.94,0,0,0,117,0,86.59,0,0,0,0,,30,0,0,0,0,0,40,13.76,77,96.3,0,0,0,0,0,0,0,0,,3,Excess,,,,,,,1795,2026-04-27,87,0,30,0,366,unassigned,N,,,
2026-04-30,LINEN-CURTAIN-52x63-LIGHT-BEIGE-2-PCS,X004NSXUAX,B0F63DDNWT,"DECOLURE Linen Blackout Curtains - SunShield 63 Inches Long Black Out Curtains for Living Room and Bedroom Windows - Luxury Faux Linen, 2 Panels Set, Ultra Durable - 63 Length x 52 in (Light Beige)",New,45,0,0,0,45,0,0,0,USD,0,0,0,0,Low traffic,27.99,0,27.99,0,Create removal order,,0,0,0,2671.1,0,0.199952,cubic feet,Standard,8.99784,US,gl_home,6780958,366,45,,,27.99,0,0,0,0,0,0,0,45,0,47.93,0,0,0,0,,0,0,0,0,0,0,8,2.4,37,40.33,0,0,0,0,0,0,0,0,,3,Excess,,,,,,,,2026-04-27,45,0,0,0,366,unassigned,N,,,
2026-04-30,SL-COOLING-SHEET-KING-COOL-GREY,X004OCWOUF,B0F7LY4RD6,"SLEEPHORIA Cooling Sheets - BreezeWeave 4 PC King Size Cooling Bed Sheets for Hot Sleepers & Deep, Cool Rest - Cloud Soft, Silky Smooth, 16 in Deep Pocket, Ultra Durable (Cool Grey)",New,213,0,245,0,0,0,0,0,USD,9,65,112,143,,77.99,0,77.99,0,NoExcessInventory,,0,0,0,0,0.75,0.3271,cubic feet,Standard,69.6723,US,gl_home,32563,201,0,13,19,77.99,695.91,4893.35,8454.88,10801.57,80,165,0,0,0,45.58,0,0,0,0,,32,0,,,,,,,,,,,,,,,,,135.8,58,Healthy,,,2026-04-27,Yes,No,117.5,135.8,2026-04-27,214,1,30,1,220,unassigned,N,,,
2026-04-30,SS-SATIN-BURNT-ORANGE-QUEEN-4PCS,X004D7A205,B0DDRB8PG4,"SLEEP SANCTUARY Satin Sheets Queen Size – 4 Piece Luxury Silky Bed Set, Softer Than Silk, 15"" Deep Pocket, Cooling & Wrinkle-Free, Moisture-Wicking & Breathable for Hair & Skin (Burnt Orange)",New,66,0,3,1,5,58,0,0,USD,3,16,24,35,,33.95,0,33.95,0,NoExcessInventory,,0,0,0,2.52,0.39,0.305092,cubic feet,Standard,20.136072,US,gl_home,14711,157,0,16,24,33.95,101.85,546.08,817.68,1191.13,0,0,3,63,0,104.63,0,0,0,0,,0,0,0,0,0,0,3,1.38,2,3.33,58,100.89,0,0,0,0,0,0,219.1,29,Healthy,,,2026-04-27,Yes,No,142.1,219.1,2026-04-27,66,0,0,0,157,unassigned,N,,,
2026-04-30,WATERPROOF-CHAIR-COVER-CHOCOLATE-6PCS,X00462RZ6B,B0CY63VCW1,"Waterproof Dining Chair Covers Set of 6 - 3 Layers Thick Fabric Parsons Chair Slip Covers - Jacquard Kitchen Chair Covers & Stretch Protectors Dining Room, Restaurant - Removable Washable (Chocolate)",New,68,0,3,1,4,3,59,0,USD,3,21,32,39,,42.99,0,42.99,0,Create Outlet deal,,21.49,2,0,725.91,0.4,0.336724,cubic feet,Standard,22.897232,US,gl_home,71038,282,56,12,22,42.99,96.97,528.27,783.12,993.93,0,2,1,4,3,145.01,0,0,0,0,,1,0,0,0,1,0.34,2,1.01,1,1.84,0,0,0,0,62,144.03,0,0,222.9,16,Excess,,,2026-04-27,Yes,No,102.2,222.9,2026-04-27,68,0,1,0,289,unassigned,N,,,
2026-04-30,SATIN-STRIPE-FULL-PINK--6--PCS,X003UOEYPL,B0C7K7YWH2,"DECOLURE Satin Bed Sheets - 6 Piece Luxury Silky Full Size Bedding Set - Softer Than Silk, Wrinkle-Free with 15” Deep Pocket Fitted Sheet, Perfect for Hair & Skin, Gifts for Women (Striped Pink)",New,11,0,1,0,11,0,0,0,USD,3,13,26,27,,29.95,0,29.95,0,Create Outlet deal,,25.86,2,0,81.95,0.93,0.344587,cubic feet,Standard,3.790457,US,gl_home,24922,43,0,10,16,29.95,89.85,351.46,609.03,638.98,1,0,0,11,0,11.81,24,24,0,0,,0,0,0,0,0,0,6,3.11,5,9.39,0,0,0,0,0,0,0,0,93.8,7,Healthy,,,2026-04-27,Yes,No,25.5,93.8,2026-04-27,35,0,0,0,175,unassigned,N,,,
2026-04-30,BAMBOO-TWIN-LIGHTBLUE-6PCS,X00438TZW5,B0CQ31CJPJ,"DECOLURE 100% Viscose Derived from Bamboo Sheets Twin Size - Luxury 4 Pc Naturally Cooling Sheets, Ultra Soft Bed Set - Deep 17"" Pockets, Durable Double Stitching, Oeko Tex Standard (Light Blue)",New,27,0,32,0,0,0,0,0,USD,1,20,41,66,,78.99,0,78.99,0,CreateShippingPlan,,0,0,0,0,1.33,0.183191,cubic feet,Standard,4.946157,US,gl_home,14195,41,0,5,5,78.99,64.99,1195.8,2516.57,3959.32,2,0,30,0,0,2.49,0,0,0,0,,3,0,,,,,,,,,,,,,,,,,73.6,43,Low stock,55,2026-05-07,2026-04-27,Yes,No,64.4,73.6,2026-04-27,29,2,0,1,43,unassigned,N,,,
2026-04-30,SS-SATIN-SEA-TEAL-KING-4PCS,X004D7A0I9,B0DDRL7H2W,"SLEEP SANCTUARY Satin Sheets King Size – 4 Piece Luxury Silky Bed Set, Softer Than Silk, 15"" Deep Pocket, Cooling & Wrinkle-Free, Moisture-Wicking & Breathable for Hair & Skin (Sea Teal)",New,200,0,45,22,140,0,0,0,USD,8,27,57,70,,35.95,0,35.95,0,Create Outlet deal,,29.36,2,0,1846.32,0.27,0.359881,cubic feet,Standard,71.9762,US,gl_home,14711,344,190,29,37,35.95,287.6,970.55,2055.05,2522.4,0,12,33,140,0,89.75,0,0,0,0,,26,0,30,5.4,116,41.76,0,0,0,0,0,0,0,0,0,0,0,0,363.8,40,Excess,,,2026-04-27,Yes,No,321,363.8,2026-04-27,200,0,26,0,366,unassigned,N,,,
2026-04-30,SILK-PILLOWCASE-STANDARD-GREY-1PCS,X004C9YW4L,B0DBR948NX,"DECOLURE 100% Pure Mulberry Silk Pillow Case Standard Size – Highest Grade 30 Momme 6A+, Luxuriously Soft & Cooling Silk Pillowcase for Hair & Skin, Hypoallergenic, Breathable, Hidden Zipper (Grey)",New,97,0,3,100,0,0,0,0,USD,2,19,52,87,,44.95,0,44.95,0,NoExcessInventory,,0,0,0,0,0.61,0.038108,cubic feet,Standard,3.696476,US,gl_home,181216,149,0,20,14,44.95,89.9,898.29,2308.12,3791.37,0,2,1,0,0,2.45,0,0,0,0,,2,0,,,,,,,,,,,,,,,,,139.8,46,Healthy,,,2026-04-27,Yes,No,139.8,138.1,2026-04-27,98,1,1,0,152,unassigned,N,,,
2026-04-30,BAMBOO-QUEEN-LIGHTGREY-6PCS,X00438SWVZ,B0CQ33K3TL,"DECOLURE 100% Viscose Derived from Bamboo Sheets Queen Size - Luxury 6 Pc Naturally Cooling Sheets, Ultra Soft Bed Set - Deep 17"" Pockets, Durable Double Stitching, Oeko Tex Standard (Light Grey)",New,754,0,18,564,252,0,0,0,USD,18,150,266,389,,84.99,0,84.99,0,NoRestockExcessActionRequired,,0,0,0,0,0.37,0.29388,cubic feet,Standard,221.58552,US,gl_home,14195,266,0,20,25,84.99,1499.82,11276.25,20657.59,29988.86,10,4,4,252,0,177.2,0,0,0,0,,95,0,29,4.26,225,66.11,0,0,0,0,0,0,0,0,0,0,0,0,249.5,261,Healthy,,,2026-04-27,Yes,No,179.4,249.5,2026-04-27,754,0,95,0,314,unassigned,N,,,
2026-04-30,SS-SATIN-RED-KING-4PCS,X004D7A0C5,B0DDRP3R3F,"SLEEP SANCTUARY Satin Sheets King Size – 4 Piece Luxury Silky Bed Set, Softer Than Silk, 15"" Deep Pocket, Cooling & Wrinkle-Free, Moisture-Wicking & Breathable for Hair & Skin (Red)",New,373,0,42,377,0,0,0,0,USD,8,41,76,129,,35.95,0,35.95,0,NoExcessInventory,,0,0,0,0,0.28,0.281037,cubic feet,Standard,104.826801,US,gl_home,14711,290,0,36,37,35.95,287.6,1473.73,2737.98,4643.33,37,2,3,0,0,69.97,0,0,0,0,,50,0,,,,,,,,,,,,,,,,,321.3,112,Healthy,,,2026-04-27,Yes,No,321.3,313.9,2026-04-27,373,0,50,0,338,unassigned,N,,,
2026-04-30,SATIN-FITTED-QUEEN-NAVY-BLUE,X004CBP8LP,B0DBVZYXY9,"DECOLURE Satin Fitted Sheet Queen Size (1 PC) – Luxuriously Smooth & Softer Than Silk Bed Sheets w/ 15 Inch Deep Pocket Hypoallergenic Wrinkle Free, Secure Snug Fit, Elastic Corner Straps (Navy Blue)",New,25,0,4,51,0,0,0,0,USD,21,58,105,163,,17.95,0,17.95,0,CreateShippingPlan,,0,0,0,0,1.13,0.142273,cubic feet,Standard,3.556825,US,gl_home,14844,17,0,1,1,17.95,372.95,1032.1,1924.75,2965.85,0,0,4,0,0,1.03,0,0,0,0,,25,0,,,,,,,,,,,,,,,,,80.7,43,Low stock,35,2026-05-06,2026-04-27,Yes,No,51,80.7,2026-04-27,28,3,20,2,29,unassigned,N,,,
2026-04-30,SS-BAMBOO-SAGE-GREEN-TWIN-4PCS,X004D8Q2RV,B0DDTZLDHH,"SLEEP SANCTUARY 100% Viscose Derived from Bamboo Sheets Twin Size 4pcs – BamBliss Luxury Cooling Sheets for Hot Sleepers - Cloud Soft, 17"" Deep Pocket, Ultra Durable Bed Set (Sage Green)",New,24,0,0,0,25,0,0,0,USD,0,4,5,5,,54.99,0,54.99,0,Create Outlet deal,,41.99,2,0,1498.56,0.18,0.202365,cubic feet,Standard,4.85676,US,gl_home,47560,366,24,24,62,54.99,0,239.96,299.95,299.95,0,0,0,25,0,7.71,0,0,0,0,,0,0,6,0.61,19,3.84,0,0,0,0,0,0,0,0,0,0,0,0,521.2,,Excess,,,2026-04-27,Yes,No,203,521.2,2026-04-27,24,0,0,0,366,unassigned,N,,,
2026-04-30,SS-SATIN-LAVENDER-FULL-4PCS,X004D7A0VV,B0DDRFR2FS,"SLEEP SANCTUARY Satin Sheets Full Size – 4 Piece Luxury Silky Bed Set, Softer Than Silk, 15"" Deep Pocket, Cooling & Wrinkle-Free, Moisture-Wicking & Breathable for Hair & Skin (Lavender)",New,144,0,55,35,40,26,0,0,USD,4,9,18,22,,31.95,0,31.95,0,Create Outlet deal,,22.36,2,0,3601.9,0.14,0.249425,cubic feet,Standard,35.9172,US,gl_home,14711,366,135,64,85,31.95,127.8,287.51,575.06,702.86,12,0,43,66,0,66.57,0,0,0,0,,13,0,44,5.46,6,1.5,1,0.37,3,4.08,25,35.54,0,0,0,0,0,0,778.6,20,Excess,,,2026-04-27,Yes,No,574.6,778.6,2026-04-27,144,0,13,0,366,unassigned,N,,,
2026-04-30,SS-SATIN-GREY-QUEEN-4PCS,X004D7A1RJ,B0DDRF591L,"SLEEP SANCTUARY Satin Sheets Queen Size – 4 Piece Luxury Silky Bed Set, Softer Than Silk, 15"" Deep Pocket, Cooling & Wrinkle-Free, Moisture-Wicking & Breathable for Hair & Skin (Grey)",,0,0,2,0,0,0,0,0,USD,1,55,297,338,,0,0,33.95,0,CreateShippingPlan,,,0,0,,2,0.287976,cubic feet,Standard,0,US,gl_home,14711,0,0,0,0,33.95,33.95,1186.69,6243.47,7635.42,2,0,0,0,0,,0,0,0,0,,2,0,,,,,,,,,,,,,,,,,42.8,108,Out of stock,212,2026-04-30,2026-04-27,Yes,No,11.6,42.8,2026-04-27,0,0,0,2,4,unassigned,N,,,
2026-04-30,WELCOME-SIGN-FRONT-PORCH-BROWN,X004HY4OHB,B0DQ84FD76,"DECOLURE Welcome Sign for Front Porch - Tall Solid Wood Porch Door Sign with 10 Magnetic Seasonal & Holiday Pieces, Rustic Farmhouse Outdoor Decor for Year Round Welcoming Entryway (Porch Brown)",New,106,0,0,0,0,30,77,0,USD,0,0,0,0,Low traffic,37.95,0,37.95,0,Advertise listing,,0,0,0,11186.17,0,0.403223,cubic feet,Oversize,42.741638,US,gl_lawn_and_garden,4445626,366,104,,,37.95,0,0,0,0,0,0,0,0,30,315.93,0,0,0,0,30,1,0,0,0,0,0,0,0,0,0,0,0,0,0,107,297.7,0,0,,10,Excess,,,,,,,,2026-04-27,106,0,1,0,366,unassigned,N,,,
2026-04-30,SATIN-FITTED-TWIN-PURPLE,X004CBP97D,B0DBW1M6RR,"DECOLURE Satin Fitted Sheet Twin Size (1 PC) – Luxuriously Smooth & Softer Than Silk Bed Sheets w/ 15 Inch Deep Pocket Hypoallergenic Wrinkle Free, Secure Snug Fit, Elastic Corner Straps (Purple)",New,143,0,0,61,84,0,0,0,USD,2,10,15,22,,16.95,0,16.06,0,Edit listing,,0,0,0,2841.72,0.13,0.108526,cubic feet,Standard,15.519218,US,gl_home,14844,366,130,57,84,16.06,33.01,216.61,301.36,420.01,0,0,0,84,0,16.63,0,0,0,0,,11,0,100,5.42,4,0.43,0,0,0,0,0,0,0,0,0,0,0,0,659.3,21,Excess,,,2026-04-27,Yes,No,537.7,659.3,2026-04-27,143,0,11,0,366,unassigned,N,,,
2026-04-30,SATIN-FITTED-KING-LAVENDER,X004CBXMWR,B0DBW1FPBT,"DECOLURE Satin Fitted Sheet King Size (1 PC) – Luxuriously Smooth & Softer Than Silk Bed Sheets w/ 15 Inch Deep Pocket Hypoallergenic Wrinkle Free, Secure Snug Fit, Elastic Corner Straps (Lavender)",New,160,0,17,100,67,0,0,0,USD,10,37,60,73,,19.95,0,18.16,0,NoRestockExcessActionRequired,,0,0,0,408.2,0.31,0.169239,cubic feet,Standard,27.07824,US,gl_home,14844,226,159,17,28,18.16,180.92,689.57,1148.42,1413.77,17,0,0,67,0,27.76,0,0,0,0,,22,0,87,7.33,0,0,0,0,0,0,0,0,0,0,0,0,0,0,309.2,40,Excess,,,2026-04-27,Yes,No,175.3,309.2,2026-04-27,181,21,1,0,229,unassigned,N,,,
2026-04-30,SL-COOLING-SHEET-FULL-SAGE-GREEN,X004OD1AD1,B0F7LX9P4H,"SLEEPHORIA Cooling Sheets - BreezeWeave 4 PC Full Size Cooling Bed Sheets for Hot Sleepers & Deep, Cool Rest - Cloud Soft, Silky Smooth, 16 in Deep Pocket, Ultra Durable (Sage Green)",New,3,0,0,5,0,0,0,0,USD,3,19,33,39,,60.99,0,60.99,0,CreateShippingPlan,,0,0,0,0,1.42,0.274673,cubic feet,Standard,0.824019,US,gl_home,32563,6,0,0,1,60.99,181.97,1141.81,1981.67,2344.61,0,0,0,0,0,0.19,0,0,0,0,,1,0,,,,,,,,,,,,,,,,,69.6,16,Low stock,24,2026-05-06,2026-04-27,Yes,No,25.2,69.6,2026-04-27,3,0,0,1,8,unassigned,N,,,
2026-04-30,SATIN-4PC-TWIN-BABY BLUE,X004BS2KSX,B0D9QTQGSJ,"DECOLURE Satin Bed Sheets - 4 Piece Luxury Silky Twin Size Bedding Set - Softer Than Silk, Wrinkle-Free with 15” Deep Pocket Fitted Sheet, Perfect for Hair & Skin, Gifts for Women (Baby Blue)",New,23,0,19,4,0,0,0,0,USD,1,1,7,13,Low conversion,27.95,0,27.95,0,Create Outlet deal,,13.97,2,0,181.32,0.9,0.102665,cubic feet,Standard,2.361295,US,gl_home,24922,366,32,236,59,27.95,23.4,23.4,186.46,340.78,18,0,1,0,0,1.56,36,24,6,6,,0,0,,,,,,,,,,,,,,,,,148,8,Excess,,,2026-04-27,Yes,No,148,89.6,2026-04-27,59,0,0,0,366,unassigned,N,,,
2026-04-30,SL-COOLING-SHEET-QUEEN-LIGHT-PINK,X004OD0TER,B0F7LX64VV,"SLEEPHORIA Cooling Sheets - BreezeWeave 4 PC Queen Size Cooling Bed Sheets for Hot Sleepers & Deep, Cool Rest - Cloud Soft, Silky Smooth, 16 in Deep Pocket, Ultra Durable (Light Pink)",,0,0,1,0,0,0,0,0,USD,0,52,110,138,,0,0,0,0,CreateShippingPlan,,,0,0,,1.8,0.295969,cubic feet,Standard,0,US,gl_home,,0,0,0,0,64.99,0,3379.48,7148.9,8996.62,1,0,0,0,0,,0,0,0,0,,0,0,,,,,,,,,,,,,,,,,51.6,34,Out of stock,67,2026-04-27,2026-04-27,Yes,No,10.1,51.6,2026-04-27,0,0,0,0,0,unassigned,N,,,
2026-04-30,BM-CALKING-CGREY,X003VHUJOR,B0C9LXDSJ1,DECOLURE Cooling Bed Sheets Cal-King Set 4pcs - Luxurious & Soft California King Size Cooling Sheets for Hot Sleepers - Comfy & Cool California King Bamboo Viscose Microfiber Sheets (Cool Grey),New,20,0,2,42,0,0,0,0,USD,6,29,63,79,,39.95,0,39.95,0,GoToRestock,,0,0,0,0,0.89,0.244927,cubic feet,Standard,4.89854,US,gl_home,99235,95,0,2,3,39.95,239.7,1166.55,2532.85,3172.05,1,1,0,0,0,3.34,0,0,0,0,,23,0,,,,,,,,,,,,,,,,,111.4,19,Healthy,,,2026-04-27,Yes,No,63.9,111.4,2026-04-27,22,2,21,0,232,unassigned,N,,,
2026-04-30,SL-COOLING-FITTED-QUEEN-MIDNIGHT-BLACK,X004OD920T,B0F7M35CHR,"SLEEPHORIA Cooling Fitted Sheet Queen Size - 1 PC BreezeWeave Cooling Sheets for Hot Sleepers & Cool Rest w/ 16 in Deep Pocket - Corner Straps, Cloud Soft, Ultra Durable - 57 x 77 in (Midnight Black)",New,56,0,2,1,63,0,0,0,USD,18,58,110,123,,29.99,0,29.99,0,GoToRestock,,0,0,0,0,0.83,0.147931,cubic feet,Standard,8.284136,US,gl_home,33953,30,0,3,5,29.99,539.82,1819.42,3338.9,3637.77,2,0,0,63,0,36.79,0,0,0,0,,9,0,0,0,0,0,0,0,63,50.8,0,0,0,0,0,0,0,0,116.6,47,Healthy,31,2026-05-06,2026-04-27,Yes,No,53.8,116.6,2026-04-27,61,5,3,1,32,unassigned,N,,,
2026-04-30,SS-BAMBOO-GREY-KING-6PCS,X004D8TOJT,B0DDTWV24K,"SLEEP SANCTUARY 100% Viscose Derived from Bamboo Sheets King Size 6pcs – BamBliss Luxury Cooling Sheets for Hot Sleepers - Cloud Soft, 17"" Deep Pocket, Ultra Durable Bed Set (Grey)",New,1,0,0,0,1,0,0,0,USD,5,26,58,95,,69.99,0,69.99,0,GoToRestock,,0,0,0,0,1.96,0.353567,cubic feet,Standard,0.353567,US,gl_home,47560,1,0,0,0,69.99,339.95,1809.74,4039.42,6644.05,0,0,0,1,0,0.06,0,0,0,0,,0,0,1,0.18,0,0,0,0,0,0,0,0,0,0,0,0,0,0,46.1,19,Low stock,38,2026-05-05,2026-04-27,Yes,No,17.7,46.1,2026-04-27,1,0,0,0,1,unassigned,N,,,
2026-04-30,LINEN-CURTAIN-52x72-LIGHT-GREY-2-PCS,X004NSXDMN,B0F6366HKN,"DECOLURE Linen Blackout Curtains - SunShield 72 Inches Long Black Out Curtains for Living Room and Bedroom Windows - Luxury Faux Linen, 2 Panels Set, Ultra Durable - 72 Length x 52 in (Light Grey)",New,40,0,0,0,47,0,0,0,USD,,,,,Low traffic,28.99,0,28.99,0,Create removal order,,0,0,0,2058.46,0,0.199952,cubic feet,Standard,7.99808,US,gl_home,,,40,,,28.99,,,,,0,0,0,47,0,36.57,0,0,0,0,48,8,0,0,0,0,0,16,4.8,31,33.79,0,0,0,0,0,0,0,0,,,Excess,,,,,,,,2026-04-27,40,0,8,0,,unassigned,N,,,
2026-04-30,BAMBOO-CALIFKING-MIDGREY,X003TODVFV,B0BZPY841G,"DECOLURE 100% Viscose Derived from Bamboo Sheets California King Size - Luxury 4 Pc Naturally Cooling Sheets, Ultra Soft Bed Set - Deep 17"" Pockets, Double Stitching, Oeko Tex Standard (Midgrey)",New,20,0,27,0,0,0,0,0,USD,8,22,94,126,,84.99,0,84.99,0,CreateShippingPlan,,,0,0,,3.33,0.298136,cubic feet,Standard,5.96272,US,gl_home,11515,90,0,6,3,84.99,657.9,1895.76,7578.04,10061.69,27,0,0,0,0,,18,0,12,6,,17,0,,,,,,,,,,,,,,,,,30.8,37,Low stock,12,2026-05-07,2026-04-27,Yes,No,12.7,30.8,2026-04-27,53,15,0,2,93,unassigned,N,,,
2026-04-30,SATIN-FITTED-FULL-BABY-BLUE,X004CC2USX,B0DBVZV66D,"DECOLURE Satin Fitted Sheet Full Size (1 PC) – Luxuriously Smooth & Softer Than Silk Bed Sheets w/ 15 Inch Deep Pocket Hypoallergenic Wrinkle Free, Secure Snug Fit, Elastic Corner Straps (Baby Blue)",New,208,0,22,60,131,0,0,0,USD,5,20,35,51,,17.95,0,17.95,0,NoRestockExcessActionRequired,,0,0,0,472.54,0.22,0.142791,cubic feet,Standard,29.700528,US,gl_home,14844,313,148,41,53,17.95,84.15,350.6,617.05,909.25,21,1,0,131,0,37.92,0,0,0,0,,5,0,121,8.61,50,7.13,0,0,0,0,0,0,0,0,0,0,0,0,398.7,51,Excess,,,2026-04-27,Yes,No,348.3,398.7,2026-04-27,208,0,1,4,324,unassigned,N,,,
2026-04-30,LINEN-CURTAIN-52x120-LIGHT-BEIGE-2-PCS,X004NSMXYR,B0F6367NPF,"DECOLURE Linen Blackout Curtains - SunShield 120 Inches Long Black Out Curtains for Living Room and Bedroom Windows - Luxury Faux Linen, 2 Panels Set, Ultra Durable - 120 Length x 52 in (Light Beige)",New,36,0,1,0,37,0,0,0,USD,1,2,6,7,Low traffic,31.95,0,31.95,0,Create Outlet deal,,17.49,2,0,2141.21,0.17,0.199952,cubic feet,Standard,7.198272,US,gl_home,1761804,366,36,72,66,31.95,31.95,63.9,191.7,226.69,0,0,1,37,0,26.22,0,0,0,0,,0,0,0,0,0,0,16,4.8,21,22.89,0,0,0,0,0,0,0,0,590.5,4,Excess,,,2026-04-27,Yes,No,590.5,539.3,2026-04-27,36,0,0,0,366,unassigned,N,,,
2026-04-30,BAMBOO-QUEEN-NAVYBLUE,X002O5111H,B08KQKKRNC,"DECOLURE 100% Viscose Derived from Bamboo Sheets Queen Size - Luxury 4 Pc Naturally Cooling Sheets, Ultra Soft Bed Set - Deep 17"" Pockets, Durable Double Stitching, Oeko Tex Standard (Navy Blue)",New,70,0,92,0,0,0,0,0,USD,17,22,109,184,,100.99,0,79.98,0,NoRestockExcessActionRequired,,,0,0,,2.11,0.257423,cubic feet,Standard,18.01961,US,gl_home,11515,115,0,49,19,79.98,1341.74,1773.06,8465.2,13986.97,92,0,0,0,0,,202,114,54,34,,79,0,,,,,,,,,,,,,,,,,58.7,73,Healthy,,,2026-04-27,Yes,No,58.7,32.1,2026-04-27,342,70,7,2,182,unassigned,N,,,
2026-04-30,BAMBOO-CALIFKING-SAGE GREEN,X0040HMSKF,B0CLKCVLRG,"DECOLURE 100% Viscose Derived from Bamboo Sheets California King Size - Luxury 4 Pc Naturally Cooling Sheets, Ultra Soft Bed Set - Deep 17"" Pockets, Double Stitching, Oeko Tex Standard (Sage Green)",New,13,0,15,0,0,0,0,0,USD,3,10,45,59,,84.99,0,71.24,0,CreateShippingPlan,,0,0,0,0,1.84,0.293952,cubic feet,Standard,3.821376,US,gl_home,11515,81,0,10,5,71.24,193.65,748.83,3432.23,4567.09,15,0,0,0,0,2.41,12,0,6,6,,8,0,,,,,,,,,,,,,,,,,44.9,31,Low stock,34,2026-05-06,2026-04-27,Yes,No,18.2,44.9,2026-04-27,31,6,2,0,87,unassigned,N,,,
2026-04-30,SILK-PILLOWCASE-QUEEN-CORAL-1PCS,X004C9YWJL,B0DBR771WD,"DECOLURE 100% Pure Mulberry Silk Pillow Case Queen Size – Highest Grade 30 Momme 6A+, Luxuriously Soft & Cooling Silk Pillowcase for Hair & Skin, Hypoallergenic, Breathable, Hidden Zipper (Coral)",New,95,0,3,131,0,0,0,0,USD,6,18,34,48,,49.95,0,49.95,0,NoExcessInventory,,0,0,0,0,0.29,0.029329,cubic feet,Standard,2.786255,US,gl_home,181216,366,0,21,25,49.95,279.7,889.38,1667.13,2314.83,2,0,1,0,0,2.74,0,0,0,0,,39,0,,,,,,,,,,,,,,,,,318.4,23,Healthy,,,2026-04-27,Yes,No,286.3,318.4,2026-04-27,134,39,0,0,366,unassigned,N,,,
2026-04-30,SL-QUILT-SET-KING-IVORY,X004R3N1GH,B0FGZQDBY6,"SLEEPHORIA King Quilt Bedding Set - Cloud Soft All-Season Bedspread 3 PC w/Shams, Bed Quilt King Size Coverlet - Oversized, Light Weight, Ultra Durable, Easy Care - 106 x 96 in (Ivory)",New,217,0,0,1,217,0,0,0,USD,1,2,4,5,Low traffic,39.99,0,39.99,0,Create Outlet deal,,24.79,2,0,40161.13,0.02,0.740993,cubic feet,Oversize,160.795481,US,gl_home,1760775,366,217,434,564,28.99,28.99,59.98,119.96,148.95,0,0,0,217,0,242.06,0,0,0,0,,0,0,0,0,217,160.77,0,0,0,0,0,0,0,0,0,0,0,0,3980.4,3,Excess,,,2026-04-27,Yes,No,2189.3,3980.4,2026-04-27,217,0,0,0,366,unassigned,N,,,
2026-04-30,BAMBOO-FULL-NAVYBLUE,X002O53Z1B,B08KQL2JT8,"DECOLURE 100% Viscose Derived from Bamboo Sheets Full Size - Luxury 4 Pc Naturally Cooling Sheets, Ultra Soft Bed Set - Deep 17"" Pockets, Durable Double Stitching, Oeko Tex Standard (Navy Blue)",New,57,0,32,29,0,0,0,0,USD,8,32,67,98,,69.99,0,69.99,0,CreateShippingPlan,,0,0,0,0,1.02,0.24136,cubic feet,Standard,13.75752,US,gl_home,11515,78,0,10,10,69.99,559.92,2108.75,4414.4,6427.37,24,8,0,0,0,8.83,24,0,12,12,,8,0,,,,,,,,,,,,,,,,,79.8,69,Low stock,56,2026-05-06,2026-04-27,Yes,No,49,79.8,2026-04-27,88,7,1,0,78,unassigned,N,,,
2026-04-30,SS-SLEEP-MASK-VELCRO-STRAP-PINK,X004NF5UOF,B0F4XR5RWT,"SLEEP SANCTUARY 100% Pure Mulberry Silk Sleep Mask - 22 Momme Light Blocking Hook & Loop Silk Eye Mask for Sleeping - Secure Fit for Side Sleepers, Women & Men - Cloud Soft (Pink)",New,254,0,6,0,0,249,0,0,USD,0,8,16,97,Low traffic,17.95,0,17.95,0,Create Outlet deal,,12.47,2,0,2982.12,0.35,0.048354,cubic feet,Standard,12.281916,US,gl_drugstore,194871,366,235,127,34,17.95,0,143.6,287.2,1684.79,0,2,4,249,0,78.76,0,0,0,0,,0,0,0,0,0,0,0,0,0,0,0,0,249,71.1,0,0,0,0,296.5,24,Excess,,,2026-04-27,Yes,No,296.5,175.2,2026-04-27,254,0,0,0,366,unassigned,N,,,
2026-04-30,SILK-PILLOWCASE-STANDARD-CORAL-1PCS,X004CA56I1,B0DBRS4FDL,"DECOLURE 100% Pure Mulberry Silk Pillow Case Standard Size – Highest Grade 30 Momme 6A+, Luxuriously Soft & Cooling Silk Pillowcase for Hair & Skin, Hypoallergenic, Breathable, Hidden Zipper (Coral)",New,120,0,4,93,5,20,0,0,USD,3,7,24,53,,44.95,0,44.95,0,Create Outlet deal,,27.99,2,0,65.7,0.37,0.029581,cubic feet,Standard,3.54972,US,gl_home,181216,324,70,68,29,44.95,123.1,324.27,994.42,2156.75,0,3,1,25,0,5.96,0,0,0,0,,1,0,0,0,0,0,2,0.09,14,2.24,9,1.53,0,0,0,0,0,0,760.2,18,Excess,,,2026-04-27,Yes,No,760.2,247.2,2026-04-27,121,1,0,0,324,unassigned,N,,,
2026-04-30,LINEN-CURTAIN-52x84-LINEN-2-PCS,X004NSWUK9,B0F634PV4T,"DECOLURE Linen Blackout Curtains - SunShield 84 Inches Long Black Out Curtains for Living Room and Bedroom Windows - Luxury Faux Linen, 2 Panels Set, Ultra Durable - 84 Length x 52 in (Linen)",New,124,0,1,0,123,0,0,0,USD,0,0,0,0,Low traffic,29.99,0,29.99,0,Advertise listing,,0,0,0,7886.58,0,0.224494,cubic feet,Standard,27.837256,US,gl_home,4633327,366,124,,,29.99,0,0,0,0,0,0,1,123,0,122.7,0,0,0,0,,1,0,0,0,0,0,41,13.8,82,100.3,0,0,0,0,0,0,0,0,,3,Excess,,,,,,,,2026-04-27,124,0,1,0,366,unassigned,N,,,
2026-04-30,SS-SATIN-BLACK-QUEEN-4PCS,X004D7EW83,B0DDR6C74S,"SLEEP SANCTUARY Satin Sheets Queen Size – 4 Piece Luxury Silky Bed Set, Softer Than Silk, 15"" Deep Pocket, Cooling & Wrinkle-Free, Moisture-Wicking & Breathable for Hair & Skin (Black)",New,219,0,252,0,0,0,0,0,USD,65,240,490,693,,33.95,0,33.95,0,GoToRestock,,0,0,0,0,1.74,0.278672,cubic feet,Standard,61.029168,US,gl_home,14711,28,0,3,4,33.95,2206.75,8146.9,16712.4,23604.25,105,133,14,0,0,20,0,0,0,0,,95,1,,,,,,,,,,,,,,,,,68.6,326,Low stock,507,2026-05-06,2026-04-27,No,No,52.8,68.6,2026-04-27,228,9,84,2,39,unassigned,N,,,
2026-04-30,LINEN-CURTAIN-52x84-BEIGE-2-PCS,X004NSHKZ9,B0F6353F1D,"DECOLURE Linen Blackout Curtains - SunShield 84 Inches Long Black Out Curtains for Living Room and Bedroom Windows - Luxury Faux Linen, 2 Panels Set, Ultra Durable - 84 Length x 52 in (Beige)",New,146,0,0,0,146,0,0,0,USD,1,2,3,3,Low traffic,26.99,0,26.99,0,Create Outlet deal,,14.99,2,0,9794.23,0.02,0.241682,cubic feet,Standard,35.285572,US,gl_home,1952761,366,146,292,632,26.99,26.99,53.98,83.97,83.97,0,0,0,146,0,188.38,0,0,0,0,,4,0,0,0,0,0,30,10.88,116,152.79,0,0,0,0,0,0,0,0,2766,3,Excess,,,2026-04-27,Yes,No,1522.3,2766,2026-04-27,146,0,4,0,366,unassigned,N,,,
2026-04-30,SATIN-4PC-TWIN-BURNT ORANGE,X004BS2KNX,B0D9QSQ8W7,"DECOLURE Satin Bed Sheets - 4 Piece Luxury Silky Twin Size Bedding Set - Softer Than Silk, Wrinkle-Free with 15” Deep Pocket Fitted Sheet, Perfect for Hair & Skin, Gifts for Women (Burnt Orange)",New,39,0,6,0,33,0,0,0,USD,0,0,0,1,Low conversion,34.95,0,34.95,0,Create Outlet deal,,19.56,2,0,1043.58,0.03,0.102665,cubic feet,Standard,4.003935,US,gl_home,24922,366,39,,507,34.95,0,0,0,27.95,3,3,0,33,0,7.01,0,0,0,0,,0,0,0,0,18,1.85,15,2.31,0,0,0,0,0,0,0,0,0,0,,3,Excess,,,,,,,3171,2026-04-27,39,0,0,0,366,unassigned,N,,,
2026-04-30,SL-COOLING-FITTED-CAL-KING-CREAM,X004OD2QTD,B0F7M6TPFY,"SLEEPHORIA Cooling Fitted Sheet Calfornia King Size - 1 PC BreezeWeave Cooling Sheets for Hot Sleepers & Cool Rest w/ 16 in Deep Pocket - Corner Straps, Cloud Soft - 69 x 81 in (Cream)",New,41,0,1,0,40,0,0,0,USD,0,3,6,6,,33.99,0,33.99,0,Create Outlet deal,,17.99,2,0,1758.23,0.14,0.144256,cubic feet,Standard,5.914496,US,gl_home,33953,366,41,54,88,33.99,0,107.97,209.94,209.94,1,0,0,40,0,35.22,0,0,0,0,,0,0,0,0,0,0,2,0.44,38,29.93,0,0,0,0,0,0,0,0,661.7,,Excess,,,2026-04-27,Yes,No,414,661.7,2026-04-27,41,0,0,0,366,unassigned,N,,,
2026-04-30,SATIN-6PC-KING-SAGE GREEN,X004BS2KTR,B0D9QTCGWW,"DECOLURE Satin Bed Sheets - 6 Piece Luxury Silky King Size Bedding Set - Softer Than Silk, Wrinkle-Free with 15” Deep Pocket Fitted Sheet, Perfect for Hair & Skin, Gifts for Women (Sage Green)",New,29,0,1,29,0,0,0,0,USD,2,17,39,56,,33.95,0,33.95,0,GoToRestock,,0,0,0,0,0.96,0.280934,cubic feet,Standard,8.147086,US,gl_home,24922,57,0,6,6,33.95,67.9,571.78,1318.68,1909.25,0,1,0,0,0,4.51,0,0,0,0,,1,0,,,,,,,,,,,,,,,,,96.2,29,Healthy,21,2026-05-06,2026-04-27,Yes,No,63,96.2,2026-04-27,30,1,0,0,57,unassigned,N,,,
2026-04-30,SS-BAMBOO-LIGHT-OLIVE-TWIN-4PCS,X004D8TQVF,B0DDTVSFDH,"SLEEP SANCTUARY 100% Viscose Derived from Bamboo Sheets Twin Size 4pcs – BamBliss Luxury Cooling Sheets for Hot Sleepers - Cloud Soft, 17"" Deep Pocket, Ultra Durable Bed Set (Light Olive)",New,30,0,0,1,29,0,0,0,USD,0,0,0,0,Low conversion,59.99,0,59.99,0,Create Outlet deal,,27.49,2,0,2267.71,0,0.202365,cubic feet,Standard,6.07095,US,gl_home,47560,366,30,,,59.99,0,0,0,0,0,0,0,29,0,9.69,0,0,0,0,29,0,0,7,0.71,23,4.64,0,0,0,0,0,0,0,0,0,0,0,0,,1,Excess,,,,,,,,2026-04-27,30,0,0,0,366,unassigned,N,,,
2026-04-30,BAMBOO-CALIFKING-OLIVE-6PCS,X00438MD4R,B0CQ32JY2T,"DECOLURE 100% Viscose Derived from Bamboo Sheets California King Size - Luxury 6 Pc Naturally Cooling Sheets, Ultra Soft Bed Set - Deep 17"" Pockets, Double Stitching, Oeko Tex Standard (Olive)",New,33,0,1,37,14,0,0,0,USD,8,41,68,96,,89.99,0,89.99,0,CreateShippingPlan,,0,0,0,0,0.9,0.34195,cubic feet,Standard,11.28435,US,gl_home,14195,31,0,3,4,89.99,745.92,3347.59,5607.44,7841.49,0,1,0,14,0,9.82,0,0,0,0,,18,0,48,8.17,0,0,0,0,0,0,0,0,0,0,0,0,0,0,99.7,47,Low stock,49,2026-05-07,2026-04-27,Yes,No,56.9,99.7,2026-04-27,34,1,14,3,53,unassigned,N,,,
2026-04-30,SL-COOLING-FITTED-QUEEN-SAGE-GREEN,X004OCXYX1,B0F7M6Q6G8,"SLEEPHORIA Cooling Fitted Sheet Queen Size - 1 PC BreezeWeave Cooling Sheets for Hot Sleepers & Cool Rest w/ 16 in Deep Pocket - Corner Straps, Cloud Soft, Ultra Durable - 57 x 77 in (Sage Green)",New,96,0,1,0,101,0,0,0,USD,8,47,69,69,,29.99,0,29.99,0,NoExcessInventory,,0,0,0,0,0.46,0.155208,cubic feet,Standard,14.899968,US,gl_home,33953,83,0,8,18,29.99,239.92,1487.53,2142.31,2142.31,1,0,0,101,0,83.83,0,0,0,0,,3,0,0,0,0,0,0,0,101,85.45,0,0,0,0,0,0,0,0,213.8,,,,,2026-04-27,Yes,No,86,213.8,2026-04-27,98,2,1,0,84,unassigned,N,,,
2026-04-30,SILK-PILLOWCASE-KING-SILVER GREY-1PCS,X004C9YSJZ,B0DBRL13MZ,"DECOLURE 100% Pure Mulberry Silk Pillow Case King Size – Highest Grade 30 Momme 6A+, Luxuriously Soft & Cooling Silk Pillowcase for Hair & Skin, Hypoallergenic, Breathable, Hidden Zipper (Silver Grey)",New,416,0,1,374,8,123,0,0,USD,6,18,40,55,,54.99,0,54.99,0,Create Outlet deal,,48.99,2,0,2669.29,0.1,0.031363,cubic feet,Standard,13.047008,US,gl_home,181216,366,284,92,98,54.99,293.82,881.46,2031.04,2831.61,1,0,0,131,0,15,0,0,0,0,,90,0,1,0.02,2,0.06,4,0.19,85,14.53,39,6.97,0,0,0,0,0,0,912.4,26,Excess,,,2026-04-27,Yes,No,912.4,895.6,2026-04-27,416,0,90,0,366,unassigned,N,,,
2026-04-30,SATIN-STRIPE-KING-PURPLE--6-PCS,X003UODIKX,B0C7KGGWS8,"DECOLURE Satin Bed Sheets - 6 Piece Luxury Silky King Size Bedding Set - Softer Than Silk, Wrinkle-Free with 15” Deep Pocket Fitted Sheet, Perfect for Hair & Skin, Gifts for Women (Striped Purple)",New,54,0,0,0,56,0,0,0,USD,6,17,43,63,,33.95,0,33.95,0,NoExcessInventory,,0,0,0,0,0.72,0.298769,cubic feet,Standard,16.133526,US,gl_home,24922,238,0,22,19,33.95,203.7,577.08,1459.78,2154.78,0,0,0,56,0,17.96,42,0,42,0,,4,0,36,5.4,20,5.97,0,0,0,0,0,0,0,0,0,0,0,0,138.7,26,Healthy,,,2026-04-27,Yes,No,138.7,137.3,2026-04-27,98,2,2,0,245,unassigned,N,,,
2026-04-30,SATIN-FULL-BLUE,X002IU8X2D,B0839L9RSB,"DECOLURE Satin Bed Sheets - 4 Piece Luxury Silky Full Size Bedding Set - Softer Than Silk, Wrinkle-Free with 15” Deep Pocket Fitted Sheet, Perfect for Hair & Skin, Gifts for Women (Blue)",New,43,0,40,11,4,0,0,0,USD,5,54,92,128,,29.95,0,29.95,0,CreateShippingPlan,,0,0,0,0,1.17,0.168329,cubic feet,Standard,7.238147,US,gl_home,10574,36,0,3,4,29.95,149.75,1446.68,2599.78,3588.33,5,2,33,4,0,2.82,0,0,0,0,,11,0,2,0.17,4,0.68,0,0,0,0,0,0,0,0,0,0,0,0,86.9,86,Low stock,129,2026-05-07,2026-04-27,Yes,No,41,86.9,2026-04-27,51,8,1,2,38,unassigned,N,,,
2026-04-30,SATIN-4PC-FULL-NAVY BLUE,X0042WYU9F,B0CQRYGLY3,"DECOLURE Satin Bed Sheets - 4 Piece Luxury Silky Full Size Bedding Set - Softer Than Silk, Wrinkle-Free with 15” Deep Pocket Fitted Sheet, Perfect for Hair & Skin, Gifts for Women (Navy Blue)",New,168,0,104,38,29,0,0,0,USD,2,29,45,86,,29.95,0,29.95,0,NoRestockExcessActionRequired,,0,0,0,0,0.49,0.20837,cubic feet,Standard,35.00616,US,gl_home,10574,215,0,28,30,28.45,59.9,844.55,1374.75,2580.2,19,0,85,29,0,28.11,36,0,36,0,,1,0,47,4.9,0,0,0,0,0,0,0,0,0,0,0,0,0,0,191.4,64,Healthy,,,2026-04-27,Yes,No,177.8,191.4,2026-04-27,204,0,0,1,216,unassigned,N,,,
2026-04-30,SS-SATIN-SEA-TEAL-FULL-4PCS,X004D7HG81,B0DDRDR4F8,"SLEEP SANCTUARY Satin Sheets Full Size – 4 Piece Luxury Silky Bed Set, Softer Than Silk, 15"" Deep Pocket, Cooling & Wrinkle-Free, Moisture-Wicking & Breathable for Hair & Skin (Sea Teal)",New,78,0,2,0,15,67,0,0,USD,1,5,6,8,,31.95,0,31.95,0,Create Outlet deal,,23.76,2,0,4336.39,0.09,0.225349,cubic feet,Standard,17.577222,US,gl_home,14711,366,83,62,126,31.95,31.95,156.97,188.92,254.82,0,0,2,82,0,114.38,0,0,0,0,,6,0,1,0.11,0,0,0,0,16,19.66,65,83.48,0,0,0,0,0,0,1001.8,8,Excess,,,2026-04-27,Yes,No,653.3,1001.8,2026-04-27,84,6,0,0,366,unassigned,N,,,
2026-04-30,SATIN-STRIPE-TWIN-BLACK--6-PCS,X003UODI0D,B0C7K6WTJ1,"DECOLURE Satin Bed Sheets - 4 Piece Luxury Silky Twin Size Bedding Set - Softer Than Silk, Wrinkle-Free with 15” Deep Pocket Fitted Sheet, Perfect for Hair & Skin, Gifts for Women (Striped Black)",New,21,0,0,1,0,0,0,21,USD,0,2,4,5,,32.95,0,32.95,0,Create Outlet deal,,19.55,2,0,1235.75,0.24,0.207634,cubic feet,Standard,4.360314,US,gl_home,24922,366,21,42,54,32.95,0,55.88,110.78,138.73,0,0,0,0,0,35.82,0,0,0,0,,0,0,0,0,0,0,0,0,0,0,0,0,0,0,0,0,21,34.44,322,4,Excess,,,2026-04-27,Yes,No,231,322,2026-04-27,21,0,0,0,366,unassigned,N,,,
2026-04-30,SATIN-STRIPE-TWIN-PURPLE--6-PCS,X003UO39JD,B0C7K6YWWL,"DECOLURE Satin Bed Sheets - 4 Piece Luxury Silky Twin Size Bedding Set - Softer Than Silk, Wrinkle-Free with 15” Deep Pocket Fitted Sheet, Perfect for Hair & Skin, Gifts for Women (Striped Purple)",New,45,0,30,12,14,0,0,0,USD,1,1,1,4,,32.95,0,32.95,0,Create Outlet deal,,23.06,2,0,1744.29,0.09,0.171308,cubic feet,Standard,7.70886,US,gl_home,24922,366,45,180,146,32.95,32.95,32.95,32.95,116.8,0,18,12,14,0,8.29,0,0,0,0,,12,0,0,0,0,0,0,0,14,13.07,0,0,0,0,0,0,0,0,1736,3,Excess,,,2026-04-27,Yes,No,1736,1114.8,2026-04-27,45,0,12,0,366,unassigned,N,,,
2026-04-30,SATIN-FITTED-FULL-STONE-GREY,X004CBXJ07,B0DBVZZZ7B,"DECOLURE Satin Fitted Sheet Full Size (1 PC) – Luxuriously Smooth & Softer Than Silk Bed Sheets w/ 15 Inch Deep Pocket Hypoallergenic Wrinkle Free, Secure Snug Fit, Elastic Corner Straps (Stone Grey)",New,148,0,2,45,106,0,0,0,USD,8,27,44,58,,17.95,0,17.95,0,NoRestockExcessActionRequired,,0,0,0,0,0.29,0.136898,cubic feet,Standard,20.260904,US,gl_home,14844,174,0,21,33,17.95,138.26,467.31,772.46,1028.76,1,0,1,106,0,21.96,0,0,0,0,,2,0,128,8.78,0,0,0,0,0,0,0,0,0,0,0,0,0,0,322.8,56,Healthy,,,2026-04-27,Yes,No,229.1,322.8,2026-04-27,149,1,1,0,175,unassigned,N,,,
2026-04-30,BAMBOO-KING-LIGHTBLUE-6PCS,X00438TKAR,B0CQ31X65Y,"DECOLURE 100% Viscose Derived from Bamboo Sheets King Size - Luxury 6 Pc Naturally Cooling Sheets, Ultra Soft Bed Set - Deep 17"" Pockets, Durable Double Stitching, Oeko Tex Standard (Light Blue)",New,127,0,145,0,0,0,0,0,USD,33,318,525,772,,89.99,0,89.99,0,CreateShippingPlan,,0,0,0,0,1.47,0.364464,cubic feet,Standard,46.286928,US,gl_home,14195,14,0,1,2,89.99,2787.67,25608.82,43686.75,63221.28,8,3,134,0,0,9.34,0,0,0,0,,16,0,,,,,,,,,,,,,,,,,66.6,449,Low stock,1005,2026-05-06,2026-04-27,No,No,29.2,66.6,2026-04-27,129,2,11,3,15,unassigned,N,,,
2026-04-30,BM-CALKING-LIGHT-BLUE,X0045ATLAH,B0CWHT5C1M,DECOLURE Cooling Bed Sheets Cal-King Set 4pcs - Luxurious & Soft California King Size Cooling Sheets for Hot Sleepers - Comfy & Cool California King Bamboo Viscose Microfiber Sheets (Light Blue),New,44,0,0,48,0,0,0,0,USD,2,10,27,33,,39.95,0,39.95,0,Create Outlet deal,,24.97,2,0,1931.83,0.49,0.233915,cubic feet,Standard,10.29226,US,gl_home,99235,366,43,17,17,39.95,79.9,399.5,1078.65,1328.35,0,0,0,0,0,7.25,0,0,0,0,,2,0,,,,,,,,,,,,,,,,,187.8,6,Excess,,,2026-04-27,Yes,No,179.7,187.8,2026-04-27,45,1,0,1,366,unassigned,N,,,
2026-04-30,BM-QUEEN-SAGE-GREEN,X0045A9LP7,B0CWHXCW71,DECOLURE Cooling Sheets Queen Set 4pcs - Luxurious & Ultra-Soft Cooling Bed Sheets Queen Size for Hot Sleepers - Comfortable Bamboo Viscose Microfiber Queen Bed Sheets Set Cooling (Sage Green),New,87,0,3,86,0,0,0,0,USD,3,21,44,61,,50.95,0,50.95,0,Create Outlet deal,,23.97,2,0,4753.96,0.5,0.211922,cubic feet,Standard,18.437214,US,gl_home,99235,298,85,16,18,50.95,113.85,796.95,1669.8,2314.95,0,3,0,0,0,12.93,0,0,0,0,,5,0,,,,,,,,,,,,,,,,,182.6,14,Excess,,,2026-04-27,Yes,No,144.6,182.6,2026-04-27,87,0,5,0,322,unassigned,N,,,
2026-04-30,SATIN-STRIPE-QUEEN-RED--6-PCS,X003UOAM93,B0C7KBHV72,"DECOLURE Satin Bed Sheets - 6 Piece Luxury Silky Queen Size Bedding Set - Softer Than Silk, Wrinkle-Free with 15” Deep Pocket Fitted Sheet, Perfect for Hair & Skin, Gifts for Women (Striped Red)",New,132,0,2,76,61,0,0,0,USD,3,17,34,58,,31.95,0,31.95,0,Create Outlet deal,,30.06,2,0,132.95,0.34,0.216474,cubic feet,Standard,28.574568,US,gl_home,24922,366,55,31,29,31.95,95.85,543.06,1086.21,1886.01,1,1,0,61,0,27.07,0,0,0,0,,10,0,57,6.19,20,4.33,0,0,0,0,0,0,0,0,0,0,0,0,287.7,22,Excess,,,2026-04-27,Yes,No,287.7,264.2,2026-04-27,132,0,10,0,366,unassigned,N,,,
2026-04-30,BAMBOO-CALIFKING-LIGHTOLIVE-6PCS,X00438U399,B0CQ31V52K,"DECOLURE 100% Viscose Derived from Bamboo Sheets California King Size - Luxury 6 Pc Naturally Cooling Sheets, Ultra Soft Bed Set - Deep 17"" Pockets, Double Stitching, Oeko Tex Standard (Light Olive)",New,22,0,0,23,0,0,0,0,USD,2,21,31,48,,89.99,0,89.99,0,CreateShippingPlan,,0,0,0,0,0.95,0.337466,cubic feet,Standard,7.424252,US,gl_home,14195,55,0,4,5,89.99,179.98,1819.79,2704.69,4047.52,0,0,0,0,0,3.74,0,0,0,0,,1,0,,,,,,,,,,,,,,,,,94.3,27,Low stock,31,2026-05-04,2026-04-27,Yes,No,43.1,94.3,2026-04-27,23,1,0,0,55,unassigned,N,,,
2026-04-30,SL-QUILT-SET-KING-SAGE-GREEN,X004R3WEYH,B0FGZDYS73,"SLEEPHORIA King Quilt Bedding Set - Cloud Soft All-Season Bedspread 3 PC w/Shams, Bed Quilt King Size Coverlet - Oversized, Light Weight, Ultra Durable, Easy Care - 106 x 96 in (Sage Green)",New,151,0,0,4,147,0,0,0,USD,0,1,4,6,Low traffic,39.99,0,39.99,0,Create Outlet deal,,24.79,2,0,26153.37,0.04,0.708623,cubic feet,Oversize,107.002073,US,gl_home,3506553,366,151,604,327,39.99,0,30.99,117.96,175.94,0,0,0,147,0,157.66,0,0,0,0,,0,0,0,0,147,104.17,0,0,0,0,0,0,0,0,0,0,0,0,4540,4,Excess,,,2026-04-27,Yes,No,4540,2775.2,2026-04-27,151,0,0,0,366,unassigned,N,,,
2026-04-30,BAMBOO-QUEEN-TAUPE-6PCS,X004387KAJ,B0CQ33198K,"DECOLURE 100% Viscose Derived from Bamboo Sheets Queen Size - Luxury 6 Pc Naturally Cooling Sheets, Ultra Soft Bed Set - Deep 17"" Pockets, Durable Double Stitching, Oeko Tex Standard (Taupe)",New,0,0,22,0,0,0,0,0,USD,20,29,66,201,,84.99,0,84.99,0,CreateShippingPlan,,,0,0,,6.26,0.25241,cubic feet,Standard,0,US,gl_home,14195,33,0,41,19,84.99,1622.8,2571.71,5778.34,16396.99,22,0,0,0,0,,300,252,30,18,,45,4,,,,,,,,,,,,,,,,,18.3,211,Low stock,59,2026-05-07,2026-04-27,Yes,No,18.3,10.1,2026-04-27,342,42,3,0,114,unassigned,N,,,
2026-04-30,SS-SATIN-CHAMPAGNE-KING-4PCS,X004D7A20F,B0DDRB7NTZ,"SLEEP SANCTUARY Satin Sheets King Size – 4 Piece Luxury Silky Bed Set, Softer Than Silk, 15"" Deep Pocket, Cooling & Wrinkle-Free, Moisture-Wicking & Breathable for Hair & Skin (Champagne)",New,124,0,26,19,25,53,0,0,USD,5,14,36,46,,35.95,0,35.95,31.84,Create Outlet deal,,29.36,2,0,321.11,0.33,0.298333,cubic feet,Standard,36.993292,US,gl_home,14711,366,69,44,43,35.95,179.75,527.25,1348.15,1707.65,26,0,0,78,0,149.61,30,30,0,0,,11,0,43,6.43,0,0,0,0,1,1.63,53,90.1,0,0,0,0,0,0,362.3,26,Excess,,,2026-04-27,Yes,No,362.3,277.3,2026-04-27,154,0,11,0,366,unassigned,N,,,
2026-04-30,SS-BAMBOO-SAGE-GREEN-KING-6PCS,X004D8X869,B0DDTZ7Z4W,"SLEEP SANCTUARY 100% Viscose Derived from Bamboo Sheets King Size 6pcs – BamBliss Luxury Cooling Sheets for Hot Sleepers - Cloud Soft, 17"" Deep Pocket, Ultra Durable Bed Set (Sage Green)",New,19,0,1,2,19,0,0,0,USD,9,64,95,116,,64.99,0,64.99,0,GoToRestock,,0,0,0,0,1.25,0.37126,cubic feet,Standard,7.05394,US,gl_home,47560,11,0,1,2,64.99,584.91,4159.36,6174.05,7568.84,1,0,0,19,0,1.77,0,0,0,0,,3,0,19,3.53,0,0,0,0,0,0,0,0,0,0,0,0,0,0,77.1,44,Low stock,68,2026-05-06,2026-04-27,Yes,No,26.5,77.1,2026-04-27,19,0,3,0,12,unassigned,N,,,
2026-04-30,SS-BAMBOO-MIDGREY-TWIN-4PCS,X004D8Q59B,B0DDTZR3SH,"SLEEP SANCTUARY 100% Viscose Derived from Bamboo Sheets Twin Size 4pcs – BamBliss Luxury Cooling Sheets for Hot Sleepers - Cloud Soft, 17"" Deep Pocket, Ultra Durable Bed Set (Midgrey)",New,23,0,0,0,23,0,0,0,USD,1,1,1,3,,54.99,0,54.99,0,Create Outlet deal,,29.99,2,0,1329.52,0.12,0.202365,cubic feet,Standard,4.654395,US,gl_home,47560,366,23,92,99,54.99,54.99,54.99,54.99,169.97,0,0,0,23,0,7.36,0,0,0,0,,0,0,6,0.61,17,3.44,0,0,0,0,0,0,0,0,0,0,0,0,,3,Excess,,,,,,,1104,2026-04-27,23,0,0,0,366,unassigned,N,,,
2026-04-30,SATIN-6PC-FULL-BURNT ORANGE,X004BS2KT7,B0D9QRNBSH,"DECOLURE Satin Bed Sheets - 6 Piece Luxury Silky Full Size Bedding Set - Softer Than Silk, Wrinkle-Free with 15” Deep Pocket Fitted Sheet, Perfect for Hair & Skin, Gifts for Women (Burnt Orange)",New,5,0,1,0,0,11,0,0,USD,1,3,9,9,,29.95,0,29.95,0,Create Outlet deal,,18.47,2,0,9.33,0.51,0.154324,cubic feet,Standard,0.77162,US,gl_home,24922,37,0,6,7,29.95,29.95,89.85,228.63,228.63,1,0,0,11,0,2.76,0,0,0,0,,8,0,0,0,0,0,0,0,0,0,6,5.28,5,4.55,0,0,0,0,219,6,Low stock,,,2026-04-27,Yes,No,219,210.3,2026-04-27,5,0,7,1,107,unassigned,N,,,
2026-04-30,SATIN-STONEGREY-FULL,X003EKDAHT,B0BG23H2QY,"DECOLURE Satin Bed Sheets - 4 Piece Luxury Silky Full Size Bedding Set - Softer Than Silk, Wrinkle-Free with 15” Deep Pocket Fitted Sheet, Perfect for Hair & Skin, Gifts for Women (Stone Grey)",New,270,0,175,23,93,0,0,0,USD,9,42,80,124,,29.95,0,29.95,16.27,NoRestockExcessActionRequired,,0,0,0,0,0.42,0.173501,cubic feet,Standard,46.84527,US,gl_home,10574,203,0,25,28,28.45,269.55,1224.9,2393,3673.3,9,75,91,93,0,35.65,0,0,0,0,,23,0,68,5.9,27,4.66,0,0,0,0,0,0,0,0,0,0,0,0,244.8,55,Healthy,,,2026-04-27,Yes,No,228.4,244.8,2026-04-27,271,1,21,1,213,unassigned,N,,,
2026-04-30,SL-CLG-PC-LIGHT-GREY-KING-2PCS,X004OCE561,B0F7LM5KWC,"SLEEPHORIA Cooling Pillow Cases - BreezeWeave King Size Set of 2 Pillowcases for Hot Sleepers & Cool, Deep Rest - Cloud Soft, Silky Smooth, Ultra Durable, Easy Care, Hidden Zipper (Light Grey)",New,6,0,7,4,0,0,0,0,USD,14,60,100,127,,28.99,0,28.99,0,NoExcessInventory,,0,0,0,0,1.54,0.072301,cubic feet,Standard,0.433806,US,gl_home,168211,91,0,19,29,28.99,287.86,1171.4,1935,2462.73,2,2,3,0,0,0.1,280,140,140,0,,3,0,,,,,,,,,,,,,,,,,62.1,53,Low stock,,,2026-04-27,No,No,25.4,62.1,2026-04-27,286,0,1,2,202,unassigned,N,,,
2026-04-30,SATIN-RED-TWIN,X002O624ML,B08KR7V6TL,"DECOLURE Satin Bed Sheets - 3 Piece Luxury Silky Twin Size Bedding Set - Softer Than Silk, Wrinkle-Free with 15” Deep Pocket Fitted Sheet, Perfect for Hair & Skin, Gifts for Women (Red)",New,81,0,12,18,51,0,0,0,USD,1,8,22,34,,39.95,0,39.95,0,NoRestockExcessActionRequired,,0,0,0,0,0.36,0.186957,cubic feet,Standard,15.143517,US,gl_home,10574,218,0,40,30,39.95,21.48,217.09,608.39,943.99,0,0,12,51,0,18.38,0,0,0,0,,0,0,0,0,51,9.55,0,0,0,0,0,0,0,0,0,0,0,0,507.4,17,Healthy,,,2026-04-27,Yes,No,507.4,291.6,2026-04-27,81,0,0,0,218,unassigned,N,,,
2026-04-30,SS-SATIN-WHITE-FULL-4PCS,X004D7A39P,B0DDRH7S7L,"SLEEP SANCTUARY Satin Sheets Full Size – 4 Piece Luxury Silky Bed Set, Softer Than Silk, 15"" Deep Pocket, Cooling & Wrinkle-Free, Moisture-Wicking & Breathable for Hair & Skin (White)",New,102,0,104,0,0,0,0,0,USD,2,27,42,66,,31.95,0,31.95,0,NoExcessInventory,,0,0,0,0,0.99,0.187898,cubic feet,Standard,19.165596,US,gl_home,14711,175,0,15,20,31.95,63.9,892.47,1431.72,2198.52,0,104,0,0,0,12.28,0,0,0,0,,5,0,,,,,,,,,,,,,,,,,119.1,41,Healthy,,,2026-04-27,Yes,No,119.1,91,2026-04-27,103,1,4,0,183,unassigned,N,,,
2026-04-30,SATIN-FITTED-TWIN-NAVY-BLUE,X004CBT25D,B0DBW1ZHFR,"DECOLURE Satin Fitted Sheet Twin Size (1 PC) – Luxuriously Smooth & Softer Than Silk Bed Sheets w/ 15 Inch Deep Pocket Hypoallergenic Wrinkle Free, Secure Snug Fit, Elastic Corner Straps (Navy Blue)",New,68,0,5,63,2,0,0,0,USD,2,18,33,42,,23.95,0,23.95,0,Edit listing,,0,0,0,0,0.44,0.118346,cubic feet,Standard,8.047528,US,gl_home,14844,88,0,50,70,23.95,31.9,303.1,557.35,729.9,2,0,3,2,0,6.39,160,160,0,0,,0,0,23,1.37,0,0,0,0,0,0,0,0,0,0,0,0,0,0,189.1,37,Healthy,,,2026-04-27,Yes,No,123.8,189.1,2026-04-27,228,0,0,0,366,unassigned,N,,,
2026-04-30,SL-COOLING-FITTED-KING-LIGHT-BLUE,X004OD3BGZ,B0F7M4WBKD,"SLEEPHORIA Cooling Fitted Sheet King Size - 1 PC BreezeWeave Cooling Sheets for Hot Sleepers & Cool Rest w/ 16 in Deep Pocket - Corner Straps, Cloud Soft, Ultra Durable - 73 x 77 in (Light Blue)",New,66,0,10,0,69,0,0,0,USD,9,32,53,53,,32.99,0,32.99,0,NoExcessInventory,,0,0,0,0,0.47,0.168136,cubic feet,Standard,11.096976,US,gl_home,33953,92,0,8,16,32.99,296.91,1097.68,1792.47,1792.47,0,4,6,69,0,51.68,0,0,0,0,,12,0,0,0,0,0,0,0,69,63.25,0,0,0,0,0,0,0,0,213.4,,,,,2026-04-27,Yes,No,99.3,213.4,2026-04-27,66,0,12,0,108,unassigned,N,,,
2026-04-30,SATIN-FITTED-FULL-DARK-GREEN,X004CC2WQN,B0DBVXG561,"DECOLURE Satin Fitted Sheet Full Size (1 PC) – Luxuriously Smooth & Softer Than Silk Bed Sheets w/ 15 Inch Deep Pocket Hypoallergenic Wrinkle Free, Secure Snug Fit, Elastic Corner Straps (Dark Green)",New,237,0,0,81,158,0,0,0,USD,3,6,13,19,,17.95,0,16.06,0,Edit listing,,0,0,0,5158.65,0.07,0.127296,cubic feet,Standard,30.169152,US,gl_home,14844,366,236,158,162,16.06,51.96,105.81,231.46,344.16,0,0,0,158,0,33.45,0,0,0,0,,1,0,161,10.23,18,2.3,0,0,0,0,0,0,0,0,0,0,0,0,1181.9,19,Excess,,,2026-04-27,Yes,No,913.9,1181.9,2026-04-27,237,0,1,0,366,unassigned,N,,,
2026-04-30,SL-QUILT-SET-QUEEN-LIGHT-GREY,X004R3N53V,B0FGZMSDC8,"SLEEPHORIA Queen Quilt Bedding Set - Cloud Soft All-Season Bedspread 3 PC w/Shams, Bed Quilt Queen Size Coverlet - Oversized, Light Weight, Ultra Durable, Easy Care - 90 x 96 in (Light Grey)",New,451,0,2,5,442,0,0,0,USD,0,1,1,4,Low traffic,36.99,0,36.99,0,Create Outlet deal,,23.19,2,0,73938.49,0.01,0.661948,cubic feet,Oversize,298.538548,US,gl_home,3702054,366,451,1804,1465,26.99,0,28.99,28.99,109.96,2,0,0,442,0,444.85,0,0,0,0,,0,0,0,0,442,292.59,0,0,0,0,0,0,0,0,0,0,0,0,13535,3,Excess,,,2026-04-27,Yes,No,13535,10155.8,2026-04-27,451,0,0,0,366,unassigned,N,,,
2026-04-30,SS-SATIN-DARK-GREEN-KING-4PCS,X004D7A30J,B0DDR6921L,"SLEEP SANCTUARY Satin Sheets King Size – 4 Piece Luxury Silky Bed Set, Softer Than Silk, 15"" Deep Pocket, Cooling & Wrinkle-Free, Moisture-Wicking & Breathable for Hair & Skin (Dark Green)",New,151,0,26,39,94,0,0,0,USD,7,48,74,96,,35.95,0,35.95,0,NoExcessInventory,,0,0,0,29.55,0.49,0.287372,cubic feet,Standard,43.393172,US,gl_home,14711,201,0,35,57,35.95,251.65,1656.73,2591.43,3386.33,25,0,1,94,0,50.29,270,270,0,0,,8,0,79,11.36,40,11.47,0,0,0,0,0,0,0,0,0,0,0,0,184,58,Healthy,,,2026-04-27,Yes,No,97.2,184,2026-04-27,422,1,7,0,366,unassigned,N,,,
2026-04-30,SL-CLG-PC-BLUE-STANDARD-2PCS,X004OCKZ3N,B0F7LHWD2N,"SLEEPHORIA Cooling Pillow Cases - BreezeWeave Standard Size Set of 2 Pillowcases for Hot Sleepers & Cool, Deep Rest - Cloud Soft, Silky Smooth, Ultra Durable, Easy Care, Hidden Zipper (Blue)",New,302,0,5,161,1,138,0,0,USD,11,54,100,131,,16.99,0,16.99,0,Create Outlet deal,,11.99,2,0,54.04,0.35,0.070094,cubic feet,Standard,21.168388,US,gl_home,168211,200,54,22,29,16.99,182.89,889.46,1636,2132.69,0,3,2,139,0,64.2,0,0,0,0,,3,0,2,0.08,0,0,0,0,97,37.04,41,16.39,0,0,0,0,0,0,260.7,54,Excess,,,2026-04-27,Yes,No,189.5,260.7,2026-04-27,302,0,3,0,202,unassigned,N,,,
2026-04-30,SS-SATIN-TAUPE-KING-4PCS,X004D7A2NH,B0DDRF1Z4N,"SLEEP SANCTUARY Satin Sheets King Size – 4 Piece Luxury Silky Bed Set, Softer Than Silk, 15"" Deep Pocket, Cooling & Wrinkle-Free, Moisture-Wicking & Breathable for Hair & Skin (Taupe)",New,93,0,32,0,3,59,0,0,USD,4,20,29,38,,35.95,0,35.95,0,Create Outlet deal,,29.36,2,0,952.96,0.36,0.323186,cubic feet,Standard,30.056298,US,gl_home,14711,275,52,18,31,35.95,143.8,748.9,1090.45,1414,1,18,13,62,0,123.05,0,0,0,0,,7,0,0,0,3,0.97,0,0,1,1.76,58,106.81,0,0,0,0,0,0,268.6,26,Excess,,,2026-04-27,Yes,No,174.5,268.6,2026-04-27,93,0,7,0,302,unassigned,N,,,
2026-04-30,SL-COOLING-FITTED-TWIN-BEIGE,X004OD83UJ,B0F7M2XVCN,"SLEEPHORIA Cooling Fitted Sheet Twin Size - 1 PC BreezeWeave Cooling Sheets for Hot Sleepers & Cool Rest w/ 16 in Deep Pocket - Corner Straps, Cloud Soft, Ultra Durable - 37 x 72 in (Beige)",New,8,0,0,0,19,0,0,0,USD,2,6,6,6,,24.99,0,24.99,0,Create Outlet deal,,18.89,2,0,383.42,0.22,0.115405,cubic feet,Standard,0.92324,US,gl_home,33953,56,0,5,17,24.99,49.98,157.94,157.94,157.94,0,0,0,19,0,1.4,0,0,0,0,,9,0,12,0.7,0,0,0,0,7,4.4,0,0,0,0,0,0,0,0,421.6,,,,,2026-04-27,Yes,No,133.6,421.6,2026-04-27,10,2,7,0,100,unassigned,N,,,
2026-04-30,SATIN-4PC-FULL-DARK GREEN,X0042WV34P,B0CQRX2Z2G,"DECOLURE Satin Bed Sheets - 4 Piece Luxury Silky Full Size Bedding Set - Softer Than Silk, Wrinkle-Free with 15” Deep Pocket Fitted Sheet, Perfect for Hair & Skin, Gifts for Women (Dark Green)",New,170,0,35,20,136,0,0,0,USD,4,30,42,59,,29.95,0,29.95,0,NoRestockExcessActionRequired,,0,0,0,16.1,0.28,0.219955,cubic feet,Standard,37.39235,US,gl_home,10574,316,0,22,37,28.45,119.8,880.5,1290.9,1781.07,4,1,30,136,0,48.02,0,0,0,0,,22,1,49,5.39,88,19.36,0,0,0,0,0,0,0,0,0,0,0,0,335.8,39,Healthy,,,2026-04-27,Yes,No,194.4,335.8,2026-04-27,184,14,8,0,336,unassigned,N,,,
2026-04-30,SS-SATIN-DARK-GREEN-QUEEN-4PCS,X004D7A3JP,B0DDRGZYZD,"SLEEP SANCTUARY Satin Sheets Queen Size – 4 Piece Luxury Silky Bed Set, Softer Than Silk, 15"" Deep Pocket, Cooling & Wrinkle-Free, Moisture-Wicking & Breathable for Hair & Skin (Dark Green)",New,106,0,1,5,103,0,0,0,USD,12,43,68,87,,33.95,0,33.95,0,NoExcessInventory,,0,0,0,0,0.54,0.261031,cubic feet,Standard,27.669286,US,gl_home,14711,117,0,9,15,33.95,407.39,1459.64,2314.39,2959.44,0,0,1,103,0,42.79,0,0,0,0,,1,0,1,0.13,84,21.91,8,3.12,11,15.66,0,0,0,0,0,0,0,0,181.6,51,Healthy,,,2026-04-27,Yes,No,110.2,181.6,2026-04-27,106,0,1,0,119,unassigned,N,,,
2026-04-30,SS-BAMBOO-GREY-FULL-6PCS,X004D8TNAT,B0DDTYWKG7,"SLEEP SANCTUARY 100% Viscose Derived from Bamboo Sheets Full 6pcs – BamBliss Luxury Cooling Sheets for Hot Sleepers - Cloud Soft, 17"" Deep Pocket, Ultra Durable Bed Set (Grey)",New,42,0,0,0,43,0,0,0,USD,2,4,11,19,,59.99,0,59.99,0,Create Outlet deal,,45.49,2,0,1882.91,0.37,0.286718,cubic feet,Standard,12.042156,US,gl_home,47560,253,38,42,28,59.99,119.98,239.96,649.89,1129.81,0,0,0,43,0,18.15,0,0,0,0,,1,0,12,1.72,31,8.89,0,0,0,0,0,0,0,0,0,0,0,0,465.3,7,Excess,,,2026-04-27,Yes,No,465.3,279.8,2026-04-27,42,0,1,0,260,unassigned,N,,,
2026-04-30,PURPLE-SATIN-SET-6PCS,X003VHOEP7,B0C9LSVFPR,"DECOLURE Satin Bed Sheets - 6 Piece Luxury Silky Queen Size Bedding Set - Softer Than Silk, Wrinkle-Free with 15” Deep Pocket Fitted Sheet, Perfect for Hair & Skin, Gifts for Women (Purple)",New,14,0,16,0,0,0,0,0,USD,6,39,48,82,,31.95,0,31.95,0,GoToRestock,,0,0,0,0,1.84,0.214187,cubic feet,Standard,2.998618,US,gl_home,24922,37,0,2,4,31.95,191.7,1019.77,1322.32,2247.12,16,0,0,0,0,0.9,12,0,6,6,,1,0,,,,,,,,,,,,,,,,,44.3,57,Low stock,78,2026-05-06,2026-04-27,Yes,No,19.9,44.3,2026-04-27,26,0,1,0,39,unassigned,N,,,
2026-04-30,BAMBOO-QUEEN-LIGHTOLIVE,X003TOCG8T,B0BZQ19Z44,"DECOLURE 100% Viscose Derived from Bamboo Sheets Queen Size - Luxury 4 Pc Naturally Cooling Sheets, Ultra Soft Bed Set - Deep 17"" Pockets, Durable Double Stitching, Oeko Tex Standard (Light Olive)",New,34,0,3,34,0,0,0,0,USD,3,26,80,118,,79.99,0,79.99,0,NoRestockExcessActionRequired,,0,0,0,0,1.25,0.277961,cubic feet,Standard,9.450674,US,gl_home,11515,43,0,36,26,79.99,239.97,1940.86,5800.97,8527.84,2,0,1,0,0,4.76,204,204,0,0,,2,0,1,0.14,0,0,0,0,0,0,0,0,0,0,0,0,0,0,69.2,70,Low stock,,,2026-04-27,Yes,No,58.6,69.2,2026-04-27,240,2,0,0,311,unassigned,N,,,
2026-04-30,SS-SATIN-IVORY-FULL-4PCS,X004D7LWW7,B0DDRNZ8YM,"SLEEP SANCTUARY Satin Sheets Full Size – 4 Piece Luxury Silky Bed Set, Softer Than Silk, 15"" Deep Pocket, Cooling & Wrinkle-Free, Moisture-Wicking & Breathable for Hair & Skin (Ivory)",New,68,0,0,1,54,13,3,0,USD,0,5,16,19,,31.95,0,31.95,0,Create Outlet deal,,22.36,2,0,3114.78,0.23,0.282881,cubic feet,Standard,19.235908,US,gl_home,14711,366,69,54,46,31.95,0,150.18,501.63,597.48,0,0,0,55,12,49.03,0,0,0,0,,2,0,0,0,54,15.26,0,0,1,1.54,0,0,12,20.04,3,5.86,0,0,437.4,13,Excess,,,2026-04-27,Yes,No,437.4,384.2,2026-04-27,69,1,0,1,366,unassigned,N,,,
2026-04-30,SATIN-FITTED-QUEEN-LAVENDER,X004CBP7KH,B0DBW47GVH,"DECOLURE Satin Fitted Sheet Queen Size (1 PC) – Luxuriously Smooth & Softer Than Silk Bed Sheets w/ 15 Inch Deep Pocket Hypoallergenic Wrinkle Free, Secure Snug Fit, Elastic Corner Straps (Lavender)",New,118,0,103,0,0,0,0,0,USD,31,93,135,178,,17.95,0,17.95,0,NoRestockExcessActionRequired,,0,0,0,0,0.95,0.164521,cubic feet,Standard,19.413478,US,gl_home,14844,56,0,14,24,17.95,536.45,1625.35,2393.25,3165.1,2,101,0,0,0,12.43,220,220,0,0,,9,0,,,,,,,,,,,,,,,,,103.6,110,Healthy,,,2026-04-27,No,No,69.8,103.6,2026-04-27,340,2,6,1,201,unassigned,N,,,
2026-04-30,BAMBOO-QUEEN-GREY,X002O4Z16T,B08KQ5VVRV,"DECOLURE 100% Viscose Derived from Bamboo Sheets Queen Size - Luxury 4 Pc Naturally Cooling Sheets, Ultra Soft Bed Set - Deep 17"" Pockets, Durable Double Stitching, Oeko Tex Standard (Grey)",New,68,0,85,0,0,0,0,0,USD,26,96,259,307,,79.99,0,79.99,0,CreateShippingPlan,,0,0,0,0,1.69,0.242925,cubic feet,Standard,16.5189,US,gl_home,11515,33,0,6,6,79.99,1782.06,7118.13,19366.5,22863.96,85,0,0,0,0,7.42,90,90,0,0,,13,0,,,,,,,,,,,,,,,,,47.7,156,Low stock,141,2026-05-06,2026-04-27,Yes,No,17.2,47.7,2026-04-27,167,9,2,2,71,unassigned,N,,,
2026-04-30,SS-SATIN-STRIPED-PINK-FULL-4PCS,X004D7HE2T,B0DDRKMZ6G,"SLEEP SANCTUARY Satin Sheets Full Size – 4 Piece Luxury Silky Bed Set, Softer Than Silk, 15"" Deep Pocket, Cooling & Wrinkle-Free, Moisture-Wicking & Breathable for Hair & Skin (Striped Pink)",New,40,0,0,37,3,0,0,0,USD,0,1,2,9,,37.95,0,37.95,0,Create Outlet deal,,15.97,2,0,1199.28,0.21,0.154324,cubic feet,Standard,6.17296,US,gl_home,14711,366,39,160,57,37.95,0,28.76,60.71,284.36,0,0,0,3,0,4.64,0,0,0,0,,0,0,0,0,1,0.15,2,0.46,0,0,0,0,0,0,0,0,0,0,1210,8,Excess,,,2026-04-27,Yes,No,1210,424.8,2026-04-27,40,0,0,0,366,unassigned,N,,,
2026-04-30,BAMBOO-CALIFKING-LIGHT PINK-6PCS,X004386XKR,B0CQ2ZS83S,"DECOLURE 100% Viscose Derived from Bamboo Sheets California King Size - Luxury 6 Pc Naturally Cooling Sheets, Ultra Soft Bed Set - Deep 17"" Pockets, Double Stitching, Oeko Tex Standard (Light Pink)",New,13,0,2,23,0,0,0,0,USD,2,31,44,56,,89.99,0,89.99,0,CreateShippingPlan,,0,0,0,0,0.97,0.277796,cubic feet,Standard,3.611348,US,gl_home,14195,30,0,1,3,89.99,179.98,2555.69,3695.61,4645.49,2,0,0,0,0,2.28,0,0,0,0,,11,0,,,,,,,,,,,,,,,,,96.8,29,Low stock,38,2026-05-05,2026-04-27,Yes,No,36.9,96.8,2026-04-27,18,5,5,1,43,unassigned,N,,,
2026-04-30,BAMBOO-QUEEN-WHITE,X002O53Z43,B08KQJGM74,"DECOLURE 100% Viscose Derived from Bamboo Sheets Queen Size - Luxury 4 Pc Naturally Cooling Sheets, Ultra Soft Bed Set - Deep 17"" Pockets, Durable Double Stitching, Oeko Tex Standard (White)",New,0,0,7,0,0,0,0,0,USD,42,65,235,429,,79.99,74.99,74.99,0,CreateShippingPlan,,,0,0,,3.07,0.274414,cubic feet,Standard,0,US,gl_home,11515,15,0,40,20,74.99,3147.76,4872.53,17222.93,31348.43,7,0,0,0,0,,660,606,30,24,,59,0,,,,,,,,,,,,,,,,,25.2,224,Low stock,,,2026-04-27,No,Yes,10.9,25.2,2026-04-27,710,50,4,5,105,unassigned,N,,,
2026-04-30,BAMBOO-TWIN-WHITE,X002O5110D,B08KQKBM4Q,"DECOLURE 100% Viscose Derived from Bamboo Sheets Twin Size - Luxury 3 Pc Naturally Cooling Sheets, Ultra Soft Bed Set - Deep 17"" Pockets, Durable Double Stitching, Oeko Tex Standard (White)",New,77,0,90,0,0,0,0,0,USD,13,42,105,125,,59.99,0,59.99,0,NoRestockExcessActionRequired,,0,0,0,0,1.09,0.2061,cubic feet,Standard,15.8697,US,gl_home,11515,91,0,9,10,59.99,759.87,2687.58,6266.95,7396.75,36,24,30,0,0,12.26,24,0,12,12,,34,0,,,,,,,,,,,,,,,,,84.8,80,Healthy,39,2026-05-06,2026-04-27,Yes,No,73.1,84.8,2026-04-27,131,30,2,2,94,unassigned,N,,,
2026-04-30,SL-QUILT-SET-QUEEN-SAGE-GREEN,X004R3WF23,B0FGZZRZML,"SLEEPHORIA Queen Quilt Bedding Set - Cloud Soft All-Season Bedspread 3 PC w/Shams, Bed Quilt Queen Size Coverlet - Oversized, Light Weight, Ultra Durable, Easy Care - 90 x 96 in (Sage Green)",New,162,0,1,6,156,0,0,0,USD,0,0,0,1,Low traffic,36.99,0,36.99,0,Lower price,,28.99,52,0,28325.42,0.01,0.704337,cubic feet,Oversize,114.102594,US,gl_home,4908936,366,162,,2106,28.99,0,0,0,26.99,0,0,1,156,0,167.03,0,0,0,0,,1,0,1,0.35,155,109.18,0,0,0,0,0,0,0,0,0,0,0,0,,3,Excess,,,,,,,7401,2026-04-27,162,0,1,0,366,unassigned,N,,,
2026-04-30,SS-SATIN-STRIPED-RED-FULL-4PCS,X004D7HFN7,B0DDR9TM21,"SLEEP SANCTUARY Satin Sheets Full Size – 4 Piece Luxury Silky Bed Set, Softer Than Silk, 15"" Deep Pocket, Cooling & Wrinkle-Free, Moisture-Wicking & Breathable for Hair & Skin (Striped Red)",New,20,0,0,0,0,20,0,0,USD,0,2,2,5,,29.95,0,29.95,0,Create Outlet deal,,18.97,2,0,1351.56,0.22,0.251343,cubic feet,Standard,5.02686,US,gl_home,14711,366,20,40,52,29.95,0,75.9,75.9,165.75,0,0,0,0,20,38.18,0,0,0,0,,0,0,0,0,0,0,0,0,0,0,0,0,0,0,20,34.69,0,0,400.8,4,Excess,,,2026-04-27,Yes,No,316,400.8,2026-04-27,20,0,0,0,366,unassigned,N,,,
2026-04-30,SATIN-SEA-TEAL-KING-6PCS,X003UMBNB1,B0C7FSZHXL,"DECOLURE Satin Bed Sheets - 6 Piece Luxury Silky King Size Bedding Set - Softer Than Silk, Wrinkle-Free with 15” Deep Pocket Fitted Sheet, Perfect for Hair & Skin, Gifts for Women (Sea Teal)",New,35,0,4,20,15,0,0,0,USD,9,39,91,133,,33.95,0,33.95,0,GoToRestock,,0,0,0,0,1.29,0.261345,cubic feet,Standard,9.147075,US,gl_home,24922,34,0,3,3,33.95,305.55,1368.33,3133.73,4559.63,4,0,0,15,0,2.49,0,0,0,0,,4,0,21,2.73,0,0,0,0,0,0,0,0,0,0,0,0,0,0,70.8,26,Healthy,14,2026-05-06,2026-04-27,Yes,No,42.8,70.8,2026-04-27,37,2,1,1,35,unassigned,N,,,
2026-04-30,SS-SATIN-PINK-KING-4PCS,X004D7EW8X,B0DDQQB8VY,"SLEEP SANCTUARY Satin Sheets King Size – 4 Piece Luxury Silky Bed Set, Softer Than Silk, 15"" Deep Pocket, Cooling & Wrinkle-Free, Moisture-Wicking & Breathable for Hair & Skin (Pink)",New,93,0,0,2,0,94,0,0,USD,4,12,26,41,,29.95,0,29.95,0,Create Outlet deal,,29.36,2,0,353.33,0.34,0.299483,cubic feet,Standard,27.851919,US,gl_home,14711,345,46,31,29,29.95,125.79,413.31,946.61,1485.86,0,0,0,94,0,163.22,0,0,0,0,,3,0,0,0,0,0,0,0,0,0,94,160.48,0,0,0,0,0,0,280,25,Excess,,,2026-04-27,Yes,No,280,276,2026-04-27,93,0,2,1,359,unassigned,N,,,
2026-04-30,SS-BAMBOO-CREME-TWIN-4PCS,X004D8Q22V,B0DDV13P1G,"SLEEP SANCTUARY 100% Viscose Derived from Bamboo Sheets Twin Size 4pcs – BamBliss Luxury Cooling Sheets for Hot Sleepers - Cloud Soft, 17"" Deep Pocket, Ultra Durable Bed Set (Creme)",New,22,0,0,0,22,0,0,0,USD,1,3,6,6,,54.99,0,54.99,0,Create Outlet deal,,41.99,2,0,1251.98,0.19,0.202365,cubic feet,Standard,4.45203,US,gl_home,47560,366,22,29,47,54.99,54.99,164.97,344.94,344.94,0,0,0,22,0,7.02,0,0,0,0,,0,0,6,0.61,16,3.24,0,0,0,0,0,0,0,0,0,0,0,0,469,3,Excess,,,2026-04-27,Yes,No,354,469,2026-04-27,22,0,0,0,366,unassigned,N,,,
2026-04-30,SATIN-STONEGREY-FULL-6PCS,X003UMBN0H,B0C7G4HJL5,"DECOLURE Satin Bed Sheets - 6 Piece Luxury Silky Full Size Bedding Set - Softer Than Silk, Wrinkle-Free with 15” Deep Pocket Fitted Sheet, Perfect for Hair & Skin, Gifts for Women (Stone Grey)",New,2,0,0,2,0,0,0,0,USD,0,2,3,8,,40.95,0,40.95,0,NoExcessInventory,,0,0,0,0,1.07,0.186207,cubic feet,Standard,0.372414,US,gl_home,24922,273,0,64,52,40.95,0,53.92,83.87,233.62,0,0,0,0,0,0.07,30,0,30,0,,2,0,,,,,,,,,,,,,,,,,85.1,8,Low stock,,,2026-04-27,Yes,No,78,85.1,2026-04-27,32,0,2,0,294,unassigned,N,,,
2026-04-30,SILK-PILLOWCASE-STANDARD-IVORY-1PCS,X004C9YV65,B0DBR99M41,"DECOLURE 100% Pure Mulberry Silk Pillow Case Standard Size – Highest Grade 30 Momme 6A+, Luxuriously Soft & Cooling Silk Pillowcase for Hair & Skin, Hypoallergenic, Breathable, Hidden Zipper (Ivory)",New,384,0,19,9,13,13,332,0,USD,6,28,47,74,,44.95,0,44.95,0,Create Outlet deal,,39.89,2,0,673.35,0.17,0.029329,cubic feet,Standard,11.262336,US,gl_home,181216,366,245,54,67,44.95,259.7,1218.6,2032.65,3160.38,1,17,1,18,8,77.91,0,0,0,0,,2,0,0,0,1,0.03,3,0.13,12,1.92,0,0,3,0.52,339,101.7,0,0,551.1,34,Excess,,,2026-04-27,Yes,No,465.4,551.1,2026-04-27,385,1,1,0,366,unassigned,N,,,
2026-04-30,SATIN-FITTED-FULL-BLACK,X004CBP8ID,B0DBVZTM41,"DECOLURE Satin Fitted Sheet Full Size (1 PC) – Luxuriously Smooth & Softer Than Silk Bed Sheets w/ 15 Inch Deep Pocket Hypoallergenic Wrinkle Free, Secure Snug Fit, Elastic Corner Straps (Black)",New,431,0,246,107,107,0,0,0,USD,17,66,125,209,,17.95,0,17.95,0,NoRestockExcessActionRequired,,0,0,0,0,0.46,0.109375,cubic feet,Standard,47.140625,US,gl_home,14844,174,0,26,26,17.95,301.15,1154.7,2213.75,3746.55,43,201,2,107,0,38.91,0,0,0,0,,45,0,149,8.1,0,0,0,0,0,0,0,0,0,0,0,0,0,0,235.7,172,Healthy,,,2026-04-27,Yes,No,235.7,193.9,2026-04-27,431,0,43,2,197,unassigned,N,,,
2026-04-30,SATIN-STRIPE-FULL-GRAY--6-PCS,X003UO3A4H,B0C7K7NCKW,"DECOLURE Satin Bed Sheets - 6 Piece Luxury Silky Full Size Bedding Set - Softer Than Silk, Wrinkle-Free with 15” Deep Pocket Fitted Sheet, Perfect for Hair & Skin, Gifts for Women (Striped Grey)",New,71,0,0,12,71,0,0,0,USD,2,4,5,6,,36.95,0,36.95,0,Create Outlet deal,,17.61,2,0,5837.15,0.07,0.330379,cubic feet,Standard,23.456909,US,gl_home,24922,366,71,71,153,36.95,73.9,124.22,149.38,179.33,0,0,0,71,0,85.65,0,0,0,0,,12,0,24,3.98,6,1.98,0,0,47,84.61,0,0,0,0,0,0,0,0,1578.8,4,Excess,,,2026-04-27,Yes,No,640,1578.8,2026-04-27,71,0,12,0,366,unassigned,N,,,
2026-04-30,SS-BAMBOO-TAUPE-TWIN-4PCS,X004D8UYQ1,B0DDTYZ5R2,"SLEEP SANCTUARY 100% Viscose Derived from Bamboo Sheets Twin Size 4pcs – BamBliss Luxury Cooling Sheets for Hot Sleepers - Cloud Soft, 17"" Deep Pocket, Ultra Durable Bed Set (Taupe)",New,24,0,1,0,23,0,0,0,USD,0,0,4,4,Low conversion,54.99,0,54.99,0,Create Outlet deal,,41.99,2,0,1354.48,0.16,0.202365,cubic feet,Standard,4.85676,US,gl_home,47560,366,24,,78,54.99,0,0,239.96,239.96,1,0,0,23,0,7.51,0,0,0,0,,0,0,6,0.6,17,3.44,0,0,0,0,0,0,0,0,0,0,0,0,,3,Excess,,,,,,,574.3,2026-04-27,24,0,0,0,366,unassigned,N,,,
2026-04-30,BAMBOO-FULL-LIGHT PINK,X0040HLH8T,B0CLKDSVCV,"DECOLURE 100% Viscose Derived from Bamboo Sheets Full Size - Luxury 4 Pc Naturally Cooling Sheets, Ultra Soft Bed Set - Deep 17"" Pockets, Durable Double Stitching, Oeko Tex Standard (Light Pink)",New,34,0,39,0,0,0,0,0,USD,7,8,9,51,,69.99,0,64.98,0,NoRestockExcessActionRequired,,0,0,0,0,2.22,0.235026,cubic feet,Standard,7.990884,US,gl_home,11515,102,0,77,39,64.98,459.89,529.88,594.87,3359.45,39,0,0,0,0,6.82,120,96,12,12,,19,0,,,,,,,,,,,,,,,,,107.7,47,Healthy,,,2026-04-27,Yes,No,107.7,23.4,2026-04-27,172,18,0,1,236,unassigned,N,,,
2026-04-30,SATIN-FITTED-TWIN-ROSEWOOD,X004CBTSZ7,B0DBVY3FF2,"DECOLURE Satin Fitted Sheet Twin Size (1 PC) – Luxuriously Smooth & Softer Than Silk Bed Sheets w/ 15 Inch Deep Pocket Hypoallergenic Wrinkle Free, Secure Snug Fit, Elastic Corner Straps (Rosewood)",New,38,0,0,42,1,0,0,0,USD,1,7,13,15,,23.95,0,15.36,0,NoRestockExcessActionRequired,,0,0,0,155.36,0.27,0.116403,cubic feet,Standard,4.423314,US,gl_home,14844,190,39,21,32,15.36,15.32,117.02,218.72,252.62,0,0,0,1,0,3.1,0,0,0,0,,3,0,1,0.06,0,0,1,0.17,0,0,0,0,0,0,0,0,0,0,359.2,10,Excess,,,2026-04-27,Yes,No,278.4,359.2,2026-04-27,39,1,0,2,206,unassigned,N,,,
2026-04-30,SL-COOLING-SHEET-FULL-LIGHT-BLUE,X004OCYGKB,B0F7LYF4RK,"SLEEPHORIA Cooling Sheets - BreezeWeave 4 PC Full Size Cooling Bed Sheets for Hot Sleepers & Deep, Cool Rest - Cloud Soft, Silky Smooth, 16 in Deep Pocket, Ultra Durable (Light Blue)",New,46,0,50,0,0,0,0,0,USD,4,32,64,79,,60.99,0,60.99,0,GoToRestock,,0,0,0,0,2.18,0.282075,cubic feet,Standard,12.97545,US,gl_home,32563,70,0,5,7,60.99,241.96,1921.68,3826.36,4728.21,30,20,0,0,0,7.73,0,0,0,0,,1,0,,,,,,,,,,,,,,,,,58,24,Healthy,1,2026-05-06,2026-04-27,Yes,No,58,53.8,2026-04-27,47,1,0,0,70,unassigned,N,,,
2026-04-30,SATIN-STRIPE-TWIN-GRAY,X0030KKNXH,B09G6J7WQ8,"DECOLURE Satin Bed Sheets - 3 Piece Luxury Silky Twin Size Bedding Set - Softer Than Silk, Wrinkle-Free with 15” Deep Pocket Fitted Sheet, Perfect for Hair & Skin, Gifts for Women (Striped Grey)",New,11,0,0,0,1,10,0,0,USD,1,5,7,8,,31.95,0,31.95,0,NoRestockExcessActionRequired,,0,0,0,498.25,0.44,0.142087,cubic feet,Standard,1.562957,US,gl_home,10574,205,11,8,17,31.95,31.95,124.91,169.89,195.35,0,0,0,1,10,11.66,0,0,0,0,,1,0,0,0,0,0,0,0,1,0.77,0,0,0,0,10,9.8,0,0,240,4,Excess,,,2026-04-27,Yes,No,120.5,240,2026-04-27,11,0,1,0,215,unassigned,N,,,
2026-04-30,SATIN-TWIN-BLUE-6PCS,X003UM8Z85,B0C7FFM7L9,"DECOLURE Satin Bed Sheets - 4 Piece Luxury Silky Twin Size Bedding Set - Softer Than Silk, Wrinkle-Free with 15” Deep Pocket Fitted Sheet, Perfect for Hair & Skin, Gifts for Women (Blue)",New,62,0,36,0,26,0,0,0,USD,2,7,8,11,,27.95,0,27.95,0,Create Outlet deal,,18.97,2,0,2170.4,0.22,0.210865,cubic feet,Standard,13.07363,US,gl_home,24922,366,58,35,73,27.95,55.9,192.52,220.47,293.4,0,36,0,26,0,11.46,0,0,0,0,,0,0,26,2.75,0,0,0,0,0,0,0,0,0,0,0,0,0,0,462.2,10,Excess,,,2026-04-27,Yes,No,328.3,462.2,2026-04-27,62,0,0,0,366,unassigned,N,,,
2026-04-30,BAMBOO-TWIN-CREME-6PCS,X00438CIFB,B0CQ2ZZZ42,"DECOLURE 100% Viscose Derived from Bamboo Sheets Twin Size - Luxury 4 Pc Naturally Cooling Sheets, Ultra Soft Bed Set - Deep 17"" Pockets, Durable Double Stitching, Oeko Tex Standard (Creme)",New,9,0,3,9,0,0,0,0,USD,0,16,27,48,,80.99,0,80.99,0,CreateShippingPlan,,0,0,0,0,1.46,0.186005,cubic feet,Standard,1.674045,US,gl_home,14195,17,0,2,2,80.99,0,935.84,1597.36,2856.15,0,2,1,0,0,0.39,0,0,0,0,,3,1,,,,,,,,,,,,,,,,,60.2,35,Low stock,59,2026-05-06,2026-04-27,Yes,No,35.1,60.2,2026-04-27,9,0,3,0,23,unassigned,N,,,
2026-04-30,SS-BAMBOO-TAUPE-FULL-6PCS,X004D8PZ97,B0DDTX7FF7,"SLEEP SANCTUARY 100% Viscose Derived from Bamboo Sheets Full 6pcs – BamBliss Luxury Cooling Sheets for Hot Sleepers - Cloud Soft, 17"" Deep Pocket, Ultra Durable Bed Set (Taupe)",New,47,0,0,3,45,0,0,0,USD,1,7,14,21,,59.99,0,59.99,0,Create Outlet deal,,32.49,2,0,140.26,0.36,0.28674,cubic feet,Standard,13.47678,US,gl_home,47560,232,38,26,29,59.99,59.99,419.93,839.86,1274.79,0,0,0,45,0,19.66,0,0,0,0,,0,0,12,1.72,33,9.46,0,0,0,0,0,0,0,0,0,0,0,0,252.2,11,Excess,,,2026-04-27,Yes,No,172.8,252.2,2026-04-27,47,0,0,0,232,unassigned,N,,,
2026-04-30,SATIN-FULL-PINK,X002IU8UR1,B0839L6QG5,"DECOLURE Satin Bed Sheets - 4 Piece Luxury Silky Full Size Bedding Set - Softer Than Silk, Wrinkle-Free with 15” Deep Pocket Fitted Sheet, Perfect for Hair & Skin, Gifts for Women (Pink)",New,119,0,128,0,0,0,0,0,USD,11,49,91,122,,29.95,0,29.95,0,NoRestockExcessActionRequired,,0,0,0,0,1.42,0.195357,cubic feet,Standard,23.247483,US,gl_home,10574,107,0,14,19,29.95,329.45,1495.1,2753,3699.45,98,30,0,0,0,14.89,60,0,36,24,,16,0,,,,,,,,,,,,,,,,,60.1,91,Healthy,,,2026-04-27,Yes,No,52.6,60.1,2026-04-27,191,12,3,1,111,unassigned,N,,,
2026-04-30,SL-COOLING-SHEET-FULL-COOL-GREY,X004OD1BQR,B0F7LXB26C,"SLEEPHORIA Cooling Sheets - BreezeWeave 4 PC Full Size Cooling Bed Sheets for Hot Sleepers & Deep, Cool Rest - Cloud Soft, Silky Smooth, 16 in Deep Pocket, Ultra Durable (Cool Grey)",New,81,0,85,0,0,0,0,0,USD,13,53,98,118,,54.99,0,54.99,0,NoRestockExcessActionRequired,,0,0,0,0,1.61,0.275852,cubic feet,Standard,22.344012,US,gl_home,32563,67,0,6,8,54.99,714.87,2914.47,5389.02,6516.82,24,61,0,0,0,13.15,0,0,0,0,,1,0,,,,,,,,,,,,,,,,,67.7,37,Healthy,,,2026-04-27,Yes,No,64.1,67.7,2026-04-27,81,0,0,1,68,unassigned,N,,,
2026-04-30,SS-BAMBOO-MIDGREY-FULL-6PCS,X004D8TNTF,B0DDTWSK28,"SLEEP SANCTUARY 100% Viscose Derived from Bamboo Sheets Full 6pcs – BamBliss Luxury Cooling Sheets for Hot Sleepers - Cloud Soft, 17"" Deep Pocket, Ultra Durable Bed Set (Midgrey)",New,75,0,0,0,75,0,0,0,USD,2,7,9,15,,59.99,0,59.99,0,Create Outlet deal,,32.49,2,0,6374.59,0.18,0.285182,cubic feet,Standard,21.38865,US,gl_home,47560,366,75,42,65,59.99,119.98,419.93,539.91,894.85,0,0,0,75,0,34.05,0,0,0,0,,0,0,18,2.57,57,16.26,0,0,0,0,0,0,0,0,0,0,0,0,534.6,6,Excess,,,2026-04-27,Yes,No,478.6,534.6,2026-04-27,75,0,0,0,366,unassigned,N,,,
2026-04-30,SS-SATIN-ROSEWOOD-FULL-4PCS,X004D7A01B,B0DDRNYF9Q,"SLEEP SANCTUARY Satin Sheets Full Size – 4 Piece Luxury Silky Bed Set, Softer Than Silk, 15"" Deep Pocket, Cooling & Wrinkle-Free, Moisture-Wicking & Breathable for Hair & Skin (Rosewood)",New,54,0,2,3,1,1,50,0,USD,2,6,9,13,,31.95,0,31.95,0,Create Outlet deal,,26.56,2,0,1128.06,0.2,0.242378,cubic feet,Standard,13.088412,US,gl_home,14711,329,52,36,54,31.95,63.9,203.68,311.53,439.33,0,2,0,2,0,87.83,0,0,0,0,,3,0,1,0.12,0,0,0,0,0,0,1,1.38,0,0,50,83.61,0,0,482.7,14,Excess,,,2026-04-27,Yes,No,305.2,482.7,2026-04-27,55,1,1,1,343,unassigned,N,,,
2026-04-30,BAMBOO-QUEEN-TAUPE,X002O510YZ,B08KQJMZ8Q,"DECOLURE 100% Viscose Derived from Bamboo Sheets Queen Size - Luxury 4 Pc Naturally Cooling Sheets, Ultra Soft Bed Set - Deep 17"" Pockets, Durable Double Stitching, Oeko Tex Standard (Taupe)",New,53,0,29,83,0,0,0,0,USD,59,260,674,911,,79.99,74.99,74.99,0,CreateShippingPlan,,0,0,0,0,1.57,0.252857,cubic feet,Standard,13.401421,US,gl_home,11515,14,0,0,0,74.99,3971.52,18109.77,46621.13,63998.76,12,9,8,0,0,4.07,0,0,0,0,,41,0,,,,,,,,,,,,,,,,,59,224,Low stock,352,2026-05-06,2026-04-27,No,No,30.2,59,2026-04-27,80,27,9,5,16,unassigned,N,,,